county,year,source,target,units,value
Bartow,2020,ADAIRSVILLE NORTH WPCP,Oothkalooga Creek_ds,MGD,0.8137355318647984
Bartow,2020,ADAIRSVILLE SOUTH WPCP,Oothkalooga Creek_ds,MGD,0.2758528149744613
Bartow,2020,Allatoona Lake,publicWatSup,MGD,19.456306932928836
Bartow,2020,BARTOW SOUTHEAST WPCP,Etowah River_ds,MGD,0.009333281395800372
Bartow,2020,BARTOW TWO RUN WPCP,Two Run Creek_ds,MGD,0.05862816992352777
Bartow,2020,Basins,Bowen Plant,MGD,25.7
Bartow,2020,Basins,industrial,MGD,1.339056896237311
Bartow,2020,Biomass,commercial,PJ,0.00961750660446657
Bartow,2020,Biomass,industrial,PJ,1.9507097306391348
Bartow,2020,Biomass,residential,PJ,0.04831319518847118
Bartow,2020,Biomass,transport,PJ,0.3875156683466743
Bartow,2020,Bolivar Springs,publicWatSup,MGD,0.6539935103505491
Bartow,2020,Bowen Plant,Disposal,MGD,16.9
Bartow,2020,Bowen Plant,Energy Losses,PJ,51.854784841
Bartow,2020,Bowen Plant,Water Losses,MGD,8.8
Bartow,2020,Bowen Plant,elec_own_use,PJ,2.854503684000007
Bartow,2020,Bowen Plant,electricity,PJ,28.686726
Bartow,2020,CARTERSVILLE JAMES R. STAFFORD WPCP,Etowah River_ds,MGD,8.74306110161906
Bartow,2020,Coal,Bowen Plant,PJ,83.09048125
Bartow,2020,Coal,industrial,PJ,0.07414614030259145
Bartow,2020,EMERSON HENRY JORDAN WWTP,Pumpkinvine Creek_ds,MGD,0.13729585879769277
Bartow,2020,Etowah River,publicWatSup,MGD,0
Bartow,2020,Lewis Spring,publicWatSup,MGD,2.6159740414021964
Bartow,2020,Moss Springs,publicWatSup,MGD,0.32699675517527454
Bartow,2020,Natural Gas,commercial,PJ,0.557127650743211
Bartow,2020,Natural Gas,industrial,PJ,1.6926704165686814
Bartow,2020,Natural Gas,residential,PJ,1.32232656448339
Bartow,2020,Natural Gas,transport,PJ,0.08277503170302346
Bartow,2020,Petroleum,Bowen Plant,PJ,0.305533275
Bartow,2020,Petroleum,commercial,PJ,0.2484218074659868
Bartow,2020,Petroleum,industrial,PJ,0.797071008252858
Bartow,2020,Petroleum,residential,PJ,0.09224209686339782
Bartow,2020,Petroleum,transport,PJ,8.777624259552043
Bartow,2020,Renewables,Small-scale generation,PJ,0.67915865118
Bartow,2020,Renewables,commercial,PJ,0.0019330377208933143
Bartow,2020,Renewables,industrial,PJ,2.2517890461094911e-4
Bartow,2020,Renewables,residential,PJ,0.007990220249711579
Bartow,2020,Small-scale generation,electricity,PJ,0.6792228
Bartow,2020,agricultural,Water Losses,MGD,0.43968857899999997
Bartow,2020,agricultural,wastewater,MGD,0
Bartow,2020,commercial,Water Losses,MGD,0
Bartow,2020,commercial,energy_services,PJ,1.2574815222829019
Bartow,2020,commercial,rejected_energy,PJ,0.6771054350754087
Bartow,2020,commercial,wastewater,MGD,2.7318188797260277
Bartow,2020,distribute_groundwater,industrial,PJ,9.85331626527263e-4
Bartow,2020,distribute_groundwater,publicWatSup,PJ,3.006432e-4
Bartow,2020,distribute_groundwater,residential,PJ,4.8069694479456004e-4
Bartow,2020,distribute_surfaceWater,industrial,PJ,0.0018299015921220598
Bartow,2020,distribute_surfaceWater,publicWatSup,PJ,0.031503678345538785
Bartow,2020,electricity,Energy Losses,PJ,0.18468015491344789
Bartow,2020,electricity,commercial,PJ,1.1174869548237532
Bartow,2020,electricity,distribute_groundwater,PJ,0.0017666717713218226
Bartow,2020,electricity,distribute_surfaceWater,PJ,0.03333357993766084
Bartow,2020,electricity,elec_export,PJ,26.103266063195754
Bartow,2020,electricity,en4water,PJ,0.11468521719357942
Bartow,2020,electricity,en_wwdist,PJ,0.013865032626831359
Bartow,2020,electricity,en_wwtreat,PJ,0.027730065253662717
Bartow,2020,electricity,extract_groundwater,PJ,0.0015940812986827437
Bartow,2020,electricity,extract_surfaceWater,PJ,0.009389913855541446
Bartow,2020,electricity,government,PJ,0.012068235415481837
Bartow,2020,electricity,industrial,PJ,0.8081814399313586
Bartow,2020,electricity,residential,PJ,1.020424856690166
Bartow,2020,electricity,transport,PJ,0.005155877836459302
Bartow,2020,electricity,treat_groundwater,PJ,3.482381856932439e-4
Bartow,2020,electricity,treat_surfaceWater,PJ,0.026657634264185232
Bartow,2020,en4water,energy_services,PJ,0.07454539117582663
Bartow,2020,en4water,rejected_energy,PJ,0.040139826017752796
Bartow,2020,en_wwdist,in-county treatment,PJ,0.013865032626831359
Bartow,2020,en_wwtreat,in-county treatment,PJ,0.027730065253662717
Bartow,2020,extract_groundwater,agricultural,PJ,3.8240235537190085e-4
Bartow,2020,extract_groundwater,industrial,PJ,6.757936609515352e-4
Bartow,2020,extract_groundwater,publicWatSup,PJ,2.0619734848484846e-4
Bartow,2020,extract_groundwater,residential,PJ,3.2968793387445943e-4
Bartow,2020,extract_surfaceWater,Bowen Plant,PJ,0.004817519869146005
Bartow,2020,extract_surfaceWater,industrial,PJ,2.5100907406771307e-4
Bartow,2020,extract_surfaceWater,publicWatSup,PJ,0.0043213849123277265
Bartow,2020,government,energy_services,PJ,0.007844353020063194
Bartow,2020,government,rejected_energy,PJ,0.004223882395418642
Bartow,2020,groundwater,agricultural,MGD,0.408
Bartow,2020,groundwater,industrial,MGD,0.721030636435475
Bartow,2020,groundwater,publicWatSup,MGD,0.22
Bartow,2020,groundwater,residential,MGD,0.351756926
Bartow,2020,industrial,Disposal,MGD,5.30263215394676
Bartow,2020,industrial,energy_services,PJ,2.6082719181536254
Bartow,2020,industrial,rejected_energy,PJ,2.71473199644561
Bartow,2020,industrial,wastewater,MGD,4.176361539726027
Bartow,2020,publicWatSup,Water Losses,MGD,7.04288964
Bartow,2020,publicWatSup,agricultural,MGD,0.031688579
Bartow,2020,publicWatSup,commercial,MGD,2.7318188797260277
Bartow,2020,publicWatSup,industrial,MGD,7.418906161000001
Bartow,2020,publicWatSup,residential,MGD,6.047967980130822
Bartow,2020,residential,Water Losses,MGD,1.2312654346239729
Bartow,2020,residential,energy_services,PJ,1.6193430067588388
Bartow,2020,residential,rejected_energy,PJ,0.8719539267162978
Bartow,2020,residential,septic,MGD,3.621691805479453
Bartow,2020,residential,wastewater,MGD,1.546767666027396
Bartow,2020,subsurface,wastewater,MGD,1.6909896170958905
Bartow,2020,transport,energy_services,PJ,6.014496044334829
Bartow,2020,transport,rejected_energy,PJ,3.2385747931033695
Bartow,2020,treat_groundwater,industrial,PJ,1.942240225366239e-4
Bartow,2020,treat_groundwater,publicWatSup,PJ,5.92614e-5
Bartow,2020,treat_groundwater,residential,PJ,9.475276315662e-5
Bartow,2020,treat_surfaceWater,Bowen Plant,PJ,0.013676769
Bartow,2020,treat_surfaceWater,industrial,PJ,7.126059084706098e-4
Bartow,2020,treat_surfaceWater,publicWatSup,PJ,0.012268259355714623
Bartow,2020,wastewater,ADAIRSVILLE NORTH WPCP,MGD,0.8137355318647984
Bartow,2020,wastewater,ADAIRSVILLE SOUTH WPCP,MGD,0.2758528149744613
Bartow,2020,wastewater,BARTOW SOUTHEAST WPCP,MGD,0.009333281395800372
Bartow,2020,wastewater,BARTOW TWO RUN WPCP,MGD,0.05862816992352777
Bartow,2020,wastewater,CARTERSVILLE JAMES R. STAFFORD WPCP,MGD,8.74306110161906
Bartow,2020,wastewater,COBB NORTHWEST WRF,MGD,0.108030944
Bartow,2020,wastewater,EMERSON HENRY JORDAN WWTP,MGD,0.13729585879769277
Bartow,2021,ADAIRSVILLE NORTH WPCP,Oothkalooga Creek_ds,MGD,0.8231750146364782
Bartow,2021,ADAIRSVILLE SOUTH WPCP,Oothkalooga Creek_ds,MGD,0.27905275868160595
Bartow,2021,Allatoona Lake,publicWatSup,MGD,19.6766837924792
Bartow,2021,BARTOW SOUTHEAST WPCP,Etowah River_ds,MGD,0.009441549187348075
Bartow,2021,BARTOW TWO RUN WPCP,Two Run Creek_ds,MGD,0.05930826754524524
Bartow,2021,Basins,Bowen Plant,MGD,28.4
Bartow,2021,Basins,industrial,MGD,1.339056896237311
Bartow,2021,Biomass,commercial,PJ,0.009707562451005649
Bartow,2021,Biomass,industrial,PJ,1.9698650804211617
Bartow,2021,Biomass,residential,PJ,0.05042509255276566
Bartow,2021,Biomass,transport,PJ,0.40695837224774517
Bartow,2021,Bolivar Springs,publicWatSup,MGD,0.6614011358816538
Bartow,2021,Bowen Plant,Disposal,MGD,21.4
Bartow,2021,Bowen Plant,Energy Losses,PJ,60.82663341899998
Bartow,2021,Bowen Plant,Water Losses,MGD,7
Bartow,2021,Bowen Plant,elec_own_use,PJ,3.202428276000001
Bartow,2021,Bowen Plant,electricity,PJ,34.027585200000004
Bartow,2021,CARTERSVILLE JAMES R. STAFFORD WPCP,Etowah River_ds,MGD,8.844482228519281
Bartow,2021,Coal,Bowen Plant,PJ,97.84400848
Bartow,2021,Coal,industrial,PJ,0.07872345058033407
Bartow,2021,EMERSON HENRY JORDAN WWTP,Pumpkinvine Creek_ds,MGD,0.13888851616976772
Bartow,2021,Etowah River,publicWatSup,MGD,0
Bartow,2021,Lewis Spring,publicWatSup,MGD,2.6456045435266153
Bartow,2021,Moss Springs,publicWatSup,MGD,0.3307005679408269
Bartow,2021,Natural Gas,commercial,PJ,0.5912610551164468
Bartow,2021,Natural Gas,industrial,PJ,1.8045111255992836
Bartow,2021,Natural Gas,residential,PJ,1.4109264120130913
Bartow,2021,Natural Gas,transport,PJ,0.08787784466820979
Bartow,2021,Petroleum,Bowen Plant,PJ,0.212638415
Bartow,2021,Petroleum,commercial,PJ,0.26783110570132124
Bartow,2021,Petroleum,industrial,PJ,0.8861323319801782
Bartow,2021,Petroleum,residential,PJ,0.08566517121569006
Bartow,2021,Petroleum,transport,PJ,9.24944142838763
Bartow,2021,Renewables,Small-scale generation,PJ,0.6089796798199999
Bartow,2021,Renewables,commercial,PJ,0.002395752868403623
Bartow,2021,Renewables,industrial,PJ,2.2578263095646248e-4
Bartow,2021,Renewables,residential,PJ,0.009162413471991817
Bartow,2021,Small-scale generation,electricity,PJ,0.6090372
Bartow,2021,agricultural,Water Losses,MGD,0.44004447799999996
Bartow,2021,agricultural,wastewater,MGD,0
Bartow,2021,commercial,Water Losses,MGD,0
Bartow,2021,commercial,energy_services,PJ,1.3203535368859776
Bartow,2021,commercial,rejected_energy,PJ,0.7109595967847571
Bartow,2021,commercial,wastewater,MGD,2.7622330805479454
Bartow,2021,distribute_groundwater,industrial,PJ,9.85331626527263e-4
Bartow,2021,distribute_groundwater,publicWatSup,PJ,3.006432e-4
Bartow,2021,distribute_groundwater,residential,PJ,4.8609573549264007e-4
Bartow,2021,distribute_surfaceWater,industrial,PJ,0.0018299015921220598
Bartow,2021,distribute_surfaceWater,publicWatSup,PJ,0.03186051285282775
Bartow,2021,electricity,Energy Losses,PJ,0.19125355920295428
Bartow,2021,electricity,commercial,PJ,1.1601176575335572
Bartow,2021,electricity,distribute_groundwater,PJ,0.0017720705620199028
Bartow,2021,electricity,distribute_surfaceWater,PJ,0.033690414444949815
Bartow,2021,electricity,elec_export,PJ,31.25780952074781
Bartow,2021,electricity,en4water,PJ,0.11767228724052486
Bartow,2021,electricity,en_wwdist,PJ,0.01402809367654656
Bartow,2021,electricity,en_wwtreat,PJ,0.02805618735309312
Bartow,2021,electricity,extract_groundwater,PJ,0.0015977840810073357
Bartow,2021,electricity,extract_surfaceWater,PJ,0.009944981896543942
Bartow,2021,electricity,government,PJ,0.011689540895621412
Bartow,2021,electricity,industrial,PJ,0.8613586264366211
Bartow,2021,electricity,residential,PJ,1.0314293344402459
Bartow,2021,electricity,transport,PJ,0.0052918735026677025
Bartow,2021,electricity,treat_groundwater,PJ,3.493023703981539e-4
Bartow,2021,electricity,treat_surfaceWater,PJ,0.028233452855966033
Bartow,2021,en4water,energy_services,PJ,0.07648698670634116
Bartow,2021,en4water,rejected_energy,PJ,0.0411853005341837
Bartow,2021,en_wwdist,in-county treatment,PJ,0.01402809367654656
Bartow,2021,en_wwtreat,in-county treatment,PJ,0.02805618735309312
Bartow,2021,extract_groundwater,agricultural,PJ,3.8240235537190085e-4
Bartow,2021,extract_groundwater,industrial,PJ,6.757936609515352e-4
Bartow,2021,extract_groundwater,publicWatSup,PJ,2.0619734848484846e-4
Bartow,2021,extract_groundwater,residential,PJ,3.333907161990513e-4
Bartow,2021,extract_surfaceWater,Bowen Plant,PJ,0.005323640633608817
Bartow,2021,extract_surfaceWater,industrial,PJ,2.5100907406771307e-4
Bartow,2021,extract_surfaceWater,publicWatSup,PJ,0.004370332188867414
Bartow,2021,government,energy_services,PJ,0.0075982015821539186
Bartow,2021,government,rejected_energy,PJ,0.0040913393134674935
Bartow,2021,groundwater,agricultural,MGD,0.408
Bartow,2021,groundwater,industrial,MGD,0.721030636435475
Bartow,2021,groundwater,publicWatSup,MGD,0.22
Bartow,2021,groundwater,residential,MGD,0.355707569
Bartow,2021,industrial,Disposal,MGD,5.339201338070048
Bartow,2021,industrial,energy_services,PJ,2.744400034847782
Bartow,2021,industrial,rejected_energy,PJ,2.856416362800753
Bartow,2021,industrial,wastewater,MGD,4.22311537260274
Bartow,2021,publicWatSup,Water Losses,MGD,7.12198955
Bartow,2021,publicWatSup,agricultural,MGD,0.032044478
Bartow,2021,publicWatSup,commercial,MGD,2.7622330805479454
Bartow,2021,publicWatSup,industrial,MGD,7.502229178
Bartow,2021,publicWatSup,residential,MGD,6.115893753280353
Bartow,2021,residential,Water Losses,MGD,1.2493701694036403
Bartow,2021,residential,energy_services,PJ,1.6819454754009602
Bartow,2021,residential,rejected_energy,PJ,0.9056629482928246
Bartow,2021,residential,septic,MGD,3.653196290410959
Bartow,2021,residential,wastewater,MGD,1.5690348624657529
Bartow,2021,subsurface,wastewater,MGD,1.7108766631232877
Bartow,2021,transport,energy_services,PJ,6.337220187224064
Bartow,2021,transport,rejected_energy,PJ,3.412349331582188
Bartow,2021,treat_groundwater,industrial,PJ,1.942240225366239e-4
Bartow,2021,treat_groundwater,publicWatSup,PJ,5.92614e-5
Bartow,2021,treat_groundwater,residential,PJ,9.581694786153e-5
Bartow,2021,treat_surfaceWater,Bowen Plant,PJ,0.015113628
Bartow,2021,treat_surfaceWater,industrial,PJ,7.126059084706098e-4
Bartow,2021,treat_surfaceWater,publicWatSup,PJ,0.012407218947495424
Bartow,2021,wastewater,ADAIRSVILLE NORTH WPCP,MGD,0.8231750146364782
Bartow,2021,wastewater,ADAIRSVILLE SOUTH WPCP,MGD,0.27905275868160595
Bartow,2021,wastewater,BARTOW SOUTHEAST WPCP,MGD,0.009441549187348075
Bartow,2021,wastewater,BARTOW TWO RUN WPCP,MGD,0.05930826754524524
Bartow,2021,wastewater,CARTERSVILLE JAMES R. STAFFORD WPCP,MGD,8.844482228519281
Bartow,2021,wastewater,COBB NORTHWEST WRF,MGD,0.110911644
Bartow,2021,wastewater,EMERSON HENRY JORDAN WWTP,MGD,0.13888851616976772
Bartow,2022,ADAIRSVILLE NORTH WPCP,Oothkalooga Creek_ds,MGD,0.8343395644868904
Bartow,2022,ADAIRSVILLE SOUTH WPCP,Oothkalooga Creek_ds,MGD,0.28283749264437286
Bartow,2022,Allatoona Lake,publicWatSup,MGD,19.935558958425965
Bartow,2022,BARTOW SOUTHEAST WPCP,Etowah River_ds,MGD,0.009569602936177923
Bartow,2022,BARTOW TWO RUN WPCP,Two Run Creek_ds,MGD,0.06011265312276776
Bartow,2022,Basins,Bowen Plant,MGD,24.5
Bartow,2022,Basins,industrial,MGD,1.339056896237311
Bartow,2022,Biomass,commercial,PJ,0.009743432225968173
Bartow,2022,Biomass,industrial,PJ,2.055417852504687
Bartow,2022,Biomass,residential,PJ,0.06376232686871017
Bartow,2022,Biomass,transport,PJ,0.4012661099630848
Bartow,2022,Bolivar Springs,publicWatSup,MGD,0.6701028221319653
Bartow,2022,Bowen Plant,Disposal,MGD,14.52
Bartow,2022,Bowen Plant,Energy Losses,PJ,55.460680139
Bartow,2022,Bowen Plant,Water Losses,MGD,9.98
Bartow,2022,Bowen Plant,elec_own_use,PJ,2.9894497560000075
Bartow,2022,Bowen Plant,electricity,PJ,30.514147199999996
Bartow,2022,CARTERSVILLE JAMES R. STAFFORD WPCP,Etowah River_ds,MGD,8.9644380835752
Bartow,2022,Coal,Bowen Plant,PJ,88.72516873
Bartow,2022,Coal,industrial,PJ,0.07096920076099053
Bartow,2022,EMERSON HENRY JORDAN WWTP,Pumpkinvine Creek_ds,MGD,0.14077223194691862
Bartow,2022,Etowah River,publicWatSup,MGD,0
Bartow,2022,Lewis Spring,publicWatSup,MGD,2.680411288527861
Bartow,2022,Moss Springs,publicWatSup,MGD,0.33505141106598263
Bartow,2022,Natural Gas,commercial,PJ,0.6246247680415082
Bartow,2022,Natural Gas,industrial,PJ,1.728212713975414
Bartow,2022,Natural Gas,residential,PJ,1.504037567162971
Bartow,2022,Natural Gas,transport,PJ,0.10975785888515209
Bartow,2022,Petroleum,Bowen Plant,PJ,0.23910836500000002
Bartow,2022,Petroleum,commercial,PJ,0.27902141670565844
Bartow,2022,Petroleum,industrial,PJ,0.9089043721942535
Bartow,2022,Petroleum,residential,PJ,0.08311855312320336
Bartow,2022,Petroleum,transport,PJ,9.427810340945527
Bartow,2022,Renewables,Small-scale generation,PJ,0.52684983726
Bartow,2022,Renewables,commercial,PJ,0.002480775634966229
Bartow,2022,Renewables,industrial,PJ,8.357190987215743e-4
Bartow,2022,Renewables,residential,PJ,0.012168883719410108
Bartow,2022,Small-scale generation,electricity,PJ,0.5268996
Bartow,2022,agricultural,Water Losses,MGD,0.440462482
Bartow,2022,agricultural,wastewater,MGD,0
Bartow,2022,commercial,Water Losses,MGD,0
Bartow,2022,commercial,energy_services,PJ,1.381876900323266
Bartow,2022,commercial,rejected_energy,PJ,0.7440875617125278
Bartow,2022,commercial,wastewater,MGD,2.798005722739726
Bartow,2022,distribute_groundwater,industrial,PJ,9.85331626527263e-4
Bartow,2022,distribute_groundwater,publicWatSup,PJ,3.006432e-4
Bartow,2022,distribute_groundwater,residential,PJ,4.9243659712416e-4
Bartow,2022,distribute_surfaceWater,industrial,PJ,0.0018299015921220598
Bartow,2022,distribute_surfaceWater,publicWatSup,PJ,0.032279683869596204
Bartow,2022,electricity,Energy Losses,PJ,0.19855384607776244
Bartow,2022,electricity,commercial,PJ,1.210094069427693
Bartow,2022,electricity,distribute_groundwater,PJ,0.0017784114236514227
Bartow,2022,electricity,distribute_surfaceWater,PJ,0.034109585461718266
Bartow,2022,electricity,elec_export,PJ,27.533262185959526
Bartow,2022,electricity,en4water,PJ,0.11609325356961304
Bartow,2022,electricity,en_wwdist,PJ,0.014219976709036799
Bartow,2022,electricity,en_wwtreat,PJ,0.028439953418073597
Bartow,2022,electricity,extract_groundwater,PJ,0.0016021329864724476
Bartow,2022,electricity,extract_surfaceWater,PJ,0.009271416595810105
Bartow,2022,electricity,government,PJ,0.011194455244124825
Bartow,2022,electricity,industrial,PJ,0.8860291058095163
Bartow,2022,electricity,residential,PJ,1.0804820071642331
Bartow,2022,electricity,transport,PJ,0.005337876747527055
Bartow,2022,electricity,treat_groundwater,PJ,3.505522517774439e-4
Bartow,2022,electricity,treat_surfaceWater,PJ,0.026321224723072977
Bartow,2022,en4water,energy_services,PJ,0.07546061482024849
Bartow,2022,en4water,rejected_energy,PJ,0.04063263874936456
Bartow,2022,en_wwdist,in-county treatment,PJ,0.014219976709036799
Bartow,2022,en_wwtreat,in-county treatment,PJ,0.028439953418073597
Bartow,2022,extract_groundwater,agricultural,PJ,3.8240235537190085e-4
Bartow,2022,extract_groundwater,industrial,PJ,6.757936609515352e-4
Bartow,2022,extract_groundwater,publicWatSup,PJ,2.0619734848484846e-4
Bartow,2022,extract_groundwater,residential,PJ,3.377396216641632e-4
Bartow,2022,extract_surfaceWater,Bowen Plant,PJ,0.0045925773071625355
Bartow,2022,extract_surfaceWater,industrial,PJ,2.5100907406771307e-4
Bartow,2022,extract_surfaceWater,publicWatSup,PJ,0.004427830214579855
Bartow,2022,government,energy_services,PJ,0.007276395908681137
Bartow,2022,government,rejected_energy,PJ,0.003918059335443689
Bartow,2022,groundwater,agricultural,MGD,0.408
Bartow,2022,groundwater,industrial,MGD,0.721030636435475
Bartow,2022,groundwater,publicWatSup,MGD,0.22
Bartow,2022,groundwater,residential,MGD,0.360347586
Bartow,2022,industrial,Disposal,MGD,5.382122169987856
Bartow,2022,industrial,energy_services,PJ,2.768680792528355
Bartow,2022,industrial,rejected_energy,PJ,2.8816881718152274
Bartow,2022,industrial,wastewater,MGD,4.278057150684932
Bartow,2022,publicWatSup,Water Losses,MGD,7.214892136
Bartow,2022,publicWatSup,agricultural,MGD,0.032462482
Bartow,2022,publicWatSup,commercial,MGD,2.798005722739726
Bartow,2022,publicWatSup,industrial,MGD,7.600091788
Bartow,2022,publicWatSup,residential,MGD,6.19567235141205
Bartow,2022,residential,Water Losses,MGD,1.2702500149462956
Bartow,2022,residential,energy_services,PJ,1.7833200697250433
Bartow,2022,residential,rejected_energy,PJ,0.9602492683134848
Bartow,2022,residential,septic,MGD,3.690438498630137
Bartow,2022,residential,wastewater,MGD,1.5953314238356167
Bartow,2022,subsurface,wastewater,MGD,1.734278859452055
Bartow,2022,transport,energy_services,PJ,6.463711921251839
Bartow,2022,transport,rejected_energy,PJ,3.480460265289451
Bartow,2022,treat_groundwater,industrial,PJ,1.942240225366239e-4
Bartow,2022,treat_groundwater,publicWatSup,PJ,5.92614e-5
Bartow,2022,treat_groundwater,residential,PJ,9.706682924082e-5
Bartow,2022,treat_surfaceWater,Bowen Plant,PJ,0.013038164999999999
Bartow,2022,treat_surfaceWater,industrial,PJ,7.126059084706098e-4
Bartow,2022,treat_surfaceWater,publicWatSup,PJ,0.012570453814602369
Bartow,2022,wastewater,ADAIRSVILLE NORTH WPCP,MGD,0.8343395644868904
Bartow,2022,wastewater,ADAIRSVILLE SOUTH WPCP,MGD,0.28283749264437286
Bartow,2022,wastewater,BARTOW SOUTHEAST WPCP,MGD,0.009569602936177923
Bartow,2022,wastewater,BARTOW TWO RUN WPCP,MGD,0.06011265312276776
Bartow,2022,wastewater,CARTERSVILLE JAMES R. STAFFORD WPCP,MGD,8.9644380835752
Bartow,2022,wastewater,COBB NORTHWEST WRF,MGD,0.11360352800000001
Bartow,2022,wastewater,EMERSON HENRY JORDAN WWTP,MGD,0.14077223194691862
Bartow,2023,ADAIRSVILLE NORTH WPCP,Oothkalooga Creek_ds,MGD,0.8464729475390156
Bartow,2023,ADAIRSVILLE SOUTH WPCP,Oothkalooga Creek_ds,MGD,0.28695065685931376
Bartow,2023,Allatoona Lake,publicWatSup,MGD,20.21652675081775
Bartow,2023,BARTOW SOUTHEAST WPCP,Etowah River_ds,MGD,0.009708768886138351
Bartow,2023,BARTOW TWO RUN WPCP,Two Run Creek_ds,MGD,0.060986841376163885
Bartow,2023,Basins,Bowen Plant,MGD,31.7
Bartow,2023,Basins,industrial,MGD,1.339056896237311
Bartow,2023,Biomass,commercial,PJ,0.009811995575100466
Bartow,2023,Biomass,industrial,PJ,1.9816393968461283
Bartow,2023,Biomass,residential,PJ,0.05458539214349187
Bartow,2023,Biomass,transport,PJ,0.445442672862466
Bartow,2023,Bolivar Springs,publicWatSup,MGD,0.6795471176745463
Bartow,2023,Bowen Plant,Disposal,MGD,17.5
Bartow,2023,Bowen Plant,Energy Losses,PJ,65.8157581
Bartow,2023,Bowen Plant,Water Losses,MGD,14.2
Bartow,2023,Bowen Plant,elec_own_use,PJ,3.393160199999995
Bartow,2023,Bowen Plant,electricity,PJ,36.8211348
Bartow,2023,CARTERSVILLE JAMES R. STAFFORD WPCP,Etowah River_ds,MGD,9.094803423713383
Bartow,2023,Coal,Bowen Plant,PJ,105.86951796999999
Bartow,2023,Coal,industrial,PJ,0.048029444262028105
Bartow,2023,EMERSON HENRY JORDAN WWTP,Pumpkinvine Creek_ds,MGD,0.14281941211913665
Bartow,2023,Etowah River,publicWatSup,MGD,0
Bartow,2023,Lewis Spring,publicWatSup,MGD,2.7181884706981854
Bartow,2023,Moss Springs,publicWatSup,MGD,0.33977355883727317
Bartow,2023,Natural Gas,commercial,PJ,0.5775263853639302
Bartow,2023,Natural Gas,industrial,PJ,1.7610065354507132
Bartow,2023,Natural Gas,residential,PJ,1.3725611419122106
Bartow,2023,Natural Gas,transport,PJ,0.13919877968385547
Bartow,2023,Petroleum,Bowen Plant,PJ,0.16053513
Bartow,2023,Petroleum,commercial,PJ,0.26739058332592225
Bartow,2023,Petroleum,industrial,PJ,0.9300456230369532
Bartow,2023,Petroleum,residential,PJ,0.07688438543930678
Bartow,2023,Petroleum,transport,PJ,10.247966109217808
Bartow,2023,Renewables,Small-scale generation,PJ,0.4046377806
Bartow,2023,Renewables,commercial,PJ,0.002991506004946734
Bartow,2023,Renewables,industrial,PJ,6.924667412855896e-4
Bartow,2023,Renewables,residential,PJ,0.014827111634497857
Bartow,2023,Small-scale generation,commercial,PJ,0.0031284
Bartow,2023,Small-scale generation,electricity,PJ,0.40154759999999995
Bartow,2023,agricultural,Water Losses,MGD,0.440916141
Bartow,2023,agricultural,wastewater,MGD,0
Bartow,2023,commercial,Water Losses,MGD,0
Bartow,2023,commercial,energy_services,PJ,1.3524377857554426
Bartow,2023,commercial,rejected_energy,PJ,0.728235730791392
Bartow,2023,commercial,wastewater,MGD,2.8368418153424657
Bartow,2023,distribute_groundwater,industrial,PJ,9.85331626527263e-4
Bartow,2023,distribute_groundwater,publicWatSup,PJ,3.006432e-4
Bartow,2023,distribute_groundwater,residential,PJ,4.993183459367999e-4
Bartow,2023,distribute_surfaceWater,industrial,PJ,0.0018299015921220598
Bartow,2023,distribute_surfaceWater,publicWatSup,PJ,0.0327346272968088
Bartow,2023,electricity,Energy Losses,PJ,0.19619322639371403
Bartow,2023,electricity,commercial,PJ,1.2198246462769349
Bartow,2023,electricity,distribute_groundwater,PJ,0.0017852931724640626
Bartow,2023,electricity,distribute_surfaceWater,PJ,0.034564528888930864
Bartow,2023,electricity,elec_export,PJ,33.7566020670444
Bartow,2023,electricity,en4water,PJ,0.1226069122177527
Bartow,2023,electricity,en_wwdist,PJ,0.014428279142784002
Bartow,2023,electricity,en_wwtreat,PJ,0.028856558285568004
Bartow,2023,electricity,extract_groundwater,PJ,0.0016068528615872184
Bartow,2023,electricity,extract_surfaceWater,PJ,0.010683476923753073
Bartow,2023,electricity,government,PJ,0.010477375080907904
Bartow,2023,electricity,industrial,PJ,0.878229919095133
Bartow,2023,electricity,residential,PJ,1.0333566541582977
Bartow,2023,electricity,transport,PJ,0.005391599732873771
Bartow,2023,electricity,treat_groundwater,PJ,3.5190875034147386e-4
Bartow,2023,electricity,treat_surfaceWater,PJ,0.030330014192324034
Bartow,2023,en4water,energy_services,PJ,0.079694492941539255
Bartow,2023,en4water,rejected_energy,PJ,0.04291241927621344
Bartow,2023,en_wwdist,in-county treatment,PJ,0.014428279142784002
Bartow,2023,en_wwtreat,in-county treatment,PJ,0.028856558285568004
Bartow,2023,extract_groundwater,agricultural,PJ,3.8240235537190085e-4
Bartow,2023,extract_groundwater,industrial,PJ,6.757936609515352e-4
Bartow,2023,extract_groundwater,publicWatSup,PJ,2.0619734848484846e-4
Bartow,2023,extract_groundwater,residential,PJ,3.4245949677893416e-4
Bartow,2023,extract_surfaceWater,Bowen Plant,PJ,0.0059422326790633615
Bartow,2023,extract_surfaceWater,industrial,PJ,2.5100907406771307e-4
Bartow,2023,extract_surfaceWater,publicWatSup,PJ,0.004490235170622
Bartow,2023,government,energy_services,PJ,0.006810293802590139
Bartow,2023,government,rejected_energy,PJ,0.0036670812783177664
Bartow,2023,groundwater,agricultural,MGD,0.408
Bartow,2023,groundwater,industrial,MGD,0.721030636435475
Bartow,2023,groundwater,publicWatSup,MGD,0.22
Bartow,2023,groundwater,residential,MGD,0.365383405
Bartow,2023,industrial,Disposal,MGD,5.428696971234432
Bartow,2023,industrial,energy_services,PJ,2.7438252588617984
Bartow,2023,industrial,rejected_energy,PJ,2.8558181265704428
Bartow,2023,industrial,wastewater,MGD,4.337692816438356
Bartow,2023,publicWatSup,Water Losses,MGD,7.315719479
Bartow,2023,publicWatSup,agricultural,MGD,0.032916141
Bartow,2023,publicWatSup,commercial,MGD,2.8368418153424657
Bartow,2023,publicWatSup,industrial,MGD,7.706302255000001
Bartow,2023,publicWatSup,residential,MGD,6.2822562076852835
Bartow,2023,residential,Water Losses,MGD,1.292878430767475
Bartow,2023,residential,energy_services,PJ,1.658939545437073
Bartow,2023,residential,rejected_energy,PJ,0.8932751398507315
Bartow,2023,residential,septic,MGD,3.7308779232876708
Bartow,2023,residential,wastewater,MGD,1.6238832586301382
Bartow,2023,subsurface,wastewater,MGD,1.759683578082192
Bartow,2023,transport,energy_services,PJ,7.044699454973052
Bartow,2023,transport,rejected_energy,PJ,3.7932997065239507
Bartow,2023,treat_groundwater,industrial,PJ,1.942240225366239e-4
Bartow,2023,treat_groundwater,publicWatSup,PJ,5.92614e-5
Bartow,2023,treat_groundwater,residential,PJ,9.842332780484999e-5
Bartow,2023,treat_surfaceWater,Bowen Plant,PJ,0.016869789
Bartow,2023,treat_surfaceWater,industrial,PJ,7.126059084706098e-4
Bartow,2023,treat_surfaceWater,publicWatSup,PJ,0.012747619283853429
Bartow,2023,wastewater,ADAIRSVILLE NORTH WPCP,MGD,0.8464729475390156
Bartow,2023,wastewater,ADAIRSVILLE SOUTH WPCP,MGD,0.28695065685931376
Bartow,2023,wastewater,BARTOW SOUTHEAST WPCP,MGD,0.009708768886138351
Bartow,2023,wastewater,BARTOW TWO RUN WPCP,MGD,0.060986841376163885
Bartow,2023,wastewater,CARTERSVILLE JAMES R. STAFFORD WPCP,MGD,9.094803423713383
Bartow,2023,wastewater,COBB NORTHWEST WRF,MGD,0.11635941799999999
Bartow,2023,wastewater,EMERSON HENRY JORDAN WWTP,MGD,0.14281941211913665
Bartow,2024,ADAIRSVILLE NORTH WPCP,Oothkalooga Creek_ds,MGD,0.8593770019132783
Bartow,2024,ADAIRSVILLE SOUTH WPCP,Oothkalooga Creek_ds,MGD,0.2913250753089622
Bartow,2024,Allatoona Lake,publicWatSup,MGD,20.514856099396454
Bartow,2024,BARTOW SOUTHEAST WPCP,Etowah River_ds,MGD,0.009856774185041427
Bartow,2024,BARTOW TWO RUN WPCP,Two Run Creek_ds,MGD,0.061916555101239876
Bartow,2024,Basins,Bowen Plant,MGD,33.6
Bartow,2024,Basins,industrial,MGD,1.339056896237311
Bartow,2024,Biomass,commercial,PJ,0.009923549054018835
Bartow,2024,Biomass,industrial,PJ,1.9403365780504893
Bartow,2024,Biomass,residential,PJ,0.05174659601687811
Bartow,2024,Biomass,transport,PJ,0.4372459854136678
Bartow,2024,Bolivar Springs,publicWatSup,MGD,0.689574994937696
Bartow,2024,Bowen Plant,Disposal,MGD,18.3
Bartow,2024,Bowen Plant,Energy Losses,PJ,70.177038099
Bartow,2024,Bowen Plant,Water Losses,MGD,15.3
Bartow,2024,Bowen Plant,elec_own_use,PJ,3.6016785359999983
Bartow,2024,Bowen Plant,electricity,PJ,38.5644744
Bartow,2024,CARTERSVILLE JAMES R. STAFFORD WPCP,Etowah River_ds,MGD,9.233449127919327
Bartow,2024,Coal,Bowen Plant,PJ,112.15639589999999
Bartow,2024,Coal,industrial,PJ,0.050937189222527955
Bartow,2024,EMERSON HENRY JORDAN WWTP,Pumpkinvine Creek_ds,MGD,0.1449966222296826
Bartow,2024,Etowah River,publicWatSup,MGD,0
Bartow,2024,Lewis Spring,publicWatSup,MGD,2.758299979750784
Bartow,2024,Moss Springs,publicWatSup,MGD,0.344787497468848
Bartow,2024,Natural Gas,commercial,PJ,0.6325126026095625
Bartow,2024,Natural Gas,industrial,PJ,1.7874030449755378
Bartow,2024,Natural Gas,residential,PJ,1.5018931140917555
Bartow,2024,Natural Gas,transport,PJ,0.13498244266326848
Bartow,2024,Petroleum,Bowen Plant,PJ,0.186795135
Bartow,2024,Petroleum,commercial,PJ,0.2559832145364613
Bartow,2024,Petroleum,industrial,PJ,0.9184660440655913
Bartow,2024,Petroleum,residential,PJ,0.09193974162673092
Bartow,2024,Petroleum,transport,PJ,10.218805129727736
Bartow,2024,Renewables,Small-scale generation,PJ,0.46232953142
Bartow,2024,Renewables,commercial,PJ,0.003665507728116379
Bartow,2024,Renewables,industrial,PJ,6.765105858369977e-4
Bartow,2024,Renewables,residential,PJ,0.01777395154930466
Bartow,2024,Small-scale generation,commercial,PJ,0.021438
Bartow,2024,Small-scale generation,electricity,PJ,0.4409352
Bartow,2024,agricultural,Water Losses,MGD,0.44139779799999995
Bartow,2024,agricultural,wastewater,MGD,0
Bartow,2024,commercial,Water Losses,MGD,0
Bartow,2024,commercial,energy_services,PJ,1.437627105798668
Bartow,2024,commercial,rejected_energy,PJ,0.7741069031223597
Bartow,2024,commercial,wastewater,MGD,2.8781006032876713
Bartow,2024,distribute_groundwater,industrial,PJ,9.85331626527263e-4
Bartow,2024,distribute_groundwater,publicWatSup,PJ,3.006432e-4
Bartow,2024,distribute_groundwater,residential,PJ,5.066247942662399e-4
Bartow,2024,distribute_surfaceWater,industrial,PJ,0.0018299015921220598
Bartow,2024,distribute_surfaceWater,publicWatSup,PJ,0.03321768257914254
Bartow,2024,electricity,Energy Losses,PJ,0.20553505170228623
Bartow,2024,electricity,commercial,PJ,1.2882111349928689
Bartow,2024,electricity,distribute_groundwater,PJ,0.0017925996207935027
Bartow,2024,electricity,distribute_surfaceWater,PJ,0.0350475841712646
Bartow,2024,electricity,elec_export,PJ,35.37429035325961
Bartow,2024,electricity,en4water,PJ,0.1253890936633456
Bartow,2024,electricity,en_wwdist,PJ,0.014649516586748155
Bartow,2024,electricity,en_wwtreat,PJ,0.02929903317349631
Bartow,2024,electricity,extract_groundwater,PJ,0.0016118640185745446
Bartow,2024,electricity,extract_surfaceWater,PJ,0.011105897062059996
Bartow,2024,electricity,government,PJ,0.009778916262712104
Bartow,2024,electricity,industrial,PJ,0.8949619427500416
Bartow,2024,electricity,residential,PJ,1.1015046691090986
Bartow,2024,electricity,transport,PJ,0.005738438260036466
Bartow,2024,electricity,treat_groundwater,PJ,3.533489637141039e-4
Bartow,2024,electricity,treat_surfaceWater,PJ,0.03152925006669439
Bartow,2024,en4water,energy_services,PJ,0.08150291088117466
Bartow,2024,en4water,rejected_energy,PJ,0.04388618278217096
Bartow,2024,en_wwdist,in-county treatment,PJ,0.014649516586748155
Bartow,2024,en_wwtreat,in-county treatment,PJ,0.02929903317349631
Bartow,2024,extract_groundwater,agricultural,PJ,3.8240235537190085e-4
Bartow,2024,extract_groundwater,industrial,PJ,6.757936609515352e-4
Bartow,2024,extract_groundwater,publicWatSup,PJ,2.0619734848484846e-4
Bartow,2024,extract_groundwater,residential,PJ,3.474706537662603e-4
Bartow,2024,extract_surfaceWater,Bowen Plant,PJ,0.006298391735537191
Bartow,2024,extract_surfaceWater,industrial,PJ,2.5100907406771307e-4
Bartow,2024,extract_surfaceWater,publicWatSup,PJ,0.004556496252455093
Bartow,2024,government,energy_services,PJ,0.006356295570762868
Bartow,2024,government,rejected_energy,PJ,0.003422620691949236
Bartow,2024,groundwater,agricultural,MGD,0.408
Bartow,2024,groundwater,industrial,MGD,0.721030636435475
Bartow,2024,groundwater,publicWatSup,MGD,0.22
Bartow,2024,groundwater,residential,MGD,0.370730004
Bartow,2024,industrial,Disposal,MGD,5.478131016083745
Bartow,2024,industrial,energy_services,PJ,2.740462841728512
Bartow,2024,industrial,rejected_energy,PJ,2.8523184679215126
Bartow,2024,industrial,wastewater,MGD,4.401023909589041
Bartow,2024,publicWatSup,Water Losses,MGD,7.422769279
Bartow,2024,publicWatSup,agricultural,MGD,0.033397798
Bartow,2024,publicWatSup,commercial,MGD,2.8781006032876713
Bartow,2024,publicWatSup,industrial,MGD,7.819067392999999
Bartow,2024,publicWatSup,residential,MGD,6.374183498266112
Bartow,2024,residential,Water Losses,MGD,1.3168820269236479
Bartow,2024,residential,energy_services,PJ,1.7971577470559492
Bartow,2024,residential,rejected_energy,PJ,0.9677003253378187
Bartow,2024,residential,septic,MGD,3.7738266876712334
Bartow,2024,residential,wastewater,MGD,1.6542047876712318
Bartow,2024,subsurface,wastewater,MGD,1.786665860109589
Bartow,2024,transport,energy_services,PJ,7.01790179744206
Bartow,2024,transport,rejected_energy,PJ,3.7788701986226476
Bartow,2024,treat_groundwater,industrial,PJ,1.942240225366239e-4
Bartow,2024,treat_groundwater,publicWatSup,PJ,5.92614e-5
Bartow,2024,treat_groundwater,residential,PJ,9.986354117747999e-5
Bartow,2024,treat_surfaceWater,Bowen Plant,PJ,0.017880912
Bartow,2024,treat_surfaceWater,industrial,PJ,7.126059084706098e-4
Bartow,2024,treat_surfaceWater,publicWatSup,PJ,0.012935732158223778
Bartow,2024,wastewater,ADAIRSVILLE NORTH WPCP,MGD,0.8593770019132783
Bartow,2024,wastewater,ADAIRSVILLE SOUTH WPCP,MGD,0.2913250753089622
Bartow,2024,wastewater,BARTOW SOUTHEAST WPCP,MGD,0.009856774185041427
Bartow,2024,wastewater,BARTOW TWO RUN WPCP,MGD,0.061916555101239876
Bartow,2024,wastewater,CARTERSVILLE JAMES R. STAFFORD WPCP,MGD,9.233449127919327
Bartow,2024,wastewater,COBB NORTHWEST WRF,MGD,0.119074004
Bartow,2024,wastewater,EMERSON HENRY JORDAN WWTP,MGD,0.1449966222296826
Cherokee,2020,Basins,industrial,MGD,1.705010333718315
Cherokee,2020,Biomass,commercial,PJ,0.02359214724173028
Cherokee,2020,Biomass,industrial,PJ,4.785172819090259
Cherokee,2020,Biomass,residential,PJ,0.11851429497074786
Cherokee,2020,Biomass,transport,PJ,0.9505921942248909
Cherokee,2020,CANTON WPCP,Etowah River_ds,MGD,2.0290146886948306
Cherokee,2020,CANTON WPCP SECOND ROW,Etowah River_ds,MGD,0
Cherokee,2020,CCWSA FITZGERALD CREEK WPCP,Little River to Allatoona Lake_ds,MGD,3.075314609753406
Cherokee,2020,CCWSA RIVER BEND ENVIR. COMPLEX,Etowah River_ds,MGD,0.023868195110768795
Cherokee,2020,CCWSA ROSE CREEK - REUSE,Reuse,MGD,1.277663404112734
Cherokee,2020,CCWSA ROSE CREEK WPCP,Etowah River Arm of Allatoona Lake_ds,MGD,2.4763792915227203
Cherokee,2020,Coal,industrial,PJ,0.18188359326026696
Cherokee,2020,Etowah River,publicWatSup,MGD,3.3092185654536594
Cherokee,2020,Etowah River at Riverbend,publicWatSup,MGD,2.4067044112390246
Cherokee,2020,Fulton Co Little River WRF,Little River_ds,MGD,0.7388068406767738
Cherokee,2020,Hickory Log Creek Reservoir,publicWatSup,MGD,0.1002793504682927
Cherokee,2020,Hollis Q. Lathem (Yellow Creek) Reservoir/Etowah River,publicWatSup,MGD,14.741064518839027
Cherokee,2020,Little River WRF (SEE CHEROKEE CO),Little River_ds,MGD,0.907359932
Cherokee,2020,Natural Gas,commercial,PJ,1.3666575037930144
Cherokee,2020,Natural Gas,industrial,PJ,4.152191554603477
Cherokee,2020,Natural Gas,residential,PJ,3.243722546180022
Cherokee,2020,Natural Gas,transport,PJ,0.20305062592519368
Cherokee,2020,Petroleum,commercial,PJ,0.609389117245051
Cherokee,2020,Petroleum,industrial,PJ,1.9552486275478702
Cherokee,2020,Petroleum,residential,PJ,0.22627373399219303
Cherokee,2020,Petroleum,transport,PJ,21.531880609030395
Cherokee,2020,Renewables,commercial,PJ,0.004725539448346056
Cherokee,2020,Renewables,industrial,PJ,1.6207284631327562e-4
Cherokee,2020,Renewables,residential,PJ,0.01948616175548069
Cherokee,2020,WOODSTOCK RUBES CREEK WRF,"Rubes Creek, Tributary to Little River_ds",MGD,1.0049379400954788
Cherokee,2020,agricultural,Water Losses,MGD,0.23220067186939214
Cherokee,2020,agricultural,wastewater,MGD,0
Cherokee,2020,commercial,Water Losses,MGD,0.245175320226674
Cherokee,2020,commercial,energy_services,PJ,3.0846443527559346
Cherokee,2020,commercial,rejected_energy,PJ,1.660962343791657
Cherokee,2020,commercial,wastewater,MGD,0.6966093143031139
Cherokee,2020,distribute_groundwater,industrial,PJ,0.0012546148039632847
Cherokee,2020,distribute_groundwater,publicWatSup,PJ,0.0011479104
Cherokee,2020,distribute_groundwater,residential,PJ,9.8053073256528e-4
Cherokee,2020,distribute_surfaceWater,industrial,PJ,0.0023299989216461004
Cherokee,2020,distribute_surfaceWater,publicWatSup,PJ,0.028092738581069768
Cherokee,2020,elec_import,electricity,PJ,7.81640476229508
Cherokee,2020,electricity,Energy Losses,PJ,0.4424380054129291
Cherokee,2020,electricity,commercial,PJ,2.7412423888194493
Cherokee,2020,electricity,distribute_groundwater,PJ,0.003383055936528564
Cherokee,2020,electricity,distribute_surfaceWater,PJ,0.03042273750271587
Cherokee,2020,electricity,en4water,PJ,0.10482492344220462
Cherokee,2020,electricity,en_wwdist,PJ,0.01816383041575259
Cherokee,2020,electricity,en_wwtreat,PJ,0.033847737254157344
Cherokee,2020,electricity,extract_groundwater,PJ,0.0023202825272220224
Cherokee,2020,electricity,extract_surfaceWater,PJ,0.004173111386993334
Cherokee,2020,electricity,government,PJ,0.029603887845284515
Cherokee,2020,electricity,industrial,PJ,1.982502982637851
Cherokee,2020,electricity,residential,PJ,2.5031449894690416
Cherokee,2020,electricity,transport,PJ,0.0126475846683204
Cherokee,2020,electricity,treat_groundwater,PJ,6.668523721041882e-4
Cherokee,2020,electricity,treat_surfaceWater,PJ,0.011847316046730698
Cherokee,2020,en4water,energy_services,PJ,0.068136200237433
Cherokee,2020,en4water,rejected_energy,PJ,0.036688723204771616
Cherokee,2020,en_wwdist,in-county treatment,PJ,0.015683906838404753
Cherokee,2020,en_wwdist,ww_exports,PJ,0.00247992357734784
Cherokee,2020,en_wwtreat,in-county treatment,PJ,0.031367813676809506
Cherokee,2020,en_wwtreat,ww_exports,PJ,0.00247992357734784
Cherokee,2020,extract_groundwater,agricultural,PJ,0
Cherokee,2020,extract_groundwater,industrial,PJ,8.60482611770588e-4
Cherokee,2020,extract_groundwater,publicWatSup,PJ,7.872989669421488e-4
Cherokee,2020,extract_groundwater,residential,PJ,6.725009485092855e-4
Cherokee,2020,extract_surfaceWater,industrial,PJ,3.1960782722907573e-4
Cherokee,2020,extract_surfaceWater,publicWatSup,PJ,0.0038535035597642587
Cherokee,2020,government,energy_services,PJ,0.01924252709943494
Cherokee,2020,government,rejected_energy,PJ,0.01036136074584958
Cherokee,2020,groundwater,agricultural,MGD,0
Cherokee,2020,groundwater,industrial,MGD,0.9180824873867848
Cherokee,2020,groundwater,publicWatSup,MGD,0.84
Cherokee,2020,groundwater,residential,MGD,0.717517513
Cherokee,2020,industrial,Disposal,MGD,2.717260321743375
Cherokee,2020,industrial,energy_services,PJ,6.398009208493159
Cherokee,2020,industrial,rejected_energy,PJ,6.659152441492879
Cherokee,2020,industrial,wastewater,MGD,0.6108425578471258
Cherokee,2020,publicWatSup,Water Losses,MGD,3.711239416
Cherokee,2020,publicWatSup,agricultural,MGD,0.23220067186939214
Cherokee,2020,publicWatSup,commercial,MGD,0.9417846345297879
Cherokee,2020,publicWatSup,industrial,MGD,0.7050100584854011
Cherokee,2020,publicWatSup,residential,MGD,15.807032065115418
Cherokee,2020,residential,Water Losses,MGD,3.7937722404273018
Cherokee,2020,residential,energy_services,PJ,3.972242122138865
Cherokee,2020,residential,rejected_energy,PJ,2.1388996042286195
Cherokee,2020,residential,septic,MGD,5.536803169863014
Cherokee,2020,residential,wastewater,MGD,7.193974167825102
Cherokee,2020,subsurface,wastewater,MGD,2.9754991139913693
Cherokee,2020,transport,energy_services,PJ,14.753811159001721
Cherokee,2020,transport,rejected_energy,PJ,7.94435985484708
Cherokee,2020,treat_groundwater,industrial,PJ,2.473038796273782e-4
Cherokee,2020,treat_groundwater,publicWatSup,PJ,2.2627079999999996e-4
Cherokee,2020,treat_groundwater,residential,PJ,1.9327769247681002e-4
Cherokee,2020,treat_surfaceWater,industrial,PJ,9.073553492948757e-4
Cherokee,2020,treat_surfaceWater,publicWatSup,PJ,0.010939960697435821
Cherokee,2020,wastewater,CANTON WPCP,MGD,2.0290146886948306
Cherokee,2020,wastewater,CANTON WPCP SECOND ROW,MGD,0
Cherokee,2020,wastewater,CCWSA FITZGERALD CREEK WPCP,MGD,3.075314609753406
Cherokee,2020,wastewater,CCWSA RIVER BEND ENVIR. COMPLEX,MGD,0.023868195110768795
Cherokee,2020,wastewater,CCWSA ROSE CREEK - REUSE,MGD,1.277663404112734
Cherokee,2020,wastewater,CCWSA ROSE CREEK WPCP,MGD,2.4763792915227203
Cherokee,2020,wastewater,COBB NOONDAY CREEK WRF,MGD,0.421710154
Cherokee,2020,wastewater,COBB RL SUTTON WRF,MGD,0.407845133
Cherokee,2020,wastewater,Fulton Big Creek WRF,MGD,0.021384897
Cherokee,2020,wastewater,Fulton Co Little River WRF,MGD,0.7388068406767738
Cherokee,2020,wastewater,WOODSTOCK RUBES CREEK WRF,MGD,1.0049379400954788
Cherokee,2020,ww_imports,Little River WRF (SEE CHEROKEE CO),MGD,0.907359932
Cherokee,2021,Basins,industrial,MGD,1.705010333718315
Cherokee,2021,Biomass,commercial,PJ,0.02404103174463448
Cherokee,2021,Biomass,industrial,PJ,4.8784222785140186
Cherokee,2021,Biomass,residential,PJ,0.12487905763218515
Cherokee,2021,Biomass,transport,PJ,1.0078430291158502
Cherokee,2021,CANTON WPCP,Etowah River_ds,MGD,2.0739526117587768
Cherokee,2021,CANTON WPCP SECOND ROW,Etowah River_ds,MGD,0
Cherokee,2021,CCWSA FITZGERALD CREEK WPCP,Little River to Allatoona Lake_ds,MGD,3.1434256254599626
Cherokee,2021,CCWSA RIVER BEND ENVIR. COMPLEX,Etowah River_ds,MGD,0.024396819729180466
Cherokee,2021,CCWSA ROSE CREEK - REUSE,Reuse,MGD,1.3059606560131478
Cherokee,2021,CCWSA ROSE CREEK WPCP,Etowah River Arm of Allatoona Lake_ds,MGD,2.531225292736827
Cherokee,2021,Coal,industrial,PJ,0.19496067977939338
Cherokee,2021,Etowah River,publicWatSup,MGD,3.3659690561414637
Cherokee,2021,Etowah River at Riverbend,publicWatSup,MGD,2.4479774953756097
Cherokee,2021,Fulton Co Little River WRF,Little River_ds,MGD,0.7551696817889819
Cherokee,2021,Hickory Log Creek Reservoir,publicWatSup,MGD,0.10199906230731708
Cherokee,2021,Hollis Q. Lathem (Yellow Creek) Reservoir/Etowah River,publicWatSup,MGD,14.99386215917561
Cherokee,2021,Little River WRF (SEE CHEROKEE CO),Little River_ds,MGD,0.914372857
Cherokee,2021,Natural Gas,commercial,PJ,1.4642734329201283
Cherokee,2021,Natural Gas,industrial,PJ,4.468918894215748
Cherokee,2021,Natural Gas,residential,PJ,3.4941960797827294
Cherokee,2021,Natural Gas,transport,PJ,0.21763177563690345
Cherokee,2021,Petroleum,commercial,PJ,0.6632907227600663
Cherokee,2021,Petroleum,industrial,PJ,2.1945298452213944
Cherokee,2021,Petroleum,residential,PJ,0.21215203208840575
Cherokee,2021,Petroleum,transport,PJ,22.906483076703616
Cherokee,2021,Renewables,commercial,PJ,0.005916637356223001
Cherokee,2021,Renewables,industrial,PJ,1.6732852789699097e-4
Cherokee,2021,Renewables,residential,PJ,0.022324194849784748
Cherokee,2021,WOODSTOCK RUBES CREEK WRF,"Rubes Creek, Tributary to Little River_ds",MGD,1.0271949617364113
Cherokee,2021,agricultural,Water Losses,MGD,0.23602640556362592
Cherokee,2021,agricultural,wastewater,MGD,0
Cherokee,2021,commercial,Water Losses,MGD,0.2494410060058847
Cherokee,2021,commercial,energy_services,PJ,3.2698792612398684
Cherokee,2021,commercial,rejected_energy,PJ,1.7607042175906984
Cherokee,2021,commercial,wastewater,MGD,0.707860452421466
Cherokee,2021,distribute_groundwater,industrial,PJ,0.0012546148039632847
Cherokee,2021,distribute_groundwater,publicWatSup,PJ,0.0011479104
Cherokee,2021,distribute_groundwater,residential,PJ,9.9668593703952e-4
Cherokee,2021,distribute_surfaceWater,industrial,PJ,0.0023299989216461004
Cherokee,2021,distribute_surfaceWater,publicWatSup,PJ,0.02857450691027088
Cherokee,2021,elec_import,electricity,PJ,8.171929122737295
Cherokee,2021,electricity,Energy Losses,PJ,0.46256202581531847
Cherokee,2021,electricity,commercial,PJ,2.8730616540495144
Cherokee,2021,electricity,distribute_groundwater,PJ,0.003399211141002804
Cherokee,2021,electricity,distribute_surfaceWater,PJ,0.030904505831916982
Cherokee,2021,electricity,en4water,PJ,0.10671174644823765
Cherokee,2021,electricity,en_wwdist,PJ,0.018543865693098096
Cherokee,2021,electricity,en_wwtreat,PJ,0.034588640643272356
Cherokee,2021,electricity,extract_groundwater,PJ,0.002331362639217966
Cherokee,2021,electricity,extract_surfaceWater,PJ,0.004239195936429507
Cherokee,2021,electricity,government,PJ,0.028949453085694486
Cherokee,2021,electricity,industrial,PJ,2.1331771169324116
Cherokee,2021,electricity,residential,PJ,2.5543616635766666
Cherokee,2021,electricity,transport,PJ,0.01310546282945054
Cherokee,2021,electricity,treat_groundwater,PJ,6.700368114476681e-4
Cherokee,2021,electricity,treat_surfaceWater,PJ,0.012034927751852286
Cherokee,2021,en4water,energy_services,PJ,0.06936263519135448
Cherokee,2021,en4water,rejected_energy,PJ,0.03734911125688318
Cherokee,2021,en_wwdist,in-county treatment,PJ,0.016044774950174256
Cherokee,2021,en_wwdist,ww_exports,PJ,0.00249909074292384
Cherokee,2021,en_wwtreat,in-county treatment,PJ,0.03208954990034851
Cherokee,2021,en_wwtreat,ww_exports,PJ,0.00249909074292384
Cherokee,2021,extract_groundwater,agricultural,PJ,0
Cherokee,2021,extract_groundwater,industrial,PJ,8.60482611770588e-4
Cherokee,2021,extract_groundwater,publicWatSup,PJ,7.872989669421488e-4
Cherokee,2021,extract_groundwater,residential,PJ,6.835810605052291e-4
Cherokee,2021,extract_surfaceWater,industrial,PJ,3.1960782722907573e-4
Cherokee,2021,extract_surfaceWater,publicWatSup,PJ,0.003919588109200432
Cherokee,2021,government,energy_services,PJ,0.01881714450570142
Cherokee,2021,government,rejected_energy,PJ,0.010132308579993069
Cherokee,2021,groundwater,agricultural,MGD,0
Cherokee,2021,groundwater,industrial,MGD,0.9180824873867848
Cherokee,2021,groundwater,publicWatSup,MGD,0.84
Cherokee,2021,groundwater,residential,MGD,0.729339317
Cherokee,2021,industrial,Disposal,MGD,2.719010158171893
Cherokee,2021,industrial,energy_services,PJ,6.796386310163523
Cherokee,2021,industrial,rejected_energy,PJ,7.07378983302734
Cherokee,2021,industrial,wastewater,MGD,0.6207084525262772
Cherokee,2021,publicWatSup,Water Losses,MGD,3.772385719
Cherokee,2021,publicWatSup,agricultural,MGD,0.23602640556362592
Cherokee,2021,publicWatSup,commercial,MGD,0.9573014584273507
Cherokee,2021,publicWatSup,industrial,MGD,0.7166257895930702
Cherokee,2021,publicWatSup,residential,MGD,16.067468400415954
Cherokee,2021,residential,Water Losses,MGD,3.8558538401993125
Cherokee,2021,residential,energy_services,PJ,4.16514346815435
Cherokee,2021,residential,rejected_energy,PJ,2.2427695597754194
Cherokee,2021,residential,septic,MGD,5.572489002739726
Cherokee,2021,residential,wastewater,MGD,7.368464874476916
Cherokee,2021,subsurface,wastewater,MGD,3.0439618227986305
Cherokee,2021,transport,energy_services,PJ,15.694291173785784
Cherokee,2021,transport,rejected_energy,PJ,8.450772170500036
Cherokee,2021,treat_groundwater,industrial,PJ,2.473038796273782e-4
Cherokee,2021,treat_groundwater,publicWatSup,PJ,2.2627079999999996e-4
Cherokee,2021,treat_groundwater,residential,PJ,1.9646213182029e-4
Cherokee,2021,treat_surfaceWater,industrial,PJ,9.073553492948757e-4
Cherokee,2021,treat_surfaceWater,publicWatSup,PJ,0.011127572402557412
Cherokee,2021,wastewater,CANTON WPCP,MGD,2.0739526117587768
Cherokee,2021,wastewater,CANTON WPCP SECOND ROW,MGD,0
Cherokee,2021,wastewater,CCWSA FITZGERALD CREEK WPCP,MGD,3.1434256254599626
Cherokee,2021,wastewater,CCWSA RIVER BEND ENVIR. COMPLEX,MGD,0.024396819729180466
Cherokee,2021,wastewater,CCWSA ROSE CREEK - REUSE,MGD,1.3059606560131478
Cherokee,2021,wastewater,CCWSA ROSE CREEK WPCP,MGD,2.531225292736827
Cherokee,2021,wastewater,COBB NOONDAY CREEK WRF,MGD,0.435847905
Cherokee,2021,wastewater,COBB RL SUTTON WRF,MGD,0.421710154
Cherokee,2021,wastewater,Fulton Big Creek WRF,MGD,0.022111894
Cherokee,2021,wastewater,Fulton Co Little River WRF,MGD,0.7551696817889819
Cherokee,2021,wastewater,WOODSTOCK RUBES CREEK WRF,MGD,1.0271949617364113
Cherokee,2021,ww_imports,Little River WRF (SEE CHEROKEE CO),MGD,0.914372857
Cherokee,2022,Basins,industrial,MGD,1.705010333718315
Cherokee,2022,Biomass,commercial,PJ,0.024310426994901574
Cherokee,2022,Biomass,industrial,PJ,5.1283864339054706
Cherokee,2022,Biomass,residential,PJ,0.1590906937532274
Cherokee,2022,Biomass,transport,PJ,1.001182154866008
Cherokee,2022,CANTON WPCP,Etowah River_ds,MGD,2.1146262993524183
Cherokee,2022,CANTON WPCP SECOND ROW,Etowah River_ds,MGD,0
Cherokee,2022,CCWSA FITZGERALD CREEK WPCP,Little River to Allatoona Lake_ds,MGD,3.2050734717699036
Cherokee,2022,CCWSA RIVER BEND ENVIR. COMPLEX,Etowah River_ds,MGD,0.02487528226410867
Cherokee,2022,CCWSA ROSE CREEK - REUSE,Reuse,MGD,1.331572733854801
Cherokee,2022,CCWSA ROSE CREEK WPCP,Etowah River Arm of Allatoona Lake_ds,MGD,2.5808668641990566
Cherokee,2022,Coal,industrial,PJ,0.17707226098297582
Cherokee,2022,Etowah River,publicWatSup,MGD,3.4178270513414635
Cherokee,2022,Etowah River at Riverbend,publicWatSup,MGD,2.48569240097561
Cherokee,2022,Fulton Co Little River WRF,Little River_ds,MGD,0.7699798252527841
Cherokee,2022,Hickory Log Creek Reservoir,publicWatSup,MGD,0.10357051670731708
Cherokee,2022,Hollis Q. Lathem (Yellow Creek) Reservoir/Etowah River,publicWatSup,MGD,15.22486595597561
Cherokee,2022,Little River WRF (SEE CHEROKEE CO),Little River_ds,MGD,0.920672325
Cherokee,2022,Natural Gas,commercial,PJ,1.558474926546897
Cherokee,2022,Natural Gas,industrial,PJ,4.311990686688978
Cherokee,2022,Natural Gas,residential,PJ,3.752660728388405
Cherokee,2022,Natural Gas,transport,PJ,0.2738522066621203
Cherokee,2022,Petroleum,commercial,PJ,0.6961745741668462
Cherokee,2022,Petroleum,industrial,PJ,2.2677689825445113
Cherokee,2022,Petroleum,residential,PJ,0.20738559788388106
Cherokee,2022,Petroleum,transport,PJ,23.52293213519634
Cherokee,2022,Renewables,commercial,PJ,0.006172994835578389
Cherokee,2022,Renewables,industrial,PJ,1.766729295747592e-4
Cherokee,2022,Renewables,residential,PJ,0.0277031778155097
Cherokee,2022,WOODSTOCK RUBES CREEK WRF,"Rubes Creek, Tributary to Little River_ds",MGD,1.0473399769766576
Cherokee,2022,agricultural,Water Losses,MGD,0.23952231935526155
Cherokee,2022,agricultural,wastewater,MGD,0
Cherokee,2022,commercial,Water Losses,MGD,0.2533363895965618
Cherokee,2022,commercial,energy_services,PJ,3.4478519539465635
Cherokee,2022,commercial,rejected_energy,PJ,1.856535667509688
Cherokee,2022,commercial,wastewater,MGD,0.7181441780153908
Cherokee,2022,distribute_groundwater,industrial,PJ,0.0012546148039632847
Cherokee,2022,distribute_groundwater,publicWatSup,PJ,0.0011479104
Cherokee,2022,distribute_groundwater,residential,PJ,0.0010114483900248
Cherokee,2022,distribute_surfaceWater,industrial,PJ,0.0023299989216461004
Cherokee,2022,distribute_surfaceWater,publicWatSup,PJ,0.029014741688868
Cherokee,2022,elec_import,electricity,PJ,8.560027996380832
Cherokee,2022,electricity,Energy Losses,PJ,0.4845298865875942
Cherokee,2022,electricity,commercial,PJ,3.019254698912028
Cherokee,2022,electricity,distribute_groundwater,PJ,0.0034139735939880842
Cherokee,2022,electricity,distribute_surfaceWater,PJ,0.0313447406105141
Cherokee,2022,electricity,en4water,PJ,0.10843531015218998
Cherokee,2022,electricity,en_wwdist,PJ,0.018890840339446425
Cherokee,2022,electricity,en_wwtreat,PJ,0.03526537273398885
Cherokee,2022,electricity,extract_groundwater,PJ,0.0023414875270008828
Cherokee,2022,electricity,extract_surfaceWater,PJ,0.004299583295303774
Cherokee,2022,electricity,government,PJ,0.02793081335698908
Cherokee,2022,electricity,industrial,PJ,2.210693869736425
Cherokee,2022,electricity,residential,PJ,2.6958651063907566
Cherokee,2022,electricity,transport,PJ,0.013318311244849316
Cherokee,2022,electricity,treat_groundwater,PJ,6.729467180457281e-4
Cherokee,2022,electricity,treat_surfaceWater,PJ,0.012206365333902123
Cherokee,2022,en4water,energy_services,PJ,0.07048295159892348
Cherokee,2022,en4water,rejected_energy,PJ,0.03795235855326649
Cherokee,2022,en_wwdist,in-county treatment,PJ,0.016374532394542427
Cherokee,2022,en_wwdist,ww_exports,PJ,0.002516307944904
Cherokee,2022,en_wwtreat,in-county treatment,PJ,0.032749064789084854
Cherokee,2022,en_wwtreat,ww_exports,PJ,0.002516307944904
Cherokee,2022,extract_groundwater,agricultural,PJ,0
Cherokee,2022,extract_groundwater,industrial,PJ,8.60482611770588e-4
Cherokee,2022,extract_groundwater,publicWatSup,PJ,7.872989669421488e-4
Cherokee,2022,extract_groundwater,residential,PJ,6.937059482881458e-4
Cherokee,2022,extract_surfaceWater,industrial,PJ,3.1960782722907573e-4
Cherokee,2022,extract_surfaceWater,publicWatSup,PJ,0.003979975468074698
Cherokee,2022,government,energy_services,PJ,0.0181550286820429
Cherokee,2022,government,rejected_energy,PJ,0.009775784674946176
Cherokee,2022,groundwater,agricultural,MGD,0
Cherokee,2022,groundwater,industrial,MGD,0.9180824873867848
Cherokee,2022,groundwater,publicWatSup,MGD,0.84
Cherokee,2022,groundwater,residential,MGD,0.740141955
Cherokee,2022,industrial,Disposal,MGD,2.720606899422759
Cherokee,2022,industrial,energy_services,PJ,6.907083564326089
Cherokee,2022,industrial,rejected_energy,PJ,7.189005342461847
Cherokee,2022,industrial,wastewater,MGD,0.6297260425097791
Cherokee,2022,publicWatSup,Water Losses,MGD,3.828260561
Cherokee,2022,publicWatSup,agricultural,MGD,0.23952231935526155
Cherokee,2022,publicWatSup,commercial,MGD,0.9714805676119526
Cherokee,2022,publicWatSup,industrial,MGD,0.7272401208274385
Cherokee,2022,publicWatSup,residential,MGD,16.305452356205347
Cherokee,2022,residential,Water Losses,MGD,3.912588142396265
Cherokee,2022,residential,energy_services,PJ,4.447758447750657
Cherokee,2022,residential,rejected_energy,PJ,2.394946856481123
Cherokee,2022,residential,septic,MGD,5.605098336986302
Cherokee,2022,residential,wastewater,MGD,7.527907831822779
Cherokee,2022,subsurface,wastewater,MGD,3.106522318321782
Cherokee,2022,transport,energy_services,PJ,16.127335125180057
Cherokee,2022,transport,rejected_energy,PJ,8.68394968278926
Cherokee,2022,treat_groundwater,industrial,PJ,2.473038796273782e-4
Cherokee,2022,treat_groundwater,publicWatSup,PJ,2.2627079999999996e-4
Cherokee,2022,treat_groundwater,residential,PJ,1.9937203841835e-4
Cherokee,2022,treat_surfaceWater,industrial,PJ,9.073553492948757e-4
Cherokee,2022,treat_surfaceWater,publicWatSup,PJ,0.011299009984607249
Cherokee,2022,wastewater,CANTON WPCP,MGD,2.1146262993524183
Cherokee,2022,wastewater,CANTON WPCP SECOND ROW,MGD,0
Cherokee,2022,wastewater,CCWSA FITZGERALD CREEK WPCP,MGD,3.2050734717699036
Cherokee,2022,wastewater,CCWSA RIVER BEND ENVIR. COMPLEX,MGD,0.02487528226410867
Cherokee,2022,wastewater,CCWSA ROSE CREEK - REUSE,MGD,1.331572733854801
Cherokee,2022,wastewater,CCWSA ROSE CREEK WPCP,MGD,2.5808668641990566
Cherokee,2022,wastewater,COBB NOONDAY CREEK WRF,MGD,0.449264821
Cherokee,2022,wastewater,COBB RL SUTTON WRF,MGD,0.435847905
Cherokee,2022,wastewater,Fulton Big Creek WRF,MGD,0.022853191
Cherokee,2022,wastewater,Fulton Co Little River WRF,MGD,0.7699798252527841
Cherokee,2022,wastewater,WOODSTOCK RUBES CREEK WRF,MGD,1.0473399769766576
Cherokee,2022,ww_imports,Little River WRF (SEE CHEROKEE CO),MGD,0.920672325
Cherokee,2023,Basins,industrial,MGD,1.705010333718315
Cherokee,2023,Biomass,commercial,PJ,0.02451296385345402
Cherokee,2023,Biomass,industrial,PJ,4.950660090872717
Cherokee,2023,Biomass,residential,PJ,0.136368767627204
Cherokee,2023,Biomass,transport,PJ,1.112833781373956
Cherokee,2023,CANTON WPCP,Etowah River_ds,MGD,2.1519398949510022
Cherokee,2023,CANTON WPCP SECOND ROW,Etowah River_ds,MGD,0
Cherokee,2023,CCWSA FITZGERALD CREEK WPCP,Little River to Allatoona Lake_ds,MGD,3.261628530895951
Cherokee,2023,CCWSA RIVER BEND ENVIR. COMPLEX,Etowah River_ds,MGD,0.025314218554217154
Cherokee,2023,CCWSA ROSE CREEK - REUSE,Reuse,MGD,1.3550689736000339
Cherokee,2023,CCWSA ROSE CREEK WPCP,Etowah River Arm of Allatoona Lake_ds,MGD,2.6264074982552965
Cherokee,2023,Coal,industrial,PJ,0.11999027334299674
Cherokee,2023,Etowah River,publicWatSup,MGD,3.465660008209756
Cherokee,2023,Etowah River at Riverbend,publicWatSup,MGD,2.5204800059707315
Cherokee,2023,Fulton Co Little River WRF,Little River_ds,MGD,0.783566488687051
Cherokee,2023,Hickory Log Creek Reservoir,publicWatSup,MGD,0.10502000024878048
Cherokee,2023,Hollis Q. Lathem (Yellow Creek) Reservoir/Etowah River,publicWatSup,MGD,15.437940036570732
Cherokee,2023,Little River WRF (SEE CHEROKEE CO),Little River_ds,MGD,0.9272343
Cherokee,2023,Natural Gas,commercial,PJ,1.442813880263804
Cherokee,2023,Natural Gas,industrial,PJ,4.399460764000358
Cherokee,2023,Natural Gas,residential,PJ,3.4290212832678626
Cherokee,2023,Natural Gas,transport,PJ,0.3477554212819059
Cherokee,2023,Petroleum,commercial,PJ,0.6680125009896578
Cherokee,2023,Petroleum,industrial,PJ,2.3235003078703005
Cherokee,2023,Petroleum,residential,PJ,0.19207755922265146
Cherokee,2023,Petroleum,transport,PJ,25.602133723353806
Cherokee,2023,Renewables,commercial,PJ,0.007471810708535748
Cherokee,2023,Renewables,industrial,PJ,1.7552871857064148e-4
Cherokee,2023,Renewables,residential,PJ,0.03470707903555031
Cherokee,2023,WOODSTOCK RUBES CREEK WRF,"Rubes Creek, Tributary to Little River_ds",MGD,1.0658207933587793
Cherokee,2023,agricultural,Water Losses,MGD,0.24274689337633423
Cherokee,2023,agricultural,wastewater,MGD,0
Cherokee,2023,commercial,Water Losses,MGD,0.2569273937591292
Cherokee,2023,commercial,energy_services,PJ,3.373666541449744
Cherokee,2023,commercial,rejected_energy,PJ,1.816589676165247
Cherokee,2023,commercial,wastewater,MGD,0.7276317495347047
Cherokee,2023,distribute_groundwater,industrial,PJ,0.0012546148039632847
Cherokee,2023,distribute_groundwater,publicWatSup,PJ,0.0011479104
Cherokee,2023,distribute_groundwater,residential,PJ,0.00102506503437936
Cherokee,2023,distribute_surfaceWater,industrial,PJ,0.0023299989216461004
Cherokee,2023,distribute_surfaceWater,publicWatSup,PJ,0.029420806965694563
Cherokee,2023,elec_import,electricity,PJ,8.451134876239015
Cherokee,2023,electricity,Energy Losses,PJ,0.4783661250701329
Cherokee,2023,electricity,commercial,PJ,3.047445061799539
Cherokee,2023,electricity,distribute_groundwater,PJ,0.003427590238342644
Cherokee,2023,electricity,distribute_surfaceWater,PJ,0.031750805887340666
Cherokee,2023,electricity,en4water,PJ,0.11002920444218042
Cherokee,2023,electricity,en_wwdist,PJ,0.019212937827165953
Cherokee,2023,electricity,en_wwtreat,PJ,0.035891633044315904
Cherokee,2023,electricity,extract_groundwater,PJ,0.002350826557323775
Cherokee,2023,electricity,extract_surfaceWater,PJ,0.00435528359612109
Cherokee,2023,electricity,government,PJ,0.026175258098273823
Cherokee,2023,electricity,industrial,PJ,2.194050954979198
Cherokee,2023,electricity,residential,PJ,2.5815986276419793
Cherokee,2023,electricity,transport,PJ,0.013469644207709894
Cherokee,2023,electricity,treat_groundwater,PJ,6.756307681348481e-4
Cherokee,2023,electricity,treat_surfaceWater,PJ,0.012364496523435548
Cherokee,2023,en4water,energy_services,PJ,0.07151898288741727
Cherokee,2023,en4water,rejected_energy,PJ,0.03851022155476314
Cherokee,2023,en_wwdist,in-county treatment,PJ,0.016678695217149955
Cherokee,2023,en_wwdist,ww_exports,PJ,0.002534242610016
Cherokee,2023,en_wwtreat,in-county treatment,PJ,0.03335739043429991
Cherokee,2023,en_wwtreat,ww_exports,PJ,0.002534242610016
Cherokee,2023,extract_groundwater,agricultural,PJ,0
Cherokee,2023,extract_groundwater,industrial,PJ,8.60482611770588e-4
Cherokee,2023,extract_groundwater,publicWatSup,PJ,7.872989669421488e-4
Cherokee,2023,extract_groundwater,residential,PJ,7.030449786110382e-4
Cherokee,2023,extract_surfaceWater,industrial,PJ,3.1960782722907573e-4
Cherokee,2023,extract_surfaceWater,publicWatSup,PJ,0.004035675768892014
Cherokee,2023,government,energy_services,PJ,0.017013917763877985
Cherokee,2023,government,rejected_energy,PJ,0.009161340334395836
Cherokee,2023,groundwater,agricultural,MGD,0
Cherokee,2023,groundwater,industrial,MGD,0.9180824873867848
Cherokee,2023,groundwater,publicWatSup,MGD,0.84
Cherokee,2023,groundwater,residential,MGD,0.750106131
Cherokee,2023,industrial,Disposal,MGD,2.722077925197704
Cherokee,2023,industrial,energy_services,PJ,6.854040580694228
Cherokee,2023,industrial,rejected_energy,PJ,7.133797339089912
Cherokee,2023,industrial,wastewater,MGD,0.6380455012760623
Cherokee,2023,publicWatSup,Water Losses,MGD,3.879798593
Cherokee,2023,publicWatSup,agricultural,MGD,0.24274689337633423
Cherokee,2023,publicWatSup,commercial,MGD,0.9845591432938339
Cherokee,2023,publicWatSup,industrial,MGD,0.7370306053686667
Cherokee,2023,publicWatSup,residential,MGD,16.524964815961166
Cherokee,2023,residential,Water Losses,MGD,3.964922729714395
Cherokee,2023,residential,energy_services,PJ,4.142952655916911
Cherokee,2023,residential,rejected_energy,PJ,2.2308206608783365
Cherokee,2023,residential,septic,MGD,5.63517664931507
Cherokee,2023,residential,wastewater,MGD,7.674971567931699
Cherokee,2023,subsurface,wastewater,MGD,3.164227086559863
Cherokee,2023,transport,energy_services,PJ,17.599525170641297
Cherokee,2023,transport,rejected_energy,PJ,9.476667399576082
Cherokee,2023,treat_groundwater,industrial,PJ,2.473038796273782e-4
Cherokee,2023,treat_groundwater,publicWatSup,PJ,2.2627079999999996e-4
Cherokee,2023,treat_groundwater,residential,PJ,2.0205608850746998e-4
Cherokee,2023,treat_surfaceWater,industrial,PJ,9.073553492948757e-4
Cherokee,2023,treat_surfaceWater,publicWatSup,PJ,0.011457141174140671
Cherokee,2023,wastewater,CANTON WPCP,MGD,2.1519398949510022
Cherokee,2023,wastewater,CANTON WPCP SECOND ROW,MGD,0
Cherokee,2023,wastewater,CCWSA FITZGERALD CREEK WPCP,MGD,3.261628530895951
Cherokee,2023,wastewater,CCWSA RIVER BEND ENVIR. COMPLEX,MGD,0.025314218554217154
Cherokee,2023,wastewater,CCWSA ROSE CREEK - REUSE,MGD,1.3550689736000339
Cherokee,2023,wastewater,CCWSA ROSE CREEK WPCP,MGD,2.6264074982552965
Cherokee,2023,wastewater,COBB NOONDAY CREEK WRF,MGD,0.462307994
Cherokee,2023,wastewater,COBB RL SUTTON WRF,MGD,0.449264821
Cherokee,2023,wastewater,Fulton Big Creek WRF,MGD,0.023556692
Cherokee,2023,wastewater,Fulton Co Little River WRF,MGD,0.783566488687051
Cherokee,2023,wastewater,WOODSTOCK RUBES CREEK WRF,MGD,1.0658207933587793
Cherokee,2023,ww_imports,Little River WRF (SEE CHEROKEE CO),MGD,0.9272343
Cherokee,2024,Basins,industrial,MGD,1.705010333718315
Cherokee,2024,Biomass,commercial,PJ,0.024787168988428282
Cherokee,2024,Biomass,industrial,PJ,4.846597763840192
Cherokee,2024,Biomass,residential,PJ,0.12925331583127908
Cherokee,2024,Biomass,transport,PJ,1.092158669339295
Cherokee,2024,CANTON WPCP,Etowah River_ds,MGD,2.187530015061142
Cherokee,2024,CANTON WPCP SECOND ROW,Etowah River_ds,MGD,0
Cherokee,2024,CCWSA FITZGERALD CREEK WPCP,Little River to Allatoona Lake_ds,MGD,3.315571371698151
Cherokee,2024,CCWSA RIVER BEND ENVIR. COMPLEX,Etowah River_ds,MGD,0.025732880841650336
Cherokee,2024,CCWSA ROSE CREEK - REUSE,Reuse,MGD,1.3774799468995678
Cherokee,2024,CCWSA ROSE CREEK WPCP,Etowah River Arm of Allatoona Lake_ds,MGD,2.66984465862413
Cherokee,2024,Coal,industrial,PJ,0.1272315690869715
Cherokee,2024,Etowah River,publicWatSup,MGD,3.511445686287805
Cherokee,2024,Etowah River at Riverbend,publicWatSup,MGD,2.5537786809365852
Cherokee,2024,Fulton Co Little River WRF,Little River_ds,MGD,0.7965255985172479
Cherokee,2024,Hickory Log Creek Reservoir,publicWatSup,MGD,0.1064074450390244
Cherokee,2024,Hollis Q. Lathem (Yellow Creek) Reservoir/Etowah River,publicWatSup,MGD,15.641894420736586
Cherokee,2024,Little River WRF (SEE CHEROKEE CO),Little River_ds,MGD,0.934165592
Cherokee,2024,Natural Gas,commercial,PJ,1.5798981476132734
Cherokee,2024,Natural Gas,industrial,PJ,4.464598409809588
Cherokee,2024,Natural Gas,residential,PJ,3.7514480171257576
Cherokee,2024,Natural Gas,transport,PJ,0.3371608885643864
Cherokee,2024,Petroleum,commercial,PJ,0.6393981792579259
Cherokee,2024,Petroleum,industrial,PJ,2.2941563467323407
Cherokee,2024,Petroleum,residential,PJ,0.22964827402463384
Cherokee,2024,Petroleum,transport,PJ,25.524663427526445
Cherokee,2024,Renewables,commercial,PJ,0.009309595608062621
Cherokee,2024,Renewables,industrial,PJ,1.744041652855527e-4
Cherokee,2024,Renewables,residential,PJ,0.0387785218807014
Cherokee,2024,WOODSTOCK RUBES CREEK WRF,"Rubes Creek, Tributary to Little River_ds",MGD,1.083448000392081
Cherokee,2024,agricultural,Water Losses,MGD,0.24583345345398433
Cherokee,2024,agricultural,wastewater,MGD,0
Cherokee,2024,commercial,Water Losses,MGD,0.2603629754440555
Cherokee,2024,commercial,energy_services,PJ,3.5562172759920663
Cherokee,2024,commercial,rejected_energy,PJ,1.9148862255341894
Cherokee,2024,commercial,wastewater,MGD,0.7367149729467622
Cherokee,2024,distribute_groundwater,industrial,PJ,0.0012546148039632847
Cherokee,2024,distribute_groundwater,publicWatSup,PJ,0.0011479104
Cherokee,2024,distribute_groundwater,residential,PJ,0.00103809887642448
Cherokee,2024,distribute_surfaceWater,industrial,PJ,0.0023299989216461004
Cherokee,2024,distribute_surfaceWater,publicWatSup,PJ,0.02980949240896848
Cherokee,2024,elec_import,electricity,PJ,8.856118081584702
Cherokee,2024,electricity,Energy Losses,PJ,0.5012897027312095
Cherokee,2024,electricity,commercial,PJ,3.217710410058566
Cherokee,2024,electricity,distribute_groundwater,PJ,0.0034406240803877644
Cherokee,2024,electricity,distribute_surfaceWater,PJ,0.03213949133061458
Cherokee,2024,electricity,en4water,PJ,0.11155843306418915
Cherokee,2024,electricity,en_wwdist,PJ,0.01952302633694674
Cherokee,2024,electricity,en_wwtreat,PJ,0.036492866011086436
Cherokee,2024,electricity,extract_groundwater,PJ,0.0023597658703375874
Cherokee,2024,electricity,extract_surfaceWater,PJ,0.004408599891182972
Cherokee,2024,electricity,government,PJ,0.024425903334389303
Cherokee,2024,electricity,industrial,PJ,2.2354474989140565
Cherokee,2024,electricity,residential,PJ,2.751352588285213
Cherokee,2024,electricity,transport,PJ,0.014333545197076651
Cherokee,2024,electricity,treat_groundwater,PJ,6.781999389225882e-4
Cherokee,2024,electricity,treat_surfaceWater,PJ,0.012515859604710486
Cherokee,2024,en4water,energy_services,PJ,0.07251298149172294
Cherokee,2024,en4water,rejected_energy,PJ,0.0390454515724662
Cherokee,2024,en_wwdist,in-county treatment,PJ,0.0169698396741397
Cherokee,2024,en_wwdist,ww_exports,PJ,0.00255318666280704
Cherokee,2024,en_wwtreat,in-county treatment,PJ,0.0339396793482794
Cherokee,2024,en_wwtreat,ww_exports,PJ,0.00255318666280704
Cherokee,2024,extract_groundwater,agricultural,PJ,0
Cherokee,2024,extract_groundwater,industrial,PJ,8.60482611770588e-4
Cherokee,2024,extract_groundwater,publicWatSup,PJ,7.872989669421488e-4
Cherokee,2024,extract_groundwater,residential,PJ,7.119842916248504e-4
Cherokee,2024,extract_surfaceWater,industrial,PJ,3.1960782722907573e-4
Cherokee,2024,extract_surfaceWater,publicWatSup,PJ,0.0040889920639538965
Cherokee,2024,government,energy_services,PJ,0.015876837167353046
Cherokee,2024,government,rejected_energy,PJ,0.008549066167036256
Cherokee,2024,groundwater,agricultural,MGD,0
Cherokee,2024,groundwater,industrial,MGD,0.9180824873867848
Cherokee,2024,groundwater,publicWatSup,MGD,0.84
Cherokee,2024,groundwater,residential,MGD,0.759643833
Cherokee,2024,industrial,Disposal,MGD,2.723484476569469
Cherokee,2024,industrial,energy_services,PJ,6.844420936348732
Cherokee,2024,industrial,rejected_energy,PJ,7.123785056199701
Cherokee,2024,industrial,wastewater,MGD,0.6460103954840908
Cherokee,2024,publicWatSup,Water Losses,MGD,3.929130765
Cherokee,2024,publicWatSup,agricultural,MGD,0.24583345345398433
Cherokee,2024,publicWatSup,commercial,MGD,0.9970779483908178
Cherokee,2024,publicWatSup,industrial,MGD,0.7464020509484598
Cherokee,2024,publicWatSup,residential,MGD,16.73508201520674
Cherokee,2024,residential,Water Losses,MGD,4.015020615201976
Cherokee,2024,residential,energy_services,PJ,4.48531246614593
Cherokee,2024,residential,rejected_energy,PJ,2.4151682510016546
Cherokee,2024,residential,septic,MGD,5.663967591780822
Cherokee,2024,residential,wastewater,MGD,7.81573764122394
Cherokee,2024,subsurface,wastewater,MGD,3.219462053379177
Cherokee,2024,transport,energy_services,PJ,17.52940574490768
Cherokee,2024,transport,rejected_energy,PJ,9.438910785719521
Cherokee,2024,treat_groundwater,industrial,PJ,2.473038796273782e-4
Cherokee,2024,treat_groundwater,publicWatSup,PJ,2.2627079999999996e-4
Cherokee,2024,treat_groundwater,residential,PJ,2.0462525929521003e-4
Cherokee,2024,treat_surfaceWater,industrial,PJ,9.073553492948757e-4
Cherokee,2024,treat_surfaceWater,publicWatSup,PJ,0.01160850425541561
Cherokee,2024,wastewater,CANTON WPCP,MGD,2.187530015061142
Cherokee,2024,wastewater,CANTON WPCP SECOND ROW,MGD,0
Cherokee,2024,wastewater,CCWSA FITZGERALD CREEK WPCP,MGD,3.315571371698151
Cherokee,2024,wastewater,CCWSA RIVER BEND ENVIR. COMPLEX,MGD,0.025732880841650336
Cherokee,2024,wastewater,CCWSA ROSE CREEK - REUSE,MGD,1.3774799468995678
Cherokee,2024,wastewater,CCWSA ROSE CREEK WPCP,MGD,2.66984465862413
Cherokee,2024,wastewater,COBB NOONDAY CREEK WRF,MGD,0.475244001
Cherokee,2024,wastewater,COBB RL SUTTON WRF,MGD,0.462307994
Cherokee,2024,wastewater,Fulton Big Creek WRF,MGD,0.024240596
Cherokee,2024,wastewater,Fulton Co Little River WRF,MGD,0.7965255985172479
Cherokee,2024,wastewater,WOODSTOCK RUBES CREEK WRF,MGD,1.083448000392081
Cherokee,2024,ww_imports,Little River WRF (SEE CHEROKEE CO),MGD,0.934165592
Clayton,2020,Basins,industrial,MGD,0.29317129629629635
Clayton,2020,Biomass,commercial,PJ,0.026343211072360023
Clayton,2020,Biomass,industrial,PJ,5.343168483114704
Clayton,2020,Biomass,residential,PJ,0.13233416422495045
Clayton,2020,Biomass,transport,PJ,1.0614400868060863
Clayton,2020,CLAYTON NORTHEAST WRF,Panther Creek_ds,MGD,3.6204370612178156
Clayton,2020,CLAYTON SHOAL CREEK WRF,"Shoal Creek Reservoir, Tributary to Flint River_ds",MGD,1.40681135587865
Clayton,2020,CLAYTON W.B. CASEY WRF,Flint River_ds,MGD,9.341473411383273
Clayton,2020,CLAYTON W.B. CASEY WRF,Huie Constructed Wetlands to Shamrock Lake_ds,MGD,9.341473411383273
Clayton,2020,Coal,industrial,PJ,0.20309291217797112
Clayton,2020,Edgar Blalock Jr. Reservoir (Pates Creek),publicWatSup,MGD,1.7474732894404759
Clayton,2020,Flint River,publicWatSup,MGD,2.7006405382261898
Clayton,2020,J.W. Smith Reservoir (Shoal Creek),publicWatSup,MGD,9.13451946752976
Clayton,2020,Natural Gas,commercial,PJ,1.526022481852042
Clayton,2020,Natural Gas,industrial,PJ,4.636375714979976
Clayton,2020,Natural Gas,residential,PJ,3.6219707692840926
Clayton,2020,Natural Gas,transport,PJ,0.22672821775462487
Clayton,2020,Petroleum,commercial,PJ,0.6804495570623675
Clayton,2020,Petroleum,industrial,PJ,2.1832488059131894
Clayton,2020,Petroleum,residential,PJ,0.25265935625155134
Clayton,2020,Petroleum,transport,PJ,24.042698184980598
Clayton,2020,Renewables,commercial,PJ,0.0054064502144720045
Clayton,2020,Renewables,industrial,PJ,1.7660253232867055e-4
Clayton,2020,Renewables,residential,PJ,0.021828422921038364
Clayton,2020,W.J. Hooper Reservoir (Little Cotton Indian Creek),publicWatSup,MGD,13.106049670803568
Clayton,2020,agricultural,Water Losses,MGD,3.9795263272154803e-4
Clayton,2020,agricultural,wastewater,MGD,0
Clayton,2020,commercial,Water Losses,MGD,3.0828799041558264
Clayton,2020,commercial,energy_services,PJ,3.444426993496958
Clayton,2020,commercial,rejected_energy,PJ,1.8546914580368232
Clayton,2020,commercial,wastewater,MGD,2.2781790463247122
Clayton,2020,distribute_groundwater,industrial,PJ,2.157271666666667e-4
Clayton,2020,distribute_groundwater,publicWatSup,PJ,4.09968e-5
Clayton,2020,distribute_groundwater,residential,PJ,0
Clayton,2020,distribute_surfaceWater,industrial,PJ,4.0063616666666675e-4
Clayton,2020,distribute_surfaceWater,publicWatSup,PJ,0.03647168659401695
Clayton,2020,elec_import,electricity,PJ,8.787952711270488
Clayton,2020,electricity,Energy Losses,PJ,0.49743128554361254
Clayton,2020,electricity,commercial,PJ,3.06089675133254
Clayton,2020,electricity,distribute_groundwater,PJ,2.567239666666667e-4
Clayton,2020,electricity,distribute_surfaceWater,PJ,0.03687232276068361
Clayton,2020,electricity,en4water,PJ,0.1737300344577223
Clayton,2020,electricity,en_wwdist,PJ,0.04452190117562304
Clayton,2020,electricity,en_wwtreat,PJ,0.07243566757562304
Clayton,2020,electricity,extract_groundwater,PJ,1.7607516557560356e-4
Clayton,2020,electricity,extract_surfaceWater,PJ,0.0050578061873546385
Clayton,2020,electricity,government,PJ,0.03305597655356135
Clayton,2020,electricity,industrial,PJ,2.2136812723360197
Clayton,2020,electricity,residential,PJ,2.7950349803542163
Clayton,2020,electricity,transport,PJ,0.014122410692816324
Clayton,2020,electricity,treat_groundwater,PJ,5.0604243429487185e-5
Clayton,2020,electricity,treat_surfaceWater,PJ,0.014358933382766215
Clayton,2020,en4water,energy_services,PJ,0.11292452239751949
Clayton,2020,en4water,rejected_energy,PJ,0.0608055120602028
Clayton,2020,en_wwdist,in-county treatment,PJ,0.0279137664
Clayton,2020,en_wwdist,ww_exports,PJ,0.016608134775623038
Clayton,2020,en_wwtreat,in-county treatment,PJ,0.0558275328
Clayton,2020,en_wwtreat,ww_exports,PJ,0.016608134775623038
Clayton,2020,extract_groundwater,agricultural,PJ,0
Clayton,2020,extract_groundwater,industrial,PJ,1.479573453276697e-4
Clayton,2020,extract_groundwater,publicWatSup,PJ,2.811782024793388e-5
Clayton,2020,extract_groundwater,residential,PJ,0
Clayton,2020,extract_surfaceWater,industrial,PJ,5.495558540742017e-5
Clayton,2020,extract_surfaceWater,publicWatSup,PJ,0.005002850601947219
Clayton,2020,government,energy_services,PJ,0.021486384759814882
Clayton,2020,government,rejected_energy,PJ,0.011569591793746472
Clayton,2020,groundwater,agricultural,MGD,0
Clayton,2020,groundwater,industrial,MGD,0.15786146723646724
Clayton,2020,groundwater,publicWatSup,MGD,0.03
Clayton,2020,groundwater,residential,MGD,0
Clayton,2020,industrial,Disposal,MGD,0.7011436391038852
Clayton,2020,industrial,energy_services,PJ,7.144074457616553
Clayton,2020,industrial,rejected_energy,PJ,7.4356693334376365
Clayton,2020,industrial,wastewater,MGD,1.1212698314642686
Clayton,2020,publicWatSup,Water Losses,MGD,2.894539361
Clayton,2020,publicWatSup,agricultural,MGD,3.9795263272154803e-4
Clayton,2020,publicWatSup,commercial,MGD,5.361058950480539
Clayton,2020,publicWatSup,industrial,MGD,1.37138070703539
Clayton,2020,publicWatSup,residential,MGD,17.09130599485135
Clayton,2020,residential,Water Losses,MGD,1.3510288452430697
Clayton,2020,residential,energy_services,PJ,4.435488000473303
Clayton,2020,residential,rejected_energy,PJ,2.388339692562547
Clayton,2020,residential,septic,MGD,2.117808219178082
Clayton,2020,residential,wastewater,MGD,13.622468930430198
Clayton,2020,subsurface,wastewater,MGD,3.404383561643836
Clayton,2020,transport,energy_services,PJ,16.47424278515218
Clayton,2020,transport,rejected_energy,PJ,8.870746115081943
Clayton,2020,treat_groundwater,industrial,PJ,4.252314342948718e-5
Clayton,2020,treat_groundwater,publicWatSup,PJ,8.0811e-6
Clayton,2020,treat_groundwater,residential,PJ,0
Clayton,2020,treat_surfaceWater,industrial,PJ,1.5601696875000004e-4
Clayton,2020,treat_surfaceWater,publicWatSup,PJ,0.014202916414016217
Clayton,2020,wastewater,Atlanta South River WRC,MGD,0
Clayton,2020,wastewater,CLAYTON NORTHEAST WRF,MGD,3.441997737217816
Clayton,2020,wastewater,CLAYTON SHOAL CREEK WRF,MGD,1.40681135587865
Clayton,2020,wastewater,CLAYTON W.B. CASEY WRF,MGD,12.784765004766548
Clayton,2020,wastewater,Snapfinger Creek,MGD,2.792727272
Clayton,2020,ww_imports,CLAYTON NORTHEAST WRF,MGD,0.178439324
Clayton,2020,ww_imports,CLAYTON W.B. CASEY WRF,MGD,5.898181818
Clayton,2021,Basins,industrial,MGD,0.29317129629629635
Clayton,2021,Biomass,commercial,PJ,0.02618074988927045
Clayton,2021,Biomass,industrial,PJ,5.312615318871467
Clayton,2021,Biomass,residential,PJ,0.13599363825164057
Clayton,2021,Biomass,transport,PJ,1.0975438389334382
Clayton,2021,CLAYTON NORTHEAST WRF,Panther Creek_ds,MGD,3.6509601348998597
Clayton,2021,CLAYTON SHOAL CREEK WRF,"Shoal Creek Reservoir, Tributary to Flint River_ds",MGD,1.4190657791336254
Clayton,2021,CLAYTON W.B. CASEY WRF,Flint River_ds,MGD,9.423602325640793
Clayton,2021,CLAYTON W.B. CASEY WRF,Huie Constructed Wetlands to Shamrock Lake_ds,MGD,9.423602325640793
Clayton,2021,Coal,industrial,PJ,0.2123127180964524
Clayton,2021,Edgar Blalock Jr. Reservoir (Pates Creek),publicWatSup,MGD,1.7699876749107144
Clayton,2021,Flint River,publicWatSup,MGD,2.735435497589285
Clayton,2021,J.W. Smith Reservoir (Shoal Creek),publicWatSup,MGD,9.252208300669643
Clayton,2021,Natural Gas,commercial,PJ,1.5945978077809058
Clayton,2021,Natural Gas,industrial,PJ,4.8666650037184755
Clayton,2021,Natural Gas,residential,PJ,3.8051891699397524
Clayton,2021,Natural Gas,transport,PJ,0.23700160402555215
Clayton,2021,Petroleum,commercial,PJ,0.7223254268332461
Clayton,2021,Petroleum,industrial,PJ,2.3898490552554383
Clayton,2021,Petroleum,residential,PJ,0.23103414818486925
Clayton,2021,Petroleum,transport,PJ,24.945223260138476
Clayton,2021,Renewables,commercial,PJ,0.006692704392893294
Clayton,2021,Renewables,industrial,PJ,1.7551340707890804e-4
Clayton,2021,Renewables,residential,PJ,0.025062803776889308
Clayton,2021,W.J. Hooper Reservoir (Little Cotton Indian Creek),publicWatSup,MGD,13.274907561830355
Clayton,2021,agricultural,Water Losses,MGD,4.030734094162744e-4
Clayton,2021,agricultural,wastewater,MGD,0
Clayton,2021,commercial,Water Losses,MGD,3.116259437993226
Clayton,2021,commercial,energy_services,PJ,3.561069691242067
Clayton,2021,commercial,rejected_energy,PJ,1.917499064514959
Clayton,2021,commercial,wastewater,MGD,2.3137936570612814
Clayton,2021,distribute_groundwater,industrial,PJ,2.157271666666667e-4
Clayton,2021,distribute_groundwater,publicWatSup,PJ,4.09968e-5
Clayton,2021,distribute_groundwater,residential,PJ,0
Clayton,2021,distribute_surfaceWater,industrial,PJ,4.0063616666666675e-4
Clayton,2021,distribute_surfaceWater,publicWatSup,PJ,0.036941586543669594
Clayton,2021,elec_import,electricity,PJ,8.962795380997203
Clayton,2021,electricity,Energy Losses,PJ,0.507328040433804
Clayton,2021,electricity,commercial,PJ,3.128772066860711
Clayton,2021,electricity,distribute_groundwater,PJ,2.567239666666667e-4
Clayton,2021,electricity,distribute_surfaceWater,PJ,0.037342222710336256
Clayton,2021,electricity,en4water,PJ,0.17615469128413141
Clayton,2021,electricity,en_wwdist,PJ,0.045139684394750405
Clayton,2021,electricity,en_wwtreat,PJ,0.0735251947947504
Clayton,2021,electricity,extract_groundwater,PJ,1.7607516557560356e-4
Clayton,2021,electricity,extract_surfaceWater,PJ,0.00512226274161666
Clayton,2021,electricity,government,PJ,0.03152603427000962
Clayton,2021,electricity,industrial,PJ,2.323035764901678
Clayton,2021,electricity,residential,PJ,2.7817068980729904
Clayton,2021,electricity,transport,PJ,0.014271885173877832
Clayton,2021,electricity,treat_groundwater,PJ,5.0604243429487185e-5
Clayton,2021,electricity,treat_surfaceWater,PJ,0.014541923267005949
Clayton,2021,en4water,energy_services,PJ,0.11450054933468543
Clayton,2021,en4water,rejected_energy,PJ,0.061654141949446004
Clayton,2021,en_wwdist,in-county treatment,PJ,0.028385510400000005
Clayton,2021,en_wwdist,ww_exports,PJ,0.016754173994750404
Clayton,2021,en_wwtreat,in-county treatment,PJ,0.05677102080000001
Clayton,2021,en_wwtreat,ww_exports,PJ,0.016754173994750404
Clayton,2021,extract_groundwater,agricultural,PJ,0
Clayton,2021,extract_groundwater,industrial,PJ,1.479573453276697e-4
Clayton,2021,extract_groundwater,publicWatSup,PJ,2.811782024793388e-5
Clayton,2021,extract_groundwater,residential,PJ,0
Clayton,2021,extract_surfaceWater,industrial,PJ,5.495558540742017e-5
Clayton,2021,extract_surfaceWater,publicWatSup,PJ,0.005067307156209241
Clayton,2021,government,energy_services,PJ,0.020491922275506256
Clayton,2021,government,rejected_energy,PJ,0.011034111994503368
Clayton,2021,groundwater,agricultural,MGD,0
Clayton,2021,groundwater,industrial,MGD,0.15786146723646724
Clayton,2021,groundwater,publicWatSup,MGD,0.03
Clayton,2021,groundwater,residential,MGD,0
Clayton,2021,industrial,Disposal,MGD,0.6996143950980929
Clayton,2021,industrial,energy_services,PJ,7.401280153382789
Clayton,2021,industrial,rejected_energy,PJ,7.7033732208678005
Clayton,2021,industrial,wastewater,MGD,1.1404480584567454
Clayton,2021,publicWatSup,Water Losses,MGD,2.931790634
Clayton,2021,publicWatSup,agricultural,MGD,4.030734094162744e-4
Clayton,2021,publicWatSup,commercial,MGD,5.430053095054507
Clayton,2021,publicWatSup,industrial,MGD,1.3890296900220747
Clayton,2021,publicWatSup,residential,MGD,17.311262542514005
Clayton,2021,residential,Water Losses,MGD,1.3298878196758679
Clayton,2021,residential,energy_services,PJ,4.536341327846993
Clayton,2021,residential,rejected_energy,PJ,2.44264533037915
Clayton,2021,residential,septic,MGD,2.126027397260274
Clayton,2021,residential,wastewater,MGD,13.855347325577863
Clayton,2021,subsurface,wastewater,MGD,3.4619178082191784
Clayton,2021,transport,energy_services,PJ,17.091126382376377
Clayton,2021,transport,rejected_energy,PJ,9.20291420589497
Clayton,2021,treat_groundwater,industrial,PJ,4.252314342948718e-5
Clayton,2021,treat_groundwater,publicWatSup,PJ,8.0811e-6
Clayton,2021,treat_groundwater,residential,PJ,0
Clayton,2021,treat_surfaceWater,industrial,PJ,1.5601696875000004e-4
Clayton,2021,treat_surfaceWater,publicWatSup,PJ,0.01438590629825595
Clayton,2021,wastewater,Atlanta South River WRC,MGD,0
Clayton,2021,wastewater,CLAYTON NORTHEAST WRF,MGD,3.47198021989986
Clayton,2021,wastewater,CLAYTON SHOAL CREEK WRF,MGD,1.4190657791336254
Clayton,2021,wastewater,CLAYTON W.B. CASEY WRF,MGD,12.896130271281587
Clayton,2021,wastewater,Snapfinger Creek,MGD,2.984330579
Clayton,2021,ww_imports,CLAYTON NORTHEAST WRF,MGD,0.178979915
Clayton,2021,ww_imports,CLAYTON W.B. CASEY WRF,MGD,5.95107438
Clayton,2022,Basins,industrial,MGD,0.29317129629629635
Clayton,2022,Biomass,commercial,PJ,0.025813941243006074
Clayton,2022,Biomass,industrial,PJ,5.445559064183819
Clayton,2022,Biomass,residential,PJ,0.1689298925813258
Clayton,2022,Biomass,transport,PJ,1.0631017433250958
Clayton,2022,CLAYTON NORTHEAST WRF,Panther Creek_ds,MGD,3.679873505242777
Clayton,2022,CLAYTON SHOAL CREEK WRF,"Shoal Creek Reservoir, Tributary to Flint River_ds",MGD,1.4306704846766198
Clayton,2022,CLAYTON W.B. CASEY WRF,Flint River_ds,MGD,9.50037479334167
Clayton,2022,CLAYTON W.B. CASEY WRF,Huie Constructed Wetlands to Shamrock Lake_ds,MGD,9.50037479334167
Clayton,2022,Coal,industrial,PJ,0.1880235563834152
Clayton,2022,Edgar Blalock Jr. Reservoir (Pates Creek),publicWatSup,MGD,1.7919544543214285
Clayton,2022,Flint River,publicWatSup,MGD,2.7693841566785706
Clayton,2022,J.W. Smith Reservoir (Shoal Creek),publicWatSup,MGD,9.367034647589286
Clayton,2022,Natural Gas,commercial,PJ,1.6548611092276162
Clayton,2022,Natural Gas,industrial,PJ,4.57867211669802
Clayton,2022,Natural Gas,residential,PJ,3.984749571361729
Clayton,2022,Natural Gas,transport,PJ,0.29078900068378466
Clayton,2022,Petroleum,commercial,PJ,0.7392305185008332
Clayton,2022,Petroleum,industrial,PJ,2.4080225032819373
Clayton,2022,Petroleum,residential,PJ,0.22021166635793452
Clayton,2022,Petroleum,transport,PJ,24.977742601087378
Clayton,2022,Renewables,commercial,PJ,0.007016655886214949
Clayton,2022,Renewables,industrial,PJ,1.7305435470171672e-4
Clayton,2022,Renewables,residential,PJ,0.033445259220087266
Clayton,2022,W.J. Hooper Reservoir (Little Cotton Indian Creek),publicWatSup,MGD,13.439658407410713
Clayton,2022,agricultural,Water Losses,MGD,4.0807085430523405e-4
Clayton,2022,agricultural,wastewater,MGD,0
Clayton,2022,commercial,Water Losses,MGD,3.1507010953830754
Clayton,2022,commercial,energy_services,PJ,3.661389672257787
Clayton,2022,commercial,rejected_energy,PJ,1.9715175158311156
Clayton,2022,commercial,wastewater,MGD,2.346668033539646
Clayton,2022,distribute_groundwater,industrial,PJ,2.157271666666667e-4
Clayton,2022,distribute_groundwater,publicWatSup,PJ,4.09968e-5
Clayton,2022,distribute_groundwater,residential,PJ,0
Clayton,2022,distribute_surfaceWater,industrial,PJ,4.0063616666666675e-4
Clayton,2022,distribute_surfaceWater,publicWatSup,PJ,0.037400057353488954
Clayton,2022,elec_import,electricity,PJ,9.156561616008366
Clayton,2022,electricity,Energy Losses,PJ,0.5182959405287755
Clayton,2022,electricity,commercial,PJ,3.205984963231232
Clayton,2022,electricity,distribute_groundwater,PJ,2.567239666666667e-4
Clayton,2022,electricity,distribute_surfaceWater,PJ,0.03780069352015562
Clayton,2022,electricity,en4water,PJ,0.17846811485241387
Clayton,2022,electricity,en_wwdist,PJ,0.045721806812285756
Clayton,2022,electricity,en_wwtreat,PJ,0.07455659721228575
Clayton,2022,electricity,extract_groundwater,PJ,1.7607516557560356e-4
Clayton,2022,electricity,extract_surfaceWater,PJ,0.005185151551569756
Clayton,2022,electricity,government,PJ,0.029658235744600272
Clayton,2022,electricity,industrial,PJ,2.347417495859613
Clayton,2022,electricity,residential,PJ,2.8625948639255094
Clayton,2022,electricity,transport,PJ,0.014142001866224286
Clayton,2022,electricity,treat_groundwater,PJ,5.0604243429487185e-5
Clayton,2022,electricity,treat_surfaceWater,PJ,0.014720462380445217
Clayton,2022,en4water,energy_services,PJ,0.11600427465406901
Clayton,2022,en4water,rejected_energy,PJ,0.06246384019834485
Clayton,2022,en_wwdist,in-county treatment,PJ,0.028834790399999997
Clayton,2022,en_wwdist,ww_exports,PJ,0.01688701641228576
Clayton,2022,en_wwtreat,in-county treatment,PJ,0.057669580799999995
Clayton,2022,en_wwtreat,ww_exports,PJ,0.01688701641228576
Clayton,2022,extract_groundwater,agricultural,PJ,0
Clayton,2022,extract_groundwater,industrial,PJ,1.479573453276697e-4
Clayton,2022,extract_groundwater,publicWatSup,PJ,2.811782024793388e-5
Clayton,2022,extract_groundwater,residential,PJ,0
Clayton,2022,extract_surfaceWater,industrial,PJ,5.495558540742017e-5
Clayton,2022,extract_surfaceWater,publicWatSup,PJ,0.005130195966162336
Clayton,2022,government,energy_services,PJ,0.019277853233990176
Clayton,2022,government,rejected_energy,PJ,0.010380382510610095
Clayton,2022,groundwater,agricultural,MGD,0
Clayton,2022,groundwater,industrial,MGD,0.15786146723646724
Clayton,2022,groundwater,publicWatSup,MGD,0.03
Clayton,2022,groundwater,residential,MGD,0
Clayton,2022,industrial,Disposal,MGD,0.7003967596024252
Clayton,2022,industrial,energy_services,PJ,7.334255217473138
Clayton,2022,industrial,rejected_energy,PJ,7.633612573288368
Clayton,2022,industrial,wastewater,MGD,1.1568854090580964
Clayton,2022,publicWatSup,Water Losses,MGD,2.968135862
Clayton,2022,publicWatSup,agricultural,MGD,4.0807085430523405e-4
Clayton,2022,publicWatSup,commercial,MGD,5.497369128922721
Clayton,2022,publicWatSup,industrial,MGD,1.4062494051277579
Clayton,2022,publicWatSup,residential,MGD,17.525869199095215
Clayton,2022,residential,Water Losses,MGD,1.3116144225148751
Clayton,2022,residential,energy_services,PJ,4.725455314740281
Clayton,2022,residential,rejected_energy,PJ,2.5444759387063054
Clayton,2022,residential,septic,MGD,2.1342465753424658
Clayton,2022,residential,wastewater,MGD,14.080008201237874
Clayton,2022,subsurface,wastewater,MGD,3.5167123287671234
Clayton,2022,transport,energy_services,PJ,17.124753975525614
Clayton,2022,transport,rejected_energy,PJ,9.22102137143687
Clayton,2022,treat_groundwater,industrial,PJ,4.252314342948718e-5
Clayton,2022,treat_groundwater,publicWatSup,PJ,8.0811e-6
Clayton,2022,treat_groundwater,residential,PJ,0
Clayton,2022,treat_surfaceWater,industrial,PJ,1.5601696875000004e-4
Clayton,2022,treat_surfaceWater,publicWatSup,PJ,0.014564445411695218
Clayton,2022,wastewater,Atlanta South River WRC,MGD,0
Clayton,2022,wastewater,CLAYTON NORTHEAST WRF,MGD,3.500373060242777
Clayton,2022,wastewater,CLAYTON SHOAL CREEK WRF,MGD,1.4306704846766198
Clayton,2022,wastewater,CLAYTON W.B. CASEY WRF,MGD,13.001591058683342
Clayton,2022,wastewater,Snapfinger Creek,MGD,3.1676393689999998
Clayton,2022,ww_imports,CLAYTON NORTHEAST WRF,MGD,0.179500445
Clayton,2022,ww_imports,CLAYTON W.B. CASEY WRF,MGD,5.999158528
Clayton,2023,Basins,industrial,MGD,0.29317129629629635
Clayton,2023,Biomass,commercial,PJ,0.025548720485606493
Clayton,2023,Biomass,industrial,PJ,5.159842426118214
Clayton,2023,Biomass,residential,PJ,0.14213081485791587
Clayton,2023,Biomass,transport,PJ,1.1598548179337178
Clayton,2023,CLAYTON NORTHEAST WRF,Panther Creek_ds,MGD,3.710272254666726
Clayton,2023,CLAYTON SHOAL CREEK WRF,"Shoal Creek Reservoir, Tributary to Flint River_ds",MGD,1.4428767708951473
Clayton,2023,CLAYTON W.B. CASEY WRF,Flint River_ds,MGD,9.577695127664267
Clayton,2023,CLAYTON W.B. CASEY WRF,Huie Constructed Wetlands to Shamrock Lake_ds,MGD,9.577695127664267
Clayton,2023,Coal,industrial,PJ,0.12506027312563356
Clayton,2023,Edgar Blalock Jr. Reservoir (Pates Creek),publicWatSup,MGD,1.8136807716369046
Clayton,2023,Flint River,publicWatSup,MGD,2.8029611925297613
Clayton,2023,J.W. Smith Reservoir (Shoal Creek),publicWatSup,MGD,9.480604033556547
Clayton,2023,Natural Gas,commercial,PJ,1.5037777055433121
Clayton,2023,Natural Gas,industrial,PJ,4.585353040897174
Clayton,2023,Natural Gas,residential,PJ,3.573909170231242
Clayton,2023,Natural Gas,transport,PJ,0.3624492782187102
Clayton,2023,Petroleum,commercial,PJ,0.6962383158032875
Clayton,2023,Petroleum,industrial,PJ,2.421676149358593
Clayton,2023,Petroleum,residential,PJ,0.2001934935928026
Clayton,2023,Petroleum,transport,PJ,26.683911510803267
Clayton,2023,Renewables,commercial,PJ,0.008154446943111692
Clayton,2023,Renewables,industrial,PJ,1.7127633845099324e-4
Clayton,2023,Renewables,residential,PJ,0.0399406721106236
Clayton,2023,W.J. Hooper Reservoir (Little Cotton Indian Creek),publicWatSup,MGD,13.602605787276783
Clayton,2023,agricultural,Water Losses,MGD,4.130131508252001e-4
Clayton,2023,agricultural,wastewater,MGD,0
Clayton,2023,commercial,Water Losses,MGD,3.1844057975728095
Clayton,2023,commercial,energy_services,PJ,3.5164540034149048
Clayton,2023,commercial,rejected_energy,PJ,1.8934752326080255
Clayton,2023,commercial,wastewater,MGD,2.379542481735861
Clayton,2023,distribute_groundwater,industrial,PJ,2.157271666666667e-4
Clayton,2023,distribute_groundwater,publicWatSup,PJ,4.09968e-5
Clayton,2023,distribute_groundwater,residential,PJ,0
Clayton,2023,distribute_surfaceWater,industrial,PJ,4.0063616666666675e-4
Clayton,2023,distribute_surfaceWater,publicWatSup,PJ,0.037853509455309596
Clayton,2023,elec_import,electricity,PJ,8.878260299253586
Clayton,2023,electricity,Energy Losses,PJ,0.5025430358068068
Clayton,2023,electricity,commercial,PJ,3.1762100472476127
Clayton,2023,electricity,distribute_groundwater,PJ,2.567239666666667e-4
Clayton,2023,electricity,distribute_surfaceWater,PJ,0.03825414562197626
Clayton,2023,electricity,en4water,PJ,0.18075005624228918
Clayton,2023,electricity,en_wwdist,PJ,0.04629201890508
Clayton,2023,electricity,en_wwtreat,PJ,0.07557608930508002
Clayton,2023,electricity,extract_groundwater,PJ,1.7607516557560356e-4
Clayton,2023,electricity,extract_surfaceWater,PJ,0.00524735194130769
Clayton,2023,electricity,government,PJ,0.027281252352402727
Clayton,2023,electricity,industrial,PJ,2.2867571181949513
Clayton,2023,electricity,residential,PJ,2.690680006626639
Clayton,2023,electricity,transport,PJ,0.014038782782884833
Clayton,2023,electricity,treat_groundwater,PJ,5.0604243429487185e-5
Clayton,2023,electricity,treat_surfaceWater,PJ,0.014897047093173448
Clayton,2023,en4water,energy_services,PJ,0.11748753655748798
Clayton,2023,en4water,rejected_energy,PJ,0.0632625196848012
Clayton,2023,en_wwdist,in-county treatment,PJ,0.029284070400000004
Clayton,2023,en_wwdist,ww_exports,PJ,0.017007948505079997
Clayton,2023,en_wwtreat,in-county treatment,PJ,0.05856814080000001
Clayton,2023,en_wwtreat,ww_exports,PJ,0.017007948505079997
Clayton,2023,extract_groundwater,agricultural,PJ,0
Clayton,2023,extract_groundwater,industrial,PJ,1.479573453276697e-4
Clayton,2023,extract_groundwater,publicWatSup,PJ,2.811782024793388e-5
Clayton,2023,extract_groundwater,residential,PJ,0
Clayton,2023,extract_surfaceWater,industrial,PJ,5.495558540742017e-5
Clayton,2023,extract_surfaceWater,publicWatSup,PJ,0.0051923963559002695
Clayton,2023,government,energy_services,PJ,0.017732814029061773
Clayton,2023,government,rejected_energy,PJ,0.009548438323340954
Clayton,2023,groundwater,agricultural,MGD,0
Clayton,2023,groundwater,industrial,MGD,0.15786146723646724
Clayton,2023,groundwater,publicWatSup,MGD,0.03
Clayton,2023,groundwater,residential,MGD,0
Clayton,2023,industrial,Disposal,MGD,0.7009905961076208
Clayton,2023,industrial,energy_services,PJ,7.143641539176178
Clayton,2023,industrial,rejected_energy,PJ,7.435218744856839
Clayton,2023,industrial,wastewater,MGD,1.1733227905333508
Clayton,2023,publicWatSup,Water Losses,MGD,3.004083232
Clayton,2023,publicWatSup,agricultural,MGD,4.130131508252001e-4
Clayton,2023,publicWatSup,commercial,MGD,5.56394827930867
Clayton,2023,publicWatSup,industrial,MGD,1.4232806231082078
Clayton,2023,publicWatSup,residential,MGD,17.738126637432295
Clayton,2023,residential,Water Losses,MGD,1.290991909701507
Clayton,2023,residential,energy_services,PJ,4.320455202322496
Clayton,2023,residential,rejected_energy,PJ,2.326398955096728
Clayton,2023,residential,septic,MGD,2.1424657534246574
Clayton,2023,residential,wastewater,MGD,14.30466897430613
Clayton,2023,subsurface,wastewater,MGD,3.571506849315069
Clayton,2023,transport,energy_services,PJ,18.343165353330075
Clayton,2023,transport,rejected_energy,PJ,9.8770890364085009
Clayton,2023,treat_groundwater,industrial,PJ,4.252314342948718e-5
Clayton,2023,treat_groundwater,publicWatSup,PJ,8.0811e-6
Clayton,2023,treat_groundwater,residential,PJ,0
Clayton,2023,treat_surfaceWater,industrial,PJ,1.5601696875000004e-4
Clayton,2023,treat_surfaceWater,publicWatSup,PJ,0.014741030124423448
Clayton,2023,wastewater,Atlanta South River WRC,MGD,0
Clayton,2023,wastewater,CLAYTON NORTHEAST WRF,MGD,3.5302377676667263
Clayton,2023,wastewater,CLAYTON SHOAL CREEK WRF,MGD,1.4428767708951473
Clayton,2023,wastewater,CLAYTON W.B. CASEY WRF,MGD,13.11251886732854
Clayton,2023,wastewater,Snapfinger Creek,MGD,3.3434076900000003
Clayton,2023,ww_imports,CLAYTON NORTHEAST WRF,MGD,0.180034487
Clayton,2023,ww_imports,CLAYTON W.B. CASEY WRF,MGD,6.042871388
Clayton,2024,Basins,industrial,MGD,0.29317129629629635
Clayton,2024,Biomass,commercial,PJ,0.025141014433303004
Clayton,2024,Biomass,industrial,PJ,4.915784629943194
Clayton,2024,Biomass,residential,PJ,0.1310984517991342
Clayton,2024,Biomass,transport,PJ,1.1077496136059262
Clayton,2024,CLAYTON NORTHEAST WRF,Panther Creek_ds,MGD,3.7426845989871236
Clayton,2024,CLAYTON SHOAL CREEK WRF,"Shoal Creek Reservoir, Tributary to Flint River_ds",MGD,1.4558922398003964
Clayton,2024,CLAYTON W.B. CASEY WRF,Flint River_ds,MGD,9.65670534431172
Clayton,2024,CLAYTON W.B. CASEY WRF,Huie Constructed Wetlands to Shamrock Lake_ds,MGD,9.65670534431172
Clayton,2024,Coal,industrial,PJ,0.12904784391798213
Clayton,2024,Edgar Blalock Jr. Reservoir (Pates Creek),publicWatSup,MGD,1.835491844607143
Clayton,2024,Flint River,publicWatSup,MGD,2.836669214392857
Clayton,2024,J.W. Smith Reservoir (Shoal Creek),publicWatSup,MGD,9.59461646044643
Clayton,2024,Natural Gas,commercial,PJ,1.6024517423041376
Clayton,2024,Natural Gas,industrial,PJ,4.52833210248113
Clayton,2024,Natural Gas,residential,PJ,3.80500124029392
Clayton,2024,Natural Gas,transport,PJ,0.3419739773307606
Clayton,2024,Petroleum,commercial,PJ,0.648525810303538
Clayton,2024,Petroleum,industrial,PJ,2.326906225248143
Clayton,2024,Petroleum,residential,PJ,0.23292658288374135
Clayton,2024,Petroleum,transport,PJ,25.8890368616208
Clayton,2024,Renewables,commercial,PJ,0.009667272486804561
Clayton,2024,Renewables,industrial,PJ,1.6854311351934974e-4
Clayton,2024,Renewables,residential,PJ,0.045473376887812285
Clayton,2024,W.J. Hooper Reservoir (Little Cotton Indian Creek),publicWatSup,MGD,13.766188834553573
Clayton,2024,agricultural,Water Losses,MGD,4.179744985956045e-4
Clayton,2024,agricultural,wastewater,MGD,0
Clayton,2024,commercial,Water Losses,MGD,3.2180056374345476
Clayton,2024,commercial,energy_services,PJ,3.607129618994523
Clayton,2024,commercial,rejected_energy,PJ,1.9423005640739737
Clayton,2024,commercial,wastewater,MGD,2.4127815219687587
Clayton,2024,distribute_groundwater,industrial,PJ,2.157271666666667e-4
Clayton,2024,distribute_groundwater,publicWatSup,PJ,4.09968e-5
Clayton,2024,distribute_groundwater,residential,PJ,0
Clayton,2024,distribute_surfaceWater,industrial,PJ,4.0063616666666675e-4
Clayton,2024,distribute_surfaceWater,publicWatSup,PJ,0.03830873050072225
Clayton,2024,elec_import,electricity,PJ,9.056610453324813
Clayton,2024,electricity,Energy Losses,PJ,0.5126383275466875
Clayton,2024,electricity,commercial,PJ,3.2636443435407134
Clayton,2024,electricity,distribute_groundwater,PJ,2.567239666666667e-4
Clayton,2024,electricity,distribute_surfaceWater,PJ,0.03870936666738892
Clayton,2024,electricity,en4water,PJ,0.1830266389638713
Clayton,2024,electricity,en_wwdist,PJ,0.04685595503449536
Clayton,2024,electricity,en_wwtreat,PJ,0.07659379823449537
Clayton,2024,electricity,extract_groundwater,PJ,1.7607516557560356e-4
Clayton,2024,electricity,extract_surfaceWater,PJ,0.005309794978461757
Clayton,2024,electricity,government,PJ,0.02477459158659991
Clayton,2024,electricity,industrial,PJ,2.2673592882400824
Clayton,2024,electricity,residential,PJ,2.790629101914644
Clayton,2024,electricity,transport,PJ,0.014538161532215986
Clayton,2024,electricity,treat_groundwater,PJ,5.0604243429487185e-5
Clayton,2024,electricity,treat_surfaceWater,PJ,0.015074320673358182
Clayton,2024,en4water,energy_services,PJ,0.11896731532651636
Clayton,2024,en4water,rejected_energy,PJ,0.06405932363735496
Clayton,2024,en_wwdist,in-county treatment,PJ,0.029737843200000006
Clayton,2024,en_wwdist,ww_exports,PJ,0.017118111834495357
Clayton,2024,en_wwtreat,in-county treatment,PJ,0.05947568640000001
Clayton,2024,en_wwtreat,ww_exports,PJ,0.017118111834495357
Clayton,2024,extract_groundwater,agricultural,PJ,0
Clayton,2024,extract_groundwater,industrial,PJ,1.479573453276697e-4
Clayton,2024,extract_groundwater,publicWatSup,PJ,2.811782024793388e-5
Clayton,2024,extract_groundwater,residential,PJ,0
Clayton,2024,extract_surfaceWater,industrial,PJ,5.495558540742017e-5
Clayton,2024,extract_surfaceWater,publicWatSup,PJ,0.005254839393054337
Clayton,2024,government,energy_services,PJ,0.01610348453128994
Clayton,2024,government,rejected_energy,PJ,0.008671107055309967
Clayton,2024,groundwater,agricultural,MGD,0
Clayton,2024,groundwater,industrial,MGD,0.15786146723646724
Clayton,2024,groundwater,publicWatSup,MGD,0.03
Clayton,2024,groundwater,residential,MGD,0
Clayton,2024,industrial,Disposal,MGD,0.7014710664734041
Clayton,2024,industrial,energy_services,PJ,6.942123330142585
Clayton,2024,industrial,rejected_energy,PJ,7.225475302801467
Clayton,2024,industrial,wastewater,MGD,1.1899399778800468
Clayton,2024,publicWatSup,Water Losses,MGD,3.040170836
Clayton,2024,publicWatSup,agricultural,MGD,4.179744985956045e-4
Clayton,2024,publicWatSup,commercial,MGD,5.630787159403306
Clayton,2024,publicWatSup,industrial,MGD,1.440378280820687
Clayton,2024,publicWatSup,residential,MGD,17.95121210327741
Clayton,2024,residential,Water Losses,MGD,1.2690020962768997
Clayton,2024,residential,energy_services,PJ,4.5533336899565136
Clayton,2024,residential,rejected_energy,PJ,2.451795063822738
Clayton,2024,residential,septic,MGD,2.1506849315068495
Clayton,2024,residential,wastewater,MGD,14.53152507549366
Clayton,2024,subsurface,wastewater,MGD,3.626849315068493
Clayton,2024,transport,energy_services,PJ,17.779644099158308
Clayton,2024,transport,rejected_energy,PJ,9.573654514931395
Clayton,2024,treat_groundwater,industrial,PJ,4.252314342948718e-5
Clayton,2024,treat_groundwater,publicWatSup,PJ,8.0811e-6
Clayton,2024,treat_groundwater,residential,PJ,0
Clayton,2024,treat_surfaceWater,industrial,PJ,1.5601696875000004e-4
Clayton,2024,treat_surfaceWater,publicWatSup,PJ,0.014918303704608183
Clayton,2024,wastewater,Atlanta South River WRC,MGD,0
Clayton,2024,wastewater,CLAYTON NORTHEAST WRF,MGD,3.562082274987124
Clayton,2024,wastewater,CLAYTON SHOAL CREEK WRF,MGD,1.4558922398003964
Clayton,2024,wastewater,CLAYTON W.B. CASEY WRF,MGD,13.23080033462344
Clayton,2024,wastewater,Snapfinger Creek,MGD,3.512321041
Clayton,2024,ww_imports,CLAYTON NORTHEAST WRF,MGD,0.18060232399999998
Clayton,2024,ww_imports,CLAYTON W.B. CASEY WRF,MGD,6.082610354
Cobb,2020,Allatoona Lake,publicWatSup,MGD,41.20919968023077
Cobb,2020,Basins,Jack McDonough Plant,MGD,11.022055
Cobb,2020,Basins,industrial,MGD,4.331170818281098
Cobb,2020,Biomass,commercial,PJ,0.0674224857442843
Cobb,2020,Biomass,industrial,PJ,13.675238750984827
Cobb,2020,Biomass,residential,PJ,0.33869440883385726
Cobb,2020,Biomass,transport,PJ,2.7166365149836658
Cobb,2020,COBB NOONDAY CREEK WRF,Noonday Creek Tributary_ds,MGD,9.441272199368317
Cobb,2020,COBB NORTHWEST WRF,Allatoona Lake_ds,MGD,6.13679678813217
Cobb,2020,COBB RL SUTTON WRF,Chattahoochee River_ds,MGD,31.42636721877102
Cobb,2020,COBB SOUTH COBB WRF,Chattahoochee River_ds,MGD,22.21276983548191
Cobb,2020,Chattahoochee River,publicWatSup,MGD,36.84266196576923
Cobb,2020,Coal,Jack McDonough,PJ,0
Cobb,2020,Coal,industrial,PJ,0.519793465514594
Cobb,2020,Energy Storage,Small-scale generation,PJ,0
Cobb,2020,Hickory Log Creek Reservoir,publicWatSup,MGD,0
Cobb,2020,Jack McDonough,Energy Losses,PJ,69.75757897400001
Cobb,2020,Jack McDonough,elec_own_use,PJ,0.950372855999998
Cobb,2020,Jack McDonough,electricity,PJ,67.358322
Cobb,2020,Jack McDonough Plant,Disposal,MGD,2.8220550000000006
Cobb,2020,Jack McDonough Plant,Water Losses,MGD,8.2
Cobb,2020,Natural Gas,Jack McDonough,PJ,138.0662675
Cobb,2020,Natural Gas,commercial,PJ,3.905682900444876
Cobb,2020,Natural Gas,industrial,PJ,11.866282158607731
Cobb,2020,Natural Gas,residential,PJ,9.270026796941794
Cobb,2020,Natural Gas,transport,PJ,0.5802853717186838
Cobb,2020,Petroleum,Jack McDonough,PJ,6.3299999999999995e-6
Cobb,2020,Petroleum,commercial,PJ,1.7415341066328094
Cobb,2020,Petroleum,industrial,PJ,5.587779754281887
Cobb,2020,Petroleum,residential,PJ,0.6466532040546776
Cobb,2020,Petroleum,transport,PJ,61.53458176295747
Cobb,2020,Renewables,Small-scale generation,PJ,0.0025233616599999995
Cobb,2020,Renewables,commercial,PJ,0.01359595314885686
Cobb,2020,Renewables,industrial,PJ,5.165783178387774e-4
Cobb,2020,Renewables,residential,PJ,0.05559355990786316
Cobb,2020,Small-scale generation,electricity,PJ,0.0025055999999999998
Cobb,2020,agricultural,Water Losses,MGD,0
Cobb,2020,agricultural,wastewater,MGD,0
Cobb,2020,commercial,Water Losses,MGD,4.1527747327296805
Cobb,2020,commercial,energy_services,PJ,8.81546666108968
Cobb,2020,commercial,rejected_energy,PJ,4.746789740586751
Cobb,2020,commercial,wastewater,MGD,15.986553003758337
Cobb,2020,distribute_groundwater,industrial,PJ,0.0031870487349239638
Cobb,2020,distribute_groundwater,residential,PJ,0
Cobb,2020,distribute_surfaceWater,industrial,PJ,0.005918804793430217
Cobb,2020,distribute_surfaceWater,publicWatSup,PJ,0.10666255205095775
Cobb,2020,electricity,Energy Losses,PJ,1.2771294822945167
Cobb,2020,electricity,commercial,PJ,7.834020955705604
Cobb,2020,electricity,distribute_groundwater,PJ,0.0031870487349239638
Cobb,2020,electricity,distribute_surfaceWater,PJ,0.11258135684438797
Cobb,2020,electricity,elec_export,PJ,44.79820674613019
Cobb,2020,electricity,en4water,PJ,0.511476754907408
Cobb,2020,electricity,en_wwdist,PJ,0.11520747935000927
Cobb,2020,electricity,en_wwtreat,PJ,0.21047043498200926
Cobb,2020,electricity,extract_groundwater,PJ,0.0021858501992837757
Cobb,2020,electricity,extract_surfaceWater,PJ,0.017508983063754657
Cobb,2020,electricity,government,PJ,0.0846030539642266
Cobb,2020,electricity,industrial,PJ,5.665668229150067
Cobb,2020,electricity,residential,PJ,7.153577656120776
Cobb,2020,electricity,transport,PJ,0.03614472172719962
Cobb,2020,electricity,treat_groundwater,PJ,6.282163371725119e-4
Cobb,2020,electricity,treat_surfaceWater,PJ,0.04970738539586647
Cobb,2020,en4water,energy_services,PJ,0.33245989068981513
Cobb,2020,en4water,rejected_energy,PJ,0.17901686421759277
Cobb,2020,en_wwdist,in-county treatment,PJ,0.09526295563199999
Cobb,2020,en_wwdist,ww_exports,PJ,0.019944523718009286
Cobb,2020,en_wwtreat,in-county treatment,PJ,0.19052591126399998
Cobb,2020,en_wwtreat,ww_exports,PJ,0.019944523718009286
Cobb,2020,extract_groundwater,agricultural,PJ,0
Cobb,2020,extract_groundwater,industrial,PJ,0.0021858501992837757
Cobb,2020,extract_groundwater,residential,PJ,0
Cobb,2020,extract_surfaceWater,Jack McDonough Plant,PJ,0.002066107741685606
Cobb,2020,extract_surfaceWater,industrial,PJ,8.118872168768309e-4
Cobb,2020,extract_surfaceWater,publicWatSup,PJ,0.014630988105192219
Cobb,2020,government,energy_services,PJ,0.054991985076747296
Cobb,2020,government,rejected_energy,PJ,0.02961106888747931
Cobb,2020,groundwater,agricultural,MGD,0
Cobb,2020,groundwater,industrial,MGD,2.3321689021513605
Cobb,2020,groundwater,residential,MGD,0
Cobb,2020,industrial,Disposal,MGD,6.9017162045793254
Cobb,2020,industrial,energy_services,PJ,18.284486679059903
Cobb,2020,industrial,rejected_energy,PJ,19.03079225779704
Cobb,2020,industrial,wastewater,MGD,1.1041269683829664
Cobb,2020,publicWatSup,Water Losses,MGD,6.750554578
Cobb,2020,publicWatSup,agricultural,MGD,0
Cobb,2020,publicWatSup,commercial,MGD,20.139327736488017
Cobb,2020,publicWatSup,industrial,MGD,1.3425034525298338
Cobb,2020,publicWatSup,residential,MGD,49.819475878982146
Cobb,2020,residential,Water Losses,MGD,9.961388727835782
Cobb,2020,residential,energy_services,PJ,11.351954656808331
Cobb,2020,residential,rejected_energy,PJ,6.11259096905064
Cobb,2020,residential,septic,MGD,4.7315068493150685
Cobb,2020,residential,wastewater,MGD,35.1265803018313
Cobb,2020,subsurface,wastewater,MGD,17.492782191780822
Cobb,2020,transport,energy_services,PJ,42.163971441401564
Cobb,2020,transport,rejected_energy,PJ,22.703676929985456
Cobb,2020,treat_groundwater,industrial,PJ,6.282163371725119e-4
Cobb,2020,treat_groundwater,residential,PJ,0
Cobb,2020,treat_surfaceWater,Jack McDonough Plant,PJ,0.005865607009350001
Cobb,2020,treat_surfaceWater,industrial,PJ,0.002304919174364652
Cobb,2020,treat_surfaceWater,publicWatSup,PJ,0.04153685921215181
Cobb,2020,wastewater,COBB NOONDAY CREEK WRF,MGD,9.019562045368318
Cobb,2020,wastewater,COBB NORTHWEST WRF,MGD,6.02876584413217
Cobb,2020,wastewater,COBB RL SUTTON WRF,MGD,24.747187494771023
Cobb,2020,wastewater,COBB SOUTH COBB WRF,MGD,22.12434413848191
Cobb,2020,wastewater,Douglas SouthCentral WPCP,MGD,5.2
Cobb,2020,wastewater,Fulton Big Creek WRF,MGD,2.53486315
Cobb,2020,wastewater,Paulding Pumpkinvine WRF,MGD,0.055319793
Cobb,2020,ww_imports,COBB NOONDAY CREEK WRF,MGD,0.421710154
Cobb,2020,ww_imports,COBB NORTHWEST WRF,MGD,0.108030944
Cobb,2020,ww_imports,COBB RL SUTTON WRF,MGD,6.679179724000001
Cobb,2020,ww_imports,COBB SOUTH COBB WRF,MGD,0.088425697
Cobb,2021,Allatoona Lake,publicWatSup,MGD,41.7087565846958
Cobb,2021,Basins,Jack McDonough Plant,MGD,11.4
Cobb,2021,Basins,industrial,MGD,4.331170818281098
Cobb,2021,Biomass,commercial,PJ,0.06708466095212591
Cobb,2021,Biomass,industrial,PJ,13.612864373362454
Cobb,2021,Biomass,residential,PJ,0.34846546230886416
Cobb,2021,Biomass,transport,PJ,2.8123089149986193
Cobb,2021,COBB NOONDAY CREEK WRF,Noonday Creek Tributary_ds,MGD,9.428241389858293
Cobb,2021,COBB NORTHWEST WRF,Allatoona Lake_ds,MGD,6.281517749464907
Cobb,2021,COBB RL SUTTON WRF,Chattahoochee River_ds,MGD,31.49106836834655
Cobb,2021,COBB SOUTH COBB WRF,Chattahoochee River_ds,MGD,22.171007314042573
Cobb,2021,Chattahoochee River,publicWatSup,MGD,37.2892856883042
Cobb,2021,Coal,industrial,PJ,0.5440228706039439
Cobb,2021,Energy Storage,Small-scale generation,PJ,0
Cobb,2021,Hickory Log Creek Reservoir,publicWatSup,MGD,0
Cobb,2021,Jack McDonough,Energy Losses,PJ,67.82410751199998
Cobb,2021,Jack McDonough,elec_own_use,PJ,0.8859503880000175
Cobb,2021,Jack McDonough,electricity,PJ,65.6475048
Cobb,2021,Jack McDonough Plant,Disposal,MGD,3.3000000000000007
Cobb,2021,Jack McDonough Plant,Water Losses,MGD,8.1
Cobb,2021,Natural Gas,Jack McDonough,PJ,134.346743675
Cobb,2021,Natural Gas,commercial,PJ,4.085943059019316
Cobb,2021,Natural Gas,industrial,PJ,12.47017648932317
Cobb,2021,Natural Gas,residential,PJ,9.750287001088765
Cobb,2021,Natural Gas,transport,PJ,0.6072848302057254
Cobb,2021,Petroleum,Jack McDonough,PJ,0.010819025
Cobb,2021,Petroleum,commercial,PJ,1.8508620479227322
Cobb,2021,Petroleum,industrial,PJ,6.123667743538305
Cobb,2021,Petroleum,residential,PJ,0.5919940248043469
Cobb,2021,Petroleum,transport,PJ,63.91878963968464
Cobb,2021,Renewables,Small-scale generation,PJ,0.00839800678
Cobb,2021,Renewables,commercial,PJ,0.01756202025638849
Cobb,2021,Renewables,industrial,PJ,5.233855706287771e-4
Cobb,2021,Renewables,residential,PJ,0.06250660394677124
Cobb,2021,Small-scale generation,electricity,PJ,0.008064
Cobb,2021,agricultural,Water Losses,MGD,0
Cobb,2021,agricultural,wastewater,MGD,0
Cobb,2021,commercial,Water Losses,MGD,4.2133514580296385
Cobb,2021,commercial,energy_services,PJ,9.125031932237151
Cobb,2021,commercial,rejected_energy,PJ,4.91347873274308
Cobb,2021,commercial,wastewater,MGD,16.17011448901766
Cobb,2021,distribute_groundwater,industrial,PJ,0.0031870487349239638
Cobb,2021,distribute_groundwater,residential,PJ,0
Cobb,2021,distribute_surfaceWater,industrial,PJ,0.005918804793430217
Cobb,2021,distribute_surfaceWater,publicWatSup,PJ,0.10795556464859087
Cobb,2021,electricity,Energy Losses,PJ,1.3040207793942218
Cobb,2021,electricity,commercial,PJ,8.017058876829669
Cobb,2021,electricity,distribute_groundwater,PJ,0.0031870487349239638
Cobb,2021,electricity,distribute_surfaceWater,PJ,0.11387436944202109
Cobb,2021,electricity,elec_export,PJ,42.6178683640354
Cobb,2021,electricity,en4water,PJ,0.5190511855512675
Cobb,2021,electricity,en_wwdist,PJ,0.11729445659777664
Cobb,2021,electricity,en_wwtreat,PJ,0.21371200566977663
Cobb,2021,electricity,extract_groundwater,PJ,0.0021858501992837757
Cobb,2021,electricity,extract_surfaceWater,PJ,0.017757193239525782
Cobb,2021,electricity,government,PJ,0.08078123541585203
Cobb,2021,electricity,industrial,PJ,5.952467646160084
Cobb,2021,electricity,residential,PJ,7.12775092060652
Cobb,2021,electricity,transport,PJ,0.03656979200697549
Cobb,2021,electricity,treat_groundwater,PJ,6.282163371725119e-4
Cobb,2021,electricity,treat_surfaceWater,PJ,0.05041204533078706
Cobb,2021,en4water,energy_services,PJ,0.33738327060832385
Cobb,2021,en4water,rejected_energy,PJ,0.18166791494294363
Cobb,2021,en_wwdist,in-county treatment,PJ,0.096417549072
Cobb,2021,en_wwdist,ww_exports,PJ,0.020876907525776645
Cobb,2021,en_wwtreat,in-county treatment,PJ,0.192835098144
Cobb,2021,en_wwtreat,ww_exports,PJ,0.020876907525776645
Cobb,2021,extract_groundwater,agricultural,PJ,0
Cobb,2021,extract_groundwater,industrial,PJ,0.0021858501992837757
Cobb,2021,extract_groundwater,residential,PJ,0
Cobb,2021,extract_surfaceWater,Jack McDonough Plant,PJ,0.0021369543388429753
Cobb,2021,extract_surfaceWater,industrial,PJ,8.118872168768309e-4
Cobb,2021,extract_surfaceWater,publicWatSup,PJ,0.014808351683805976
Cobb,2021,government,energy_services,PJ,0.05250780302030382
Cobb,2021,government,rejected_energy,PJ,0.02827343239554821
Cobb,2021,groundwater,agricultural,MGD,0
Cobb,2021,groundwater,industrial,MGD,2.3321689021513605
Cobb,2021,groundwater,residential,MGD,0
Cobb,2021,industrial,Disposal,MGD,6.904292014683861
Cobb,2021,industrial,energy_services,PJ,18.964824029193707
Cobb,2021,industrial,rejected_energy,PJ,19.738898479364877
Cobb,2021,industrial,wastewater,MGD,1.117825603442766
Cobb,2021,publicWatSup,Water Losses,MGD,6.83238791
Cobb,2021,publicWatSup,agricultural,MGD,0
Cobb,2021,publicWatSup,commercial,MGD,20.3834659470473
Cobb,2021,publicWatSup,industrial,MGD,1.3587778976941687
Cobb,2021,publicWatSup,residential,MGD,50.423410518258535
Cobb,2021,residential,Water Losses,MGD,10.11600814496554
Cobb,2021,residential,energy_services,PJ,11.622652608290922
Cobb,2021,residential,rejected_energy,PJ,6.258351404464342
Cobb,2021,residential,septic,MGD,4.745205479452054
Cobb,2021,residential,wastewater,MGD,35.56219689384094
Cobb,2021,subsurface,wastewater,MGD,17.70479589041096
Cobb,2021,transport,energy_services,PJ,43.793719564982375
Cobb,2021,transport,rejected_energy,PJ,23.581233611913582
Cobb,2021,treat_groundwater,industrial,PJ,6.282163371725119e-4
Cobb,2021,treat_groundwater,residential,PJ,0
Cobb,2021,treat_surfaceWater,Jack McDonough Plant,PJ,0.0060667379999999995
Cobb,2021,treat_surfaceWater,industrial,PJ,0.002304919174364652
Cobb,2021,treat_surfaceWater,publicWatSup,PJ,0.04204038815642241
Cobb,2021,wastewater,COBB NOONDAY CREEK WRF,MGD,8.992393484858294
Cobb,2021,wastewater,COBB NORTHWEST WRF,MGD,6.010606105464906
Cobb,2021,wastewater,COBB RL SUTTON WRF,MGD,24.672644467346554
Cobb,2021,wastewater,COBB SOUTH COBB WRF,MGD,22.057701592042573
Cobb,2021,wastewater,Douglas SouthCentral WPCP,MGD,6.2
Cobb,2021,wastewater,Fulton Big Creek WRF,MGD,2.565596717
Cobb,2021,wastewater,Paulding Pumpkinvine WRF,MGD,0.05599051
Cobb,2021,ww_imports,COBB NOONDAY CREEK WRF,MGD,0.435847905
Cobb,2021,ww_imports,COBB NORTHWEST WRF,MGD,0.270911644
Cobb,2021,ww_imports,COBB RL SUTTON WRF,MGD,6.818423901
Cobb,2021,ww_imports,COBB SOUTH COBB WRF,MGD,0.113305722
Cobb,2022,Allatoona Lake,publicWatSup,MGD,42.22934406959789
Cobb,2022,Basins,Jack McDonough Plant,MGD,11.2
Cobb,2022,Basins,industrial,MGD,4.331170818281098
Cobb,2022,Biomass,commercial,PJ,0.06686755887522693
Cobb,2022,Biomass,industrial,PJ,14.105991716065189
Cobb,2022,Biomass,residential,PJ,0.4375902707622392
Cobb,2022,Biomass,transport,PJ,2.7538227403150715
Cobb,2022,COBB NOONDAY CREEK WRF,Noonday Creek Tributary_ds,MGD,9.421763666255146
Cobb,2022,COBB NORTHWEST WRF,Allatoona Lake_ds,MGD,6.430911856575354
Cobb,2022,COBB RL SUTTON WRF,Chattahoochee River_ds,MGD,31.57138324619273
Cobb,2022,COBB SOUTH COBB WRF,Chattahoochee River_ds,MGD,22.14668071119594
Cobb,2022,Chattahoochee River,publicWatSup,MGD,37.75471158540209
Cobb,2022,Coal,industrial,PJ,0.4870498506230216
Cobb,2022,Energy Storage,Small-scale generation,PJ,0
Cobb,2022,Hickory Log Creek Reservoir,publicWatSup,MGD,0
Cobb,2022,Jack McDonough,Energy Losses,PJ,67.542002688
Cobb,2022,Jack McDonough,elec_own_use,PJ,0.9123358320000108
Cobb,2022,Jack McDonough,electricity,PJ,66.34278359999999
Cobb,2022,Jack McDonough Plant,Disposal,MGD,3.6999999999999993
Cobb,2022,Jack McDonough Plant,Water Losses,MGD,7.5
Cobb,2022,Natural Gas,Jack McDonough,PJ,134.79656297
Cobb,2022,Natural Gas,Small-scale generation,PJ,0
Cobb,2022,Natural Gas,commercial,PJ,4.286696154217899
Cobb,2022,Natural Gas,industrial,PJ,11.860437135558128
Cobb,2022,Natural Gas,residential,PJ,10.321960294933913
Cobb,2022,Natural Gas,transport,PJ,0.7532499760670813
Cobb,2022,Petroleum,Jack McDonough,PJ,5.5915e-4
Cobb,2022,Petroleum,commercial,PJ,1.9148776915889008
Cobb,2022,Petroleum,industrial,PJ,6.237659913892537
Cobb,2022,Petroleum,residential,PJ,0.570428840237271
Cobb,2022,Petroleum,transport,PJ,64.70149824180727
Cobb,2022,Renewables,Small-scale generation,PJ,0.00889835952
Cobb,2022,Renewables,commercial,PJ,0.018134312876733533
Cobb,2022,Renewables,industrial,PJ,5.497941377110184e-4
Cobb,2022,Renewables,residential,PJ,0.07662592091031042
Cobb,2022,Small-scale generation,electricity,PJ,0.0084564
Cobb,2022,agricultural,Water Losses,MGD,0
Cobb,2022,agricultural,wastewater,MGD,0
Cobb,2022,commercial,Water Losses,MGD,4.270498967027837
Cobb,2022,commercial,energy_services,PJ,9.484312860396908
Cobb,2022,commercial,rejected_energy,PJ,5.106937694059874
Cobb,2022,commercial,wastewater,MGD,16.367383030080322
Cobb,2022,distribute_groundwater,industrial,PJ,0.0031870487349239638
Cobb,2022,distribute_groundwater,residential,PJ,0
Cobb,2022,distribute_surfaceWater,industrial,PJ,0.005918804793430217
Cobb,2022,distribute_surfaceWater,publicWatSup,PJ,0.10930301109589678
Cobb,2022,electricity,Energy Losses,PJ,1.3464257973634601
Cobb,2022,electricity,commercial,PJ,8.304674836898023
Cobb,2022,electricity,distribute_groundwater,PJ,0.0031870487349239638
Cobb,2022,electricity,distribute_surfaceWater,PJ,0.11522181588932699
Cobb,2022,electricity,elec_export,PJ,42.56438424657887
Cobb,2022,electricity,en4water,PJ,0.5264569547050099
Cobb,2022,electricity,en_wwdist,PJ,0.11943099136575358
Cobb,2022,electricity,en_wwtreat,PJ,0.21706816098015355
Cobb,2022,electricity,extract_groundwater,PJ,0.0021858501992837757
Cobb,2022,electricity,extract_surfaceWater,PJ,0.017904533126109425
Cobb,2022,electricity,government,PJ,0.07682568911574987
Cobb,2022,electricity,industrial,PJ,6.080670755832691
Cobb,2022,electricity,residential,PJ,7.415168756972449
Cobb,2022,electricity,transport,PJ,0.03663296253374442
Cobb,2022,electricity,treat_groundwater,PJ,6.282163371725119e-4
Cobb,2022,electricity,treat_surfaceWater,PJ,0.050830338072286
Cobb,2022,en4water,energy_services,PJ,0.3421970205582564
Cobb,2022,en4water,rejected_energy,PJ,0.18425993414675343
Cobb,2022,en_wwdist,in-county treatment,PJ,0.09763716961439997
Cobb,2022,en_wwdist,ww_exports,PJ,0.021793821751353602
Cobb,2022,en_wwtreat,in-county treatment,PJ,0.19527433922879994
Cobb,2022,en_wwtreat,ww_exports,PJ,0.021793821751353602
Cobb,2022,extract_groundwater,agricultural,PJ,0
Cobb,2022,extract_groundwater,industrial,PJ,0.0021858501992837757
Cobb,2022,extract_groundwater,residential,PJ,0
Cobb,2022,extract_surfaceWater,Jack McDonough Plant,PJ,0.00209946391184573
Cobb,2022,extract_surfaceWater,industrial,PJ,8.118872168768309e-4
Cobb,2022,extract_surfaceWater,publicWatSup,PJ,0.014993181997386864
Cobb,2022,government,energy_services,PJ,0.04993669792523742
Cobb,2022,government,rejected_energy,PJ,0.02688899119051245
Cobb,2022,groundwater,agricultural,MGD,0
Cobb,2022,groundwater,industrial,MGD,2.3321689021513605
Cobb,2022,groundwater,residential,MGD,0
Cobb,2022,industrial,Disposal,MGD,6.907552386189966
Cobb,2022,industrial,energy_services,PJ,18.998455991393545
Cobb,2022,industrial,rejected_energy,PJ,19.773903174715734
Cobb,2022,industrial,wastewater,MGD,1.1315248060634706
Cobb,2022,publicWatSup,Water Losses,MGD,6.917666302
Cobb,2022,publicWatSup,agricultural,MGD,0
Cobb,2022,publicWatSup,commercial,MGD,20.63788199710816
Cobb,2022,publicWatSup,industrial,MGD,1.3757374718209778
Cobb,2022,publicWatSup,residential,MGD,51.052769884070855
Cobb,2022,residential,Water Losses,MGD,10.27685580240643
Cobb,2022,residential,energy_services,PJ,12.23415315448052
Cobb,2022,residential,rejected_energy,PJ,6.587620929335664
Cobb,2022,residential,septic,MGD,4.756164383561644
Cobb,2022,residential,wastewater,MGD,36.01974969810278
Cobb,2022,subsurface,wastewater,MGD,17.928750273972604
Cobb,2022,transport,energy_services,PJ,44.359382548470066
Cobb,2022,transport,rejected_energy,PJ,23.88582137225311
Cobb,2022,treat_groundwater,industrial,PJ,6.282163371725119e-4
Cobb,2022,treat_groundwater,residential,PJ,0
Cobb,2022,treat_surfaceWater,Jack McDonough Plant,PJ,0.005960303999999999
Cobb,2022,treat_surfaceWater,industrial,PJ,0.002304919174364652
Cobb,2022,treat_surfaceWater,publicWatSup,PJ,0.04256511489792135
Cobb,2022,wastewater,COBB NOONDAY CREEK WRF,MGD,8.972498845255146
Cobb,2022,wastewater,COBB NORTHWEST WRF,MGD,5.997308328575354
Cobb,2022,wastewater,COBB RL SUTTON WRF,MGD,24.61805907019273
Cobb,2022,wastewater,COBB SOUTH COBB WRF,MGD,22.00890145619594
Cobb,2022,wastewater,Douglas SouthCentral WPCP,MGD,7.2
Cobb,2022,wastewater,Fulton Big Creek WRF,MGD,2.594029102
Cobb,2022,wastewater,Paulding Pumpkinvine WRF,MGD,0.056611006
Cobb,2022,ww_imports,COBB NOONDAY CREEK WRF,MGD,0.449264821
Cobb,2022,ww_imports,COBB NORTHWEST WRF,MGD,0.433603528
Cobb,2022,ww_imports,COBB RL SUTTON WRF,MGD,6.953324176000001
Cobb,2022,ww_imports,COBB SOUTH COBB WRF,MGD,0.137779255
Cobb,2023,Allatoona Lake,publicWatSup,MGD,42.745778944681824
Cobb,2023,Basins,Jack McDonough Plant,MGD,11.2
Cobb,2023,Basins,industrial,MGD,4.331170818281098
Cobb,2023,Biomass,commercial,PJ,0.06666732858948386
Cobb,2023,Biomass,industrial,PJ,13.464193272840397
Cobb,2023,Biomass,residential,PJ,0.3708789151363577
Cobb,2023,Biomass,transport,PJ,3.026547740691976
Cobb,2023,COBB NOONDAY CREEK WRF,Noonday Creek Tributary_ds,MGD,9.412861601162545
Cobb,2023,COBB NORTHWEST WRF,Allatoona Lake_ds,MGD,6.578999329063668
Cobb,2023,COBB RL SUTTON WRF,Chattahoochee River_ds,MGD,31.647049644057905
Cobb,2023,COBB SOUTH COBB WRF,Chattahoochee River_ds,MGD,22.11691512111315
Cobb,2023,Chattahoochee River,publicWatSup,MGD,38.216424884318194
Cobb,2023,Coal,industrial,PJ,0.3263347112296411
Cobb,2023,Energy Storage,Small-scale generation,PJ,0
Cobb,2023,Hickory Log Creek Reservoir,publicWatSup,MGD,0
Cobb,2023,Jack McDonough,Energy Losses,PJ,65.09781900500002
Cobb,2023,Jack McDonough,elec_own_use,PJ,0.8709894000000079
Cobb,2023,Jack McDonough,electricity,PJ,64.16849159999998
Cobb,2023,Jack McDonough Plant,Disposal,MGD,3.6999999999999993
Cobb,2023,Jack McDonough Plant,Water Losses,MGD,7.5
Cobb,2023,Natural Gas,Jack McDonough,PJ,130.13106390000002
Cobb,2023,Natural Gas,Small-scale generation,PJ,3.0594999999999994e-5
Cobb,2023,Natural Gas,commercial,PJ,3.9239868187323137
Cobb,2023,Natural Gas,industrial,PJ,11.965109487518204
Cobb,2023,Natural Gas,residential,PJ,9.325828161727598
Cobb,2023,Natural Gas,transport,PJ,0.9457822023471246
Cobb,2023,Petroleum,Jack McDonough,PJ,0.006236105
Cobb,2023,Petroleum,commercial,PJ,1.8167778148575546
Cobb,2023,Petroleum,industrial,PJ,6.319168886659525
Cobb,2023,Petroleum,residential,PJ,0.5223887993274304
Cobb,2023,Petroleum,transport,PJ,69.6295181492805
Cobb,2023,Renewables,Small-scale generation,PJ,0.0085311942
Cobb,2023,Renewables,commercial,PJ,0.021237732800379452
Cobb,2023,Renewables,industrial,PJ,5.497478117730762e-4
Cobb,2023,Renewables,residential,PJ,0.09457541811939085
Cobb,2023,Small-scale generation,electricity,PJ,0.008254800000000001
Cobb,2023,agricultural,Water Losses,MGD,0
Cobb,2023,agricultural,wastewater,MGD,0
Cobb,2023,commercial,Water Losses,MGD,4.328365154147427
Cobb,2023,commercial,energy_services,PJ,9.175877115096565
Cobb,2023,commercial,rejected_energy,PJ,4.940856908128919
Cobb,2023,commercial,wastewater,MGD,16.56190347502116
Cobb,2023,distribute_groundwater,industrial,PJ,0.0031870487349239638
Cobb,2023,distribute_groundwater,residential,PJ,0
Cobb,2023,distribute_surfaceWater,industrial,PJ,0.005918804793430217
Cobb,2023,distribute_surfaceWater,publicWatSup,PJ,0.11063970926455827
Cobb,2023,electricity,Energy Losses,PJ,1.3150823092962625
Cobb,2023,electricity,commercial,PJ,8.288064328245751
Cobb,2023,electricity,distribute_groundwater,PJ,0.0031870487349239638
Cobb,2023,electricity,distribute_surfaceWater,PJ,0.11655851405798848
Cobb,2023,electricity,elec_export,PJ,40.94362560243268
Cobb,2023,electricity,en4water,PJ,0.5339315271988067
Cobb,2023,electricity,en_wwdist,PJ,0.12154819118966784
Cobb,2023,electricity,en_wwtreat,PJ,0.22038493840406784
Cobb,2023,electricity,extract_groundwater,PJ,0.0021858501992837757
Cobb,2023,electricity,extract_surfaceWater,PJ,0.018087889089658606
Cobb,2023,electricity,government,PJ,0.07118823096972353
Cobb,2023,electricity,industrial,PJ,5.967108540286063
Cobb,2023,electricity,residential,PJ,7.021112788485482
Cobb,2023,electricity,transport,PJ,0.03663307308521576
Cobb,2023,electricity,treat_groundwater,PJ,6.282163371725119e-4
Cobb,2023,electricity,treat_surfaceWater,PJ,0.05135087918604359
Cobb,2023,en4water,energy_services,PJ,0.3470554926792243
Cobb,2023,en4water,rejected_energy,PJ,0.18687603451958232
Cobb,2023,en_wwdist,in-county treatment,PJ,0.0988367472144
Cobb,2023,en_wwdist,ww_exports,PJ,0.022711443975267843
Cobb,2023,en_wwtreat,in-county treatment,PJ,0.1976734944288
Cobb,2023,en_wwtreat,ww_exports,PJ,0.022711443975267843
Cobb,2023,extract_groundwater,agricultural,PJ,0
Cobb,2023,extract_groundwater,industrial,PJ,0.0021858501992837757
Cobb,2023,extract_groundwater,residential,PJ,0
Cobb,2023,extract_surfaceWater,Jack McDonough Plant,PJ,0.00209946391184573
Cobb,2023,extract_surfaceWater,industrial,PJ,8.118872168768309e-4
Cobb,2023,extract_surfaceWater,publicWatSup,PJ,0.015176537960936046
Cobb,2023,government,energy_services,PJ,0.04627235013032029
Cobb,2023,government,rejected_energy,PJ,0.024915880839403232
Cobb,2023,groundwater,agricultural,MGD,0
Cobb,2023,groundwater,industrial,MGD,2.3321689021513605
Cobb,2023,groundwater,residential,MGD,0
Cobb,2023,industrial,Disposal,MGD,6.910678051828285
Cobb,2023,industrial,energy_services,PJ,18.640807676709347
Cobb,2023,industrial,rejected_energy,PJ,19.40165696963626
Cobb,2023,industrial,wastewater,MGD,1.1452234330122162
Cobb,2023,publicWatSup,Water Losses,MGD,7.002264447
Cobb,2023,publicWatSup,agricultural,MGD,0
Cobb,2023,publicWatSup,commercial,MGD,20.890268629168588
Cobb,2023,publicWatSup,industrial,MGD,1.3925617644080421
Cobb,2023,publicWatSup,residential,MGD,51.67710898842338
Cobb,2023,residential,Water Losses,MGD,10.440920827963609
Cobb,2023,residential,energy_services,PJ,11.26760965381757
Cobb,2023,residential,rejected_energy,PJ,6.06717442897869
Cobb,2023,residential,septic,MGD,4.767123287671233
Cobb,2023,residential,wastewater,MGD,36.469064872788536
Cobb,2023,subsurface,wastewater,MGD,18.149024246575344
Cobb,2023,transport,energy_services,PJ,47.865012757513135
Cobb,2023,transport,rejected_energy,PJ,25.773468407891688
Cobb,2023,treat_groundwater,industrial,PJ,6.282163371725119e-4
Cobb,2023,treat_groundwater,residential,PJ,0
Cobb,2023,treat_surfaceWater,Jack McDonough Plant,PJ,0.005960303999999999
Cobb,2023,treat_surfaceWater,industrial,PJ,0.002304919174364652
Cobb,2023,treat_surfaceWater,publicWatSup,PJ,0.043085656011678936
Cobb,2023,wastewater,COBB NOONDAY CREEK WRF,MGD,8.950553607162545
Cobb,2023,wastewater,COBB NORTHWEST WRF,MGD,5.982639911063668
Cobb,2023,wastewater,COBB RL SUTTON WRF,MGD,24.557847397057905
Cobb,2023,wastewater,COBB SOUTH COBB WRF,MGD,21.955071348113147
Cobb,2023,wastewater,Douglas SouthCentral WPCP,MGD,8.2
Cobb,2023,wastewater,Fulton Big Creek WRF,MGD,2.621884845
Cobb,2023,wastewater,Paulding Pumpkinvine WRF,MGD,0.057218919
Cobb,2023,ww_imports,COBB NOONDAY CREEK WRF,MGD,0.462307994
Cobb,2023,ww_imports,COBB NORTHWEST WRF,MGD,0.596359418
Cobb,2023,ww_imports,COBB RL SUTTON WRF,MGD,7.089202246999999
Cobb,2023,ww_imports,COBB SOUTH COBB WRF,MGD,0.161843773
Cobb,2024,Allatoona Lake,publicWatSup,MGD,43.252857824391604
Cobb,2024,Basins,Jack McDonough Plant,MGD,11.2
Cobb,2024,Basins,industrial,MGD,4.331170818281098
Cobb,2024,Biomass,commercial,PJ,0.06650757373884233
Cobb,2024,Biomass,industrial,PJ,13.004125574469196
Cobb,2024,Biomass,residential,PJ,0.34680541523930414
Cobb,2024,Biomass,transport,PJ,2.9304203021131254
Cobb,2024,COBB NOONDAY CREEK WRF,Noonday Creek Tributary_ds,MGD,9.400976649167557
Cobb,2024,COBB NORTHWEST WRF,Allatoona Lake_ds,MGD,6.725123336823294
Cobb,2024,COBB RL SUTTON WRF,Chattahoochee River_ds,MGD,31.716841890899065
Cobb,2024,COBB SOUTH COBB WRF,Chattahoochee River_ds,MGD,22.080142249205984
Cobb,2024,Chattahoochee River,publicWatSup,MGD,38.669773551608394
Cobb,2024,Coal,industrial,PJ,0.3413807751466387
Cobb,2024,Energy Storage,Small-scale generation,PJ,0
Cobb,2024,Hickory Log Creek Reservoir,publicWatSup,MGD,0
Cobb,2024,Jack McDonough,Energy Losses,PJ,65.19024186899999
Cobb,2024,Jack McDonough,elec_own_use,PJ,0.9114015960000055
Cobb,2024,Jack McDonough,electricity,PJ,64.7548416
Cobb,2024,Jack McDonough Plant,Disposal,MGD,2.799999999999999
Cobb,2024,Jack McDonough Plant,Water Losses,MGD,8.4
Cobb,2024,Natural Gas,Jack McDonough,PJ,130.82349310499998
Cobb,2024,Natural Gas,Small-scale generation,PJ,0.00150443
Cobb,2024,Natural Gas,commercial,PJ,4.239096146934078
Cobb,2024,Natural Gas,industrial,PJ,11.979165837508468
Cobb,2024,Natural Gas,residential,PJ,10.065679777424457
Cobb,2024,Natural Gas,transport,PJ,0.9046516231247671
Cobb,2024,Petroleum,Jack McDonough,PJ,0.032991959999999994
Cobb,2024,Petroleum,commercial,PJ,1.7155981619091096
Cobb,2024,Petroleum,industrial,PJ,6.155554612548317
Cobb,2024,Petroleum,residential,PJ,0.6161796664161795
Cobb,2024,Petroleum,transport,PJ,68.4863784104531
Cobb,2024,Renewables,Small-scale generation,PJ,0.00805963874
Cobb,2024,Renewables,commercial,PJ,0.025693299209610557
Cobb,2024,Renewables,industrial,PJ,5.555888295341385e-4
Cobb,2024,Renewables,residential,PJ,0.10412942764250514
Cobb,2024,Small-scale generation,electricity,PJ,0.0081828
Cobb,2024,agricultural,Water Losses,MGD,0
Cobb,2024,agricultural,wastewater,MGD,0
Cobb,2024,commercial,Water Losses,MGD,4.387138439979065
Cobb,2024,commercial,energy_services,PJ,9.542311646047853
Cobb,2024,commercial,rejected_energy,PJ,5.138167809410382
Cobb,2024,commercial,wastewater,MGD,16.750944463310567
Cobb,2024,distribute_groundwater,industrial,PJ,0.0031870487349239638
Cobb,2024,distribute_groundwater,residential,PJ,0
Cobb,2024,distribute_surfaceWater,industrial,PJ,0.005918804793430217
Cobb,2024,distribute_surfaceWater,publicWatSup,PJ,0.11195219113318657
Cobb,2024,electricity,Energy Losses,PJ,1.3595507937387732
Cobb,2024,electricity,commercial,PJ,8.633584273666594
Cobb,2024,electricity,distribute_groundwater,PJ,0.0031870487349239638
Cobb,2024,electricity,distribute_surfaceWater,PJ,0.11787099592661678
Cobb,2024,electricity,elec_export,PJ,40.74429371061501
Cobb,2024,electricity,en4water,PJ,0.5412896265030679
Cobb,2024,electricity,en_wwdist,PJ,0.1236406333665485
Cobb,2024,electricity,en_wwtreat,PJ,0.22364696874094853
Cobb,2024,electricity,extract_groundwater,PJ,0.0021858501992837757
Cobb,2024,electricity,extract_surfaceWater,PJ,0.018267923283843336
Cobb,2024,electricity,government,PJ,0.06553824552969811
Cobb,2024,electricity,industrial,PJ,5.998030248744615
Cobb,2024,electricity,residential,PJ,7.382278518065504
Cobb,2024,electricity,transport,PJ,0.038458983136744715
Cobb,2024,electricity,treat_groundwater,PJ,6.282163371725119e-4
Cobb,2024,electricity,treat_surfaceWater,PJ,0.051861989913730575
Cobb,2024,en4water,energy_services,PJ,0.35183825722699413
Cobb,2024,en4water,rejected_energy,PJ,0.18945136927607373
Cobb,2024,en_wwdist,in-county treatment,PJ,0.10000633537440003
Cobb,2024,en_wwdist,ww_exports,PJ,0.023634297992148487
Cobb,2024,en_wwtreat,in-county treatment,PJ,0.20001267074880005
Cobb,2024,en_wwtreat,ww_exports,PJ,0.023634297992148487
Cobb,2024,extract_groundwater,agricultural,PJ,0
Cobb,2024,extract_groundwater,industrial,PJ,0.0021858501992837757
Cobb,2024,extract_groundwater,residential,PJ,0
Cobb,2024,extract_surfaceWater,Jack McDonough Plant,PJ,0.00209946391184573
Cobb,2024,extract_surfaceWater,industrial,PJ,8.118872168768309e-4
Cobb,2024,extract_surfaceWater,publicWatSup,PJ,0.015356572155120778
Cobb,2024,government,energy_services,PJ,0.042599859594303784
Cobb,2024,government,rejected_energy,PJ,0.02293838593539434
Cobb,2024,groundwater,agricultural,MGD,0
Cobb,2024,groundwater,industrial,MGD,2.3321689021513605
Cobb,2024,groundwater,residential,MGD,0
Cobb,2024,industrial,Disposal,MGD,6.913498913004961
Cobb,2024,industrial,energy_services,PJ,18.36461819225092
Cobb,2024,industrial,rejected_energy,PJ,19.114194444995857
Cobb,2024,industrial,wastewater,MGD,1.1589220654204073
Cobb,2024,publicWatSup,Water Losses,MGD,7.085329967
Cobb,2024,publicWatSup,agricultural,MGD,0
Cobb,2024,publicWatSup,commercial,MGD,21.138082903289632
Cobb,2024,publicWatSup,industrial,MGD,1.4090812579929097
Cobb,2024,publicWatSup,residential,MGD,52.29013724771745
Cobb,2024,residential,Water Losses,MGD,10.601894187407332
Cobb,2024,residential,energy_services,PJ,12.034797323112167
Cobb,2024,residential,rejected_energy,PJ,6.480275481675782
Cobb,2024,residential,septic,MGD,4.780821917808219
Cobb,2024,residential,wastewater,MGD,36.9074211425019
Cobb,2024,subsurface,wastewater,MGD,18.363791369863016
Cobb,2024,transport,energy_services,PJ,47.03394105723804
Cobb,2024,transport,rejected_energy,PJ,25.325968261589708
Cobb,2024,treat_groundwater,industrial,PJ,6.282163371725119e-4
Cobb,2024,treat_groundwater,residential,PJ,0
Cobb,2024,treat_surfaceWater,Jack McDonough Plant,PJ,0.005960303999999999
Cobb,2024,treat_surfaceWater,industrial,PJ,0.002304919174364652
Cobb,2024,treat_surfaceWater,publicWatSup,PJ,0.043596766739365925
Cobb,2024,wastewater,COBB NOONDAY CREEK WRF,MGD,8.925732648167557
Cobb,2024,wastewater,COBB NORTHWEST WRF,MGD,5.966049332823294
Cobb,2024,wastewater,COBB RL SUTTON WRF,MGD,24.489745539899065
Cobb,2024,wastewater,COBB SOUTH COBB WRF,MGD,21.894187301205985
Cobb,2024,wastewater,Douglas SouthCentral WPCP,MGD,9.2
Cobb,2024,wastewater,Fulton Big Creek WRF,MGD,2.647584443
Cobb,2024,wastewater,Paulding Pumpkinvine WRF,MGD,0.057779776
Cobb,2024,ww_imports,COBB NOONDAY CREEK WRF,MGD,0.475244001
Cobb,2024,ww_imports,COBB NORTHWEST WRF,MGD,0.759074004
Cobb,2024,ww_imports,COBB RL SUTTON WRF,MGD,7.227096351
Cobb,2024,ww_imports,COBB SOUTH COBB WRF,MGD,0.185954948
Coweta,2020,Basins,Yates Plant,MGD,19.1
Coweta,2020,Basins,industrial,MGD,0.22196281195860834
Coweta,2020,Biomass,commercial,PJ,0.012911111787899027
Coweta,2020,Biomass,industrial,PJ,2.618748541989817
Coweta,2020,Biomass,residential,PJ,0.0648585012272559
Coweta,2020,Biomass,transport,PJ,0.5202240372013572
Coweta,2020,COWETA ARNALL/SARGENT WPCP,Wahoo Creek_ds,MGD,0.040340508806262235
Coweta,2020,COWETA ARNCO WPCP,Wahoo Creek_ds,MGD,0.05378734507501633
Coweta,2020,COWETA SHENANDOAH WPCP,"White Oak Creek, Tributary to Flint River_ds",MGD,1.183321591650359
Coweta,2020,Cedar Creek (B.T. Brown) Reservoir,publicWatSup,MGD,2.187037473988439
Coweta,2020,Coal,industrial,PJ,0.09953818026424947
Coweta,2020,GRANTVILLE COLLEY STREET LAS,Land Application,MGD,0.08068101761252447
Coweta,2020,GRANTVILLE PONDS,Various,MGD,0.08068101761252447
Coweta,2020,Hutchins Lake,publicWatSup,MGD,0.15621696242774566
Coweta,2020,J.T. Haynes Reservoir,publicWatSup,MGD,4.998942797687861
Coweta,2020,Line Creek,publicWatSup,MGD,0.9373017745664739
Coweta,2020,NEWNAN MINERAL SPRINGS,Mineral Springs Branch/Mountain Creek_ds,MGD,0.8202570123939987
Coweta,2020,NEWNAN WAHOO CREEK,Wahoo Creek Tributary_ds,MGD,3.038984996738422
Coweta,2020,Natural Gas,Yates Plant,PJ,25.980390964999998
Coweta,2020,Natural Gas,commercial,PJ,0.7479212310116345
Coweta,2020,Natural Gas,industrial,PJ,2.272341248847002
Coweta,2020,Natural Gas,residential,PJ,1.7751696771619159
Coweta,2020,Natural Gas,transport,PJ,0.11112211631529184
Coweta,2020,Petroleum,Yates Plant,PJ,0
Coweta,2020,Petroleum,commercial,PJ,0.3334961813549159
Coweta,2020,Petroleum,industrial,PJ,1.070035437840682
Coweta,2020,Petroleum,residential,PJ,0.12383126657801705
Coweta,2020,Petroleum,transport,PJ,11.78360387032316
Coweta,2020,Renewables,commercial,PJ,0.002582222357579805
Coweta,2020,Renewables,industrial,PJ,8.655493936021693e-5
Coweta,2020,Renewables,residential,PJ,0.010666805718079982
Coweta,2020,SENOIA LAS,Land Application,MGD,0.3496177429876061
Coweta,2020,Sandy/Browns Creek,publicWatSup,MGD,2.187037473988439
Coweta,2020,Still Branch Creek Reservoir,publicWatSup,MGD,2.4213629176300575
Coweta,2020,White Oak Creek,publicWatSup,MGD,0.6248678497109826
Coweta,2020,Yates Plant,Disposal,MGD,15.400000000000002
Coweta,2020,Yates Plant,Energy Losses,PJ,17.240761937
Coweta,2020,Yates Plant,Water Losses,MGD,3.7
Coweta,2020,Yates Plant,elec_own_use,PJ,0.6343838280000007
Coweta,2020,Yates Plant,electricity,PJ,8.105245199999999
Coweta,2020,agricultural,Water Losses,MGD,0.08
Coweta,2020,agricultural,wastewater,MGD,0
Coweta,2020,commercial,Water Losses,MGD,1.5351120593222838
Coweta,2020,commercial,energy_services,PJ,1.6881095216799469
Coweta,2020,commercial,rejected_energy,PJ,0.9089820501353558
Coweta,2020,commercial,wastewater,MGD,1.3643835616438356
Coweta,2020,distribute_groundwater,industrial,PJ,1.6332911555162234e-4
Coweta,2020,distribute_groundwater,publicWatSup,PJ,2.596464e-4
Coweta,2020,distribute_groundwater,residential,PJ,9.7712551512576e-4
Coweta,2020,distribute_surfaceWater,industrial,PJ,3.033255003101558e-4
Coweta,2020,distribute_surfaceWater,publicWatSup,PJ,0.01846600721316
Coweta,2020,electricity,Energy Losses,PJ,0.2427837627296232
Coweta,2020,electricity,commercial,PJ,1.5001808253032736
Coweta,2020,electricity,distribute_groundwater,PJ,0.0014001010306773825
Coweta,2020,electricity,distribute_surfaceWater,PJ,0.018769332713470158
Coweta,2020,electricity,elec_export,PJ,3.8160653917766556
Coweta,2020,electricity,en4water,PJ,0.06826290432597519
Coweta,2020,electricity,en_wwdist,PJ,0.007717881600000002
Coweta,2020,electricity,en_wwtreat,PJ,0.015435763200000004
Coweta,2020,electricity,extract_groundwater,PJ,0.0010352457797822006
Coweta,2020,electricity,extract_surfaceWater,PJ,0.006154940251810554
Coweta,2020,electricity,government,PJ,0.016201115625915412
Coweta,2020,electricity,industrial,PJ,1.0849507408721677
Coweta,2020,electricity,residential,PJ,1.369878902891412
Coweta,2020,electricity,transport,PJ,0.006921556474976725
Coweta,2020,electricity,treat_groundwater,PJ,2.7598145316236865e-4
Coweta,2020,electricity,treat_surfaceWater,PJ,0.017473658297072512
Coweta,2020,en4water,energy_services,PJ,0.04437088781188388
Coweta,2020,en4water,rejected_energy,PJ,0.023892016514091317
Coweta,2020,en_wwdist,in-county treatment,PJ,0.007717881600000002
Coweta,2020,en_wwtreat,in-county treatment,PJ,0.015435763200000004
Coweta,2020,extract_groundwater,agricultural,PJ,7.498085399449038e-5
Coweta,2020,extract_groundwater,industrial,PJ,1.1201993112473511e-4
Coweta,2020,extract_groundwater,publicWatSup,PJ,1.7807952823691467e-4
Coweta,2020,extract_groundwater,residential,PJ,6.701654664260606e-4
Coweta,2020,extract_surfaceWater,Yates Plant,PJ,0.003580335778236915
Coweta,2020,extract_surfaceWater,industrial,PJ,4.160740298918733e-5
Coweta,2020,extract_surfaceWater,publicWatSup,PJ,0.0025329970705844523
Coweta,2020,government,energy_services,PJ,0.010530725156845017
Coweta,2020,government,rejected_energy,PJ,0.005670390469070394
Coweta,2020,groundwater,agricultural,MGD,0.08
Coweta,2020,groundwater,industrial,MGD,0.11951843720848139
Coweta,2020,groundwater,publicWatSup,MGD,0.19
Coweta,2020,groundwater,residential,MGD,0.715025696
Coweta,2020,industrial,Disposal,MGD,0.5216053313451721
Coweta,2020,industrial,energy_services,PJ,3.501393345329107
Coweta,2020,industrial,rejected_energy,PJ,3.644307359424172
Coweta,2020,industrial,wastewater,MGD,0.6821917808219178
Coweta,2020,publicWatSup,Water Losses,MGD,1.438710446
Coweta,2020,publicWatSup,agricultural,MGD,0
Coweta,2020,publicWatSup,commercial,MGD,2.8994956209661193
Coweta,2020,publicWatSup,industrial,MGD,0.862315863
Coweta,2020,publicWatSup,residential,MGD,8.50224532003388
Coweta,2020,residential,Water Losses,MGD,1.7542573174037432
Coweta,2020,residential,energy_services,PJ,2.1738633498248428
Coweta,2020,residential,rejected_energy,PJ,1.1705418037518383
Coweta,2020,residential,septic,MGD,4.375342465753425
Coweta,2020,residential,wastewater,MGD,3.0876712328767124
Coweta,2020,subsurface,wastewater,MGD,0.5134246575342466
Coweta,2020,transport,energy_services,PJ,8.074216527204612
Coweta,2020,transport,rejected_energy,PJ,4.3476550531101745
Coweta,2020,treat_groundwater,industrial,PJ,3.219468143084863e-5
Coweta,2020,treat_groundwater,publicWatSup,PJ,5.1180299999999995e-5
Coweta,2020,treat_groundwater,residential,PJ,1.9260647173152004e-4
Coweta,2020,treat_surfaceWater,Yates Plant,PJ,0.010164447000000002
Coweta,2020,treat_surfaceWater,industrial,PJ,1.181219496400126e-4
Coweta,2020,treat_surfaceWater,publicWatSup,PJ,0.0071910893474325
Coweta,2020,wastewater,COWETA ARNALL/SARGENT WPCP,MGD,0.040340508806262235
Coweta,2020,wastewater,COWETA ARNCO WPCP,MGD,0.05378734507501633
Coweta,2020,wastewater,COWETA SHENANDOAH WPCP,MGD,1.183321591650359
Coweta,2020,wastewater,GRANTVILLE COLLEY STREET LAS,MGD,0.08068101761252447
Coweta,2020,wastewater,GRANTVILLE PONDS,MGD,0.08068101761252447
Coweta,2020,wastewater,NEWNAN MINERAL SPRINGS,MGD,0.8202570123939987
Coweta,2020,wastewater,NEWNAN WAHOO CREEK,MGD,3.038984996738422
Coweta,2020,wastewater,SENOIA LAS,MGD,0.3496177429876061
Coweta,2021,Basins,Yates Plant,MGD,14.7
Coweta,2021,Basins,industrial,MGD,0.22196281195860834
Coweta,2021,Biomass,commercial,PJ,0.013123797104074663
Coweta,2021,Biomass,industrial,PJ,2.6630897064351013
Coweta,2021,Biomass,residential,PJ,0.06817042763893084
Coweta,2021,Biomass,transport,PJ,0.5501730361395323
Coweta,2021,COWETA ARNALL/SARGENT WPCP,Wahoo Creek_ds,MGD,0.04107240704500979
Coweta,2021,COWETA ARNCO WPCP,Wahoo Creek_ds,MGD,0.054763209393346404
Coweta,2021,COWETA SHENANDOAH WPCP,"White Oak Creek, Tributary to Flint River_ds",MGD,1.2047906066536207
Coweta,2021,Cedar Creek (B.T. Brown) Reservoir,publicWatSup,MGD,2.23458206134104
Coweta,2021,Coal,industrial,PJ,0.10642739595684235
Coweta,2021,GRANTVILLE COLLEY STREET LAS,Land Application,MGD,0.08214481409001959
Coweta,2021,GRANTVILLE PONDS,Various,MGD,0.08214481409001959
Coweta,2021,Hutchins Lake,publicWatSup,MGD,0.1596130043815029
Coweta,2021,J.T. Haynes Reservoir,publicWatSup,MGD,5.107616140208092
Coweta,2021,Line Creek,publicWatSup,MGD,0.9576780262890172
Coweta,2021,NEWNAN MINERAL SPRINGS,Mineral Springs Branch/Mountain Creek_ds,MGD,0.8351389432485324
Coweta,2021,NEWNAN WAHOO CREEK,Wahoo Creek Tributary_ds,MGD,3.0941213307240716
Coweta,2021,Natural Gas,Yates Plant,PJ,15.692581675000001
Coweta,2021,Natural Gas,commercial,PJ,0.7993345561310816
Coweta,2021,Natural Gas,industrial,PJ,2.439545251852288
Coweta,2021,Natural Gas,residential,PJ,1.9074522624494306
Coweta,2021,Natural Gas,transport,PJ,0.11880335657789153
Coweta,2021,Petroleum,Yates Plant,PJ,0
Coweta,2021,Petroleum,commercial,PJ,0.36208482892839744
Coweta,2021,Petroleum,industrial,PJ,1.197975391965019
Coweta,2021,Petroleum,residential,PJ,0.1158120106457896
Coweta,2021,Petroleum,transport,PJ,12.5044565249855
Coweta,2021,Renewables,commercial,PJ,0.0032259612993256154
Coweta,2021,Renewables,industrial,PJ,8.798076270888042e-5
Coweta,2021,Renewables,residential,PJ,0.012231503653825497
Coweta,2021,SENOIA LAS,Land Application,MGD,0.3559608610567516
Coweta,2021,Sandy/Browns Creek,publicWatSup,MGD,2.23458206134104
Coweta,2021,Still Branch Creek Reservoir,publicWatSup,MGD,2.4740015679132945
Coweta,2021,White Oak Creek,publicWatSup,MGD,0.6384520175260116
Coweta,2021,Yates Plant,Disposal,MGD,12.5
Coweta,2021,Yates Plant,Energy Losses,PJ,10.543379383000001
Coweta,2021,Yates Plant,Water Losses,MGD,2.2
Coweta,2021,Yates Plant,elec_own_use,PJ,0.5999974920000003
Coweta,2021,Yates Plant,electricity,PJ,4.5492048
Coweta,2021,agricultural,Water Losses,MGD,0.08
Coweta,2021,agricultural,wastewater,MGD,0
Coweta,2021,commercial,Water Losses,MGD,1.569873699980875
Coweta,2021,commercial,energy_services,PJ,1.7849970743157766
Coweta,2021,commercial,rejected_energy,PJ,0.9611522707854181
Coweta,2021,commercial,wastewater,MGD,1.3917808219178083
Coweta,2021,distribute_groundwater,industrial,PJ,1.6332911555162234e-4
Coweta,2021,distribute_groundwater,publicWatSup,PJ,2.596464e-4
Coweta,2021,distribute_groundwater,residential,PJ,9.9807296810832e-4
Coweta,2021,distribute_surfaceWater,industrial,PJ,3.033255003101558e-4
Coweta,2021,distribute_surfaceWater,publicWatSup,PJ,0.01886744463864624
Coweta,2021,electricity,Energy Losses,PJ,0.25298367332711236
Coweta,2021,electricity,commercial,PJ,1.5683802016383155
Coweta,2021,electricity,distribute_groundwater,PJ,0.0014210484836599422
Coweta,2021,electricity,distribute_surfaceWater,PJ,0.019170770138956395
Coweta,2021,electricity,elec_export,PJ,0.07982657122101479
Coweta,2021,electricity,en4water,PJ,0.06616891906282445
Coweta,2021,electricity,en_wwdist,PJ,0.007857907200000003
Coweta,2021,electricity,en_wwtreat,PJ,0.015715814400000007
Coweta,2021,electricity,extract_groundwater,PJ,0.0010496126747012106
Coweta,2021,electricity,extract_surfaceWater,PJ,0.005385216352595702
Coweta,2021,electricity,government,PJ,0.015803263046536065
Coweta,2021,electricity,industrial,PJ,1.1644834534160116
Coweta,2021,electricity,residential,PJ,1.3944045563139567
Coweta,2021,electricity,transport,PJ,0.007154161974229202
Coweta,2021,electricity,treat_groundwater,PJ,2.801105184137386e-4
Coweta,2021,electricity,treat_surfaceWater,PJ,0.015288439294497443
Coweta,2021,en4water,energy_services,PJ,0.043009797390835894
Coweta,2021,en4water,rejected_energy,PJ,0.023159121671988556
Coweta,2021,en_wwdist,in-county treatment,PJ,0.007857907200000003
Coweta,2021,en_wwtreat,in-county treatment,PJ,0.015715814400000007
Coweta,2021,extract_groundwater,agricultural,PJ,7.498085399449038e-5
Coweta,2021,extract_groundwater,industrial,PJ,1.1201993112473511e-4
Coweta,2021,extract_groundwater,publicWatSup,PJ,1.7807952823691467e-4
Coweta,2021,extract_groundwater,residential,PJ,6.845323613450705e-4
Coweta,2021,extract_surfaceWater,Yates Plant,PJ,0.0027555463842975207
Coweta,2021,extract_surfaceWater,industrial,PJ,4.160740298918733e-5
Coweta,2021,extract_surfaceWater,publicWatSup,PJ,0.0025880625653089935
Coweta,2021,government,energy_services,PJ,0.010272120980248442
Coweta,2021,government,rejected_energy,PJ,0.005531142066287622
Coweta,2021,groundwater,agricultural,MGD,0.08
Coweta,2021,groundwater,industrial,MGD,0.11951843720848139
Coweta,2021,groundwater,publicWatSup,MGD,0.19
Coweta,2021,groundwater,residential,MGD,0.730354297
Coweta,2021,industrial,Disposal,MGD,0.5263928842081858
Coweta,2021,industrial,energy_services,PJ,3.710088498390106
Coweta,2021,industrial,rejected_energy,PJ,3.861520681997865
Coweta,2021,industrial,wastewater,MGD,0.6958904109589041
Coweta,2021,publicWatSup,Water Losses,MGD,1.469553279
Coweta,2021,publicWatSup,agricultural,MGD,0
Coweta,2021,publicWatSup,commercial,MGD,2.961654521898683
Coweta,2021,publicWatSup,industrial,MGD,0.880802046
Coweta,2021,publicWatSup,residential,MGD,8.684515032101316
Coweta,2021,residential,Water Losses,MGD,1.7984309729369325
Coweta,2021,residential,energy_services,PJ,2.273745994456257
Coweta,2021,residential,rejected_energy,PJ,1.2243247662456767
Coweta,2021,residential,septic,MGD,4.476712328767123
Coweta,2021,residential,wastewater,MGD,3.1397260273972605
Coweta,2021,subsurface,wastewater,MGD,0.5227397260273973
Coweta,2021,transport,energy_services,PJ,8.567381601790151
Coweta,2021,transport,rejected_energy,PJ,4.6132054778870035
Coweta,2021,treat_groundwater,industrial,PJ,3.219468143084863e-5
Coweta,2021,treat_groundwater,publicWatSup,PJ,5.1180299999999995e-5
Coweta,2021,treat_groundwater,residential,PJ,1.9673553698288998e-4
Coweta,2021,treat_surfaceWater,Yates Plant,PJ,0.007822899
Coweta,2021,treat_surfaceWater,industrial,PJ,1.181219496400126e-4
Coweta,2021,treat_surfaceWater,publicWatSup,PJ,0.0073474183448574305
Coweta,2021,wastewater,COWETA ARNALL/SARGENT WPCP,MGD,0.04107240704500979
Coweta,2021,wastewater,COWETA ARNCO WPCP,MGD,0.054763209393346404
Coweta,2021,wastewater,COWETA SHENANDOAH WPCP,MGD,1.2047906066536207
Coweta,2021,wastewater,GRANTVILLE COLLEY STREET LAS,MGD,0.08214481409001959
Coweta,2021,wastewater,GRANTVILLE PONDS,MGD,0.08214481409001959
Coweta,2021,wastewater,NEWNAN MINERAL SPRINGS,MGD,0.8351389432485324
Coweta,2021,wastewater,NEWNAN WAHOO CREEK,MGD,3.0941213307240716
Coweta,2021,wastewater,SENOIA LAS,MGD,0.3559608610567516
Coweta,2022,Basins,Yates Plant,MGD,12.7
Coweta,2022,Basins,industrial,MGD,0.22196281195860834
Coweta,2022,Biomass,commercial,PJ,0.013215412591973603
Coweta,2022,Biomass,industrial,PJ,2.7878466581173007
Coweta,2022,Biomass,residential,PJ,0.08648343190077028
Coweta,2022,Biomass,transport,PJ,0.5442535114274358
Coweta,2022,COWETA ARNALL/SARGENT WPCP,Wahoo Creek_ds,MGD,0.041804305283757344
Coweta,2022,COWETA ARNCO WPCP,Wahoo Creek_ds,MGD,0.05573907371167647
Coweta,2022,COWETA SHENANDOAH WPCP,"White Oak Creek, Tributary to Flint River_ds",MGD,1.2262596216568822
Coweta,2022,Cedar Creek (B.T. Brown) Reservoir,publicWatSup,MGD,2.28183411100578
Coweta,2022,Coal,industrial,PJ,0.09625840747159323
Coweta,2022,GRANTVILLE COLLEY STREET LAS,Land Application,MGD,0.08360861056751469
Coweta,2022,GRANTVILLE PONDS,Various,MGD,0.08360861056751469
Coweta,2022,Hutchins Lake,publicWatSup,MGD,0.16298815078612716
Coweta,2022,J.T. Haynes Reservoir,publicWatSup,MGD,5.215620825156069
Coweta,2022,Line Creek,publicWatSup,MGD,0.977928904716763
Coweta,2022,NEWNAN MINERAL SPRINGS,Mineral Springs Branch/Mountain Creek_ds,MGD,0.8500208741030659
Coweta,2022,NEWNAN WAHOO CREEK,Wahoo Creek Tributary_ds,MGD,3.1492576647097197
Coweta,2022,Natural Gas,Yates Plant,PJ,16.790455820000002
Coweta,2022,Natural Gas,commercial,PJ,0.8472039250023213
Coweta,2022,Natural Gas,industrial,PJ,2.3440450482129895
Coweta,2022,Natural Gas,residential,PJ,2.0399871978287214
Coweta,2022,Natural Gas,transport,PJ,0.14886903882936076
Coweta,2022,Petroleum,Yates Plant,PJ,0
Coweta,2022,Petroleum,commercial,PJ,0.37844807232657374
Coweta,2022,Petroleum,industrial,PJ,1.2327838903813233
Coweta,2022,Petroleum,residential,PJ,0.11273706719521617
Coweta,2022,Petroleum,transport,PJ,12.78732181893841
Coweta,2022,Renewables,commercial,PJ,0.0033518420764000094
Coweta,2022,Renewables,industrial,PJ,8.859494475066103e-5
Coweta,2022,Renewables,residential,PJ,0.015033572221610612
Coweta,2022,SENOIA LAS,Land Application,MGD,0.362303979125897
Coweta,2022,Sandy/Browns Creek,publicWatSup,MGD,2.28183411100578
Coweta,2022,Still Branch Creek Reservoir,publicWatSup,MGD,2.526316337184971
Coweta,2022,White Oak Creek,publicWatSup,MGD,0.6519526031445086
Coweta,2022,Yates Plant,Disposal,MGD,10.5
Coweta,2022,Yates Plant,Energy Losses,PJ,11.270036072
Coweta,2022,Yates Plant,Water Losses,MGD,2.2
Coweta,2022,Yates Plant,elec_own_use,PJ,0.5463969479999999
Coweta,2022,Yates Plant,electricity,PJ,4.9740228
Coweta,2022,agricultural,Water Losses,MGD,0.08
Coweta,2022,agricultural,wastewater,MGD,0
Coweta,2022,commercial,Water Losses,MGD,1.6015131578448718
Coweta,2022,commercial,energy_services,PJ,1.8742873196745093
Coweta,2022,commercial,rejected_energy,PJ,1.0092316336708895
Coweta,2022,commercial,wastewater,MGD,1.4219178082191781
Coweta,2022,distribute_groundwater,industrial,PJ,1.6332911555162234e-4
Coweta,2022,distribute_groundwater,publicWatSup,PJ,2.596464e-4
Coweta,2022,distribute_groundwater,residential,PJ,0.0010188915326179199
Coweta,2022,distribute_surfaceWater,industrial,PJ,3.033255003101558e-4
Coweta,2022,distribute_surfaceWater,publicWatSup,PJ,0.019266412054762077
Coweta,2022,electricity,Energy Losses,PJ,0.26380680159213993
Coweta,2022,electricity,commercial,PJ,1.6412997013481305
Coweta,2022,electricity,distribute_groundwater,PJ,0.001441867048169542
Coweta,2022,electricity,distribute_surfaceWater,PJ,0.019569737555072235
Coweta,2022,electricity,elec_export,PJ,0.31343597187219463
Coweta,2022,electricity,en4water,PJ,0.06579801352939632
Coweta,2022,electricity,en_wwdist,PJ,0.007997932800000001
Coweta,2022,electricity,en_wwtreat,PJ,0.015995865600000003
Coweta,2022,electricity,extract_groundwater,PJ,0.0010638911709424039
Coweta,2022,electricity,extract_surfaceWater,PJ,0.005065038764174629
Coweta,2022,electricity,government,PJ,0.01518349400524433
Coweta,2022,electricity,industrial,PJ,1.2017572381283421
Coweta,2022,electricity,residential,PJ,1.4655016006395285
Coweta,2022,electricity,transport,PJ,0.007239978885024019
Coweta,2022,electricity,treat_groundwater,PJ,2.842141777641886e-4
Coweta,2022,electricity,treat_surfaceWater,PJ,0.014379466413273324
Coweta,2022,en4water,energy_services,PJ,0.04276870879410761
Coweta,2022,en4water,rejected_energy,PJ,0.023029304735288712
Coweta,2022,en_wwdist,in-county treatment,PJ,0.007997932800000001
Coweta,2022,en_wwtreat,in-county treatment,PJ,0.015995865600000003
Coweta,2022,extract_groundwater,agricultural,PJ,7.498085399449038e-5
Coweta,2022,extract_groundwater,industrial,PJ,1.1201993112473511e-4
Coweta,2022,extract_groundwater,publicWatSup,PJ,1.7807952823691467e-4
Coweta,2022,extract_groundwater,residential,PJ,6.988108575862637e-4
Coweta,2022,extract_surfaceWater,Yates Plant,PJ,0.002380642114325069
Coweta,2022,extract_surfaceWater,industrial,PJ,4.160740298918733e-5
Coweta,2022,extract_surfaceWater,publicWatSup,PJ,0.0026427892468603724
Coweta,2022,government,energy_services,PJ,0.009869271103408813
Coweta,2022,government,rejected_energy,PJ,0.005314222901835515
Coweta,2022,groundwater,agricultural,MGD,0.08
Coweta,2022,groundwater,industrial,MGD,0.11951843720848139
Coweta,2022,groundwater,publicWatSup,MGD,0.19
Coweta,2022,groundwater,residential,MGD,0.745588582
Coweta,2022,industrial,Disposal,MGD,0.5310666930711992
Coweta,2022,industrial,energy_services,PJ,3.7547621202555868
Coweta,2022,industrial,rejected_energy,PJ,3.908017717000713
Coweta,2022,industrial,wastewater,MGD,0.7095890410958904
Coweta,2022,publicWatSup,Water Losses,MGD,1.50020634
Coweta,2022,publicWatSup,agricultural,MGD,0
Coweta,2022,publicWatSup,commercial,MGD,3.02343096606405
Coweta,2022,publicWatSup,industrial,MGD,0.899174485
Coweta,2022,publicWatSup,residential,MGD,8.86566325193595
Coweta,2022,residential,Water Losses,MGD,1.8441285462647183
Coweta,2022,residential,energy_services,PJ,2.417832865360801
Coweta,2022,residential,rejected_energy,PJ,1.3019100044250467
Coweta,2022,residential,septic,MGD,4.578082191780822
Coweta,2022,residential,wastewater,MGD,3.1890410958904107
Coweta,2022,subsurface,wastewater,MGD,0.5320547945205479
Coweta,2022,transport,energy_services,PJ,8.76699482625215
Coweta,2022,transport,rejected_energy,PJ,4.720689521828081
Coweta,2022,treat_groundwater,industrial,PJ,3.219468143084863e-5
Coweta,2022,treat_groundwater,publicWatSup,PJ,5.1180299999999995e-5
Coweta,2022,treat_groundwater,residential,PJ,2.0083919633334e-4
Coweta,2022,treat_surfaceWater,Yates Plant,PJ,0.006758559
Coweta,2022,treat_surfaceWater,industrial,PJ,1.181219496400126e-4
Coweta,2022,treat_surfaceWater,publicWatSup,PJ,0.00750278546363331
Coweta,2022,wastewater,COWETA ARNALL/SARGENT WPCP,MGD,0.041804305283757344
Coweta,2022,wastewater,COWETA ARNCO WPCP,MGD,0.05573907371167647
Coweta,2022,wastewater,COWETA SHENANDOAH WPCP,MGD,1.2262596216568822
Coweta,2022,wastewater,GRANTVILLE COLLEY STREET LAS,MGD,0.08360861056751469
Coweta,2022,wastewater,GRANTVILLE PONDS,MGD,0.08360861056751469
Coweta,2022,wastewater,NEWNAN MINERAL SPRINGS,MGD,0.8500208741030659
Coweta,2022,wastewater,NEWNAN WAHOO CREEK,MGD,3.1492576647097197
Coweta,2022,wastewater,SENOIA LAS,MGD,0.362303979125897
Coweta,2023,Basins,Yates Plant,MGD,11.2
Coweta,2023,Basins,industrial,MGD,0.22196281195860834
Coweta,2023,Biomass,commercial,PJ,0.013335804000151115
Coweta,2023,Biomass,industrial,PJ,2.693310896142251
Coweta,2023,Biomass,residential,PJ,0.07418879119190212
Coweta,2023,Biomass,transport,PJ,0.6054157009275307
Coweta,2023,COWETA ARNALL/SARGENT WPCP,Wahoo Creek_ds,MGD,0.04255772994129159
Coweta,2023,COWETA ARNCO WPCP,Wahoo Creek_ds,MGD,0.05674363992172213
Coweta,2023,COWETA SHENANDOAH WPCP,"White Oak Creek, Tributary to Flint River_ds",MGD,1.2483600782778865
Coweta,2023,Cedar Creek (B.T. Brown) Reservoir,publicWatSup,MGD,2.3287770036069357
Coweta,2023,Coal,industrial,PJ,0.06527838807224809
Coweta,2023,GRANTVILLE COLLEY STREET LAS,Land Application,MGD,0.08511545988258318
Coweta,2023,GRANTVILLE PONDS,Various,MGD,0.08511545988258318
Coweta,2023,Hutchins Lake,publicWatSup,MGD,0.16634121454335257
Coweta,2023,J.T. Haynes Reservoir,publicWatSup,MGD,5.322918865387282
Coweta,2023,Line Creek,publicWatSup,MGD,0.9980472872601155
Coweta,2023,NEWNAN MINERAL SPRINGS,Mineral Springs Branch/Mountain Creek_ds,MGD,0.8653405088062622
Coweta,2023,NEWNAN WAHOO CREEK,Wahoo Creek Tributary_ds,MGD,3.2060156555773
Coweta,2023,Natural Gas,Yates Plant,PJ,25.420202845
Coweta,2023,Natural Gas,commercial,PJ,0.7849349932111291
Coweta,2023,Natural Gas,industrial,PJ,2.3934415603846637
Coweta,2023,Natural Gas,residential,PJ,1.8654927253753288
Coweta,2023,Natural Gas,transport,PJ,0.18918961272616616
Coweta,2023,Petroleum,Yates Plant,PJ,0
Coweta,2023,Petroleum,commercial,PJ,0.3634192844286991
Coweta,2023,Petroleum,industrial,PJ,1.264055415138346
Coweta,2023,Petroleum,residential,PJ,0.10449608207045784
Coweta,2023,Petroleum,transport,PJ,13.928345807608109
Coweta,2023,Renewables,commercial,PJ,0.00405289238887274
Coweta,2023,Renewables,industrial,PJ,8.940203798983988e-5
Coweta,2023,Renewables,residential,PJ,0.01882724058121664
Coweta,2023,SENOIA LAS,Land Application,MGD,0.3688336594911938
Coweta,2023,Sandy/Browns Creek,publicWatSup,MGD,2.3287770036069357
Coweta,2023,Still Branch Creek Reservoir,publicWatSup,MGD,2.578288825421965
Coweta,2023,White Oak Creek,publicWatSup,MGD,0.6653648581734103
Coweta,2023,Yates Plant,Disposal,MGD,7.999999999999999
Coweta,2023,Yates Plant,Energy Losses,PJ,16.849046292999997
Coweta,2023,Yates Plant,Water Losses,MGD,3.2
Coweta,2023,Yates Plant,elec_own_use,PJ,0.5101049520000005
Coweta,2023,Yates Plant,electricity,PJ,8.0610516
Coweta,2023,agricultural,Water Losses,MGD,0.08
Coweta,2023,agricultural,wastewater,MGD,0
Coweta,2023,commercial,Water Losses,MGD,1.6327484279862996
Coweta,2023,commercial,energy_services,PJ,1.8353702472936126
Coweta,2023,commercial,rejected_energy,PJ,0.9882762870042527
Coweta,2023,commercial,wastewater,MGD,1.452054794520548
Coweta,2023,distribute_groundwater,industrial,PJ,1.6332911555162234e-4
Coweta,2023,distribute_groundwater,publicWatSup,PJ,2.596464e-4
Coweta,2023,distribute_groundwater,residential,PJ,0.0010395738879926397
Coweta,2023,distribute_surfaceWater,industrial,PJ,3.033255003101558e-4
Coweta,2023,distribute_surfaceWater,publicWatSup,PJ,0.019662769137660477
Coweta,2023,electricity,Energy Losses,PJ,0.2606019869281301
Coweta,2023,electricity,commercial,PJ,1.657903560269013
Coweta,2023,electricity,distribute_groundwater,PJ,0.001462549403544262
Coweta,2023,electricity,distribute_surfaceWater,PJ,0.019966094637970635
Coweta,2023,electricity,elec_export,PJ,3.4570831642697017
Coweta,2023,electricity,en4water,PJ,0.06579503286710822
Coweta,2023,electricity,en_wwdist,PJ,0.008142076800000002
Coweta,2023,electricity,en_wwtreat,PJ,0.016284153600000004
Coweta,2023,electricity,extract_groundwater,PJ,0.0010780762476003448
Coweta,2023,electricity,extract_surfaceWater,PJ,0.004838229181738477
Coweta,2023,electricity,government,PJ,0.014240143041811815
Coweta,2023,electricity,industrial,PJ,1.1936309977393507
Coweta,2023,electricity,residential,PJ,1.4044688154036284
Coweta,2023,electricity,transport,PJ,0.0073278994812566965
Coweta,2023,electricity,treat_groundwater,PJ,2.8829098819862863e-4
Coweta,2023,electricity,treat_surfaceWater,PJ,0.01373556200805587
Coweta,2023,en4water,energy_services,PJ,0.042766771363620344
Coweta,2023,en4water,rejected_energy,PJ,0.023028261503487878
Coweta,2023,en_wwdist,in-county treatment,PJ,0.008142076800000002
Coweta,2023,en_wwtreat,in-county treatment,PJ,0.016284153600000004
Coweta,2023,extract_groundwater,agricultural,PJ,7.498085399449038e-5
Coweta,2023,extract_groundwater,industrial,PJ,1.1201993112473511e-4
Coweta,2023,extract_groundwater,publicWatSup,PJ,1.7807952823691467e-4
Coweta,2023,extract_groundwater,residential,PJ,7.129959342442047e-4
Coweta,2023,extract_surfaceWater,Yates Plant,PJ,0.00209946391184573
Coweta,2023,extract_surfaceWater,industrial,PJ,4.160740298918733e-5
Coweta,2023,extract_surfaceWater,publicWatSup,PJ,0.0026971578669035593
Coweta,2023,government,energy_services,PJ,0.00925609297717768
Coweta,2023,government,rejected_energy,PJ,0.004984050064634135
Coweta,2023,groundwater,agricultural,MGD,0.08
Coweta,2023,groundwater,industrial,MGD,0.11951843720848139
Coweta,2023,groundwater,publicWatSup,MGD,0.19
Coweta,2023,groundwater,residential,MGD,0.760723194
Coweta,2023,industrial,Disposal,MGD,0.5356202969342129
Coweta,2023,industrial,energy_services,PJ,3.7288052631622763
Coweta,2023,industrial,rejected_energy,PJ,3.881001396352573
Coweta,2023,industrial,wastewater,MGD,0.7232876712328767
Coweta,2023,publicWatSup,Water Losses,MGD,1.530658845
Coweta,2023,publicWatSup,agricultural,MGD,0
Coweta,2023,publicWatSup,commercial,MGD,3.0848032225068476
Coweta,2023,publicWatSup,industrial,MGD,0.917426719
Coweta,2023,publicWatSup,residential,MGD,9.045626271493152
Coweta,2023,residential,Water Losses,MGD,1.8885412463150706
Coweta,2023,residential,energy_services,PJ,2.253857875504647
Coweta,2023,residential,rejected_energy,PJ,1.2136157791178868
Coweta,2023,residential,septic,MGD,4.676712328767123
Coweta,2023,residential,wastewater,MGD,3.241095890410959
Coweta,2023,subsurface,wastewater,MGD,0.5416438356164384
Coweta,2023,transport,energy_services,PJ,9.57468136348299
Coweta,2023,transport,rejected_energy,PJ,5.1555976572600715
Coweta,2023,treat_groundwater,industrial,PJ,3.219468143084863e-5
Coweta,2023,treat_groundwater,publicWatSup,PJ,5.1180299999999995e-5
Coweta,2023,treat_groundwater,residential,PJ,2.0491600676778e-4
Coweta,2023,treat_surfaceWater,Yates Plant,PJ,0.005960303999999999
Coweta,2023,treat_surfaceWater,industrial,PJ,1.181219496400126e-4
Coweta,2023,treat_surfaceWater,publicWatSup,PJ,0.007657136058415857
Coweta,2023,wastewater,COWETA ARNALL/SARGENT WPCP,MGD,0.04255772994129159
Coweta,2023,wastewater,COWETA ARNCO WPCP,MGD,0.05674363992172213
Coweta,2023,wastewater,COWETA SHENANDOAH WPCP,MGD,1.2483600782778865
Coweta,2023,wastewater,GRANTVILLE COLLEY STREET LAS,MGD,0.08511545988258318
Coweta,2023,wastewater,GRANTVILLE PONDS,MGD,0.08511545988258318
Coweta,2023,wastewater,NEWNAN MINERAL SPRINGS,MGD,0.8653405088062622
Coweta,2023,wastewater,NEWNAN WAHOO CREEK,MGD,3.2060156555773
Coweta,2023,wastewater,SENOIA LAS,MGD,0.3688336594911938
Coweta,2024,Basins,Yates Plant,MGD,6.2
Coweta,2024,Basins,industrial,MGD,0.22196281195860834
Coweta,2024,Biomass,commercial,PJ,0.013362774768224821
Coweta,2024,Biomass,industrial,PJ,2.6128031942902874
Coweta,2024,Biomass,residential,PJ,0.06968052496458686
Coweta,2024,Biomass,transport,PJ,0.5887832659049673
Coweta,2024,COWETA ARNALL/SARGENT WPCP,Wahoo Creek_ds,MGD,0.04328962818003915
Coweta,2024,COWETA ARNCO WPCP,Wahoo Creek_ds,MGD,0.057719504240052205
Coweta,2024,COWETA SHENANDOAH WPCP,"White Oak Creek, Tributary to Flint River_ds",MGD,1.2698290932811482
Coweta,2024,Cedar Creek (B.T. Brown) Reservoir,publicWatSup,MGD,2.376069381687861
Coweta,2024,Coal,industrial,PJ,0.06859060031868695
Coweta,2024,GRANTVILLE COLLEY STREET LAS,Land Application,MGD,0.0865792563600783
Coweta,2024,GRANTVILLE PONDS,Various,MGD,0.0865792563600783
Coweta,2024,Hutchins Lake,publicWatSup,MGD,0.16971924154913295
Coweta,2024,J.T. Haynes Reservoir,publicWatSup,MGD,5.4310157295722545
Coweta,2024,Line Creek,publicWatSup,MGD,1.0183154492947977
Coweta,2024,NEWNAN MINERAL SPRINGS,Mineral Springs Branch/Mountain Creek_ds,MGD,0.8802224396607959
Coweta,2024,NEWNAN WAHOO CREEK,Wahoo Creek Tributary_ds,MGD,3.2611519895629493
Coweta,2024,Natural Gas,Yates Plant,PJ,23.78409091
Coweta,2024,Natural Gas,commercial,PJ,0.8517238541096683
Coweta,2024,Natural Gas,industrial,PJ,2.4068671581136116
Coweta,2024,Natural Gas,residential,PJ,2.0224074371283725
Coweta,2024,Natural Gas,transport,PJ,0.1817635977970603
Coweta,2024,Petroleum,Yates Plant,PJ,0
Coweta,2024,Petroleum,commercial,PJ,0.3446998671217949
Coweta,2024,Petroleum,industrial,PJ,1.2367807940789624
Coweta,2024,Petroleum,residential,PJ,0.12380349539454773
Coweta,2024,Petroleum,transport,PJ,13.760358376384664
Coweta,2024,Renewables,commercial,PJ,0.004882265194647504
Coweta,2024,Renewables,industrial,PJ,8.95828476082111e-5
Coweta,2024,Renewables,residential,PJ,0.020868820481665287
Coweta,2024,SENOIA LAS,Land Application,MGD,0.37517677756033935
Coweta,2024,Sandy/Browns Creek,publicWatSup,MGD,2.376069381687861
Coweta,2024,Still Branch Creek Reservoir,publicWatSup,MGD,2.6306482440115606
Coweta,2024,White Oak Creek,publicWatSup,MGD,0.6788769661965318
Coweta,2024,Yates Plant,Disposal,MGD,2.7
Coweta,2024,Yates Plant,Energy Losses,PJ,15.787816306
Coweta,2024,Yates Plant,Water Losses,MGD,3.5
Coweta,2024,Yates Plant,elec_own_use,PJ,0.4520426040000008
Coweta,2024,Yates Plant,electricity,PJ,7.544232
Coweta,2024,agricultural,Water Losses,MGD,0.08
Coweta,2024,agricultural,wastewater,MGD,0
Coweta,2024,commercial,Water Losses,MGD,1.6671803365310012
Coweta,2024,commercial,energy_services,PJ,1.9170696978413206
Coweta,2024,commercial,rejected_energy,PJ,1.0322682988376342
Coweta,2024,commercial,wastewater,MGD,1.4794520547945205
Coweta,2024,distribute_groundwater,industrial,PJ,1.6332911555162234e-4
Coweta,2024,distribute_groundwater,publicWatSup,PJ,2.596464e-4
Coweta,2024,distribute_groundwater,residential,PJ,0.00106041022188192
Coweta,2024,distribute_surfaceWater,industrial,PJ,3.033255003101558e-4
Coweta,2024,distribute_surfaceWater,publicWatSup,PJ,0.02006207706226464
Coweta,2024,electricity,Energy Losses,PJ,0.27043299729630077
Coweta,2024,electricity,commercial,PJ,1.7346692354846194
Coweta,2024,electricity,distribute_groundwater,PJ,0.0014833857374335422
Coweta,2024,electricity,distribute_surfaceWater,PJ,0.020365402562574797
Coweta,2024,electricity,elec_export,PJ,2.7665823810986865
Coweta,2024,electricity,en4water,PJ,0.06326581420609473
Coweta,2024,electricity,en_wwdist,PJ,0.008282102400000001
Coweta,2024,electricity,en_wwtreat,PJ,0.016564204800000003
Coweta,2024,electricity,extract_groundwater,PJ,0.0010923669310420941
Coweta,2024,electricity,extract_surfaceWater,PJ,0.003955741896182106
Coweta,2024,electricity,government,PJ,0.013168016279723293
Coweta,2024,electricity,industrial,PJ,1.205130825877109
Coweta,2024,electricity,residential,PJ,1.4832555086218808
Coweta,2024,electricity,transport,PJ,0.007727221135585237
Coweta,2024,electricity,treat_groundwater,PJ,2.9239815016718866e-4
Coweta,2024,electricity,treat_surfaceWater,PJ,0.011230211728694992
Coweta,2024,en4water,energy_services,PJ,0.04112277923396157
Coweta,2024,en4water,rejected_energy,PJ,0.022143034972133154
Coweta,2024,en_wwdist,in-county treatment,PJ,0.008282102400000001
Coweta,2024,en_wwtreat,in-county treatment,PJ,0.016564204800000003
Coweta,2024,extract_groundwater,agricultural,PJ,7.498085399449038e-5
Coweta,2024,extract_groundwater,industrial,PJ,1.1201993112473511e-4
Coweta,2024,extract_groundwater,publicWatSup,PJ,1.7807952823691467e-4
Coweta,2024,extract_groundwater,residential,PJ,7.272866176859538e-4
Coweta,2024,extract_surfaceWater,Yates Plant,PJ,0.0011622032369146007
Coweta,2024,extract_surfaceWater,industrial,PJ,4.160740298918733e-5
Coweta,2024,extract_surfaceWater,publicWatSup,PJ,0.0027519312562783184
Coweta,2024,government,energy_services,PJ,0.00855921058182014
Coweta,2024,government,rejected_energy,PJ,0.004608805697903152
Coweta,2024,groundwater,agricultural,MGD,0.08
Coweta,2024,groundwater,industrial,MGD,0.11951843720848139
Coweta,2024,groundwater,publicWatSup,MGD,0.19
Coweta,2024,groundwater,residential,MGD,0.775970482
Coweta,2024,industrial,Disposal,MGD,0.5375700597698295
Coweta,2024,industrial,energy_services,PJ,3.6898284562078696
Coweta,2024,industrial,rejected_energy,PJ,3.840433699318395
Coweta,2024,industrial,wastewater,MGD,0.7397260273972602
Coweta,2024,publicWatSup,Water Losses,MGD,1.561338067
Coweta,2024,publicWatSup,agricultural,MGD,0
Coweta,2024,publicWatSup,commercial,MGD,3.1466323913255216
Coweta,2024,publicWatSup,industrial,MGD,0.935814838
Coweta,2024,publicWatSup,residential,MGD,9.226929097674478
Coweta,2024,residential,Water Losses,MGD,1.934406428989547
Coweta,2024,residential,energy_services,PJ,2.4180102612841847
Coweta,2024,residential,rejected_energy,PJ,1.3020055253068687
Coweta,2024,residential,septic,MGD,4.778082191780822
Coweta,2024,residential,wastewater,MGD,3.2904109589041095
Coweta,2024,subsurface,wastewater,MGD,0.550958904109589
Coweta,2024,transport,energy_services,PJ,9.450111099794478
Coweta,2024,transport,rejected_energy,PJ,5.088521361427796
Coweta,2024,treat_groundwater,industrial,PJ,3.219468143084863e-5
Coweta,2024,treat_groundwater,publicWatSup,PJ,5.1180299999999995e-5
Coweta,2024,treat_groundwater,residential,PJ,2.0902316873634e-4
Coweta,2024,treat_surfaceWater,Yates Plant,PJ,0.003299454
Coweta,2024,treat_surfaceWater,industrial,PJ,1.181219496400126e-4
Coweta,2024,treat_surfaceWater,publicWatSup,PJ,0.00781263577905498
Coweta,2024,wastewater,COWETA ARNALL/SARGENT WPCP,MGD,0.04328962818003915
Coweta,2024,wastewater,COWETA ARNCO WPCP,MGD,0.057719504240052205
Coweta,2024,wastewater,COWETA SHENANDOAH WPCP,MGD,1.2698290932811482
Coweta,2024,wastewater,GRANTVILLE COLLEY STREET LAS,MGD,0.0865792563600783
Coweta,2024,wastewater,GRANTVILLE PONDS,MGD,0.0865792563600783
Coweta,2024,wastewater,NEWNAN MINERAL SPRINGS,MGD,0.8802224396607959
Coweta,2024,wastewater,NEWNAN WAHOO CREEK,MGD,3.2611519895629493
Coweta,2024,wastewater,SENOIA LAS,MGD,0.37517677756033935
DeKalb,2020,Basins,industrial,MGD,0.6982370670037925
DeKalb,2020,Biomass,commercial,PJ,0.06726826570350869
DeKalb,2020,Biomass,industrial,PJ,13.643958446580271
DeKalb,2020,Biomass,residential,PJ,0.3379196900591901
DeKalb,2020,Biomass,transport,PJ,2.7104225673742244
DeKalb,2020,Chattahoochee River,publicWatSup,MGD,79.571418524
DeKalb,2020,Coal,industrial,PJ,0.5186045065410168
DeKalb,2020,Natural Gas,commercial,PJ,3.896749166105153
DeKalb,2020,Natural Gas,industrial,PJ,11.83913960374412
DeKalb,2020,Natural Gas,residential,PJ,9.248822833681858
DeKalb,2020,Natural Gas,transport,PJ,0.5789580454906453
DeKalb,2020,Petroleum,Small-scale generation,PJ,2.9750999999999996e-4
DeKalb,2020,Petroleum,commercial,PJ,1.7375505771326414
DeKalb,2020,Petroleum,industrial,PJ,5.574998445315931
DeKalb,2020,Petroleum,residential,PJ,0.6451740701663896
DeKalb,2020,Petroleum,transport,PJ,61.39382952572039
DeKalb,2020,Pole Bridge Creek,South River Tributary_ds,MGD,10.130879075799927
DeKalb,2020,Renewables,Small-scale generation,PJ,0.006342600919999999
DeKalb,2020,Renewables,commercial,PJ,0.014333349140701739
DeKalb,2020,Renewables,industrial,PJ,4.509604404704494e-4
DeKalb,2020,Renewables,residential,PJ,0.056540916904453536
DeKalb,2020,Small-scale generation,commercial,PJ,9.36e-5
DeKalb,2020,Small-scale generation,electricity,PJ,0.006343199999999999
DeKalb,2020,Snapfinger Creek,South River_ds,MGD,26.763096407213773
DeKalb,2020,agricultural,Water Losses,MGD,0
DeKalb,2020,agricultural,wastewater,MGD,0
DeKalb,2020,commercial,Water Losses,MGD,3.234018182506558
DeKalb,2020,commercial,energy_services,PJ,8.79586280587984
DeKalb,2020,commercial,rejected_energy,PJ,4.736233818550683
DeKalb,2020,commercial,wastewater,MGD,14.655562747123069
DeKalb,2020,distribute_groundwater,industrial,PJ,5.137907633840707e-4
DeKalb,2020,distribute_groundwater,residential,PJ,0
DeKalb,2020,distribute_surfaceWater,industrial,PJ,9.541828462847025e-4
DeKalb,2020,distribute_surfaceWater,publicWatSup,PJ,0.10873911769815743
DeKalb,2020,elec_import,electricity,PJ,22.48212085928909
DeKalb,2020,electricity,Energy Losses,PJ,1.272931927884288
DeKalb,2020,electricity,commercial,PJ,7.8161016663485166
DeKalb,2020,electricity,distribute_groundwater,PJ,5.137907633840707e-4
DeKalb,2020,electricity,distribute_surfaceWater,PJ,0.10969330054444214
DeKalb,2020,electricity,en4water,PJ,0.48903533235947183
DeKalb,2020,electricity,en_wwdist,PJ,0.11117661129709057
DeKalb,2020,electricity,en_wwtreat,PJ,0.2094341472970906
DeKalb,2020,electricity,extract_groundwater,PJ,3.523854625210267e-4
DeKalb,2020,electricity,extract_surfaceWater,PJ,0.0150467183151427
DeKalb,2020,electricity,government,PJ,0.08440953564036074
DeKalb,2020,electricity,industrial,PJ,5.652708760574042
DeKalb,2020,electricity,residential,PJ,7.137214791037418
DeKalb,2020,electricity,transport,PJ,0.036062045444991135
DeKalb,2020,electricity,treat_groundwater,PJ,1.0127606393628315e-4
DeKalb,2020,electricity,treat_surfaceWater,PJ,0.042717102615864484
DeKalb,2020,en4water,energy_services,PJ,0.31787296603365667
DeKalb,2020,en4water,rejected_energy,PJ,0.17116236632581514
DeKalb,2020,en_wwdist,in-county treatment,PJ,0.098257536
DeKalb,2020,en_wwdist,ww_exports,PJ,0.012919075297090559
DeKalb,2020,en_wwtreat,in-county treatment,PJ,0.196515072
DeKalb,2020,en_wwtreat,ww_exports,PJ,0.012919075297090559
DeKalb,2020,extract_groundwater,agricultural,PJ,0
DeKalb,2020,extract_groundwater,industrial,PJ,3.523854625210267e-4
DeKalb,2020,extract_groundwater,residential,PJ,0
DeKalb,2020,extract_surfaceWater,industrial,PJ,1.3088602893638137e-4
DeKalb,2020,extract_surfaceWater,publicWatSup,PJ,0.01491583228620632
DeKalb,2020,government,energy_services,PJ,0.05486619816623449
DeKalb,2020,government,rejected_energy,PJ,0.02954333747412626
DeKalb,2020,groundwater,agricultural,MGD,0
DeKalb,2020,groundwater,industrial,MGD,0.3759738053097344
DeKalb,2020,groundwater,residential,MGD,0
DeKalb,2020,industrial,Disposal,MGD,1.0742108723135269
DeKalb,2020,industrial,energy_services,PJ,18.242631754365966
DeKalb,2020,industrial,rejected_energy,PJ,18.987228968829886
DeKalb,2020,industrial,wastewater,MGD,0
DeKalb,2020,publicWatSup,Water Losses,MGD,16.72160597
DeKalb,2020,publicWatSup,agricultural,MGD,0
DeKalb,2020,publicWatSup,commercial,MGD,17.889580929629627
DeKalb,2020,publicWatSup,industrial,MGD,0
DeKalb,2020,publicWatSup,residential,MGD,44.96023162437037
DeKalb,2020,residential,Water Losses,MGD,8.728123138616724
DeKalb,2020,residential,energy_services,PJ,11.326686996202053
DeKalb,2020,residential,rejected_energy,PJ,6.098985305647258
DeKalb,2020,residential,septic,MGD,2.9534246575342467
DeKalb,2020,residential,wastewater,MGD,33.2786838282194
DeKalb,2020,subsurface,wastewater,MGD,23.967123287671235
DeKalb,2020,transport,energy_services,PJ,42.06752691961966
DeKalb,2020,transport,rejected_energy,PJ,22.651745264410586
DeKalb,2020,treat_groundwater,industrial,PJ,1.0127606393628315e-4
DeKalb,2020,treat_groundwater,residential,PJ,0
DeKalb,2020,treat_surfaceWater,industrial,PJ,3.7158081994740825e-4
DeKalb,2020,treat_surfaceWater,publicWatSup,PJ,0.04234552179591708
DeKalb,2020,wastewater,Atlanta RM Clayton WRC,MGD,34.40041452
DeKalb,2020,wastewater,Atlanta South River WRC,MGD,4.659400424
DeKalb,2020,wastewater,CLAYTON NORTHEAST WRF,MGD,0.178439324
DeKalb,2020,wastewater,Gwinnett  F.W. Hill,MGD,0.496
DeKalb,2020,wastewater,Pole Bridge Creek,MGD,8.668879075799927
DeKalb,2020,wastewater,Snapfinger Creek,MGD,23.498236519213773
DeKalb,2020,ww_imports,Pole Bridge Creek,MGD,1.462
DeKalb,2020,ww_imports,Snapfinger Creek,MGD,3.264859888
DeKalb,2021,Basins,industrial,MGD,0.6982370670037925
DeKalb,2021,Biomass,commercial,PJ,0.06643599108279606
DeKalb,2021,Biomass,industrial,PJ,13.481235848615556
DeKalb,2021,Biomass,residential,PJ,0.34509600284236747
DeKalb,2021,Biomass,transport,PJ,2.7851155144430257
DeKalb,2021,Chattahoochee River,publicWatSup,MGD,80.87463317000001
DeKalb,2021,Coal,industrial,PJ,0.5387624841105405
DeKalb,2021,Natural Gas,commercial,PJ,4.046434352966903
DeKalb,2021,Natural Gas,industrial,PJ,12.349597095478991
DeKalb,2021,Natural Gas,residential,PJ,9.65600736539919
DeKalb,2021,Natural Gas,transport,PJ,0.6014127371539818
DeKalb,2021,Petroleum,Small-scale generation,PJ,4.5154e-4
DeKalb,2021,Petroleum,commercial,PJ,1.8329652824664617
DeKalb,2021,Petroleum,industrial,PJ,6.064455418415947
DeKalb,2021,Petroleum,residential,PJ,0.5862697849965622
DeKalb,2021,Petroleum,transport,PJ,63.30073191479152
DeKalb,2021,Pole Bridge Creek,South River Tributary_ds,MGD,10.396748782950446
DeKalb,2021,Renewables,Small-scale generation,PJ,8.4232044e-4
DeKalb,2021,Renewables,commercial,PJ,0.01843222827956998
DeKalb,2021,Renewables,industrial,PJ,4.45380945806454e-4
DeKalb,2021,Renewables,residential,PJ,0.06556411172129065
DeKalb,2021,Small-scale generation,commercial,PJ,1.1159999999999999e-4
DeKalb,2021,Small-scale generation,electricity,PJ,8.424e-4
DeKalb,2021,Snapfinger Creek,South River_ds,MGD,27.676901321939958
DeKalb,2021,agricultural,Water Losses,MGD,0
DeKalb,2021,agricultural,wastewater,MGD,0
DeKalb,2021,commercial,Water Losses,MGD,3.2914010328252346
DeKalb,2021,commercial,energy_services,PJ,9.03754670610368
DeKalb,2021,commercial,rejected_energy,PJ,4.866371303286596
DeKalb,2021,commercial,wastewater,MGD,14.891174092314476
DeKalb,2021,distribute_groundwater,industrial,PJ,5.137907633840707e-4
DeKalb,2021,distribute_groundwater,residential,PJ,0
DeKalb,2021,distribute_surfaceWater,industrial,PJ,9.541828462847025e-4
DeKalb,2021,distribute_surfaceWater,publicWatSup,PJ,0.11052003870479521
DeKalb,2021,elec_import,electricity,PJ,22.796762157258332
DeKalb,2021,electricity,Energy Losses,PJ,1.290430446637264
DeKalb,2021,electricity,commercial,PJ,7.939538554594543
DeKalb,2021,electricity,distribute_groundwater,PJ,5.137907633840707e-4
DeKalb,2021,electricity,distribute_surfaceWater,PJ,0.11147422155107992
DeKalb,2021,electricity,en4water,PJ,0.49767882627780136
DeKalb,2021,electricity,en_wwdist,PJ,0.11332747469998655
DeKalb,2021,electricity,en_wwtreat,PJ,0.21320803469998653
DeKalb,2021,electricity,extract_groundwater,PJ,3.523854625210267e-4
DeKalb,2021,electricity,extract_surfaceWater,PJ,0.015291008682880726
DeKalb,2021,electricity,government,PJ,0.08000012759361975
DeKalb,2021,electricity,industrial,PJ,5.894910726956448
DeKalb,2021,electricity,residential,PJ,7.058829691928251
DeKalb,2021,electricity,transport,PJ,0.036216183270404344
DeKalb,2021,electricity,treat_groundwater,PJ,1.0127606393628315e-4
DeKalb,2021,electricity,treat_surfaceWater,PJ,0.04341063435402631
DeKalb,2021,en4water,energy_services,PJ,0.3234912370805709
DeKalb,2021,en4water,rejected_energy,PJ,0.17418758919723046
DeKalb,2021,en_wwdist,in-county treatment,PJ,0.09988055999999998
DeKalb,2021,en_wwdist,ww_exports,PJ,0.013446914699986559
DeKalb,2021,en_wwtreat,in-county treatment,PJ,0.19976111999999996
DeKalb,2021,en_wwtreat,ww_exports,PJ,0.013446914699986559
DeKalb,2021,extract_groundwater,agricultural,PJ,0
DeKalb,2021,extract_groundwater,industrial,PJ,3.523854625210267e-4
DeKalb,2021,extract_groundwater,residential,PJ,0
DeKalb,2021,extract_surfaceWater,industrial,PJ,1.3088602893638137e-4
DeKalb,2021,extract_surfaceWater,publicWatSup,PJ,0.015160122653944345
DeKalb,2021,government,energy_services,PJ,0.05200008293585284
DeKalb,2021,government,rejected_energy,PJ,0.028000044657766916
DeKalb,2021,groundwater,agricultural,MGD,0
DeKalb,2021,groundwater,industrial,MGD,0.3759738053097344
DeKalb,2021,groundwater,residential,MGD,0
DeKalb,2021,industrial,Disposal,MGD,1.0742108723135269
DeKalb,2021,industrial,energy_services,PJ,18.78140940771641
DeKalb,2021,industrial,rejected_energy,PJ,19.54799754680688
DeKalb,2021,industrial,wastewater,MGD,0
DeKalb,2021,publicWatSup,Water Losses,MGD,16.99547116
DeKalb,2021,publicWatSup,agricultural,MGD,0
DeKalb,2021,publicWatSup,commercial,MGD,18.18257512513971
DeKalb,2021,publicWatSup,industrial,MGD,0
DeKalb,2021,publicWatSup,residential,MGD,45.69658688486029
DeKalb,2021,residential,Water Losses,MGD,8.90282947032545
DeKalb,2021,residential,energy_services,PJ,11.512648521976981
DeKalb,2021,residential,rejected_energy,PJ,6.199118434910682
DeKalb,2021,residential,septic,MGD,2.958904109589041
DeKalb,2021,residential,wastewater,MGD,33.834853304945796
DeKalb,2021,subsurface,wastewater,MGD,24.363013698630134
DeKalb,2021,transport,energy_services,PJ,43.37025962727831
DeKalb,2021,transport,rejected_energy,PJ,23.353216722380623
DeKalb,2021,treat_groundwater,industrial,PJ,1.0127606393628315e-4
DeKalb,2021,treat_groundwater,residential,PJ,0
DeKalb,2021,treat_surfaceWater,industrial,PJ,3.7158081994740825e-4
DeKalb,2021,treat_surfaceWater,publicWatSup,PJ,0.0430390535340789
DeKalb,2021,wastewater,Atlanta RM Clayton WRC,MGD,34.567860032
DeKalb,2021,wastewater,Atlanta South River WRC,MGD,4.692537982
DeKalb,2021,wastewater,CLAYTON NORTHEAST WRF,MGD,0.178979915
DeKalb,2021,wastewater,Gwinnett  F.W. Hill,MGD,0.496
DeKalb,2021,wastewater,Pole Bridge Creek,MGD,8.934748782950447
DeKalb,2021,wastewater,Snapfinger Creek,MGD,24.218914383939957
DeKalb,2021,ww_imports,Pole Bridge Creek,MGD,1.462
DeKalb,2021,ww_imports,Snapfinger Creek,MGD,3.457986938
DeKalb,2022,Basins,industrial,MGD,0.6982370670037925
DeKalb,2022,Biomass,commercial,PJ,0.06602782971339133
DeKalb,2022,Biomass,industrial,PJ,13.928847330957694
DeKalb,2022,Biomass,residential,PJ,0.4320949705378023
DeKalb,2022,Biomass,transport,PJ,2.719239972520549
DeKalb,2022,Chattahoochee River,publicWatSup,MGD,82.08722884100001
DeKalb,2022,Coal,industrial,PJ,0.4809334322922884
DeKalb,2022,Natural Gas,commercial,PJ,4.23286341635256
DeKalb,2022,Natural Gas,industrial,PJ,11.711492638370332
DeKalb,2022,Natural Gas,residential,PJ,10.192336136182453
DeKalb,2022,Natural Gas,transport,PJ,0.7437905912518563
DeKalb,2022,Petroleum,Small-scale generation,PJ,5.697e-4
DeKalb,2022,Petroleum,commercial,PJ,1.8908304754795755
DeKalb,2022,Petroleum,industrial,PJ,6.159326787643944
DeKalb,2022,Petroleum,residential,PJ,0.5632653406276458
DeKalb,2022,Petroleum,transport,PJ,63.888970675345924
DeKalb,2022,Pole Bridge Creek,South River Tributary_ds,MGD,10.641105918967602
DeKalb,2022,Renewables,Small-scale generation,PJ,4.2116022e-4
DeKalb,2022,Renewables,commercial,PJ,0.01909763849043557
DeKalb,2022,Renewables,industrial,PJ,4.426446684696626e-4
DeKalb,2022,Renewables,residential,PJ,0.08300304345725687
DeKalb,2022,Small-scale generation,commercial,PJ,1.7999999999999998e-4
DeKalb,2022,Small-scale generation,electricity,PJ,4.212e-4
DeKalb,2022,Snapfinger Creek,South River_ds,MGD,28.524017880977592
DeKalb,2022,agricultural,Water Losses,MGD,0
DeKalb,2022,agricultural,wastewater,MGD,0
DeKalb,2022,commercial,Water Losses,MGD,3.3448485025819874
DeKalb,2022,commercial,energy_services,PJ,9.3660991454936
DeKalb,2022,commercial,rejected_energy,PJ,5.043284155265783
DeKalb,2022,commercial,wastewater,MGD,15.110347477447378
DeKalb,2022,distribute_groundwater,industrial,PJ,5.137907633840707e-4
DeKalb,2022,distribute_groundwater,residential,PJ,0
DeKalb,2022,distribute_surfaceWater,industrial,PJ,9.541828462847025e-4
DeKalb,2022,distribute_surfaceWater,publicWatSup,PJ,0.11217712344495699
DeKalb,2022,elec_import,electricity,PJ,23.47277612168808
DeKalb,2022,electricity,Energy Losses,PJ,1.328671546510646
DeKalb,2022,electricity,commercial,PJ,8.20038394072342
DeKalb,2022,electricity,distribute_groundwater,PJ,5.137907633840707e-4
DeKalb,2022,electricity,distribute_surfaceWater,PJ,0.1131313062912417
DeKalb,2022,electricity,en4water,PJ,0.5057505302622561
DeKalb,2022,electricity,en_wwdist,PJ,0.11534312697931295
DeKalb,2022,electricity,en_wwtreat,PJ,0.21673439097931294
DeKalb,2022,electricity,extract_groundwater,PJ,3.523854625210267e-4
DeKalb,2022,electricity,extract_surfaceWater,PJ,0.01551831233028473
DeKalb,2022,electricity,government,PJ,0.07586090480757751
DeKalb,2022,electricity,industrial,PJ,6.004309114356869
DeKalb,2022,electricity,residential,PJ,7.322048362719972
DeKalb,2022,electricity,transport,PJ,0.03617292230734082
DeKalb,2022,electricity,treat_groundwater,PJ,1.0127606393628315e-4
DeKalb,2022,electricity,treat_surfaceWater,PJ,0.044055941392262384
DeKalb,2022,en4water,energy_services,PJ,0.3287378446704665
DeKalb,2022,en4water,rejected_energy,PJ,0.17701268559178962
DeKalb,2022,en_wwdist,in-county treatment,PJ,0.101391264
DeKalb,2022,en_wwdist,ww_exports,PJ,0.013951862979312958
DeKalb,2022,en_wwtreat,in-county treatment,PJ,0.202782528
DeKalb,2022,en_wwtreat,ww_exports,PJ,0.013951862979312958
DeKalb,2022,extract_groundwater,agricultural,PJ,0
DeKalb,2022,extract_groundwater,industrial,PJ,3.523854625210267e-4
DeKalb,2022,extract_groundwater,residential,PJ,0
DeKalb,2022,extract_surfaceWater,industrial,PJ,1.3088602893638137e-4
DeKalb,2022,extract_surfaceWater,publicWatSup,PJ,0.015387426301348348
DeKalb,2022,government,energy_services,PJ,0.049309588124925384
DeKalb,2022,government,rejected_energy,PJ,0.02655131668265213
DeKalb,2022,groundwater,agricultural,MGD,0
DeKalb,2022,groundwater,industrial,MGD,0.3759738053097344
DeKalb,2022,groundwater,residential,MGD,0
DeKalb,2022,industrial,Disposal,MGD,1.0742108723135269
DeKalb,2022,industrial,energy_services,PJ,18.759822454661904
DeKalb,2022,industrial,rejected_energy,PJ,19.525529493627698
DeKalb,2022,industrial,wastewater,MGD,0
DeKalb,2022,publicWatSup,Water Losses,MGD,17.25029315
DeKalb,2022,publicWatSup,agricultural,MGD,0
DeKalb,2022,publicWatSup,commercial,MGD,18.455195980029366
DeKalb,2022,publicWatSup,industrial,MGD,0
DeKalb,2022,publicWatSup,residential,MGD,46.381739710970635
DeKalb,2022,residential,Water Losses,MGD,9.067429654171441
DeKalb,2022,residential,energy_services,PJ,12.085286104791335
DeKalb,2022,residential,rejected_energy,PJ,6.507461748733794
DeKalb,2022,residential,septic,MGD,2.9616438356164383
DeKalb,2022,residential,wastewater,MGD,34.35266622118276
DeKalb,2022,subsurface,wastewater,MGD,24.731506849315068
DeKalb,2022,transport,energy_services,PJ,43.80231320492669
DeKalb,2022,transport,rejected_energy,PJ,23.585860956498983
DeKalb,2022,treat_groundwater,industrial,PJ,1.0127606393628315e-4
DeKalb,2022,treat_groundwater,residential,PJ,0
DeKalb,2022,treat_surfaceWater,industrial,PJ,3.7158081994740825e-4
DeKalb,2022,treat_surfaceWater,publicWatSup,PJ,0.04368436057231498
DeKalb,2022,wastewater,Atlanta RM Clayton WRC,MGD,34.736230821
DeKalb,2022,wastewater,Atlanta South River WRC,MGD,4.722404015
DeKalb,2022,wastewater,CLAYTON NORTHEAST WRF,MGD,0.179500445
DeKalb,2022,wastewater,Gwinnett  F.W. Hill,MGD,0.496
DeKalb,2022,wastewater,Pole Bridge Creek,MGD,9.179105918967602
DeKalb,2022,wastewater,Snapfinger Creek,MGD,24.881279347977593
DeKalb,2022,ww_imports,Pole Bridge Creek,MGD,1.462
DeKalb,2022,ww_imports,Snapfinger Creek,MGD,3.6427385329999997
DeKalb,2023,Basins,industrial,MGD,0.6982370670037925
DeKalb,2023,Biomass,commercial,PJ,0.06554418505848289
DeKalb,2023,Biomass,industrial,PJ,13.237362201392264
DeKalb,2023,Biomass,residential,PJ,0.36463072335886737
DeKalb,2023,Biomass,transport,PJ,2.975559534202479
DeKalb,2023,Chattahoochee River,publicWatSup,MGD,83.28018216
DeKalb,2023,Coal,industrial,PJ,0.32083695501811577
DeKalb,2023,Natural Gas,commercial,PJ,3.857879468933878
DeKalb,2023,Natural Gas,industrial,PJ,11.763533459155429
DeKalb,2023,Natural Gas,residential,PJ,9.168716068102729
DeKalb,2023,Natural Gas,transport,PJ,0.9298486231145893
DeKalb,2023,Petroleum,commercial,PJ,1.7861705850015621
DeKalb,2023,Petroleum,industrial,PJ,6.212709938828311
DeKalb,2023,Petroleum,residential,PJ,0.5135881226984811
DeKalb,2023,Petroleum,transport,PJ,68.45647065314287
DeKalb,2023,Pole Bridge Creek,South River Tributary_ds,MGD,10.843546854036008
DeKalb,2023,Renewables,Small-scale generation,PJ,0
DeKalb,2023,Renewables,commercial,PJ,0.022191112359673016
DeKalb,2023,Renewables,industrial,PJ,4.394023579339636e-4
DeKalb,2023,Renewables,residential,PJ,0.09991078990290907
DeKalb,2023,Snapfinger Creek,South River_ds,MGD,29.249911184676318
DeKalb,2023,agricultural,Water Losses,MGD,0
DeKalb,2023,agricultural,wastewater,MGD,0
DeKalb,2023,commercial,Water Losses,MGD,3.398521590875653
DeKalb,2023,commercial,energy_services,PJ,9.02214350598005
DeKalb,2023,commercial,rejected_energy,PJ,4.858077272450796
DeKalb,2023,commercial,wastewater,MGD,15.324879170462278
DeKalb,2023,distribute_groundwater,industrial,PJ,5.137907633840707e-4
DeKalb,2023,distribute_groundwater,residential,PJ,0
DeKalb,2023,distribute_surfaceWater,industrial,PJ,9.541828462847025e-4
DeKalb,2023,distribute_surfaceWater,publicWatSup,PJ,0.11380736573256958
DeKalb,2023,elec_import,electricity,PJ,22.82971923429048
DeKalb,2023,electricity,Energy Losses,PJ,1.292248258544744
DeKalb,2023,electricity,commercial,PJ,8.148435427077251
DeKalb,2023,electricity,distribute_groundwater,PJ,5.137907633840707e-4
DeKalb,2023,electricity,distribute_surfaceWater,PJ,0.11476154857885429
DeKalb,2023,electricity,en4water,PJ,0.5136217587245957
DeKalb,2023,electricity,en_wwdist,PJ,0.1172986862594976
DeKalb,2023,electricity,en_wwtreat,PJ,0.22016134225949763
DeKalb,2023,electricity,extract_groundwater,PJ,3.523854625210267e-4
DeKalb,2023,electricity,extract_surfaceWater,PJ,0.015741933976870185
DeKalb,2023,electricity,government,PJ,0.06998892386099892
DeKalb,2023,electricity,industrial,PJ,5.866580748073612
DeKalb,2023,electricity,residential,PJ,6.902828201782251
DeKalb,2023,electricity,transport,PJ,0.03601591622702367
DeKalb,2023,electricity,treat_groundwater,PJ,1.0127606393628315e-4
DeKalb,2023,electricity,treat_surfaceWater,PJ,0.044690795360034605
DeKalb,2023,en4water,energy_services,PJ,0.33385414317098716
DeKalb,2023,en4water,rejected_energy,PJ,0.17976761555360846
DeKalb,2023,en_wwdist,in-county treatment,PJ,0.10286265600000001
DeKalb,2023,en_wwdist,ww_exports,PJ,0.014436030259497601
DeKalb,2023,en_wwtreat,in-county treatment,PJ,0.20572531200000002
DeKalb,2023,en_wwtreat,ww_exports,PJ,0.014436030259497601
DeKalb,2023,extract_groundwater,agricultural,PJ,0
DeKalb,2023,extract_groundwater,industrial,PJ,3.523854625210267e-4
DeKalb,2023,extract_groundwater,residential,PJ,0
DeKalb,2023,extract_surfaceWater,industrial,PJ,1.3088602893638137e-4
DeKalb,2023,extract_surfaceWater,publicWatSup,PJ,0.015611047947933804
DeKalb,2023,government,energy_services,PJ,0.045492800509649295
DeKalb,2023,government,rejected_energy,PJ,0.024496123351349618
DeKalb,2023,groundwater,agricultural,MGD,0
DeKalb,2023,groundwater,industrial,MGD,0.3759738053097344
DeKalb,2023,groundwater,residential,MGD,0
DeKalb,2023,industrial,Disposal,MGD,1.0742108723135269
DeKalb,2023,industrial,energy_services,PJ,18.326716725364577
DeKalb,2023,industrial,rejected_energy,PJ,19.07474597946109
DeKalb,2023,industrial,wastewater,MGD,0
DeKalb,2023,publicWatSup,Water Losses,MGD,17.50098737
DeKalb,2023,publicWatSup,agricultural,MGD,0
DeKalb,2023,publicWatSup,commercial,MGD,18.72340076133793
DeKalb,2023,publicWatSup,industrial,MGD,0
DeKalb,2023,publicWatSup,residential,MGD,47.05579402866206
DeKalb,2023,residential,Water Losses,MGD,9.235467719672286
DeKalb,2023,residential,energy_services,PJ,11.082288038799405
DeKalb,2023,residential,rejected_energy,PJ,5.967385867045833
DeKalb,2023,residential,septic,MGD,2.9643835616438357
DeKalb,2023,residential,wastewater,MGD,34.85594274734594
DeKalb,2023,subsurface,wastewater,MGD,25.09041095890411
DeKalb,2023,transport,energy_services,PJ,47.05863157234653
DeKalb,2023,transport,rejected_energy,PJ,25.339263154340436
DeKalb,2023,treat_groundwater,industrial,PJ,1.0127606393628315e-4
DeKalb,2023,treat_groundwater,residential,PJ,0
DeKalb,2023,treat_surfaceWater,industrial,PJ,3.7158081994740825e-4
DeKalb,2023,treat_surfaceWater,publicWatSup,PJ,0.04431921454008719
DeKalb,2023,wastewater,Atlanta RM Clayton WRC,MGD,35.033288839
DeKalb,2023,wastewater,Atlanta South River WRC,MGD,4.750338242
DeKalb,2023,wastewater,CLAYTON NORTHEAST WRF,MGD,0.180034487
DeKalb,2023,wastewater,Gwinnett  F.W. Hill,MGD,0.496
DeKalb,2023,wastewater,Pole Bridge Creek,MGD,9.381546854036008
DeKalb,2023,wastewater,Snapfinger Creek,MGD,25.43002445467632
DeKalb,2023,ww_imports,Pole Bridge Creek,MGD,1.462
DeKalb,2023,ww_imports,Snapfinger Creek,MGD,3.8198867300000003
DeKalb,2024,Basins,industrial,MGD,0.6982370670037925
DeKalb,2024,Biomass,commercial,PJ,0.0650524160155401
DeKalb,2024,Biomass,industrial,PJ,12.719600779762558
DeKalb,2024,Biomass,residential,PJ,0.3392174587089673
DeKalb,2024,Biomass,transport,PJ,2.866303939187513
DeKalb,2024,Chattahoochee River,publicWatSup,MGD,84.254109675
DeKalb,2024,Coal,industrial,PJ,0.3339115074585377
DeKalb,2024,Natural Gas,commercial,PJ,4.146346507287712
DeKalb,2024,Natural Gas,industrial,PJ,11.717066730486195
DeKalb,2024,Natural Gas,residential,PJ,9.845446940094957
DeKalb,2024,Natural Gas,transport,PJ,0.8848582263387545
DeKalb,2024,Petroleum,Small-scale generation,PJ,5.79195e-4
DeKalb,2024,Petroleum,commercial,PJ,1.678061596146117
DeKalb,2024,Petroleum,industrial,PJ,6.0208736682271295
DeKalb,2024,Petroleum,residential,PJ,0.6026979146378308
DeKalb,2024,Petroleum,transport,PJ,66.98792527372761
DeKalb,2024,Pole Bridge Creek,South River Tributary_ds,MGD,10.989484325607357
DeKalb,2024,Renewables,Small-scale generation,PJ,0
DeKalb,2024,Renewables,commercial,PJ,0.02907125983137611
DeKalb,2024,Renewables,industrial,PJ,4.361055822270845e-4
DeKalb,2024,Renewables,residential,PJ,0.11285408102925269
DeKalb,2024,Small-scale generation,commercial,PJ,1.7999999999999998e-4
DeKalb,2024,Snapfinger Creek,South River_ds,MGD,29.815761719694
DeKalb,2024,agricultural,Water Losses,MGD,0
DeKalb,2024,agricultural,wastewater,MGD,0
DeKalb,2024,commercial,Water Losses,MGD,3.4448831672681166
DeKalb,2024,commercial,energy_services,PJ,9.336207960647258
DeKalb,2024,commercial,rejected_energy,PJ,5.027188901886984
DeKalb,2024,commercial,wastewater,MGD,15.49748007371062
DeKalb,2024,distribute_groundwater,industrial,PJ,5.137907633840707e-4
DeKalb,2024,distribute_groundwater,residential,PJ,0
DeKalb,2024,distribute_surfaceWater,industrial,PJ,9.541828462847025e-4
DeKalb,2024,distribute_surfaceWater,publicWatSup,PJ,0.115138296117468
DeKalb,2024,elec_import,electricity,PJ,23.483309573130818
DeKalb,2024,electricity,Energy Losses,PJ,1.3292439381017445
DeKalb,2024,electricity,commercial,PJ,8.444685083253498
DeKalb,2024,electricity,distribute_groundwater,PJ,5.137907633840707e-4
DeKalb,2024,electricity,distribute_surfaceWater,PJ,0.1160924789637527
DeKalb,2024,electricity,en4water,PJ,0.5201054965305374
DeKalb,2024,electricity,en_wwdist,PJ,0.11893778807118623
DeKalb,2024,electricity,en_wwtreat,PJ,0.22297418807118619
DeKalb,2024,electricity,extract_groundwater,PJ,3.523854625210267e-4
DeKalb,2024,electricity,extract_surfaceWater,PJ,0.015924498768878765
DeKalb,2024,electricity,government,PJ,0.06410429629966449
DeKalb,2024,electricity,industrial,PJ,5.866795871208398
DeKalb,2024,electricity,residential,PJ,7.220757370965572
DeKalb,2024,electricity,transport,PJ,0.037617516771402036
DeKalb,2024,electricity,treat_groundwater,PJ,1.0127606393628315e-4
DeKalb,2024,electricity,treat_surfaceWater,PJ,0.04520909036569216
DeKalb,2024,en4water,energy_services,PJ,0.3380685727448493
DeKalb,2024,en4water,rejected_energy,PJ,0.18203692378568806
DeKalb,2024,en_wwdist,in-county treatment,PJ,0.10403639999999997
DeKalb,2024,en_wwdist,ww_exports,PJ,0.01490138807118624
DeKalb,2024,en_wwtreat,in-county treatment,PJ,0.20807279999999995
DeKalb,2024,en_wwtreat,ww_exports,PJ,0.01490138807118624
DeKalb,2024,extract_groundwater,agricultural,PJ,0
DeKalb,2024,extract_groundwater,industrial,PJ,3.523854625210267e-4
DeKalb,2024,extract_groundwater,residential,PJ,0
DeKalb,2024,extract_surfaceWater,industrial,PJ,1.3088602893638137e-4
DeKalb,2024,extract_surfaceWater,publicWatSup,PJ,0.015793612739942387
DeKalb,2024,government,energy_services,PJ,0.04166779259478192
DeKalb,2024,government,rejected_energy,PJ,0.02243650370488257
DeKalb,2024,groundwater,agricultural,MGD,0
DeKalb,2024,groundwater,industrial,MGD,0.3759738053097344
DeKalb,2024,groundwater,residential,MGD,0
DeKalb,2024,industrial,Disposal,MGD,1.0742108723135269
DeKalb,2024,industrial,energy_services,PJ,17.962755484735272
DeKalb,2024,industrial,rejected_energy,PJ,18.695929177989772
DeKalb,2024,industrial,wastewater,MGD,0
DeKalb,2024,publicWatSup,Water Losses,MGD,17.70565423
DeKalb,2024,publicWatSup,agricultural,MGD,0
DeKalb,2024,publicWatSup,commercial,MGD,18.942363240978736
DeKalb,2024,publicWatSup,industrial,MGD,0
DeKalb,2024,publicWatSup,residential,MGD,47.60609220402126
DeKalb,2024,residential,Water Losses,MGD,9.383024332526396
DeKalb,2024,residential,energy_services,PJ,11.778632947533778
DeKalb,2024,residential,rejected_energy,PJ,6.342340817902803
DeKalb,2024,residential,septic,MGD,2.967123287671233
DeKalb,2024,residential,wastewater,MGD,35.25594458382363
DeKalb,2024,subsurface,wastewater,MGD,25.376712328767123
DeKalb,2024,transport,energy_services,PJ,46.004858221416434
DeKalb,2024,transport,rejected_energy,PJ,24.771846734608847
DeKalb,2024,treat_groundwater,industrial,PJ,1.0127606393628315e-4
DeKalb,2024,treat_groundwater,residential,PJ,0
DeKalb,2024,treat_surfaceWater,industrial,PJ,3.7158081994740825e-4
DeKalb,2024,treat_surfaceWater,publicWatSup,PJ,0.044837509545744746
DeKalb,2024,wastewater,Atlanta RM Clayton WRC,MGD,35.329316862
DeKalb,2024,wastewater,Atlanta South River WRC,MGD,4.771124632
DeKalb,2024,wastewater,CLAYTON NORTHEAST WRF,MGD,0.18060232399999998
DeKalb,2024,wastewater,Gwinnett  F.W. Hill,MGD,0.496
DeKalb,2024,wastewater,Pole Bridge Creek,MGD,9.527484325607357
DeKalb,2024,wastewater,Snapfinger Creek,MGD,25.825608842694
DeKalb,2024,ww_imports,Pole Bridge Creek,MGD,1.462
DeKalb,2024,ww_imports,Snapfinger Creek,MGD,3.990152877
Douglas,2020,Basins,industrial,MGD,0.11669973451327433
Douglas,2020,Bear Creek Reservoir,publicWatSup,MGD,0.20626010157251912
Douglas,2020,Biomass,commercial,PJ,0.012728035972237855
Douglas,2020,Biomass,industrial,PJ,2.581615448170148
Douglas,2020,Biomass,residential,PJ,0.06393882651528647
Douglas,2020,Biomass,transport,PJ,0.5128474114311078
Douglas,2020,Coal,industrial,PJ,0.09812675777479463
Douglas,2020,Cowens Lake (Astin Creek),publicWatSup,MGD,0
Douglas,2020,Dog River Reservoir,publicWatSup,MGD,12.066215941992366
Douglas,2020,Douglas Beaver Estates WPCP,Chattahoochee River_ds,MGD,0
Douglas,2020,Douglas Northside WPCP,Gothards Creek to Sweetwater Creek_ds,MGD,0.22883821481281308
Douglas,2020,Douglas Rebel Trails WPCP,Anneewakee Creek Tributary_ds,MGD,0.00994948760055709
Douglas,2020,Douglas South Central Urban Water Reuse Facility,Reuse,MGD,0
Douglas,2020,Douglas SouthCentral WPCP,Chattahoochee River_ds,MGD,8.095300891762113
Douglas,2020,Douglas Southside WPCP,Chattahoochee River_ds,MGD,0
Douglas,2020,Douglas St. Andrews LAS,Land Application,MGD,0
Douglas,2020,Douglas Sweetwater Creek WPCP,Chattahoochee River_ds,MGD,2.4575234373376014
Douglas,2020,Lake Paradise (Little Tallapoosa River),publicWatSup,MGD,1.2375606094351148
Douglas,2020,Natural Gas,commercial,PJ,0.7373159251582612
Douglas,2020,Natural Gas,industrial,PJ,2.2401201098446197
Douglas,2020,Natural Gas,residential,PJ,1.7499982866633848
Douglas,2020,Natural Gas,transport,PJ,0.1095464369767019
Douglas,2020,Petroleum,commercial,PJ,0.32876730235329016
Douglas,2020,Petroleum,industrial,PJ,1.0548626460790425
Douglas,2020,Petroleum,residential,PJ,0.12207537517954162
Douglas,2020,Petroleum,transport,PJ,11.616515789495802
Douglas,2020,Renewables,commercial,PJ,0.002553764794447571
Douglas,2020,Renewables,industrial,PJ,8.532761545634316e-5
Douglas,2020,Renewables,residential,PJ,0.010484661031887485
Douglas,2020,Villa Rica North Sweetwater WPCP,Town Branch to Sweetwater Creek_ds,MGD,0.3880300164217265
Douglas,2020,Villa Rica Tallapoosa West WPCP(1/2 assumed from Douglas Co),Little Tallapoosa Creek_ds,MGD,0.5770702808323112
Douglas,2020,agricultural,Water Losses,MGD,0
Douglas,2020,agricultural,wastewater,MGD,0
Douglas,2020,commercial,Water Losses,MGD,0.8453554210903287
Douglas,2020,commercial,energy_services,PJ,1.6641779213431769
Douglas,2020,commercial,rejected_energy,PJ,0.8960958038001721
Douglas,2020,commercial,wastewater,MGD,1.1643835616438356
Douglas,2020,distribute_groundwater,industrial,PJ,8.587233264424777e-5
Douglas,2020,distribute_groundwater,residential,PJ,0
Douglas,2020,distribute_surfaceWater,industrial,PJ,1.5947718919646017e-4
Douglas,2020,distribute_surfaceWater,publicWatSup,PJ,0.01846227568852368
Douglas,2020,elec_import,electricity,PJ,4.247694179486808
Douglas,2020,electricity,Energy Losses,PJ,0.24043551959359288
Douglas,2020,electricity,commercial,PJ,1.4789086968651122
Douglas,2020,electricity,distribute_groundwater,PJ,8.587233264424777e-5
Douglas,2020,electricity,distribute_surfaceWater,PJ,0.01862175287772014
Douglas,2020,electricity,en4water,PJ,0.08553429138520581
Douglas,2020,electricity,en_wwdist,PJ,0.0237189888
Douglas,2020,electricity,en_wwtreat,PJ,0.0332257536
Douglas,2020,electricity,extract_groundwater,PJ,5.8895884887643524e-5
Douglas,2020,electricity,extract_surfaceWater,PJ,0.0025543608287338557
Douglas,2020,electricity,government,PJ,0.01597138851127488
Douglas,2020,electricity,industrial,PJ,1.0695664544450663
Douglas,2020,electricity,residential,PJ,1.3504544178723192
Douglas,2020,electricity,transport,PJ,0.006823410814237509
Douglas,2020,electricity,treat_groundwater,PJ,1.6926757876991145e-5
Douglas,2020,electricity,treat_surfaceWater,PJ,0.00725174030334294
Douglas,2020,en4water,energy_services,PJ,0.05559728940038378
Douglas,2020,en4water,rejected_energy,PJ,0.02993700198482203
Douglas,2020,en_wwdist,in-county treatment,PJ,0.0095067648
Douglas,2020,en_wwdist,ww_exports,PJ,0.014212224
Douglas,2020,en_wwtreat,in-county treatment,PJ,0.0190135296
Douglas,2020,en_wwtreat,ww_exports,PJ,0.014212224
Douglas,2020,extract_groundwater,agricultural,PJ,0
Douglas,2020,extract_groundwater,industrial,PJ,5.8895884887643524e-5
Douglas,2020,extract_groundwater,residential,PJ,0
Douglas,2020,extract_surfaceWater,industrial,PJ,2.1875614386839028e-5
Douglas,2020,extract_surfaceWater,publicWatSup,PJ,0.0025324852143470164
Douglas,2020,government,energy_services,PJ,0.010381402532328672
Douglas,2020,government,rejected_energy,PJ,0.0055899859789462075
Douglas,2020,groundwater,agricultural,MGD,0
Douglas,2020,groundwater,industrial,MGD,0.06283831858407078
Douglas,2020,groundwater,residential,MGD,0
Douglas,2020,industrial,Disposal,MGD,0.2687723803576191
Douglas,2020,industrial,energy_services,PJ,3.4517446045252727
Douglas,2020,industrial,rejected_energy,PJ,3.592632139403855
Douglas,2020,industrial,wastewater,MGD,0.273972602739726
Douglas,2020,publicWatSup,Water Losses,MGD,2.668494263
Douglas,2020,publicWatSup,agricultural,MGD,0
Douglas,2020,publicWatSup,commercial,MGD,2.0097389827341643
Douglas,2020,publicWatSup,industrial,MGD,0.36320693
Douglas,2020,publicWatSup,residential,MGD,8.468596477265836
Douglas,2020,residential,Water Losses,MGD,1.3535279841151509
Douglas,2020,residential,energy_services,PJ,2.1430185187205724
Douglas,2020,residential,rejected_energy,PJ,1.1539330485418469
Douglas,2020,residential,septic,MGD,2.756164383561644
Douglas,2020,residential,wastewater,MGD,4.358904109589041
Douglas,2020,subsurface,wastewater,MGD,1.1594520547945206
Douglas,2020,transport,energy_services,PJ,7.9597264816666025
Douglas,2020,transport,rejected_energy,PJ,4.286006567051247
Douglas,2020,treat_groundwater,industrial,PJ,1.6926757876991145e-5
Douglas,2020,treat_groundwater,residential,PJ,0
Douglas,2020,treat_surfaceWater,industrial,PJ,6.21040977159292e-5
Douglas,2020,treat_surfaceWater,publicWatSup,PJ,0.00718963620562701
Douglas,2020,wastewater,COBB RL SUTTON WRF,MGD,0.4
Douglas,2020,wastewater,Douglas Beaver Estates WPCP,MGD,0
Douglas,2020,wastewater,Douglas Northside WPCP,MGD,0.22883821481281308
Douglas,2020,wastewater,Douglas Rebel Trails WPCP,MGD,0.00994948760055709
Douglas,2020,wastewater,Douglas South Central Urban Water Reuse Facility,MGD,0
Douglas,2020,wastewater,Douglas SouthCentral WPCP,MGD,2.8953008917621132
Douglas,2020,wastewater,Douglas Southside WPCP,MGD,0
Douglas,2020,wastewater,Douglas St. Andrews LAS,MGD,0
Douglas,2020,wastewater,Douglas Sweetwater Creek WPCP,MGD,2.4575234373376014
Douglas,2020,wastewater,Villa Rica North Sweetwater WPCP,MGD,0.3880300164217265
Douglas,2020,wastewater,Villa Rica Tallapoosa West WPCP(1/2 assumed from Douglas Co),MGD,0.5770702808323112
Douglas,2020,ww_imports,Douglas SouthCentral WPCP,MGD,5.2
Douglas,2021,Basins,industrial,MGD,0.11669973451327433
Douglas,2021,Bear Creek Reservoir,publicWatSup,MGD,0.21030523224427483
Douglas,2021,Biomass,commercial,PJ,0.012755190932037072
Douglas,2021,Biomass,industrial,PJ,2.5882918948949505
Douglas,2021,Biomass,residential,PJ,0.06625573479669312
Douglas,2021,Biomass,transport,PJ,0.534720406446962
Douglas,2021,Coal,industrial,PJ,0.10343818523432968
Douglas,2021,Cowens Lake (Astin Creek),publicWatSup,MGD,0
Douglas,2021,Dog River Reservoir,publicWatSup,MGD,12.302856086290076
Douglas,2021,Douglas Beaver Estates WPCP,Chattahoochee River_ds,MGD,0
Douglas,2021,Douglas Northside WPCP,Gothards Creek to Sweetwater Creek_ds,MGD,0.2317833163572869
Douglas,2021,Douglas Rebel Trails WPCP,Anneewakee Creek Tributary_ds,MGD,0.010077535493795083
Douglas,2021,Douglas South Central Urban Water Reuse Facility,Reuse,MGD,0
Douglas,2021,Douglas SouthCentral WPCP,Chattahoochee River_ds,MGD,9.13256282869437
Douglas,2021,Douglas Southside WPCP,Chattahoochee River_ds,MGD,0
Douglas,2021,Douglas St. Andrews LAS,Land Application,MGD,0
Douglas,2021,Douglas Sweetwater Creek WPCP,Chattahoochee River_ds,MGD,2.4891512669673856
Douglas,2021,Lake Paradise (Little Tallapoosa River),publicWatSup,MGD,1.261831393465649
Douglas,2021,Natural Gas,commercial,PJ,0.7768837632259272
Douglas,2021,Natural Gas,industrial,PJ,2.371026100750923
Douglas,2021,Natural Gas,residential,PJ,1.853877929409214
Douglas,2021,Natural Gas,transport,PJ,0.11546654405739035
Douglas,2021,Petroleum,commercial,PJ,0.35191500523440383
Douglas,2021,Petroleum,industrial,PJ,1.164328032140296
Douglas,2021,Petroleum,residential,PJ,0.11255921562148469
Douglas,2021,Petroleum,transport,PJ,12.153245681314782
Douglas,2021,Renewables,commercial,PJ,0.003143511795584532
Douglas,2021,Renewables,industrial,PJ,8.550965987957814e-5
Douglas,2021,Renewables,residential,PJ,0.011809808263381781
Douglas,2021,Villa Rica North Sweetwater WPCP,Town Branch to Sweetwater Creek_ds,MGD,0.39302388425800827
Douglas,2021,Villa Rica Tallapoosa West WPCP(1/2 assumed from Douglas Co),Little Tallapoosa Creek_ds,MGD,0.5844970586401148
Douglas,2021,agricultural,Water Losses,MGD,0
Douglas,2021,agricultural,wastewater,MGD,0
Douglas,2021,commercial,Water Losses,MGD,0.8655919278290258
Douglas,2021,commercial,energy_services,PJ,1.7348674246954805
Douglas,2021,commercial,rejected_energy,PJ,0.9341593825283355
Douglas,2021,commercial,wastewater,MGD,1.1835616438356165
Douglas,2021,distribute_groundwater,industrial,PJ,8.587233264424777e-5
Douglas,2021,distribute_groundwater,residential,PJ,0
Douglas,2021,distribute_surfaceWater,industrial,PJ,1.5947718919646017e-4
Douglas,2021,distribute_surfaceWater,publicWatSup,PJ,0.018824354040510718
Douglas,2021,elec_import,electricity,PJ,4.373439216411619
Douglas,2021,electricity,Energy Losses,PJ,0.24755316319311046
Douglas,2021,electricity,commercial,PJ,1.5243293360358634
Douglas,2021,electricity,distribute_groundwater,PJ,8.587233264424777e-5
Douglas,2021,electricity,distribute_surfaceWater,PJ,0.01898383122970718
Douglas,2021,electricity,en4water,PJ,0.09222719798204798
Douglas,2021,electricity,en_wwdist,PJ,0.0266767488
Douglas,2021,electricity,en_wwtreat,PJ,0.0364081536
Douglas,2021,electricity,extract_groundwater,PJ,5.8895884887643524e-5
Douglas,2021,electricity,extract_surfaceWater,PJ,0.002604027407670941
Douglas,2021,electricity,government,PJ,0.015359399106009421
Douglas,2021,electricity,industrial,PJ,1.131776776776556
Douglas,2021,electricity,residential,PJ,1.3552401192460382
Douglas,2021,electricity,transport,PJ,0.006953224071993669
Douglas,2021,electricity,treat_groundwater,PJ,1.6926757876991145e-5
Douglas,2021,electricity,treat_surfaceWater,PJ,0.007392741969260969
Douglas,2021,en4water,energy_services,PJ,0.05994767868833119
Douglas,2021,en4water,rejected_energy,PJ,0.03227951929371679
Douglas,2021,en_wwdist,in-county treatment,PJ,0.009731404800000001
Douglas,2021,en_wwdist,ww_exports,PJ,0.016945343999999998
Douglas,2021,en_wwtreat,in-county treatment,PJ,0.019462809600000002
Douglas,2021,en_wwtreat,ww_exports,PJ,0.016945343999999998
Douglas,2021,extract_groundwater,agricultural,PJ,0
Douglas,2021,extract_groundwater,industrial,PJ,5.8895884887643524e-5
Douglas,2021,extract_groundwater,residential,PJ,0
Douglas,2021,extract_surfaceWater,industrial,PJ,2.1875614386839028e-5
Douglas,2021,extract_surfaceWater,publicWatSup,PJ,0.002582151793284102
Douglas,2021,government,energy_services,PJ,0.009983609418906124
Douglas,2021,government,rejected_energy,PJ,0.005375789687103297
Douglas,2021,groundwater,agricultural,MGD,0
Douglas,2021,groundwater,industrial,MGD,0.06283831858407078
Douglas,2021,groundwater,residential,MGD,0
Douglas,2021,industrial,Disposal,MGD,0.27041606730282447
Douglas,2021,industrial,energy_services,PJ,3.605883784733898
Douglas,2021,industrial,rejected_energy,PJ,3.753062714723037
Douglas,2021,industrial,wastewater,MGD,0.27945205479452057
Douglas,2021,publicWatSup,Water Losses,MGD,2.720828223
Douglas,2021,publicWatSup,agricultural,MGD,0
Douglas,2021,publicWatSup,commercial,MGD,2.0491535716646423
Douglas,2021,publicWatSup,industrial,MGD,0.370330069
Douglas,2021,publicWatSup,residential,MGD,8.634680848335357
Douglas,2021,residential,Water Losses,MGD,1.385365779842206
Douglas,2021,residential,energy_services,PJ,2.2098328247689274
Douglas,2021,residential,rejected_energy,PJ,1.1899099825678838
Douglas,2021,residential,septic,MGD,2.778082191780822
Douglas,2021,residential,wastewater,MGD,4.471232876712329
Douglas,2021,subsurface,wastewater,MGD,1.1868493150684931
Douglas,2021,transport,energy_services,PJ,8.326750806329235
Douglas,2021,transport,rejected_energy,PJ,4.4836350495618955
Douglas,2021,treat_groundwater,industrial,PJ,1.6926757876991145e-5
Douglas,2021,treat_groundwater,residential,PJ,0
Douglas,2021,treat_surfaceWater,industrial,PJ,6.21040977159292e-5
Douglas,2021,treat_surfaceWater,publicWatSup,PJ,0.00733063787154504
Douglas,2021,wastewater,COBB RL SUTTON WRF,MGD,0.48
Douglas,2021,wastewater,Douglas Beaver Estates WPCP,MGD,0
Douglas,2021,wastewater,Douglas Northside WPCP,MGD,0.2317833163572869
Douglas,2021,wastewater,Douglas Rebel Trails WPCP,MGD,0.010077535493795083
Douglas,2021,wastewater,Douglas South Central Urban Water Reuse Facility,MGD,0
Douglas,2021,wastewater,Douglas SouthCentral WPCP,MGD,2.9325628286943695
Douglas,2021,wastewater,Douglas Southside WPCP,MGD,0
Douglas,2021,wastewater,Douglas St. Andrews LAS,MGD,0
Douglas,2021,wastewater,Douglas Sweetwater Creek WPCP,MGD,2.4891512669673856
Douglas,2021,wastewater,Villa Rica North Sweetwater WPCP,MGD,0.39302388425800827
Douglas,2021,wastewater,Villa Rica Tallapoosa West WPCP(1/2 assumed from Douglas Co),MGD,0.5844970586401148
Douglas,2021,ww_imports,Douglas SouthCentral WPCP,MGD,6.2
Douglas,2022,Basins,industrial,MGD,0.11669973451327433
Douglas,2022,Bear Creek Reservoir,publicWatSup,MGD,0.21407543006106874
Douglas,2022,Biomass,commercial,PJ,0.0127565932844576
Douglas,2022,Biomass,industrial,PJ,2.691056802769533
Douglas,2022,Biomass,residential,PJ,0.08348085683471303
Douglas,2022,Biomass,transport,PJ,0.5253578456668409
Douglas,2022,Coal,industrial,PJ,0.0929164599121554
Douglas,2022,Cowens Lake (Astin Creek),publicWatSup,MGD,0
Douglas,2022,Dog River Reservoir,publicWatSup,MGD,12.52341265857252
Douglas,2022,Douglas Beaver Estates WPCP,Chattahoochee River_ds,MGD,0
Douglas,2022,Douglas Northside WPCP,Gothards Creek to Sweetwater Creek_ds,MGD,0.23461367368574218
Douglas,2022,Douglas Rebel Trails WPCP,Anneewakee Creek Tributary_ds,MGD,0.010200594508075747
Douglas,2022,Douglas South Central Urban Water Reuse Facility,Reuse,MGD,0
Douglas,2022,Douglas SouthCentral WPCP,Chattahoochee River_ds,MGD,10.168373001850043
Douglas,2022,Douglas Southside WPCP,Chattahoochee River_ds,MGD,0
Douglas,2022,Douglas St. Andrews LAS,Land Application,MGD,0
Douglas,2022,Douglas Sweetwater Creek WPCP,Chattahoochee River_ds,MGD,2.5195468434947097
Douglas,2022,Lake Paradise (Little Tallapoosa River),publicWatSup,MGD,1.2844525803664124
Douglas,2022,Natural Gas,commercial,PJ,0.8177902751832841
Douglas,2022,Natural Gas,industrial,PJ,2.2626633192414243
Douglas,2022,Natural Gas,residential,PJ,1.9691619014609207
Douglas,2022,Natural Gas,transport,PJ,0.14370052904346536
Douglas,2022,Petroleum,commercial,PJ,0.36530892277167404
Douglas,2022,Petroleum,industrial,PJ,1.1899834823755089
Douglas,2022,Petroleum,residential,PJ,0.10882300528137852
Douglas,2022,Petroleum,transport,PJ,12.343365181102296
Douglas,2022,Renewables,Small-scale generation,PJ,0.019204186100000003
Douglas,2022,Renewables,commercial,PJ,0.003243628745890363
Douglas,2022,Renewables,industrial,PJ,8.55190611248554e-5
Douglas,2022,Renewables,residential,PJ,0.014589157161559141
Douglas,2022,Small-scale generation,electricity,PJ,0.019205999999999997
Douglas,2022,Villa Rica North Sweetwater WPCP,Town Branch to Sweetwater Creek_ds,MGD,0.39782318581495413
Douglas,2022,Villa Rica Tallapoosa West WPCP(1/2 assumed from Douglas Co),Little Tallapoosa Creek_ds,MGD,0.5916344814683933
Douglas,2022,agricultural,Water Losses,MGD,0
Douglas,2022,agricultural,wastewater,MGD,0
Douglas,2022,commercial,Water Losses,MGD,0.87767011399372
Douglas,2022,commercial,energy_services,PJ,1.8092201770346346
Douglas,2022,commercial,rejected_energy,PJ,0.9741954799417263
Douglas,2022,commercial,wastewater,MGD,1.2082191780821918
Douglas,2022,distribute_groundwater,industrial,PJ,8.587233264424777e-5
Douglas,2022,distribute_groundwater,residential,PJ,0
Douglas,2022,distribute_surfaceWater,industrial,PJ,1.5947718919646017e-4
Douglas,2022,distribute_surfaceWater,publicWatSup,PJ,0.019161823240628643
Douglas,2022,elec_import,electricity,PJ,4.517049022414757
Douglas,2022,electricity,Energy Losses,PJ,0.25676915221215607
Douglas,2022,electricity,commercial,PJ,1.5843162369910548
Douglas,2022,electricity,distribute_groundwater,PJ,8.587233264424777e-5
Douglas,2022,electricity,distribute_surfaceWater,PJ,0.019321300429825106
Douglas,2022,electricity,en4water,PJ,0.0988690579982127
Douglas,2022,electricity,en_wwdist,PJ,0.029630015999999995
Douglas,2022,electricity,en_wwtreat,PJ,0.03958156799999999
Douglas,2022,electricity,extract_groundwater,PJ,5.8895884887643524e-5
Douglas,2022,electricity,extract_surfaceWater,PJ,0.0026503183294410777
Douglas,2022,electricity,government,PJ,0.014656345862371307
Douglas,2022,electricity,industrial,PJ,1.1600340289615483
Douglas,2022,electricity,residential,PJ,1.414621582714291
Douglas,2022,electricity,transport,PJ,0.006988617675123183
Douglas,2022,electricity,treat_groundwater,PJ,1.6926757876991145e-5
Douglas,2022,electricity,treat_surfaceWater,PJ,0.00752416026353766
Douglas,2022,en4water,energy_services,PJ,0.06426488769883826
Douglas,2022,en4water,rejected_energy,PJ,0.034604170299374445
Douglas,2022,en_wwdist,in-county treatment,PJ,0.009951551999999999
Douglas,2022,en_wwdist,ww_exports,PJ,0.019678464
Douglas,2022,en_wwtreat,in-county treatment,PJ,0.019903103999999998
Douglas,2022,en_wwtreat,ww_exports,PJ,0.019678464
Douglas,2022,extract_groundwater,agricultural,PJ,0
Douglas,2022,extract_groundwater,industrial,PJ,5.8895884887643524e-5
Douglas,2022,extract_groundwater,residential,PJ,0
Douglas,2022,extract_surfaceWater,industrial,PJ,2.1875614386839028e-5
Douglas,2022,extract_surfaceWater,publicWatSup,PJ,0.002628442715054239
Douglas,2022,government,energy_services,PJ,0.00952662481054135
Douglas,2022,government,rejected_energy,PJ,0.005129721051829957
Douglas,2022,groundwater,agricultural,MGD,0
Douglas,2022,groundwater,industrial,MGD,0.06283831858407078
Douglas,2022,groundwater,residential,MGD,0
Douglas,2022,industrial,Disposal,MGD,0.2743153472754272
Douglas,2022,industrial,energy_services,PJ,3.624402410037434
Douglas,2022,industrial,rejected_energy,PJ,3.7723372022838606
Douglas,2022,industrial,wastewater,MGD,0.2821917808219178
Douglas,2022,publicWatSup,Water Losses,MGD,2.769605234
Douglas,2022,publicWatSup,agricultural,MGD,0
Douglas,2022,publicWatSup,commercial,MGD,2.085889292075912
Douglas,2022,publicWatSup,industrial,MGD,0.376969075
Douglas,2022,publicWatSup,residential,MGD,8.789477067924087
Douglas,2022,residential,Water Losses,MGD,1.4141346021706624
Douglas,2022,residential,energy_services,PJ,2.3339397272443607
Douglas,2022,residential,rejected_energy,PJ,1.2567367762085018
Douglas,2022,residential,septic,MGD,2.797260273972603
Douglas,2022,residential,wastewater,MGD,4.578082191780822
Douglas,2022,subsurface,wastewater,MGD,1.2136986301369863
Douglas,2022,transport,energy_services,PJ,8.462617912767023
Douglas,2022,transport,rejected_energy,PJ,4.556794260720704
Douglas,2022,treat_groundwater,industrial,PJ,1.6926757876991145e-5
Douglas,2022,treat_groundwater,residential,PJ,0
Douglas,2022,treat_surfaceWater,industrial,PJ,6.21040977159292e-5
Douglas,2022,treat_surfaceWater,publicWatSup,PJ,0.00746205616582173
Douglas,2022,wastewater,COBB RL SUTTON WRF,MGD,0.56
Douglas,2022,wastewater,Douglas Beaver Estates WPCP,MGD,0
Douglas,2022,wastewater,Douglas Northside WPCP,MGD,0.23461367368574218
Douglas,2022,wastewater,Douglas Rebel Trails WPCP,MGD,0.010200594508075747
Douglas,2022,wastewater,Douglas South Central Urban Water Reuse Facility,MGD,0
Douglas,2022,wastewater,Douglas SouthCentral WPCP,MGD,2.9683730018500425
Douglas,2022,wastewater,Douglas Southside WPCP,MGD,0
Douglas,2022,wastewater,Douglas St. Andrews LAS,MGD,0
Douglas,2022,wastewater,Douglas Sweetwater Creek WPCP,MGD,2.5195468434947097
Douglas,2022,wastewater,Villa Rica North Sweetwater WPCP,MGD,0.39782318581495413
Douglas,2022,wastewater,Villa Rica Tallapoosa West WPCP(1/2 assumed from Douglas Co),MGD,0.5916344814683933
Douglas,2022,ww_imports,Douglas SouthCentral WPCP,MGD,7.2
Douglas,2023,Basins,industrial,MGD,0.11669973451327433
Douglas,2023,Bear Creek Reservoir,publicWatSup,MGD,0.21768905743511455
Douglas,2023,Biomass,commercial,PJ,0.012749697338733702
Douglas,2023,Biomass,industrial,PJ,2.5749402709081677
Douglas,2023,Biomass,residential,PJ,0.07092820452464256
Douglas,2023,Biomass,transport,PJ,0.5788077682347363
Douglas,2023,Coal,industrial,PJ,0.06240941233630431
Douglas,2023,Cowens Lake (Astin Creek),publicWatSup,MGD,0
Douglas,2023,Dog River Reservoir,publicWatSup,MGD,12.734809859954199
Douglas,2023,Douglas Beaver Estates WPCP,Chattahoochee River_ds,MGD,0
Douglas,2023,Douglas Northside WPCP,Gothards Creek to Sweetwater Creek_ds,MGD,0.23698505415012366
Douglas,2023,Douglas Rebel Trails WPCP,Anneewakee Creek Tributary_ds,MGD,0.010303698006527116
Douglas,2023,Douglas South Central Urban Water Reuse Facility,Reuse,MGD,0
Douglas,2023,Douglas SouthCentral WPCP,Chattahoochee River_ds,MGD,11.19837611989939
Douglas,2023,Douglas Southside WPCP,Chattahoochee River_ds,MGD,0
Douglas,2023,Douglas St. Andrews LAS,Land Application,MGD,0
Douglas,2023,Douglas Sweetwater Creek WPCP,Chattahoochee River_ds,MGD,2.5450134076121977
Douglas,2023,Lake Paradise (Little Tallapoosa River),publicWatSup,MGD,1.3061343446106872
Douglas,2023,Natural Gas,commercial,PJ,0.7504372135275449
Douglas,2023,Natural Gas,industrial,PJ,2.288250149185245
Douglas,2023,Natural Gas,residential,PJ,1.7835045892902592
Douglas,2023,Natural Gas,transport,PJ,0.18087475654737634
Douglas,2023,Petroleum,commercial,PJ,0.34744705932035197
Douglas,2023,Petroleum,industrial,PJ,1.2085003620493129
Douglas,2023,Petroleum,residential,PJ,0.09990349434250217
Douglas,2023,Petroleum,transport,PJ,13.316197019258196
Douglas,2023,Renewables,Small-scale generation,PJ,0.01888741602
Douglas,2023,Renewables,commercial,PJ,0.0038829259532240975
Douglas,2023,Renewables,industrial,PJ,8.547283132111978e-5
Douglas,2023,Renewables,residential,PJ,0.018079903458566624
Douglas,2023,Small-scale generation,electricity,PJ,0.0188892
Douglas,2023,Villa Rica North Sweetwater WPCP,Town Branch to Sweetwater Creek_ds,MGD,0.4018442222545575
Douglas,2023,Villa Rica Tallapoosa West WPCP(1/2 assumed from Douglas Co),Little Tallapoosa Creek_ds,MGD,0.5976144843785727
Douglas,2023,agricultural,Water Losses,MGD,0
Douglas,2023,agricultural,wastewater,MGD,0
Douglas,2023,commercial,Water Losses,MGD,0.8937021752711238
Douglas,2023,commercial,energy_services,PJ,1.7547112922134869
Douglas,2023,commercial,rejected_energy,PJ,0.9448445419611082
Douglas,2023,commercial,wastewater,MGD,1.2273972602739727
Douglas,2023,distribute_groundwater,industrial,PJ,8.587233264424777e-5
Douglas,2023,distribute_groundwater,residential,PJ,0
Douglas,2023,distribute_surfaceWater,industrial,PJ,1.5947718919646017e-4
Douglas,2023,distribute_surfaceWater,publicWatSup,PJ,0.019485277870518722
Douglas,2023,elec_import,electricity,PJ,4.427819682085533
Douglas,2023,electricity,Energy Losses,PJ,0.25170050275955846
Douglas,2023,electricity,commercial,PJ,1.5850389380347403
Douglas,2023,electricity,distribute_groundwater,PJ,8.587233264424777e-5
Douglas,2023,electricity,distribute_surfaceWater,PJ,0.019644755059715184
Douglas,2023,electricity,en4water,PJ,0.10543560985721288
Douglas,2023,electricity,en_wwdist,PJ,0.032565312
Douglas,2023,electricity,en_wwtreat,PJ,0.04271904
Douglas,2023,electricity,extract_groundwater,PJ,5.8895884887643524e-5
Douglas,2023,electricity,extract_surfaceWater,PJ,0.0026946868613343536
Douglas,2023,electricity,government,PJ,0.013614290810011757
Douglas,2023,electricity,industrial,PJ,1.1411710876325871
Douglas,2023,electricity,residential,PJ,1.3427426136349339
Douglas,2023,electricity,transport,PJ,0.007005839356489334
Douglas,2023,electricity,treat_groundwater,PJ,1.6926757876991145e-5
Douglas,2023,electricity,treat_surfaceWater,PJ,0.007650120960754469
Douglas,2023,en4water,energy_services,PJ,0.06853314640718838
Douglas,2023,en4water,rejected_energy,PJ,0.036902463450024514
Douglas,2023,en_wwdist,in-county treatment,PJ,0.010153727999999999
Douglas,2023,en_wwdist,ww_exports,PJ,0.022411584
Douglas,2023,en_wwtreat,in-county treatment,PJ,0.020307455999999998
Douglas,2023,en_wwtreat,ww_exports,PJ,0.022411584
Douglas,2023,extract_groundwater,agricultural,PJ,0
Douglas,2023,extract_groundwater,industrial,PJ,5.8895884887643524e-5
Douglas,2023,extract_groundwater,residential,PJ,0
Douglas,2023,extract_surfaceWater,industrial,PJ,2.1875614386839028e-5
Douglas,2023,extract_surfaceWater,publicWatSup,PJ,0.0026728112469475143
Douglas,2023,government,energy_services,PJ,0.008849289026507641
Douglas,2023,government,rejected_energy,PJ,0.0047650017835041145
Douglas,2023,groundwater,agricultural,MGD,0
Douglas,2023,groundwater,industrial,MGD,0.06283831858407078
Douglas,2023,groundwater,residential,MGD,0
Douglas,2023,industrial,Disposal,MGD,0.27519919322063274
Douglas,2023,industrial,energy_services,PJ,3.5649248099220396
Douglas,2023,industrial,rejected_energy,PJ,3.7104319450208987
Douglas,2023,industrial,wastewater,MGD,0.2876712328767123
Douglas,2023,publicWatSup,Water Losses,MGD,2.816356612
Douglas,2023,publicWatSup,agricultural,MGD,0
Douglas,2023,publicWatSup,commercial,MGD,2.1210994355450965
Douglas,2023,publicWatSup,industrial,MGD,0.383332373
Douglas,2023,publicWatSup,residential,MGD,8.937844841454904
Douglas,2023,residential,Water Losses,MGD,1.444694156523397
Douglas,2023,residential,energy_services,PJ,2.1548532234130877
Douglas,2023,residential,rejected_energy,PJ,1.1603055818378165
Douglas,2023,residential,septic,MGD,2.8164383561643835
Douglas,2023,residential,wastewater,MGD,4.676712328767123
Douglas,2023,subsurface,wastewater,MGD,1.2383561643835617
Douglas,2023,transport,energy_services,PJ,9.153875499207919
Douglas,2023,transport,rejected_energy,PJ,4.929009884188879
Douglas,2023,treat_groundwater,industrial,PJ,1.6926757876991145e-5
Douglas,2023,treat_groundwater,residential,PJ,0
Douglas,2023,treat_surfaceWater,industrial,PJ,6.21040977159292e-5
Douglas,2023,treat_surfaceWater,publicWatSup,PJ,0.00758801686303854
Douglas,2023,wastewater,COBB RL SUTTON WRF,MGD,0.64
Douglas,2023,wastewater,Douglas Beaver Estates WPCP,MGD,0
Douglas,2023,wastewater,Douglas Northside WPCP,MGD,0.23698505415012366
Douglas,2023,wastewater,Douglas Rebel Trails WPCP,MGD,0.010303698006527116
Douglas,2023,wastewater,Douglas South Central Urban Water Reuse Facility,MGD,0
Douglas,2023,wastewater,Douglas SouthCentral WPCP,MGD,2.998376119899391
Douglas,2023,wastewater,Douglas Southside WPCP,MGD,0
Douglas,2023,wastewater,Douglas St. Andrews LAS,MGD,0
Douglas,2023,wastewater,Douglas Sweetwater Creek WPCP,MGD,2.5450134076121977
Douglas,2023,wastewater,Villa Rica North Sweetwater WPCP,MGD,0.4018442222545575
Douglas,2023,wastewater,Villa Rica Tallapoosa West WPCP(1/2 assumed from Douglas Co),MGD,0.5976144843785727
Douglas,2023,ww_imports,Douglas SouthCentral WPCP,MGD,8.2
Douglas,2024,Basins,industrial,MGD,0.11669973451327433
Douglas,2024,Bear Creek Reservoir,publicWatSup,MGD,0.22118073187786266
Douglas,2024,Biomass,commercial,PJ,0.012826855151715277
Douglas,2024,Biomass,industrial,PJ,2.5080156400445475
Douglas,2024,Biomass,residential,PJ,0.06688595865145833
Douglas,2024,Biomass,transport,PJ,0.565169869170829
Douglas,2024,Coal,industrial,PJ,0.06583974588489383
Douglas,2024,Cowens Lake (Astin Creek),publicWatSup,MGD,0
Douglas,2024,Dog River Reservoir,publicWatSup,MGD,12.939072814854963
Douglas,2024,Douglas Beaver Estates WPCP,Chattahoochee River_ds,MGD,0
Douglas,2024,Douglas Northside WPCP,Gothards Creek to Sweetwater Creek_ds,MGD,0.23912694618246821
Douglas,2024,Douglas Rebel Trails WPCP,Anneewakee Creek Tributary_ds,MGD,0.010396823747063836
Douglas,2024,Douglas South Central Urban Water Reuse Facility,Reuse,MGD,0
Douglas,2024,Douglas SouthCentral WPCP,Chattahoochee River_ds,MGD,12.225475710395575
Douglas,2024,Douglas Southside WPCP,Chattahoochee River_ds,MGD,0
Douglas,2024,Douglas St. Andrews LAS,Land Application,MGD,0
Douglas,2024,Douglas Sweetwater Creek WPCP,Chattahoochee River_ds,MGD,2.5680154655247676
Douglas,2024,Lake Paradise (Little Tallapoosa River),publicWatSup,MGD,1.327084391267176
Douglas,2024,Natural Gas,commercial,PJ,0.8175651161840779
Douglas,2024,Natural Gas,industrial,PJ,2.310338753890795
Douglas,2024,Natural Gas,residential,PJ,1.9412979492464726
Douglas,2024,Natural Gas,transport,PJ,0.17447389342679528
Douglas,2024,Petroleum,commercial,PJ,0.33087553618731913
Douglas,2024,Petroleum,industrial,PJ,1.1871791880977505
Douglas,2024,Petroleum,residential,PJ,0.11883830493633864
Douglas,2024,Petroleum,transport,PJ,13.208493504603574
Douglas,2024,Renewables,Small-scale generation,PJ,0.01914659154
Douglas,2024,Renewables,commercial,PJ,0.004694617526939549
Douglas,2024,Renewables,industrial,PJ,8.599009040256053e-5
Douglas,2024,Renewables,residential,PJ,0.020066745403114997
Douglas,2024,Small-scale generation,electricity,PJ,0.019148400000000003
Douglas,2024,Villa Rica North Sweetwater WPCP,Town Branch to Sweetwater Creek_ds,MGD,0.4054761261354896
Douglas,2024,Villa Rica Tallapoosa West WPCP(1/2 assumed from Douglas Co),Little Tallapoosa Creek_ds,MGD,0.6030157773297025
Douglas,2024,agricultural,Water Losses,MGD,0
Douglas,2024,agricultural,wastewater,MGD,0
Douglas,2024,commercial,Water Losses,MGD,0.908545962612421
Douglas,2024,commercial,energy_services,PJ,1.840190126061019
Douglas,2024,commercial,rejected_energy,PJ,0.9908716063405487
Douglas,2024,commercial,wastewater,MGD,1.2465753424657535
Douglas,2024,distribute_groundwater,industrial,PJ,8.587233264424777e-5
Douglas,2024,distribute_groundwater,residential,PJ,0
Douglas,2024,distribute_surfaceWater,industrial,PJ,1.5947718919646017e-4
Douglas,2024,distribute_surfaceWater,publicWatSup,PJ,0.019797816532553275
Douglas,2024,elec_import,electricity,PJ,4.621195432017329
Douglas,2024,electricity,Energy Losses,PJ,0.2626609716236224
Douglas,2024,electricity,commercial,PJ,1.6650996073515156
Douglas,2024,electricity,distribute_groundwater,PJ,8.587233264424777e-5
Douglas,2024,electricity,distribute_surfaceWater,PJ,0.019957293721749737
Douglas,2024,electricity,en4water,PJ,0.11195854066647189
Douglas,2024,electricity,en_wwdist,PJ,0.0354916224
Douglas,2024,electricity,en_wwtreat,PJ,0.0458385408
Douglas,2024,electricity,extract_groundwater,PJ,5.8895884887643524e-5
Douglas,2024,electricity,extract_surfaceWater,PJ,0.0027375580411318863
Douglas,2024,electricity,government,PJ,0.012639907533057779
Douglas,2024,electricity,industrial,PJ,1.1567985549790274
Douglas,2024,electricity,residential,PJ,1.4237689321320561
Douglas,2024,electricity,transport,PJ,0.007417317731577073
Douglas,2024,electricity,treat_groundwater,PJ,1.6926757876991145e-5
Douglas,2024,electricity,treat_surfaceWater,PJ,0.0077718307281813915
Douglas,2024,en4water,energy_services,PJ,0.07277305143320673
Douglas,2024,en4water,rejected_energy,PJ,0.03918548923326516
Douglas,2024,en_wwdist,in-county treatment,PJ,0.0103469184
Douglas,2024,en_wwdist,ww_exports,PJ,0.025144703999999997
Douglas,2024,en_wwtreat,in-county treatment,PJ,0.0206938368
Douglas,2024,en_wwtreat,ww_exports,PJ,0.025144703999999997
Douglas,2024,extract_groundwater,agricultural,PJ,0
Douglas,2024,extract_groundwater,industrial,PJ,5.8895884887643524e-5
Douglas,2024,extract_groundwater,residential,PJ,0
Douglas,2024,extract_surfaceWater,industrial,PJ,2.1875614386839028e-5
Douglas,2024,extract_surfaceWater,publicWatSup,PJ,0.0027156824267450474
Douglas,2024,government,energy_services,PJ,0.008215939896487558
Douglas,2024,government,rejected_energy,PJ,0.004423967636570223
Douglas,2024,groundwater,agricultural,MGD,0
Douglas,2024,groundwater,industrial,MGD,0.06283831858407078
Douglas,2024,groundwater,residential,MGD,0
Douglas,2024,industrial,Disposal,MGD,0.27586829016583825
Douglas,2024,industrial,energy_services,PJ,3.541846357763834
Douglas,2024,industrial,rejected_energy,PJ,3.6864115152235826
Douglas,2024,industrial,wastewater,MGD,0.29315068493150687
Douglas,2024,publicWatSup,Water Losses,MGD,2.861530221
Douglas,2024,publicWatSup,agricultural,MGD,0
Douglas,2024,publicWatSup,commercial,MGD,2.1551213050781746
Douglas,2024,publicWatSup,industrial,MGD,0.389480922
Douglas,2024,publicWatSup,residential,MGD,9.081205489921825
Douglas,2024,residential,Water Losses,MGD,1.4757260378670303
Douglas,2024,residential,energy_services,PJ,2.3210576287401365
Douglas,2024,residential,rejected_energy,PJ,1.249800261629304
Douglas,2024,residential,septic,MGD,2.835616438356164
Douglas,2024,residential,wastewater,MGD,4.76986301369863
Douglas,2024,subsurface,wastewater,MGD,1.261917808219178
Douglas,2024,transport,energy_services,PJ,9.071110480206304
Douglas,2024,transport,rejected_energy,PJ,4.88444410472647
Douglas,2024,treat_groundwater,industrial,PJ,1.6926757876991145e-5
Douglas,2024,treat_groundwater,residential,PJ,0
Douglas,2024,treat_surfaceWater,industrial,PJ,6.21040977159292e-5
Douglas,2024,treat_surfaceWater,publicWatSup,PJ,0.007709726630465462
Douglas,2024,wastewater,COBB RL SUTTON WRF,MGD,0.72
Douglas,2024,wastewater,Douglas Beaver Estates WPCP,MGD,0
Douglas,2024,wastewater,Douglas Northside WPCP,MGD,0.23912694618246821
Douglas,2024,wastewater,Douglas Rebel Trails WPCP,MGD,0.010396823747063836
Douglas,2024,wastewater,Douglas South Central Urban Water Reuse Facility,MGD,0
Douglas,2024,wastewater,Douglas SouthCentral WPCP,MGD,3.0254757103955763
Douglas,2024,wastewater,Douglas Southside WPCP,MGD,0
Douglas,2024,wastewater,Douglas St. Andrews LAS,MGD,0
Douglas,2024,wastewater,Douglas Sweetwater Creek WPCP,MGD,2.5680154655247676
Douglas,2024,wastewater,Villa Rica North Sweetwater WPCP,MGD,0.4054761261354896
Douglas,2024,wastewater,Villa Rica Tallapoosa West WPCP(1/2 assumed from Douglas Co),MGD,0.6030157773297025
Douglas,2024,ww_imports,Douglas SouthCentral WPCP,MGD,9.2
Fayette,2020,Basins,industrial,MGD,0.29317129629629635
Fayette,2020,Biomass,commercial,PJ,0.010514059049158064
Fayette,2020,Biomass,industrial,PJ,2.1325566115215215
Fayette,2020,Biomass,residential,PJ,0.0528169938380052
Fayette,2020,Biomass,transport,PJ,0.4236402205930035
Fayette,2020,Coal,industrial,PJ,0.08105810887060406
Fayette,2020,FAYETTEVILLE WHITEWATER CREEK WPCP,Whitewater Creek_ds,MGD,2.1246701438642748
Fayette,2020,Flint River,publicWatSup,MGD,1.104069851348624
Fayette,2020,Horton Creek Reservoir,publicWatSup,MGD,5.319609283770642
Fayette,2020,Lake Kedron,publicWatSup,MGD,0.2007399729724771
Fayette,2020,Lake McIntosh,publicWatSup,MGD,4.315909418908257
Fayette,2020,Lake Peachtree (Flat Creek),publicWatSup,MGD,0
Fayette,2020,Natural Gas,commercial,PJ,0.6090635815225128
Fayette,2020,Natural Gas,industrial,PJ,1.8504626450998092
Fayette,2020,Natural Gas,residential,PJ,1.4455950126191572
Fayette,2020,Natural Gas,transport,PJ,0.09049139313482074
Fayette,2020,PEACHTREE CITY LINE CREEK / LARRY B. TURNER WWTP,Line Creek_ds,MGD,1.5210706711755602
Fayette,2020,PEACHTREE CITY ROCKAWAY WWTP,Line Creek Tributary_ds,MGD,2.1246701438642748
Fayette,2020,Petroleum,commercial,PJ,0.27157990737255433
Fayette,2020,Petroleum,industrial,PJ,0.8713746703589939
Fayette,2020,Petroleum,residential,PJ,0.10084098645583557
Fayette,2020,Petroleum,transport,PJ,9.595882131590304
Fayette,2020,Renewables,commercial,PJ,0.0021912530098316127
Fayette,2020,Renewables,industrial,PJ,1.9374211206139483e-4
Fayette,2020,Renewables,residential,PJ,0.008706441431541333
Fayette,2020,Whitewater Creek,publicWatSup,MGD,0
Fayette,2020,agricultural,Water Losses,MGD,0
Fayette,2020,agricultural,wastewater,MGD,0
Fayette,2020,commercial,Water Losses,MGD,0.4798856258691184
Fayette,2020,commercial,energy_services,PJ,1.3747557686912544
Fayette,2020,commercial,rejected_energy,PJ,0.7402531062183676
Fayette,2020,commercial,wastewater,MGD,1.1511873262551495
Fayette,2020,distribute_groundwater,industrial,PJ,2.157271666666667e-4
Fayette,2020,distribute_groundwater,publicWatSup,PJ,0.0011752415999999998
Fayette,2020,distribute_groundwater,residential,PJ,0.0014073389279726403
Fayette,2020,distribute_surfaceWater,industrial,PJ,4.0063616666666675e-4
Fayette,2020,distribute_surfaceWater,publicWatSup,PJ,0.014950615351857119
Fayette,2020,elec_import,electricity,PJ,3.4908274171386413
Fayette,2020,electricity,Energy Losses,PJ,0.1975940047436967
Fayette,2020,electricity,commercial,PJ,1.2216600739555652
Fayette,2020,electricity,distribute_groundwater,PJ,0.002798307694639307
Fayette,2020,electricity,distribute_surfaceWater,PJ,0.015351251518523784
Fayette,2020,electricity,en4water,PJ,0.05367299042941282
Fayette,2020,electricity,en_wwdist,PJ,0.008322911999999998
Fayette,2020,electricity,en_wwtreat,PJ,0.016645823999999997
Fayette,2020,electricity,extract_groundwater,PJ,0.0019192305925408392
Fayette,2020,electricity,extract_surfaceWater,PJ,0.0021057435252442823
Fayette,2020,electricity,government,PJ,0.01319324696055712
Fayette,2020,electricity,industrial,PJ,0.8835208262737858
Fayette,2020,electricity,residential,PJ,1.1155497614617054
Fayette,2020,electricity,transport,PJ,0.005636513313918862
Fayette,2020,electricity,treat_groundwater,PJ,5.515894975010172e-4
Fayette,2020,electricity,treat_surfaceWater,PJ,0.005978131600963589
Fayette,2020,en4water,energy_services,PJ,0.034887443779118336
Fayette,2020,en4water,rejected_energy,PJ,0.018785546650294485
Fayette,2020,en_wwdist,in-county treatment,PJ,0.008322911999999998
Fayette,2020,en_wwtreat,in-county treatment,PJ,0.016645823999999997
Fayette,2020,extract_groundwater,agricultural,PJ,0
Fayette,2020,extract_groundwater,industrial,PJ,1.479573453276697e-4
Fayette,2020,extract_groundwater,publicWatSup,PJ,8.060441804407714e-4
Fayette,2020,extract_groundwater,residential,PJ,9.652290667723984e-4
Fayette,2020,extract_surfaceWater,industrial,PJ,5.495558540742017e-5
Fayette,2020,extract_surfaceWater,publicWatSup,PJ,0.002050787939836862
Fayette,2020,government,energy_services,PJ,0.00857561052436213
Fayette,2020,government,rejected_energy,PJ,0.004617636436194992
Fayette,2020,groundwater,agricultural,MGD,0
Fayette,2020,groundwater,industrial,MGD,0.15786146723646724
Fayette,2020,groundwater,publicWatSup,MGD,0.86
Fayette,2020,groundwater,residential,MGD,1.029840569
Fayette,2020,industrial,Disposal,MGD,0.49663173879086364
Fayette,2020,industrial,energy_services,PJ,2.85139163607602
Fayette,2020,industrial,rejected_energy,PJ,2.967774968160756
Fayette,2020,industrial,wastewater,MGD,0.1517734534614998
Fayette,2020,publicWatSup,Water Losses,MGD,1.020985286
Fayette,2020,publicWatSup,agricultural,MGD,0
Fayette,2020,publicWatSup,commercial,MGD,1.631072952124268
Fayette,2020,publicWatSup,industrial,MGD,0.1973724287195999
Fayette,2020,publicWatSup,residential,MGD,8.950897860156132
Fayette,2020,residential,Water Losses,MGD,3.28643893490018
Fayette,2020,residential,energy_services,PJ,1.770280977274059
Fayette,2020,residential,rejected_energy,PJ,0.9532282185321856
Fayette,2020,residential,septic,MGD,3.3123287671232875
Fayette,2020,residential,wastewater,MGD,3.381970727132666
Fayette,2020,subsurface,wastewater,MGD,1.4054794520547946
Fayette,2020,transport,energy_services,PJ,6.575172668110832
Fayette,2020,transport,rejected_energy,PJ,3.540477590521217
Fayette,2020,treat_groundwater,industrial,PJ,4.252314342948718e-5
Fayette,2020,treat_groundwater,publicWatSup,PJ,2.3165819999999997e-4
Fayette,2020,treat_groundwater,residential,PJ,2.7740815407153004e-4
Fayette,2020,treat_surfaceWater,industrial,PJ,1.5601696875000004e-4
Fayette,2020,treat_surfaceWater,publicWatSup,PJ,0.0058221146322135885
Fayette,2020,wastewater,Atlanta RM Clayton WRC,MGD,0.32
Fayette,2020,wastewater,FAYETTEVILLE WHITEWATER CREEK WPCP,MGD,2.1246701438642748
Fayette,2020,wastewater,PEACHTREE CITY LINE CREEK / LARRY B. TURNER WWTP,MGD,1.5210706711755602
Fayette,2020,wastewater,PEACHTREE CITY ROCKAWAY WWTP,MGD,2.1246701438642748
Fayette,2021,Basins,industrial,MGD,0.29317129629629635
Fayette,2021,Biomass,commercial,PJ,0.010564814592858083
Fayette,2021,Biomass,industrial,PJ,2.143819259740031
Fayette,2021,Biomass,residential,PJ,0.054878014572287415
Fayette,2021,Biomass,transport,PJ,0.44289591455199473
Fayette,2021,Coal,industrial,PJ,0.08567533443012734
Fayette,2021,FAYETTEVILLE WHITEWATER CREEK WPCP,Whitewater Creek_ds,MGD,2.1443411474752105
Fayette,2021,Flint River,publicWatSup,MGD,1.1196550993211007
Fayette,2021,Horton Creek Reservoir,publicWatSup,MGD,5.394701842183484
Fayette,2021,Lake Kedron,publicWatSup,MGD,0.2035736544220183
Fayette,2021,Lake McIntosh,publicWatSup,MGD,4.376833570073393
Fayette,2021,Lake Peachtree (Flat Creek),publicWatSup,MGD,0
Fayette,2021,Natural Gas,commercial,PJ,0.6434739364088043
Fayette,2021,Natural Gas,industrial,PJ,1.9638632837979961
Fayette,2021,Natural Gas,residential,PJ,1.535522024433704
Fayette,2021,Natural Gas,transport,PJ,0.09563813165512425
Fayette,2021,PEACHTREE CITY LINE CREEK / LARRY B. TURNER WWTP,Line Creek_ds,MGD,1.5351533214879347
Fayette,2021,PEACHTREE CITY ROCKAWAY WWTP,Line Creek Tributary_ds,MGD,2.1443411474752105
Fayette,2021,Petroleum,commercial,PJ,0.29148264440384886
Fayette,2021,Petroleum,industrial,PJ,0.9643846062651618
Fayette,2021,Petroleum,residential,PJ,0.09323006218367949
Fayette,2021,Petroleum,transport,PJ,10.066237973909987
Fayette,2021,Renewables,commercial,PJ,0.002685378865283552
Fayette,2021,Renewables,industrial,PJ,1.940823726895514e-4
Fayette,2021,Renewables,residential,PJ,0.009842206631158092
Fayette,2021,Whitewater Creek,publicWatSup,MGD,0
Fayette,2021,agricultural,Water Losses,MGD,0
Fayette,2021,agricultural,wastewater,MGD,0
Fayette,2021,commercial,Water Losses,MGD,0.4902346471665391
Fayette,2021,commercial,energy_services,PJ,1.437001611212192
Fayette,2021,commercial,rejected_energy,PJ,0.7737700983450264
Fayette,2021,commercial,wastewater,MGD,1.1621848111978625
Fayette,2021,distribute_groundwater,industrial,PJ,2.157271666666667e-4
Fayette,2021,distribute_groundwater,publicWatSup,PJ,0.0011752415999999998
Fayette,2021,distribute_groundwater,residential,PJ,0.0014257573375593604
Fayette,2021,distribute_surfaceWater,industrial,PJ,4.0063616666666675e-4
Fayette,2021,distribute_surfaceWater,publicWatSup,PJ,0.015161660918688959
Fayette,2021,elec_import,electricity,PJ,3.5989442825935387
Fayette,2021,electricity,Energy Losses,PJ,0.2037138273166154
Fayette,2021,electricity,commercial,PJ,1.2625649352864234
Fayette,2021,electricity,distribute_groundwater,PJ,0.002816726104226027
Fayette,2021,electricity,distribute_surfaceWater,PJ,0.015562297085355626
Fayette,2021,electricity,en4water,PJ,0.054248876602305506
Fayette,2021,electricity,en_wwdist,PJ,0.008395919999999998
Fayette,2021,electricity,en_wwtreat,PJ,0.016791839999999995
Fayette,2021,electricity,extract_groundwater,PJ,0.0019318629328701391
Fayette,2021,electricity,extract_surfaceWater,PJ,0.002134692815492794
Fayette,2021,electricity,government,PJ,0.012721816919661308
Fayette,2021,electricity,industrial,PJ,0.9374231927108635
Fayette,2021,electricity,residential,PJ,1.1225124472794257
Fayette,2021,electricity,transport,PJ,0.00575918647824419
Fayette,2021,electricity,treat_groundwater,PJ,5.552200493907072e-4
Fayette,2021,electricity,treat_surfaceWater,PJ,0.006060317614970218
Fayette,2021,en4water,energy_services,PJ,0.03526176979149859
Fayette,2021,en4water,rejected_energy,PJ,0.018987106810806925
Fayette,2021,en_wwdist,in-county treatment,PJ,0.008395919999999998
Fayette,2021,en_wwtreat,in-county treatment,PJ,0.016791839999999995
Fayette,2021,extract_groundwater,agricultural,PJ,0
Fayette,2021,extract_groundwater,industrial,PJ,1.479573453276697e-4
Fayette,2021,extract_groundwater,publicWatSup,PJ,8.060441804407714e-4
Fayette,2021,extract_groundwater,residential,PJ,9.778614071016978e-4
Fayette,2021,extract_surfaceWater,industrial,PJ,5.495558540742017e-5
Fayette,2021,extract_surfaceWater,publicWatSup,PJ,0.002079737230085374
Fayette,2021,government,energy_services,PJ,0.008269180997779851
Fayette,2021,government,rejected_energy,PJ,0.0044526359218814565
Fayette,2021,groundwater,agricultural,MGD,0
Fayette,2021,groundwater,industrial,MGD,0.15786146723646724
Fayette,2021,groundwater,publicWatSup,MGD,0.86
Fayette,2021,groundwater,residential,MGD,1.043318506
Fayette,2021,industrial,Disposal,MGD,0.4992745045141336
Fayette,2021,industrial,energy_services,PJ,2.9867262820652654
Fayette,2021,industrial,rejected_energy,PJ,3.1086334772516033
Fayette,2021,industrial,wastewater,MGD,0.1517137807721348
Fayette,2021,publicWatSup,Water Losses,MGD,1.03434733
Fayette,2021,publicWatSup,agricultural,MGD,0
Fayette,2021,publicWatSup,commercial,MGD,1.6524194583644016
Fayette,2021,publicWatSup,industrial,MGD,0.19995552175350484
Fayette,2021,publicWatSup,residential,MGD,9.068041855882091
Fayette,2021,residential,Water Losses,MGD,3.3403274470027737
Fayette,2021,residential,energy_services,PJ,1.8303900908151656
Fayette,2021,residential,rejected_energy,PJ,0.985594664285089
Fayette,2021,residential,septic,MGD,3.3589041095890413
Fayette,2021,residential,wastewater,MGD,3.4121288052902767
Fayette,2021,subsurface,wastewater,MGD,1.4178082191780823
Fayette,2021,transport,energy_services,PJ,6.896845284286976
Fayette,2021,transport,rejected_energy,PJ,3.713685922308372
Fayette,2021,treat_groundwater,industrial,PJ,4.252314342948718e-5
Fayette,2021,treat_groundwater,publicWatSup,PJ,2.3165819999999997e-4
Fayette,2021,treat_groundwater,residential,PJ,2.8103870596122004e-4
Fayette,2021,treat_surfaceWater,industrial,PJ,1.5601696875000004e-4
Fayette,2021,treat_surfaceWater,publicWatSup,PJ,0.005904300646220218
Fayette,2021,wastewater,Atlanta RM Clayton WRC,MGD,0.32
Fayette,2021,wastewater,FAYETTEVILLE WHITEWATER CREEK WPCP,MGD,2.1443411474752105
Fayette,2021,wastewater,PEACHTREE CITY LINE CREEK / LARRY B. TURNER WWTP,MGD,1.5351533214879347
Fayette,2021,wastewater,PEACHTREE CITY ROCKAWAY WWTP,MGD,2.1443411474752105
Fayette,2022,Basins,industrial,MGD,0.29317129629629635
Fayette,2022,Biomass,commercial,PJ,0.010550598345835842
Fayette,2022,Biomass,industrial,PJ,2.225692927471721
Fayette,2022,Biomass,residential,PJ,0.06904453018051455
Fayette,2022,Biomass,transport,PJ,0.4345078261778361
Fayette,2022,Coal,industrial,PJ,0.07684843644302108
Fayette,2022,FAYETTEVILLE WHITEWATER CREEK WPCP,Whitewater Creek_ds,MGD,2.1718805525305207
Fayette,2022,Flint River,publicWatSup,MGD,1.1373598491926604
Fayette,2022,Horton Creek Reservoir,publicWatSup,MGD,5.480006546110091
Fayette,2022,Lake Kedron,publicWatSup,MGD,0.206792699853211
Fayette,2022,Lake McIntosh,publicWatSup,MGD,4.446043046844036
Fayette,2022,Lake Peachtree (Flat Creek),publicWatSup,MGD,0
Fayette,2022,Natural Gas,commercial,PJ,0.6763699784253379
Fayette,2022,Natural Gas,industrial,PJ,1.8713814371002775
Fayette,2022,Natural Gas,residential,PJ,1.628635156499773
Fayette,2022,Natural Gas,transport,PJ,0.11885042739968377
Fayette,2022,PEACHTREE CITY LINE CREEK / LARRY B. TURNER WWTP,Line Creek_ds,MGD,1.5548690319252592
Fayette,2022,PEACHTREE CITY ROCKAWAY WWTP,Line Creek Tributary_ds,MGD,2.1718805525305207
Fayette,2022,Petroleum,commercial,PJ,0.30213612916622645
Fayette,2022,Petroleum,industrial,PJ,0.9841998941849037
Fayette,2022,Petroleum,residential,PJ,0.09000426633570577
Fayette,2022,Petroleum,transport,PJ,10.208829689699002
Fayette,2022,Renewables,commercial,PJ,0.002764403015089091
Fayette,2022,Renewables,industrial,PJ,1.9998106824024032e-4
Fayette,2022,Renewables,residential,PJ,0.012135267552200209
Fayette,2022,Whitewater Creek,publicWatSup,MGD,0
Fayette,2022,agricultural,Water Losses,MGD,0
Fayette,2022,agricultural,wastewater,MGD,0
Fayette,2022,commercial,Water Losses,MGD,0.49653279937512096
Fayette,2022,commercial,energy_services,PJ,1.4964052214386405
Fayette,2022,commercial,rejected_energy,PJ,0.8057566576977295
Fayette,2022,commercial,wastewater,MGD,1.180136166024116
Fayette,2022,distribute_groundwater,industrial,PJ,2.157271666666667e-4
Fayette,2022,distribute_groundwater,publicWatSup,PJ,0.0011752415999999998
Fayette,2022,distribute_groundwater,residential,PJ,0.0014466805423012804
Fayette,2022,distribute_surfaceWater,industrial,PJ,4.0063616666666675e-4
Fayette,2022,distribute_surfaceWater,publicWatSup,PJ,0.015401407439171516
Fayette,2022,elec_import,electricity,PJ,3.7233820205836534
Fayette,2022,electricity,Energy Losses,PJ,0.21075747286322566
Fayette,2022,electricity,commercial,PJ,1.3103407701838807
Fayette,2022,electricity,distribute_groundwater,PJ,0.002837649308967947
Fayette,2022,electricity,distribute_surfaceWater,PJ,0.015802043605838183
Fayette,2022,electricity,en4water,PJ,0.054960903528092464
Fayette,2022,electricity,en_wwdist,PJ,0.0084981312
Fayette,2022,electricity,en_wwtreat,PJ,0.0169962624
Fayette,2022,electricity,extract_groundwater,PJ,0.001946213197035733
Fayette,2022,electricity,extract_surfaceWater,PJ,0.0021675790386516567
Fayette,2022,electricity,government,PJ,0.012121827118211493
Fayette,2022,electricity,industrial,PJ,0.9594295933215053
Fayette,2022,electricity,residential,PJ,1.1699913760481457
Fayette,2022,electricity,transport,PJ,0.005780077520592436
Fayette,2022,electricity,treat_groundwater,PJ,5.593443349407971e-4
Fayette,2022,electricity,treat_surfaceWater,PJ,0.006153680442658138
Fayette,2022,en4water,energy_services,PJ,0.035724587293260106
Fayette,2022,en4water,rejected_energy,PJ,0.01923631623483236
Fayette,2022,en_wwdist,in-county treatment,PJ,0.0084981312
Fayette,2022,en_wwtreat,in-county treatment,PJ,0.0169962624
Fayette,2022,extract_groundwater,agricultural,PJ,0
Fayette,2022,extract_groundwater,industrial,PJ,1.479573453276697e-4
Fayette,2022,extract_groundwater,publicWatSup,PJ,8.060441804407714e-4
Fayette,2022,extract_groundwater,residential,PJ,9.92211671267292e-4
Fayette,2022,extract_surfaceWater,industrial,PJ,5.495558540742017e-5
Fayette,2022,extract_surfaceWater,publicWatSup,PJ,0.002112623453244236
Fayette,2022,government,energy_services,PJ,0.007879187626837472
Fayette,2022,government,rejected_energy,PJ,0.0042426394913740225
Fayette,2022,groundwater,agricultural,MGD,0
Fayette,2022,groundwater,industrial,MGD,0.15786146723646724
Fayette,2022,groundwater,publicWatSup,MGD,0.86
Fayette,2022,groundwater,residential,MGD,1.058629363
Fayette,2022,industrial,Disposal,MGD,0.4992446212018133
Fayette,2022,industrial,energy_services,PJ,2.997698612098937
Fayette,2022,industrial,rejected_energy,PJ,3.1200536574907307
Fayette,2022,industrial,wastewater,MGD,0.1546780411779181
Fayette,2022,publicWatSup,Water Losses,MGD,1.049526534
Fayette,2022,publicWatSup,agricultural,MGD,0
Fayette,2022,publicWatSup,commercial,MGD,1.676668965399237
Fayette,2022,publicWatSup,industrial,MGD,0.20288989884696784
Fayette,2022,publicWatSup,residential,MGD,9.201116743753794
Fayette,2022,residential,Water Losses,MGD,3.397300039983225
Fayette,2022,residential,energy_services,PJ,1.9303768878006207
Fayette,2022,residential,rejected_energy,PJ,1.0394337088157188
Fayette,2022,residential,septic,MGD,3.4136986301369863
Fayette,2022,residential,wastewater,MGD,3.448747436633582
Fayette,2022,subsurface,wastewater,MGD,1.4350684931506847
Fayette,2022,transport,energy_services,PJ,6.999179213518126
Fayette,2022,transport,rejected_energy,PJ,3.76878880727899
Fayette,2022,treat_groundwater,industrial,PJ,4.252314342948718e-5
Fayette,2022,treat_groundwater,publicWatSup,PJ,2.3165819999999997e-4
Fayette,2022,treat_groundwater,residential,PJ,2.8516299151131006e-4
Fayette,2022,treat_surfaceWater,industrial,PJ,1.5601696875000004e-4
Fayette,2022,treat_surfaceWater,publicWatSup,PJ,0.005997663473908139
Fayette,2022,wastewater,Atlanta RM Clayton WRC,MGD,0.32
Fayette,2022,wastewater,FAYETTEVILLE WHITEWATER CREEK WPCP,MGD,2.1718805525305207
Fayette,2022,wastewater,PEACHTREE CITY LINE CREEK / LARRY B. TURNER WWTP,MGD,1.5548690319252592
Fayette,2022,wastewater,PEACHTREE CITY ROCKAWAY WWTP,MGD,2.1718805525305207
Fayette,2023,Basins,industrial,MGD,0.29317129629629635
Fayette,2023,Biomass,commercial,PJ,0.010556234974375548
Fayette,2023,Biomass,industrial,PJ,2.131946651165645
Fayette,2023,Biomass,residential,PJ,0.05872569155018532
Fayette,2023,Biomass,transport,PJ,0.47922947848475195
Fayette,2023,Coal,industrial,PJ,0.05167247533266959
Fayette,2023,FAYETTEVILLE WHITEWATER CREEK WPCP,Whitewater Creek_ds,MGD,2.199419957585831
Fayette,2023,Flint River,publicWatSup,MGD,1.1562279660275234
Fayette,2023,Horton Creek Reservoir,publicWatSup,MGD,5.570916563587157
Fayette,2023,Lake Kedron,publicWatSup,MGD,0.21022326655045878
Fayette,2023,Lake McIntosh,publicWatSup,MGD,4.519800230834863
Fayette,2023,Lake Peachtree (Flat Creek),publicWatSup,MGD,0
Fayette,2023,Natural Gas,commercial,PJ,0.6213317343185806
Fayette,2023,Natural Gas,industrial,PJ,1.8945787976915582
Fayette,2023,Natural Gas,residential,PJ,1.4766698394657767
Fayette,2023,Natural Gas,transport,PJ,0.14975700052474453
Fayette,2023,PEACHTREE CITY LINE CREEK / LARRY B. TURNER WWTP,Line Creek_ds,MGD,1.5745847423625836
Fayette,2023,PEACHTREE CITY ROCKAWAY WWTP,Line Creek Tributary_ds,MGD,2.199419957585831
Fayette,2023,Petroleum,commercial,PJ,0.28767214639667
Fayette,2023,Petroleum,industrial,PJ,1.0005895394594138
Fayette,2023,Petroleum,residential,PJ,0.08271606243049802
Fayette,2023,Petroleum,transport,PJ,11.025273852840346
Fayette,2023,Renewables,commercial,PJ,0.0033580414581342454
Fayette,2023,Renewables,industrial,PJ,1.9219605569413775e-4
Fayette,2023,Renewables,residential,PJ,0.0150556197362787
Fayette,2023,Whitewater Creek,publicWatSup,MGD,0
Fayette,2023,agricultural,Water Losses,MGD,0
Fayette,2023,agricultural,wastewater,MGD,0
Fayette,2023,commercial,Water Losses,MGD,0.5051284089052526
Fayette,2023,commercial,energy_services,PJ,1.4529231892657013
Fayette,2023,commercial,rejected_energy,PJ,0.7823432557584544
Fayette,2023,commercial,wastewater,MGD,1.1973834805868526
Fayette,2023,distribute_groundwater,industrial,PJ,2.157271666666667e-4
Fayette,2023,distribute_groundwater,publicWatSup,PJ,0.0011752415999999998
Fayette,2023,distribute_groundwater,residential,PJ,0.0014689785965961602
Fayette,2023,distribute_surfaceWater,industrial,PJ,4.0063616666666675e-4
Fayette,2023,distribute_surfaceWater,publicWatSup,PJ,0.01565690753897712
Fayette,2023,elec_import,electricity,PJ,3.648202865461315
Fayette,2023,electricity,Energy Losses,PJ,0.20650204898837632
Fayette,2023,electricity,commercial,PJ,1.3123482878763952
Fayette,2023,electricity,distribute_groundwater,PJ,0.0028599473632628268
Fayette,2023,electricity,distribute_surfaceWater,PJ,0.01605754370564379
Fayette,2023,electricity,en4water,PJ,0.05569956857133852
Fayette,2023,electricity,en_wwdist,PJ,0.008600342399999999
Fayette,2023,electricity,en_wwtreat,PJ,0.017200684799999998
Fayette,2023,electricity,extract_groundwater,PJ,0.0019615064072995123
Fayette,2023,electricity,extract_surfaceWater,PJ,0.002202626192964496
Fayette,2023,electricity,government,PJ,0.01127208348415897
Fayette,2023,electricity,industrial,PJ,0.9448436168297116
Fayette,2023,electricity,residential,PJ,1.1117367073942883
Fayette,2023,electricity,transport,PJ,0.005800552317046189
Fayette,2023,electricity,treat_groundwater,PJ,5.637396244893072e-4
Fayette,2023,electricity,treat_surfaceWater,PJ,0.006253178077678591
Fayette,2023,en4water,energy_services,PJ,0.03620471957137004
Fayette,2023,en4water,rejected_energy,PJ,0.01949484899996848
Fayette,2023,en_wwdist,in-county treatment,PJ,0.008600342399999999
Fayette,2023,en_wwtreat,in-county treatment,PJ,0.017200684799999998
Fayette,2023,extract_groundwater,agricultural,PJ,0
Fayette,2023,extract_groundwater,industrial,PJ,1.479573453276697e-4
Fayette,2023,extract_groundwater,publicWatSup,PJ,8.060441804407714e-4
Fayette,2023,extract_groundwater,residential,PJ,0.0010075048815310712
Fayette,2023,extract_surfaceWater,industrial,PJ,5.495558540742017e-5
Fayette,2023,extract_surfaceWater,publicWatSup,PJ,0.002147670607557076
Fayette,2023,government,energy_services,PJ,0.007326854264703331
Fayette,2023,government,rejected_energy,PJ,0.003945229219455639
Fayette,2023,groundwater,agricultural,MGD,0
Fayette,2023,groundwater,industrial,MGD,0.15786146723646724
Fayette,2023,groundwater,publicWatSup,MGD,0.86
Fayette,2023,groundwater,residential,MGD,1.074946286
Fayette,2023,industrial,Disposal,MGD,0.49949939843381314
Fayette,2023,industrial,energy_services,PJ,2.951673405501999
Fayette,2023,industrial,rejected_energy,PJ,3.072149871032693
Fayette,2023,industrial,wastewater,MGD,0.15755045797195427
Fayette,2023,publicWatSup,Water Losses,MGD,1.065703153
Fayette,2023,publicWatSup,agricultural,MGD,0
Fayette,2023,publicWatSup,commercial,MGD,1.7025118894921052
Fayette,2023,publicWatSup,industrial,MGD,0.2060170928730038
Fayette,2023,publicWatSup,residential,MGD,9.342935891634893
Fayette,2023,residential,Water Losses,MGD,3.4604873490704113
Fayette,2023,residential,energy_services,PJ,1.7841875483750675
Fayette,2023,residential,rejected_energy,PJ,0.9607163722019594
Fayette,2023,residential,septic,MGD,3.4712328767123286
Fayette,2023,residential,wastewater,MGD,3.4861619518521523
Fayette,2023,subsurface,wastewater,MGD,1.4523287671232876
Fayette,2023,transport,energy_services,PJ,7.579039574708478
Fayette,2023,transport,rejected_energy,PJ,4.081021309458411
Fayette,2023,treat_groundwater,industrial,PJ,4.252314342948718e-5
Fayette,2023,treat_groundwater,publicWatSup,PJ,2.3165819999999997e-4
Fayette,2023,treat_groundwater,residential,PJ,2.8955828105982004e-4
Fayette,2023,treat_surfaceWater,industrial,PJ,1.5601696875000004e-4
Fayette,2023,treat_surfaceWater,publicWatSup,PJ,0.006097161108928591
Fayette,2023,wastewater,Atlanta RM Clayton WRC,MGD,0.32
Fayette,2023,wastewater,FAYETTEVILLE WHITEWATER CREEK WPCP,MGD,2.199419957585831
Fayette,2023,wastewater,PEACHTREE CITY LINE CREEK / LARRY B. TURNER WWTP,MGD,1.5745847423625836
Fayette,2023,wastewater,PEACHTREE CITY ROCKAWAY WWTP,MGD,2.199419957585831
Fayette,2024,Basins,industrial,MGD,0.29317129629629635
Fayette,2024,Biomass,commercial,PJ,0.010565284504043421
Fayette,2024,Biomass,industrial,PJ,2.0658141426129504
Fayette,2024,Biomass,residential,PJ,0.05509294165404542
Fayette,2024,Biomass,transport,PJ,0.46552178147145507
Fayette,2024,Coal,industrial,PJ,0.05423119219170444
Fayette,2024,FAYETTEVILLE WHITEWATER CREEK WPCP,Whitewater Creek_ds,MGD,2.2269593626411415
Fayette,2024,Flint River,publicWatSup,MGD,1.1752808683302753
Fayette,2024,Horton Creek Reservoir,publicWatSup,MGD,5.662716911045871
Fayette,2024,Lake Kedron,publicWatSup,MGD,0.2136874306055046
Fayette,2024,Lake McIntosh,publicWatSup,MGD,4.594279758018348
Fayette,2024,Lake Peachtree (Flat Creek),publicWatSup,MGD,0
Fayette,2024,Natural Gas,commercial,PJ,0.6734158880644258
Fayette,2024,Natural Gas,industrial,PJ,1.9029907133791284
Fayette,2024,Natural Gas,residential,PJ,1.5990174441287173
Fayette,2024,Natural Gas,transport,PJ,0.14371147882930124
Fayette,2024,PEACHTREE CITY LINE CREEK / LARRY B. TURNER WWTP,Line Creek_ds,MGD,1.5943004527999078
Fayette,2024,PEACHTREE CITY ROCKAWAY WWTP,Line Creek Tributary_ds,MGD,2.2269593626411415
Fayette,2024,Petroleum,commercial,PJ,0.2725371210556989
Fayette,2024,Petroleum,industrial,PJ,0.9778613488010512
Fayette,2024,Petroleum,residential,PJ,0.09788529509221011
Fayette,2024,Petroleum,transport,PJ,10.879634181203391
Fayette,2024,Renewables,commercial,PJ,0.00412224899980134
Fayette,2024,Renewables,industrial,PJ,2.0787352293213468e-4
Fayette,2024,Renewables,residential,PJ,0.016643450092749923
Fayette,2024,Whitewater Creek,publicWatSup,MGD,0
Fayette,2024,agricultural,Water Losses,MGD,0
Fayette,2024,agricultural,wastewater,MGD,0
Fayette,2024,commercial,Water Losses,MGD,0.5139768087491907
Fayette,2024,commercial,energy_services,PJ,1.5159024626096664
Fayette,2024,commercial,rejected_energy,PJ,0.8162551721744358
Fayette,2024,commercial,wastewater,MGD,1.2146310982936794
Fayette,2024,distribute_groundwater,industrial,PJ,2.157271666666667e-4
Fayette,2024,distribute_groundwater,publicWatSup,PJ,0.0011752415999999998
Fayette,2024,distribute_groundwater,residential,PJ,0.0014914950285456
Fayette,2024,distribute_surfaceWater,industrial,PJ,4.0063616666666675e-4
Fayette,2024,distribute_surfaceWater,publicWatSup,PJ,0.01591490988667008
Fayette,2024,elec_import,electricity,PJ,3.7842576392645086
Fayette,2024,electricity,Energy Losses,PJ,0.21420326259987785
Fayette,2024,electricity,commercial,PJ,1.3715170921601327
Fayette,2024,electricity,distribute_groundwater,PJ,0.0028824637952122663
Fayette,2024,electricity,distribute_surfaceWater,PJ,0.016315546053336745
Fayette,2024,electricity,en4water,PJ,0.05644246472934297
Fayette,2024,electricity,en_wwdist,PJ,0.0087025536
Fayette,2024,electricity,en_wwtreat,PJ,0.0174051072
Fayette,2024,electricity,extract_groundwater,PJ,0.0019769493927564055
Fayette,2024,electricity,extract_surfaceWater,PJ,0.002238016582633814
Fayette,2024,electricity,government,PJ,0.01041129860842771
Fayette,2024,electricity,industrial,PJ,0.9528372857305838
Fayette,2024,electricity,residential,PJ,1.1727367042093475
Fayette,2024,electricity,transport,PJ,0.006109531226796321
Fayette,2024,electricity,treat_groundwater,PJ,5.68177959633187e-4
Fayette,2024,electricity,treat_surfaceWater,PJ,0.006353650145770559
Fayette,2024,en4water,energy_services,PJ,0.036687602074072935
Fayette,2024,en4water,rejected_energy,PJ,0.01975486265527004
Fayette,2024,en_wwdist,in-county treatment,PJ,0.0087025536
Fayette,2024,en_wwtreat,in-county treatment,PJ,0.0174051072
Fayette,2024,extract_groundwater,agricultural,PJ,0
Fayette,2024,extract_groundwater,industrial,PJ,1.479573453276697e-4
Fayette,2024,extract_groundwater,publicWatSup,PJ,8.060441804407714e-4
Fayette,2024,extract_groundwater,residential,PJ,0.0010229478669879649
Fayette,2024,extract_surfaceWater,industrial,PJ,5.495558540742017e-5
Fayette,2024,extract_surfaceWater,publicWatSup,PJ,0.0021830609972263936
Fayette,2024,government,energy_services,PJ,0.006767344095478012
Fayette,2024,government,rejected_energy,PJ,0.0036439545129496984
Fayette,2024,groundwater,agricultural,MGD,0
Fayette,2024,groundwater,industrial,MGD,0.15786146723646724
Fayette,2024,groundwater,publicWatSup,MGD,0.86
Fayette,2024,groundwater,residential,MGD,1.09142301
Fayette,2024,industrial,Disposal,MGD,0.49978470068709213
Fayette,2024,industrial,energy_services,PJ,2.9174318525567915
Fayette,2024,industrial,rejected_energy,PJ,3.0365107036815586
Fayette,2024,industrial,wastewater,MGD,0.160422975246335
Fayette,2024,publicWatSup,Water Losses,MGD,1.082038198
Fayette,2024,publicWatSup,agricultural,MGD,0
Fayette,2024,publicWatSup,commercial,MGD,1.7286079070428702
Fayette,2024,publicWatSup,industrial,MGD,0.20917491240066358
Fayette,2024,publicWatSup,residential,MGD,9.486143950556466
Fayette,2024,residential,Water Losses,MGD,3.525223773822507
Fayette,2024,residential,energy_services,PJ,1.9118942928650957
Fayette,2024,residential,rejected_energy,PJ,1.0294815423119745
Fayette,2024,residential,septic,MGD,3.5287671232876714
Fayette,2024,residential,wastewater,MGD,3.523576063446287
Fayette,2024,subsurface,wastewater,MGD,1.4695890410958903
Fayette,2024,transport,energy_services,PJ,7.471735032275113
Fayette,2024,transport,rejected_energy,PJ,4.02324194045583
Fayette,2024,treat_groundwater,industrial,PJ,4.252314342948718e-5
Fayette,2024,treat_groundwater,publicWatSup,PJ,2.3165819999999997e-4
Fayette,2024,treat_groundwater,residential,PJ,2.939966162037e-4
Fayette,2024,treat_surfaceWater,industrial,PJ,1.5601696875000004e-4
Fayette,2024,treat_surfaceWater,publicWatSup,PJ,0.006197633177020558
Fayette,2024,wastewater,Atlanta RM Clayton WRC,MGD,0.32
Fayette,2024,wastewater,FAYETTEVILLE WHITEWATER CREEK WPCP,MGD,2.2269593626411415
Fayette,2024,wastewater,PEACHTREE CITY LINE CREEK / LARRY B. TURNER WWTP,MGD,1.5943004527999078
Fayette,2024,wastewater,PEACHTREE CITY ROCKAWAY WWTP,MGD,2.2269593626411415
Forsyth,2020,Basins,industrial,MGD,0.23634147914032863
Forsyth,2020,Biomass,commercial,PJ,0.02224982586001084
Forsyth,2020,Biomass,industrial,PJ,4.512911048066467
Forsyth,2020,Biomass,residential,PJ,0.11177119225319411
Forsyth,2020,Biomass,transport,PJ,0.8965063912443697
Forsyth,2020,Coal,industrial,PJ,0.17153497031740203
Forsyth,2020,Cumming Bethelview Rd AWRF,Big Creek_ds,MGD,3.853283990992528
Forsyth,2020,Forsyth Dick Creek,Dick Creek_ds,MGD,1.1658654126592776
Forsyth,2020,Forsyth Fowler WRF + Shakerag WRF,"Big Creek, Chattahoochee River, Land Application, Reuse_ds",MGD,0.9033339759103363
Forsyth,2020,Forsyth Fowler WRF + Shakerag WRF,Chattahoochee River_ds,MGD,0.6775004819327523
Forsyth,2020,Forsyth James Creek,"James Creek, Reuse_ds",MGD,0.5928129216911581
Forsyth,2020,Forsyth Manor,Reuse,MGD,0.17784387650734743
Forsyth,2020,Forsyth Parkstone,Land Application,MGD,0.07904172289215443
Forsyth,2020,Forsyth Windermere,Chattahoochee River_ds,MGD,0.6125733524141967
Forsyth,2020,Fowler and James Creek,Lake Lanier_ds,MGD,0
Forsyth,2020,Hampton Creek WRF,Land Application,MGD,0.4149690451838107
Forsyth,2020,Lake Lanier,publicWatSup,MGD,26.066262204999997
Forsyth,2020,Natural Gas,commercial,PJ,1.2888988508805832
Forsyth,2020,Natural Gas,industrial,PJ,3.9159444912212824
Forsyth,2020,Natural Gas,residential,PJ,3.059164604696798
Forsyth,2020,Natural Gas,transport,PJ,0.1914976632398475
Forsyth,2020,Petroleum,commercial,PJ,0.5747167309851738
Forsyth,2020,Petroleum,industrial,PJ,1.8440009309120717
Forsyth,2020,Petroleum,residential,PJ,0.2133994471310984
Forsyth,2020,Petroleum,transport,PJ,20.30678212884594
Forsyth,2020,Renewables,Small-scale generation,PJ,1.05930434514
Forsyth,2020,Renewables,commercial,PJ,0.004449965172002168
Forsyth,2020,Renewables,industrial,PJ,1.4916084375426263e-4
Forsyth,2020,Renewables,residential,PJ,0.01835010624114859
Forsyth,2020,Small Permits,Lake Lanier_ds,MGD,0
Forsyth,2020,Small-scale generation,electricity,PJ,1.0594044
Forsyth,2020,agricultural,Water Losses,MGD,0.393
Forsyth,2020,agricultural,wastewater,MGD,0
Forsyth,2020,commercial,Water Losses,MGD,1.0482138991161014
Forsyth,2020,commercial,energy_services,PJ,2.909133117816263
Forsyth,2020,commercial,rejected_energy,PJ,1.5664562942087572
Forsyth,2020,commercial,wastewater,MGD,1.9120294239224573
Forsyth,2020,distribute_groundwater,industrial,PJ,1.739095140106194e-4
Forsyth,2020,distribute_groundwater,publicWatSup,PJ,2.73312e-5
Forsyth,2020,distribute_groundwater,residential,PJ,4.6124880218352006e-4
Forsyth,2020,distribute_surfaceWater,industrial,PJ,3.229748117340075e-4
Forsyth,2020,distribute_surfaceWater,publicWatSup,PJ,0.035621111278864796
Forsyth,2020,elec_import,electricity,PJ,6.3145072450526705
Forsyth,2020,electricity,Energy Losses,PJ,0.41739122519166055
Forsyth,2020,electricity,commercial,PJ,2.585274039127251
Forsyth,2020,electricity,distribute_groundwater,PJ,6.624895161941395e-4
Forsyth,2020,electricity,distribute_surfaceWater,PJ,0.0359440860905988
Forsyth,2020,electricity,en4water,PJ,0.10097063507182688
Forsyth,2020,electricity,en_wwdist,PJ,0.014827607408210689
Forsyth,2020,electricity,en_wwtreat,PJ,0.029655214816421378
Forsyth,2020,electricity,extract_groundwater,PJ,8.227145457359597e-4
Forsyth,2020,electricity,extract_surfaceWater,PJ,0.004930479216288675
Forsyth,2020,electricity,government,PJ,0.02791951671833341
Forsyth,2020,electricity,industrial,PJ,1.8697045961387093
Forsyth,2020,electricity,residential,PJ,2.3607236572146846
Forsyth,2020,electricity,transport,PJ,0.011927975590204613
Forsyth,2020,electricity,treat_groundwater,PJ,1.3058687578826786e-4
Forsyth,2020,electricity,treat_surfaceWater,PJ,0.013997456602588956
Forsyth,2020,en4water,energy_services,PJ,0.06563091279668747
Forsyth,2020,en4water,rejected_energy,PJ,0.03533972227513941
Forsyth,2020,en_wwdist,in-county treatment,PJ,0.014827607408210689
Forsyth,2020,en_wwtreat,in-county treatment,PJ,0.029655214816421378
Forsyth,2020,extract_groundwater,agricultural,PJ,3.6834344524793393e-4
Forsyth,2020,extract_groundwater,industrial,PJ,1.1927653998253854e-4
Forsyth,2020,extract_groundwater,publicWatSup,PJ,1.8745213498622594e-5
Forsyth,2020,extract_groundwater,residential,PJ,3.1634934700686476e-4
Forsyth,2020,extract_surfaceWater,industrial,PJ,4.430271485065718e-5
Forsyth,2020,extract_surfaceWater,publicWatSup,PJ,0.004886176501438018
Forsyth,2020,government,energy_services,PJ,0.018147685866916716
Forsyth,2020,government,rejected_energy,PJ,0.009771830851416693
Forsyth,2020,groundwater,agricultural,MGD,0.393
Forsyth,2020,groundwater,industrial,MGD,0.12726079646017693
Forsyth,2020,groundwater,publicWatSup,MGD,0.02
Forsyth,2020,groundwater,residential,MGD,0.337525467
Forsyth,2020,industrial,Disposal,MGD,0.5808238847540277
Forsyth,2020,industrial,energy_services,PJ,6.033980146774846
Forsyth,2020,industrial,rejected_energy,PJ,6.28026505072484
Forsyth,2020,industrial,wastewater,MGD,1.137439092922891
Forsyth,2020,publicWatSup,Water Losses,MGD,6.054302577
Forsyth,2020,publicWatSup,agricultural,MGD,0
Forsyth,2020,publicWatSup,commercial,MGD,2.9602433230385587
Forsyth,2020,publicWatSup,industrial,MGD,1.3546607020764132
Forsyth,2020,publicWatSup,residential,MGD,15.71705560288503
Forsyth,2020,residential,Water Losses,MGD,5.033312489579691
Forsyth,2020,residential,energy_services,PJ,3.746215854899
Forsyth,2020,residential,rejected_energy,PJ,2.017193152637923
Forsyth,2020,residential,septic,MGD,5.028807356164384
Forsyth,2020,residential,wastewater,MGD,5.992461224140953
Forsyth,2020,subsurface,wastewater,MGD,1.8083859481972606
Forsyth,2020,transport,energy_services,PJ,13.914364203298234
Forsyth,2020,transport,rejected_energy,PJ,7.492349955622125
Forsyth,2020,treat_groundwater,industrial,PJ,3.428024074247786e-5
Forsyth,2020,treat_groundwater,publicWatSup,PJ,5.3873999999999994e-6
Forsyth,2020,treat_groundwater,residential,PJ,9.091923504579002e-5
Forsyth,2020,treat_surfaceWater,industrial,PJ,1.257738449541087e-4
Forsyth,2020,treat_surfaceWater,publicWatSup,PJ,0.013871682757634847
Forsyth,2020,wastewater,Cumming Bethelview Rd AWRF,MGD,3.853283990992528
Forsyth,2020,wastewater,Forsyth Dick Creek,MGD,1.1658654126592776
Forsyth,2020,wastewater,Forsyth Fowler WRF + Shakerag WRF,MGD,1.5808344578430886
Forsyth,2020,wastewater,Forsyth James Creek,MGD,0.5928129216911581
Forsyth,2020,wastewater,Forsyth Manor,MGD,0.17784387650734743
Forsyth,2020,wastewater,Forsyth Parkstone,MGD,0.07904172289215443
Forsyth,2020,wastewater,Forsyth Windermere,MGD,0.6125733524141967
Forsyth,2020,wastewater,Fowler and James Creek,MGD,0
Forsyth,2020,wastewater,Hampton Creek WRF,MGD,0.4149690451838107
Forsyth,2020,wastewater,Johns Creek Environmental Campus,MGD,2.373090909
Forsyth,2020,wastewater,Small Permits,MGD,0
Forsyth,2021,Basins,industrial,MGD,0.23634147914032863
Forsyth,2021,Biomass,commercial,PJ,0.02281946056637936
Forsyth,2021,Biomass,industrial,PJ,4.63054023609209
Forsyth,2021,Biomass,residential,PJ,0.11853371192524875
Forsyth,2021,Biomass,transport,PJ,0.9566325815089984
Forsyth,2021,Coal,industrial,PJ,0.18505435172154344
Forsyth,2021,Cumming Bethelview Rd AWRF,Big Creek_ds,MGD,4.046471636537983
Forsyth,2021,Forsyth Dick Creek,Dick Creek_ds,MGD,1.2243170592602102
Forsyth,2021,Forsyth Fowler WRF + Shakerag WRF,"Big Creek, Chattahoochee River, Land Application, Reuse_ds",MGD,0.9486233873202599
Forsyth,2021,Forsyth Fowler WRF + Shakerag WRF,Chattahoochee River_ds,MGD,0.7114675404901949
Forsyth,2021,Forsyth James Creek,"James Creek, Reuse_ds",MGD,0.6225340979289204
Forsyth,2021,Forsyth Manor,Reuse,MGD,0.18676022937867612
Forsyth,2021,Forsyth Parkstone,Land Application,MGD,0.08300454639052272
Forsyth,2021,Forsyth Windermere,Chattahoochee River_ds,MGD,0.6432852345265512
Forsyth,2021,Fowler and James Creek,Lake Lanier_ds,MGD,0
Forsyth,2021,Hampton Creek WRF,Land Application,MGD,0.43577386855024436
Forsyth,2021,Lake Lanier,publicWatSup,MGD,26.553486143999997
Forsyth,2021,Natural Gas,commercial,PJ,1.389870876418404
Forsyth,2021,Natural Gas,industrial,PJ,4.241844508344099
Forsyth,2021,Natural Gas,residential,PJ,3.316649239548335
Forsyth,2021,Natural Gas,transport,PJ,0.20657348548469895
Forsyth,2021,Petroleum,commercial,PJ,0.6295876421962072
Forsyth,2021,Petroleum,industrial,PJ,2.0830215523486713
Forsyth,2021,Petroleum,residential,PJ,0.20137217827180356
Forsyth,2021,Petroleum,transport,PJ,21.742560503874145
Forsyth,2021,Renewables,Small-scale generation,PJ,0.8120616980400001
Forsyth,2021,Renewables,commercial,PJ,0.005609252876651909
Forsyth,2021,Renewables,industrial,PJ,1.5297962390868844e-4
Forsyth,2021,Renewables,residential,PJ,0.021161613299399005
Forsyth,2021,Small Permits,Lake Lanier_ds,MGD,0
Forsyth,2021,Small-scale generation,electricity,PJ,0.8121384
Forsyth,2021,agricultural,Water Losses,MGD,0.393
Forsyth,2021,agricultural,wastewater,MGD,0
Forsyth,2021,commercial,Water Losses,MGD,1.0689864399724303
Forsyth,2021,commercial,energy_services,PJ,3.1037260044049866
Forsyth,2021,commercial,rejected_energy,PJ,1.6712370792949929
Forsyth,2021,commercial,wastewater,MGD,1.9465465756529228
Forsyth,2021,distribute_groundwater,industrial,PJ,1.739095140106194e-4
Forsyth,2021,distribute_groundwater,publicWatSup,PJ,2.73312e-5
Forsyth,2021,distribute_groundwater,residential,PJ,4.6986373854576003e-4
Forsyth,2021,distribute_surfaceWater,industrial,PJ,3.229748117340075e-4
Forsyth,2021,distribute_surfaceWater,publicWatSup,PJ,0.03628693202494463
Forsyth,2021,elec_import,electricity,PJ,6.9464896307155115
Forsyth,2021,electricity,Energy Losses,PJ,0.43916762438012324
Forsyth,2021,electricity,commercial,PJ,2.7270758516423372
Forsyth,2021,electricity,distribute_groundwater,PJ,6.711044525563794e-4
Forsyth,2021,electricity,distribute_surfaceWater,PJ,0.03660990683667864
Forsyth,2021,electricity,en4water,PJ,0.10311063346725953
Forsyth,2021,electricity,en_wwdist,PJ,0.015196720360386242
Forsyth,2021,electricity,en_wwtreat,PJ,0.030393440720772484
Forsyth,2021,electricity,extract_groundwater,PJ,8.286231345058357e-4
Forsyth,2021,electricity,extract_surfaceWater,PJ,0.005021810383870624
Forsyth,2021,electricity,government,PJ,0.027478475554806033
Forsyth,2021,electricity,industrial,PJ,2.024786274482833
Forsyth,2021,electricity,residential,PJ,2.4245696221946873
Forsyth,2021,electricity,transport,PJ,0.012439548993463712
Forsyth,2021,electricity,treat_groundwater,PJ,1.3228501228274787e-4
Forsyth,2021,electricity,treat_surfaceWater,PJ,0.014256742566206586
Forsyth,2021,en4water,energy_services,PJ,0.0670219117537187
Forsyth,2021,en4water,rejected_energy,PJ,0.036088721713540835
Forsyth,2021,en_wwdist,in-county treatment,PJ,0.015196720360386242
Forsyth,2021,en_wwtreat,in-county treatment,PJ,0.030393440720772484
Forsyth,2021,extract_groundwater,agricultural,PJ,3.6834344524793393e-4
Forsyth,2021,extract_groundwater,industrial,PJ,1.1927653998253854e-4
Forsyth,2021,extract_groundwater,publicWatSup,PJ,1.8745213498622594e-5
Forsyth,2021,extract_groundwater,residential,PJ,3.222579357767407e-4
Forsyth,2021,extract_surfaceWater,industrial,PJ,4.430271485065718e-5
Forsyth,2021,extract_surfaceWater,publicWatSup,PJ,0.004977507669019967
Forsyth,2021,government,energy_services,PJ,0.017861009110623924
Forsyth,2021,government,rejected_energy,PJ,0.009617466444182111
Forsyth,2021,groundwater,agricultural,MGD,0.393
Forsyth,2021,groundwater,industrial,MGD,0.12726079646017693
Forsyth,2021,groundwater,publicWatSup,MGD,0.02
Forsyth,2021,groundwater,residential,MGD,0.343829571
Forsyth,2021,industrial,Disposal,MGD,0.5848909495879366
Forsyth,2021,industrial,energy_services,PJ,6.451045952280441
Forsyth,2021,industrial,rejected_energy,PJ,6.714353950332704
Forsyth,2021,industrial,wastewater,MGD,1.1586735877468037
Forsyth,2021,publicWatSup,Water Losses,MGD,6.167381298
Forsyth,2021,publicWatSup,agricultural,MGD,0
Forsyth,2021,publicWatSup,commercial,MGD,3.015533015625353
Forsyth,2021,publicWatSup,industrial,MGD,1.3799622617342349
Forsyth,2021,publicWatSup,residential,MGD,16.01060956864041
Forsyth,2021,residential,Water Losses,MGD,5.147558353930549
Forsyth,2021,residential,energy_services,PJ,3.953486137405658
Forsyth,2021,residential,rejected_energy,PJ,2.1288002278338154
Forsyth,2021,residential,septic,MGD,5.045084767123288
Forsyth,2021,residential,wastewater,MGD,6.161796018586576
Forsyth,2021,subsurface,wastewater,MGD,1.8534032363972606
Forsyth,2021,transport,energy_services,PJ,14.89683397790985
Forsyth,2021,transport,rejected_energy,PJ,8.021372141951458
Forsyth,2021,treat_groundwater,industrial,PJ,3.428024074247786e-5
Forsyth,2021,treat_groundwater,publicWatSup,PJ,5.3873999999999994e-6
Forsyth,2021,treat_groundwater,residential,PJ,9.261737154027001e-5
Forsyth,2021,treat_surfaceWater,industrial,PJ,1.257738449541087e-4
Forsyth,2021,treat_surfaceWater,publicWatSup,PJ,0.014130968721252479
Forsyth,2021,wastewater,Cumming Bethelview Rd AWRF,MGD,4.046471636537983
Forsyth,2021,wastewater,Forsyth Dick Creek,MGD,1.2243170592602102
Forsyth,2021,wastewater,Forsyth Fowler WRF + Shakerag WRF,MGD,1.6600909278104548
Forsyth,2021,wastewater,Forsyth James Creek,MGD,0.6225340979289204
Forsyth,2021,wastewater,Forsyth Manor,MGD,0.18676022937867612
Forsyth,2021,wastewater,Forsyth Parkstone,MGD,0.08300454639052272
Forsyth,2021,wastewater,Forsyth Windermere,MGD,0.6432852345265512
Forsyth,2021,wastewater,Fowler and James Creek,MGD,0
Forsyth,2021,wastewater,Hampton Creek WRF,MGD,0.43577386855024436
Forsyth,2021,wastewater,Johns Creek Environmental Campus,MGD,2.218181818
Forsyth,2021,wastewater,Small Permits,MGD,0
Forsyth,2022,Basins,industrial,MGD,0.23634147914032863
Forsyth,2022,Biomass,commercial,PJ,0.023154741314448987
Forsyth,2022,Biomass,industrial,PJ,4.884589697355559
Forsyth,2022,Biomass,residential,PJ,0.15152773170807565
Forsyth,2022,Biomass,transport,PJ,0.9535872738651119
Forsyth,2022,Coal,industrial,PJ,0.16865447891496418
Forsyth,2022,Cumming Bethelview Rd AWRF,Big Creek_ds,MGD,4.238243715228143
Forsyth,2022,Forsyth Dick Creek,Dick Creek_ds,MGD,1.282340406145951
Forsyth,2022,Forsyth Fowler WRF + Shakerag WRF,"Big Creek, Chattahoochee River, Land Application, Reuse_ds",MGD,0.9935809442293084
Forsyth,2022,Forsyth Fowler WRF + Shakerag WRF,Chattahoochee River_ds,MGD,0.7451857081719814
Forsyth,2022,Forsyth James Creek,"James Creek, Reuse_ds",MGD,0.6520374946504836
Forsyth,2022,Forsyth Manor,Reuse,MGD,0.19561124839514507
Forsyth,2022,Forsyth Parkstone,Land Application,MGD,0.08693833262006449
Forsyth,2022,Forsyth Windermere,Chattahoochee River_ds,MGD,0.6737720778054997
Forsyth,2022,Fowler and James Creek,Lake Lanier_ds,MGD,0
Forsyth,2022,Hampton Creek WRF,Land Application,MGD,0.45642624625533856
Forsyth,2022,Lake Lanier,publicWatSup,MGD,27.037810418
Forsyth,2022,Natural Gas,commercial,PJ,1.4843870811819275
Forsyth,2022,Natural Gas,industrial,PJ,4.107004328699606
Forsyth,2022,Natural Gas,residential,PJ,3.5742641799318595
Forsyth,2022,Natural Gas,transport,PJ,0.2608336334438823
Forsyth,2022,Petroleum,commercial,PJ,0.6630793518316509
Forsyth,2022,Petroleum,industrial,PJ,2.159962231957577
Forsyth,2022,Petroleum,residential,PJ,0.1975267597048246
Forsyth,2022,Petroleum,transport,PJ,22.404682923176914
Forsyth,2022,Renewables,Small-scale generation,PJ,0.7075383706199999
Forsyth,2022,Renewables,commercial,PJ,0.005872766791485944
Forsyth,2022,Renewables,industrial,PJ,1.5522731607451833e-4
Forsyth,2022,Renewables,residential,PJ,0.02619039102313607
Forsyth,2022,Small Permits,Lake Lanier_ds,MGD,0
Forsyth,2022,Small-scale generation,electricity,PJ,0.7076052
Forsyth,2022,agricultural,Water Losses,MGD,0.393
Forsyth,2022,agricultural,wastewater,MGD,0
Forsyth,2022,commercial,Water Losses,MGD,1.0896649400673535
Forsyth,2022,commercial,energy_services,PJ,3.283941211368113
Forsyth,2022,commercial,rejected_energy,PJ,1.7682760368905222
Forsyth,2022,commercial,wastewater,MGD,1.9808287167466687
Forsyth,2022,distribute_groundwater,industrial,PJ,1.739095140106194e-4
Forsyth,2022,distribute_groundwater,publicWatSup,PJ,2.73312e-5
Forsyth,2022,distribute_groundwater,residential,PJ,4.7842740157680004e-4
Forsyth,2022,distribute_surfaceWater,industrial,PJ,3.229748117340075e-4
Forsyth,2022,distribute_surfaceWater,publicWatSup,PJ,0.03694879020482208
Forsyth,2022,elec_import,electricity,PJ,7.447558696877986
Forsyth,2022,electricity,Energy Losses,PJ,0.46161305076667847
Forsyth,2022,electricity,commercial,PJ,2.8757233071391224
Forsyth,2022,electricity,distribute_groundwater,PJ,6.796681155874194e-4
Forsyth,2022,electricity,distribute_surfaceWater,PJ,0.03727176501655609
Forsyth,2022,electricity,en4water,PJ,0.10523171867078196
Forsyth,2022,electricity,en_wwdist,PJ,0.015561577507069895
Forsyth,2022,electricity,en_wwtreat,PJ,0.03112315501413979
Forsyth,2022,electricity,extract_groundwater,PJ,8.344965572551885e-4
Forsyth,2022,electricity,extract_surfaceWater,PJ,0.005112598003057578
Forsyth,2022,electricity,government,PJ,0.026603019277237377
Forsyth,2022,electricity,industrial,PJ,2.105600394839644
Forsyth,2022,electricity,residential,PJ,2.5677072299149133
Forsyth,2022,electricity,transport,PJ,0.012685176269609636
Forsyth,2022,electricity,treat_groundwater,PJ,1.3397304201482785e-4
Forsyth,2022,electricity,treat_surfaceWater,PJ,0.014514485415101168
Forsyth,2022,en4water,energy_services,PJ,0.06840061713600828
Forsyth,2022,en4water,rejected_energy,PJ,0.03683110153477369
Forsyth,2022,en_wwdist,in-county treatment,PJ,0.015561577507069895
Forsyth,2022,en_wwtreat,in-county treatment,PJ,0.03112315501413979
Forsyth,2022,extract_groundwater,agricultural,PJ,3.6834344524793393e-4
Forsyth,2022,extract_groundwater,industrial,PJ,1.1927653998253854e-4
Forsyth,2022,extract_groundwater,publicWatSup,PJ,1.8745213498622594e-5
Forsyth,2022,extract_groundwater,residential,PJ,3.281313585260934e-4
Forsyth,2022,extract_surfaceWater,industrial,PJ,4.430271485065718e-5
Forsyth,2022,extract_surfaceWater,publicWatSup,PJ,0.005068295288206921
Forsyth,2022,government,energy_services,PJ,0.017291962530204298
Forsyth,2022,government,rejected_energy,PJ,0.009311056747033083
Forsyth,2022,groundwater,agricultural,MGD,0.393
Forsyth,2022,groundwater,industrial,MGD,0.12726079646017693
Forsyth,2022,groundwater,publicWatSup,MGD,0.02
Forsyth,2022,groundwater,residential,MGD,0.350096155
Forsyth,2022,industrial,Disposal,MGD,0.5889334780988909
Forsyth,2022,industrial,energy_services,PJ,6.578723515950879
Forsyth,2022,industrial,rejected_energy,PJ,6.847242843132547
Forsyth,2022,industrial,wastewater,MGD,1.1797820395992205
Forsyth,2022,publicWatSup,Water Losses,MGD,6.279787041
Forsyth,2022,publicWatSup,agricultural,MGD,0
Forsyth,2022,publicWatSup,commercial,MGD,3.070493656814022
Forsyth,2022,publicWatSup,industrial,MGD,1.4051132420976058
Forsyth,2022,publicWatSup,residential,MGD,16.30241647808837
Forsyth,2022,residential,Water Losses,MGD,5.262471870979464
Forsyth,2022,residential,energy_services,PJ,4.236190589983827
Forsyth,2022,residential,rejected_energy,PJ,2.281025702298983
Forsyth,2022,residential,septic,MGD,5.061144101369863
Forsyth,2022,residential,wastewater,MGD,6.3288966607390424
Forsyth,2022,subsurface,wastewater,MGD,1.8979014834169865
Forsyth,2022,transport,energy_services,PJ,15.360662854391084
Forsyth,2022,transport,rejected_energy,PJ,8.27112615236443
Forsyth,2022,treat_groundwater,industrial,PJ,3.428024074247786e-5
Forsyth,2022,treat_groundwater,publicWatSup,PJ,5.3873999999999994e-6
Forsyth,2022,treat_groundwater,residential,PJ,9.430540127235001e-5
Forsyth,2022,treat_surfaceWater,industrial,PJ,1.257738449541087e-4
Forsyth,2022,treat_surfaceWater,publicWatSup,PJ,0.014388711570147058
Forsyth,2022,wastewater,Cumming Bethelview Rd AWRF,MGD,4.238243715228143
Forsyth,2022,wastewater,Forsyth Dick Creek,MGD,1.282340406145951
Forsyth,2022,wastewater,Forsyth Fowler WRF + Shakerag WRF,MGD,1.73876665240129
Forsyth,2022,wastewater,Forsyth James Creek,MGD,0.6520374946504836
Forsyth,2022,wastewater,Forsyth Manor,MGD,0.19561124839514507
Forsyth,2022,wastewater,Forsyth Parkstone,MGD,0.08693833262006449
Forsyth,2022,wastewater,Forsyth Windermere,MGD,0.6737720778054997
Forsyth,2022,wastewater,Fowler and James Creek,MGD,0
Forsyth,2022,wastewater,Hampton Creek WRF,MGD,0.45642624625533856
Forsyth,2022,wastewater,Johns Creek Environmental Campus,MGD,2.063272727
Forsyth,2022,wastewater,Small Permits,MGD,0
Forsyth,2023,Basins,industrial,MGD,0.23634147914032863
Forsyth,2023,Biomass,commercial,PJ,0.023428478784541313
Forsyth,2023,Biomass,industrial,PJ,4.731636516982978
Forsyth,2023,Biomass,residential,PJ,0.1303356378415991
Forsyth,2023,Biomass,transport,PJ,1.0636005826756405
Forsyth,2023,Coal,industrial,PJ,0.11468174922354805
Forsyth,2023,Cumming Bethelview Rd AWRF,Big Creek_ds,MGD,4.427756716100622
Forsyth,2023,Forsyth Dick Creek,Dick Creek_ds,MGD,1.3396802371791623
Forsyth,2023,Forsyth Fowler WRF + Shakerag WRF,"Big Creek, Chattahoochee River, Land Application, Reuse_ds",MGD,1.0380089004778015
Forsyth,2023,Forsyth Fowler WRF + Shakerag WRF,Chattahoochee River_ds,MGD,0.778506675358351
Forsyth,2023,Forsyth James Creek,"James Creek, Reuse_ds",MGD,0.6811933409385571
Forsyth,2023,Forsyth Manor,Reuse,MGD,0.20435800228156714
Forsyth,2023,Forsyth Parkstone,Land Application,MGD,0.09082577879180763
Forsyth,2023,Forsyth Windermere,Chattahoochee River_ds,MGD,0.703899785636509
Forsyth,2023,Fowler and James Creek,Lake Lanier_ds,MGD,0
Forsyth,2023,Hampton Creek WRF,Land Application,MGD,0.47683533865699
Forsyth,2023,Lake Lanier,publicWatSup,MGD,27.515947234000006
Forsyth,2023,Natural Gas,commercial,PJ,1.3789819373082146
Forsyth,2023,Natural Gas,industrial,PJ,4.204822957721644
Forsyth,2023,Natural Gas,residential,PJ,3.2773169685664847
Forsyth,2023,Natural Gas,transport,PJ,0.33237027388527496
Forsyth,2023,Petroleum,commercial,PJ,0.6384587682178354
Forsyth,2023,Petroleum,industrial,PJ,2.220705663919305
Forsyth,2023,Petroleum,residential,PJ,0.18357980079998684
Forsyth,2023,Petroleum,transport,PJ,24.46946237764171
Forsyth,2023,Renewables,Small-scale generation,PJ,0.5981411035599999
Forsyth,2023,Renewables,commercial,PJ,0.007120163384799149
Forsyth,2023,Renewables,industrial,PJ,1.5706242760586355e-4
Forsyth,2023,Renewables,residential,PJ,0.032958395484554905
Forsyth,2023,Small Permits,Lake Lanier_ds,MGD,0
Forsyth,2023,Small-scale generation,electricity,PJ,0.5981976
Forsyth,2023,agricultural,Water Losses,MGD,0.393
Forsyth,2023,agricultural,wastewater,MGD,0
Forsyth,2023,commercial,Water Losses,MGD,1.11005912916798
Forsyth,2023,commercial,energy_services,PJ,3.2243974866464367
Forsyth,2023,commercial,rejected_energy,PJ,1.736214031271158
Forsyth,2023,commercial,wastewater,MGD,2.014693022348355
Forsyth,2023,distribute_groundwater,industrial,PJ,1.739095140106194e-4
Forsyth,2023,distribute_groundwater,publicWatSup,PJ,2.73312e-5
Forsyth,2023,distribute_groundwater,residential,PJ,4.868816619139201e-4
Forsyth,2023,distribute_surfaceWater,industrial,PJ,3.229748117340075e-4
Forsyth,2023,distribute_surfaceWater,publicWatSup,PJ,0.03760219285209505
Forsyth,2023,elec_import,electricity,PJ,7.481335612955759
Forsyth,2023,electricity,Energy Losses,PJ,0.4573320686578731
Forsyth,2023,electricity,commercial,PJ,2.912622170222204
Forsyth,2023,electricity,distribute_groundwater,PJ,6.881223759245395e-4
Forsyth,2023,electricity,distribute_surfaceWater,PJ,0.03792516766382906
Forsyth,2023,electricity,en4water,PJ,0.10731931441651321
Forsyth,2023,electricity,en_wwdist,PJ,0.015919642889911986
Forsyth,2023,electricity,en_wwtreat,PJ,0.03183928577982397
Forsyth,2023,electricity,extract_groundwater,PJ,8.40294945726688e-4
Forsyth,2023,electricity,extract_surfaceWater,PJ,0.005202225770032295
Forsyth,2023,electricity,government,PJ,0.025017230992607664
Forsyth,2023,electricity,industrial,PJ,2.0969833170006376
Forsyth,2023,electricity,residential,PJ,2.4673853818533114
Forsyth,2023,electricity,transport,PJ,0.012873729812610354
Forsyth,2023,electricity,treat_groundwater,PJ,1.3563950679281787e-4
Forsyth,2023,electricity,treat_surfaceWater,PJ,0.014768935484471892
Forsyth,2023,en4water,energy_services,PJ,0.0697575543707336
Forsyth,2023,en4water,rejected_energy,PJ,0.03756176004577962
Forsyth,2023,en_wwdist,in-county treatment,PJ,0.015919642889911986
Forsyth,2023,en_wwtreat,in-county treatment,PJ,0.03183928577982397
Forsyth,2023,extract_groundwater,agricultural,PJ,3.6834344524793393e-4
Forsyth,2023,extract_groundwater,industrial,PJ,1.1927653998253854e-4
Forsyth,2023,extract_groundwater,publicWatSup,PJ,1.8745213498622594e-5
Forsyth,2023,extract_groundwater,residential,PJ,3.33929746997593e-4
Forsyth,2023,extract_surfaceWater,industrial,PJ,4.430271485065718e-5
Forsyth,2023,extract_surfaceWater,publicWatSup,PJ,0.005157923055181638
Forsyth,2023,government,energy_services,PJ,0.01626120014519498
Forsyth,2023,government,rejected_energy,PJ,0.008756030847412681
Forsyth,2023,groundwater,agricultural,MGD,0.393
Forsyth,2023,groundwater,industrial,MGD,0.12726079646017693
Forsyth,2023,groundwater,publicWatSup,MGD,0.02
Forsyth,2023,groundwater,residential,MGD,0.356282682
Forsyth,2023,industrial,Disposal,MGD,0.5929240381657943
Forsyth,2023,industrial,energy_services,PJ,6.550803760965103
Forsyth,2023,industrial,rejected_energy,PJ,6.818183506310617
Forsyth,2023,industrial,wastewater,MGD,1.20062114476668
Forsyth,2023,publicWatSup,Water Losses,MGD,6.390756752
Forsyth,2023,publicWatSup,agricultural,MGD,0
Forsyth,2023,publicWatSup,commercial,MGD,3.124752151516335
Forsyth,2023,publicWatSup,industrial,MGD,1.4299429073319687
Forsyth,2023,publicWatSup,residential,MGD,16.590495423151697
Forsyth,2023,residential,Water Losses,MGD,5.377367421653034
Forsyth,2023,residential,energy_services,PJ,3.959524519954859
Forsyth,2023,residential,rejected_energy,PJ,2.132051664591078
Forsyth,2023,residential,septic,MGD,5.076867841095891
Forsyth,2023,residential,wastewater,MGD,6.492542842402772
Forsyth,2023,subsurface,wastewater,MGD,1.9415714019035615
Forsyth,2023,transport,energy_services,PJ,16.820899526609907
Forsyth,2023,transport,rejected_energy,PJ,9.057407437405333
Forsyth,2023,treat_groundwater,industrial,PJ,3.428024074247786e-5
Forsyth,2023,treat_groundwater,publicWatSup,PJ,5.3873999999999994e-6
Forsyth,2023,treat_groundwater,residential,PJ,9.597186605034e-5
Forsyth,2023,treat_surfaceWater,industrial,PJ,1.257738449541087e-4
Forsyth,2023,treat_surfaceWater,publicWatSup,PJ,0.014643161639517783
Forsyth,2023,wastewater,Cumming Bethelview Rd AWRF,MGD,4.427756716100622
Forsyth,2023,wastewater,Forsyth Dick Creek,MGD,1.3396802371791623
Forsyth,2023,wastewater,Forsyth Fowler WRF + Shakerag WRF,MGD,1.8165155758361526
Forsyth,2023,wastewater,Forsyth James Creek,MGD,0.6811933409385571
Forsyth,2023,wastewater,Forsyth Manor,MGD,0.20435800228156714
Forsyth,2023,wastewater,Forsyth Parkstone,MGD,0.09082577879180763
Forsyth,2023,wastewater,Forsyth Windermere,MGD,0.703899785636509
Forsyth,2023,wastewater,Fowler and James Creek,MGD,0
Forsyth,2023,wastewater,Hampton Creek WRF,MGD,0.47683533865699
Forsyth,2023,wastewater,Johns Creek Environmental Campus,MGD,1.908363636
Forsyth,2023,wastewater,Small Permits,MGD,0
Forsyth,2024,Basins,industrial,MGD,0.23634147914032863
Forsyth,2024,Biomass,commercial,PJ,0.023654103514947573
Forsyth,2024,Biomass,industrial,PJ,4.625051180903682
Forsyth,2024,Biomass,residential,PJ,0.12334491743492776
Forsyth,2024,Biomass,transport,PJ,1.04223415878431
Forsyth,2024,Coal,industrial,PJ,0.12141558832141805
Forsyth,2024,Cumming Bethelview Rd AWRF,Big Creek_ds,MGD,4.61492983153051
Forsyth,2024,Forsyth Dick Creek,Dick Creek_ds,MGD,1.3963121028733336
Forsyth,2024,Forsyth Fowler WRF + Shakerag WRF,"Big Creek, Chattahoochee River, Land Application, Reuse_ds",MGD,1.0818883121536729
Forsyth,2024,Forsyth Fowler WRF + Shakerag WRF,Chattahoochee River_ds,MGD,0.8114162341152547
Forsyth,2024,Forsyth James Creek,"James Creek, Reuse_ds",MGD,0.7099892048508477
Forsyth,2024,Forsyth Manor,Reuse,MGD,0.2129967614552543
Forsyth,2024,Forsyth Parkstone,Land Application,MGD,0.09466522731344637
Forsyth,2024,Forsyth Windermere,Chattahoochee River_ds,MGD,0.7336555116792093
Forsyth,2024,Fowler and James Creek,Lake Lanier_ds,MGD,0
Forsyth,2024,Hampton Creek WRF,Land Application,MGD,0.49699244339559345
Forsyth,2024,Lake Lanier,publicWatSup,MGD,27.989674545000003
Forsyth,2024,Natural Gas,commercial,PJ,1.5076782001270386
Forsyth,2024,Natural Gas,industrial,PJ,4.260513695114105
Forsyth,2024,Natural Gas,residential,PJ,3.579962672198016
Forsyth,2024,Natural Gas,transport,PJ,0.321748666135164
Forsyth,2024,Petroleum,commercial,PJ,0.6101701540218935
Forsyth,2024,Petroleum,industrial,PJ,2.1892863896806674
Forsyth,2024,Petroleum,residential,PJ,0.21915064396195005
Forsyth,2024,Petroleum,transport,PJ,24.3578857747236
Forsyth,2024,Renewables,Small-scale generation,PJ,0.5296071768199999
Forsyth,2024,Renewables,commercial,PJ,0.008642337261885874
Forsyth,2024,Renewables,industrial,PJ,1.5857499563093347e-4
Forsyth,2024,Renewables,residential,PJ,0.036519493974160384
Forsyth,2024,Small Permits,Lake Lanier_ds,MGD,0
Forsyth,2024,Small-scale generation,electricity,PJ,0.5296571999999999
Forsyth,2024,agricultural,Water Losses,MGD,0.393
Forsyth,2024,agricultural,wastewater,MGD,0
Forsyth,2024,commercial,Water Losses,MGD,1.1303928505950869
Forsyth,2024,commercial,energy_services,PJ,3.393499169494117
Forsyth,2024,commercial,rejected_energy,PJ,1.827268783573755
Forsyth,2024,commercial,wastewater,MGD,2.0481174095515575
Forsyth,2024,distribute_groundwater,industrial,PJ,1.739095140106194e-4
Forsyth,2024,distribute_groundwater,publicWatSup,PJ,2.73312e-5
Forsyth,2024,distribute_groundwater,residential,PJ,4.952579545368e-4
Forsyth,2024,distribute_surfaceWater,industrial,PJ,3.229748117340075e-4
Forsyth,2024,distribute_surfaceWater,publicWatSup,PJ,0.03824956964621521
Forsyth,2024,elec_import,electricity,PJ,7.924724625680106
Forsyth,2024,electricity,Energy Losses,PJ,0.47854991466113805
Forsyth,2024,electricity,commercial,PJ,3.070623158142107
Forsyth,2024,electricity,distribute_groundwater,PJ,6.964986685474195e-4
Forsyth,2024,electricity,distribute_surfaceWater,PJ,0.038572544457949214
Forsyth,2024,electricity,en4water,PJ,0.1093764602014558
Forsyth,2024,electricity,en_wwdist,PJ,0.016270673566283138
Forsyth,2024,electricity,en_wwtreat,PJ,0.032541347132566276
Forsyth,2024,electricity,extract_groundwater,PJ,8.460398597276401e-4
Forsyth,2024,electricity,extract_surfaceWater,PJ,0.00529102696588053
Forsyth,2024,electricity,government,PJ,0.023309351954935918
Forsyth,2024,electricity,industrial,PJ,2.133261227461242
Forsyth,2024,electricity,residential,PJ,2.625583379844624
Forsyth,2024,electricity,transport,PJ,0.01367833341460304
Forsyth,2024,electricity,treat_groundwater,PJ,1.3729060293482786e-4
Forsyth,2024,electricity,treat_surfaceWater,PJ,0.01502103894756676
Forsyth,2024,en4water,energy_services,PJ,0.07109469913094627
Forsyth,2024,en4water,rejected_energy,PJ,0.038281761070509526
Forsyth,2024,en_wwdist,in-county treatment,PJ,0.016270673566283138
Forsyth,2024,en_wwtreat,in-county treatment,PJ,0.032541347132566276
Forsyth,2024,extract_groundwater,agricultural,PJ,3.6834344524793393e-4
Forsyth,2024,extract_groundwater,industrial,PJ,1.1927653998253854e-4
Forsyth,2024,extract_groundwater,publicWatSup,PJ,1.8745213498622594e-5
Forsyth,2024,extract_groundwater,residential,PJ,3.396746609985451e-4
Forsyth,2024,extract_surfaceWater,industrial,PJ,4.430271485065718e-5
Forsyth,2024,extract_surfaceWater,publicWatSup,PJ,0.005246724251029873
Forsyth,2024,government,energy_services,PJ,0.015151078770708348
Forsyth,2024,government,rejected_energy,PJ,0.008158273184227571
Forsyth,2024,groundwater,agricultural,MGD,0.393
Forsyth,2024,groundwater,industrial,MGD,0.12726079646017693
Forsyth,2024,groundwater,publicWatSup,MGD,0.02
Forsyth,2024,groundwater,residential,MGD,0.362412155
Forsyth,2024,industrial,Disposal,MGD,0.5968773218937085
Forsyth,2024,industrial,energy_services,PJ,6.531546461673606
Forsyth,2024,industrial,rejected_energy,PJ,6.798140194803141
Forsyth,2024,industrial,wastewater,MGD,1.221268539654799
Forsyth,2024,publicWatSup,Water Losses,MGD,6.500703069
Forsyth,2024,publicWatSup,agricultural,MGD,0
Forsyth,2024,publicWatSup,commercial,MGD,3.1785102601466444
Forsyth,2024,publicWatSup,industrial,MGD,1.454543585948002
Forsyth,2024,publicWatSup,residential,MGD,16.875917629905356
Forsyth,2024,residential,Water Losses,MGD,5.493564776933631
Forsyth,2024,residential,energy_services,PJ,4.279964719818891
Forsyth,2024,residential,rejected_energy,PJ,2.304596387594787
Forsyth,2024,residential,septic,MGD,5.09223414520548
Forsyth,2024,residential,wastewater,MGD,6.6525308627662465
Forsyth,2024,subsurface,wastewater,MGD,1.9843833623945208
Forsyth,2024,transport,energy_services,PJ,16.728105506487488
Forsyth,2024,transport,rejected_energy,PJ,9.007441426570185
Forsyth,2024,treat_groundwater,industrial,PJ,3.428024074247786e-5
Forsyth,2024,treat_groundwater,publicWatSup,PJ,5.3873999999999994e-6
Forsyth,2024,treat_groundwater,residential,PJ,9.762296219235e-5
Forsyth,2024,treat_surfaceWater,industrial,PJ,1.257738449541087e-4
Forsyth,2024,treat_surfaceWater,publicWatSup,PJ,0.014895265102612652
Forsyth,2024,wastewater,Cumming Bethelview Rd AWRF,MGD,4.61492983153051
Forsyth,2024,wastewater,Forsyth Dick Creek,MGD,1.3963121028733336
Forsyth,2024,wastewater,Forsyth Fowler WRF + Shakerag WRF,MGD,1.8933045462689275
Forsyth,2024,wastewater,Forsyth James Creek,MGD,0.7099892048508477
Forsyth,2024,wastewater,Forsyth Manor,MGD,0.2129967614552543
Forsyth,2024,wastewater,Forsyth Parkstone,MGD,0.09466522731344637
Forsyth,2024,wastewater,Forsyth Windermere,MGD,0.7336555116792093
Forsyth,2024,wastewater,Fowler and James Creek,MGD,0
Forsyth,2024,wastewater,Hampton Creek WRF,MGD,0.49699244339559345
Forsyth,2024,wastewater,Johns Creek Environmental Campus,MGD,1.753454545
Forsyth,2024,wastewater,Small Permits,MGD,0
Fulton,2020,Atlanta RM Clayton WRC,Chattahoochee River_ds,MGD,92.81047075914454
Fulton,2020,Atlanta South River WRC,Chattahoochee River_ds,MGD,24.377104209118333
Fulton,2020,Atlanta Utoy Creek WRC,Chattahoochee River_ds,MGD,17.623091482066624
Fulton,2020,Basins,industrial,MGD,1.3601893426042981
Fulton,2020,Big Creek,publicWatSup,MGD,1.8443548995090127
Fulton,2020,Biomass,Small-scale generation,PJ,0.052161309999999995
Fulton,2020,Biomass,commercial,PJ,0.09407448879788925
Fulton,2020,Biomass,industrial,PJ,19.08103921838931
Fulton,2020,Biomass,residential,PJ,0.472579778363475
Fulton,2020,Biomass,transport,PJ,3.790518676010595
Fulton,2020,Camp Creek WRF,Chattahoochee River_ds,MGD,11.858970407503278
Fulton,2020,Cedar Creek Reservoirs,publicWatSup,MGD,0.43396585870800297
Fulton,2020,Chattahoochee River,publicWatSup,MGD,142.34080165622495
Fulton,2020,Coal,industrial,PJ,0.7252670086094256
Fulton,2020,Energy Storage,Small-scale generation,PJ,0
Fulton,2020,Fulton Big Creek WRF,Chattahoochee River_ds,MGD,17.83274379106133
Fulton,2020,Fulton Cauley Creek,Chattahoochee River_ds,MGD,0
Fulton,2020,Johns Creek Environmental Campus,Chattahoochee River_ds,MGD,6.428449315284322
Fulton,2020,Little Bear WRF,Little Bear Creek_ds,MGD,0.01574896468459931
Fulton,2020,Little River WRF (SEE CHEROKEE CO),Little River_ds,MGD,0
Fulton,2020,Natural Gas,On-Site Backup Generation,PJ,0
Fulton,2020,Natural Gas,Small-scale generation,PJ,0.31612231
Fulton,2020,Natural Gas,commercial,PJ,5.449593235994823
Fulton,2020,Natural Gas,industrial,PJ,16.557004917267843
Fulton,2020,Natural Gas,residential,PJ,12.934453876004763
Fulton,2020,Natural Gas,transport,PJ,0.8096712706258558
Fulton,2020,Petroleum,Small-scale generation,PJ,0.002792585
Fulton,2020,Petroleum,commercial,PJ,2.4299598123235797
Fulton,2020,Petroleum,industrial,PJ,7.796620342551326
Fulton,2020,Petroleum,residential,PJ,0.9022742031743927
Fulton,2020,Petroleum,transport,PJ,85.8591055912365
Fulton,2020,Renewables,Small-scale generation,PJ,0.15914456826
Fulton,2020,Renewables,commercial,PJ,0.019022592559577854
Fulton,2020,Renewables,industrial,PJ,6.335469640081962e-4
Fulton,2020,Renewables,residential,PJ,0.0782108762123401
Fulton,2020,Small-scale generation,commercial,PJ,7.379999999999999e-4
Fulton,2020,Small-scale generation,electricity,PJ,0.29881800000000003
Fulton,2020,Sweetwater Creek,publicWatSup,MGD,5.858539092558041
Fulton,2020,agricultural,Water Losses,MGD,0.624
Fulton,2020,agricultural,wastewater,MGD,0
Fulton,2020,commercial,Water Losses,MGD,11.104929558016863
Fulton,2020,commercial,energy_services,PJ,12.300720447411283
Fulton,2020,commercial,rejected_energy,PJ,6.623464856298382
Fulton,2020,commercial,wastewater,MGD,32.66021089471055
Fulton,2020,distribute_groundwater,industrial,PJ,0.0010008817258619466
Fulton,2020,distribute_groundwater,publicWatSup,PJ,3.963024e-4
Fulton,2020,distribute_groundwater,residential,PJ,6.528335392612801e-4
Fulton,2020,distribute_surfaceWater,industrial,PJ,0.0018587803480293297
Fulton,2020,distribute_surfaceWater,publicWatSup,PJ,0.20563675310900595
Fulton,2020,elec_import,electricity,PJ,31.634097303278846
Fulton,2020,electricity,Energy Losses,PJ,1.8075235077327647
Fulton,2020,electricity,commercial,PJ,10.930797174033794
Fulton,2020,electricity,distribute_groundwater,PJ,0.002050017665123227
Fulton,2020,electricity,distribute_surfaceWater,PJ,0.20749553345703528
Fulton,2020,electricity,en4water,PJ,1.1394417260830298
Fulton,2020,electricity,en_wwdist,PJ,0.3131125259071681
Fulton,2020,electricity,en_wwtreat,PJ,0.5051228171071681
Fulton,2020,electricity,extract_groundwater,PJ,0.0019908635258933946
Fulton,2020,electricity,extract_surfaceWater,PJ,0.028462329313478463
Fulton,2020,electricity,government,PJ,0.11804650873613887
Fulton,2020,electricity,industrial,PJ,7.905298009587541
Fulton,2020,electricity,residential,PJ,9.981375703470194
Fulton,2020,electricity,transport,PJ,0.050432673635390585
Fulton,2020,electricity,treat_groundwater,PJ,4.0409002052909753e-4
Fulton,2020,electricity,treat_surfaceWater,PJ,0.08080354908663392
Fulton,2020,en4water,energy_services,PJ,0.7406371219539695
Fulton,2020,en4water,rejected_energy,PJ,0.39880460412906044
Fulton,2020,en_wwdist,in-county treatment,PJ,0.19201029120000007
Fulton,2020,en_wwdist,ww_exports,PJ,0.12110223470716801
Fulton,2020,en_wwtreat,in-county treatment,PJ,0.38402058240000014
Fulton,2020,en_wwtreat,ww_exports,PJ,0.12110223470716801
Fulton,2020,extract_groundwater,agricultural,PJ,5.848506611570248e-4
Fulton,2020,extract_groundwater,industrial,PJ,6.864587591526181e-4
Fulton,2020,extract_groundwater,publicWatSup,PJ,2.718055957300275e-4
Fulton,2020,extract_groundwater,residential,PJ,4.477485098537241e-4
Fulton,2020,extract_surfaceWater,industrial,PJ,2.549703962566868e-4
Fulton,2020,extract_surfaceWater,publicWatSup,PJ,0.028207358917221776
Fulton,2020,government,energy_services,PJ,0.07673023067849027
Fulton,2020,government,rejected_energy,PJ,0.041316278057648606
Fulton,2020,groundwater,agricultural,MGD,0.624
Fulton,2020,groundwater,industrial,MGD,0.7324096460176989
Fulton,2020,groundwater,publicWatSup,MGD,0.29
Fulton,2020,groundwater,residential,MGD,0.477720363
Fulton,2020,industrial,Disposal,MGD,2.431050413856766
Fulton,2020,industrial,energy_services,PJ,25.51227289125103
Fulton,2020,industrial,rejected_energy,PJ,26.55359015211842
Fulton,2020,industrial,wastewater,MGD,1.6587304952000728
Fulton,2020,publicWatSup,Water Losses,MGD,37.62464842
Fulton,2020,publicWatSup,agricultural,MGD,0
Fulton,2020,publicWatSup,commercial,MGD,43.765140452727415
Fulton,2020,publicWatSup,industrial,MGD,1.997181920434842
Fulton,2020,publicWatSup,residential,MGD,67.38069071383775
Fulton,2020,residential,Water Losses,MGD,10.204749727022353
Fulton,2020,residential,energy_services,PJ,15.839781384196359
Fulton,2020,residential,rejected_energy,PJ,8.529113053028809
Fulton,2020,residential,septic,MGD,4.156164383561644
Fulton,2020,residential,wastewater,MGD,53.497496966253756
Fulton,2020,subsurface,wastewater,MGD,52.689863013698634
Fulton,2020,transport,energy_services,PJ,58.83132333748043
Fulton,2020,transport,rejected_energy,PJ,31.678404874027912
Fulton,2020,treat_groundwater,industrial,PJ,1.9728918634778756e-4
Fulton,2020,treat_groundwater,publicWatSup,PJ,7.81173e-5
Fulton,2020,treat_groundwater,residential,PJ,1.2868353418130999e-4
Fulton,2020,treat_surfaceWater,industrial,PJ,7.238519624537293e-4
Fulton,2020,treat_surfaceWater,publicWatSup,PJ,0.0800796971241802
Fulton,2020,wastewater,Atlanta RM Clayton WRC,MGD,58.090056239144545
Fulton,2020,wastewater,Atlanta South River WRC,MGD,19.71770378511833
Fulton,2020,wastewater,Atlanta Utoy Creek WRC,MGD,17.623091482066624
Fulton,2020,wastewater,CLAYTON W.B. CASEY WRF,MGD,5.818181818
Fulton,2020,wastewater,COBB RL SUTTON WRF,MGD,5.871334591
Fulton,2020,wastewater,Camp Creek WRF,MGD,11.858970407503278
Fulton,2020,wastewater,Fulton Big Creek WRF,MGD,15.276495744061327
Fulton,2020,wastewater,Fulton Cauley Creek,MGD,0
Fulton,2020,wastewater,Johns Creek Environmental Campus,MGD,4.055358406284322
Fulton,2020,wastewater,Little Bear WRF,MGD,0.01574896468459931
Fulton,2020,wastewater,Little River WRF (SEE CHEROKEE CO),MGD,0.907359932
Fulton,2020,wastewater,Pole Bridge Creek,MGD,1.272
Fulton,2020,ww_imports,Atlanta RM Clayton WRC,MGD,34.72041452
Fulton,2020,ww_imports,Atlanta South River WRC,MGD,4.659400424
Fulton,2020,ww_imports,Fulton Big Creek WRF,MGD,2.556248047
Fulton,2020,ww_imports,Johns Creek Environmental Campus,MGD,2.373090909
Fulton,2021,Atlanta RM Clayton WRC,Chattahoochee River_ds,MGD,93.88675730397371
Fulton,2021,Atlanta South River WRC,Chattahoochee River_ds,MGD,24.718732745321432
Fulton,2021,Atlanta Utoy Creek WRC,Chattahoochee River_ds,MGD,17.898811453799265
Fulton,2021,Basins,industrial,MGD,1.3601893426042981
Fulton,2021,Big Creek,publicWatSup,MGD,1.8725408916034612
Fulton,2021,Biomass,Small-scale generation,PJ,0.03534461
Fulton,2021,Biomass,commercial,PJ,0.09296749866105267
Fulton,2021,Biomass,industrial,PJ,18.865027152880916
Fulton,2021,Biomass,residential,PJ,0.48291162153657413
Fulton,2021,Biomass,transport,PJ,3.8973637427516157
Fulton,2021,Camp Creek WRF,Chattahoochee River_ds,MGD,12.04450851180594
Fulton,2021,Cedar Creek Reservoirs,publicWatSup,MGD,0.4405978568478732
Fulton,2021,Chattahoochee River,publicWatSup,MGD,144.51609704610237
Fulton,2021,Coal,industrial,PJ,0.7539196707060561
Fulton,2021,Energy Storage,Small-scale generation,PJ,0
Fulton,2021,Fulton Big Creek WRF,Chattahoochee River_ds,MGD,18.103210943605262
Fulton,2021,Fulton Cauley Creek,Chattahoochee River_ds,MGD,0
Fulton,2021,Johns Creek Environmental Campus,Chattahoochee River_ds,MGD,6.336987849593665
Fulton,2021,Little Bear WRF,Little Bear Creek_ds,MGD,0.01599536322948996
Fulton,2021,Little River WRF (SEE CHEROKEE CO),Little River_ds,MGD,0
Fulton,2021,Natural Gas,On-Site Backup Generation,PJ,0
Fulton,2021,Natural Gas,Small-scale generation,PJ,0.39360573
Fulton,2021,Natural Gas,commercial,PJ,5.662395851409277
Fulton,2021,Natural Gas,industrial,PJ,17.281463446637623
Fulton,2021,Natural Gas,residential,PJ,13.51217671600788
Fulton,2021,Natural Gas,transport,PJ,0.8415895800579315
Fulton,2021,Petroleum,Small-scale generation,PJ,0.0020656900000000002
Fulton,2021,Petroleum,commercial,PJ,2.5649680943434343
Fulton,2021,Petroleum,industrial,PJ,8.48632257610132
Fulton,2021,Petroleum,residential,PJ,0.8203992228212222
Fulton,2021,Petroleum,transport,PJ,88.58015984435225
Fulton,2021,Renewables,Small-scale generation,PJ,0.17279447898
Fulton,2021,Renewables,commercial,PJ,0.02470206203958837
Fulton,2021,Renewables,industrial,PJ,7.162698010796827e-4
Fulton,2021,Renewables,residential,PJ,0.08763350054899621
Fulton,2021,Small-scale generation,commercial,PJ,5.04e-4
Fulton,2021,Small-scale generation,electricity,PJ,0.3497616
Fulton,2021,Sweetwater Creek,publicWatSup,MGD,5.948071067446288
Fulton,2021,agricultural,Water Losses,MGD,0.624
Fulton,2021,agricultural,wastewater,MGD,0
Fulton,2021,commercial,Water Losses,MGD,11.290999564711356
Fulton,2021,commercial,energy_services,PJ,12.646247888440891
Fulton,2021,commercial,rejected_energy,PJ,6.809518093775864
Fulton,2021,commercial,wastewater,MGD,33.141686574598296
Fulton,2021,distribute_groundwater,industrial,PJ,0.0010008817258619466
Fulton,2021,distribute_groundwater,publicWatSup,PJ,3.963024e-4
Fulton,2021,distribute_groundwater,residential,PJ,6.627911495212799e-4
Fulton,2021,distribute_surfaceWater,industrial,PJ,0.0018587803480293297
Fulton,2021,distribute_surfaceWater,publicWatSup,PJ,0.20877935646533471
Fulton,2021,elec_import,electricity,PJ,32.03638050756514
Fulton,2021,electricity,Energy Losses,PJ,1.8331778551451963
Fulton,2021,electricity,commercial,PJ,11.110228475763405
Fulton,2021,electricity,distribute_groundwater,PJ,0.0020599752753832266
Fulton,2021,electricity,distribute_surfaceWater,PJ,0.21063813681336405
Fulton,2021,electricity,en4water,PJ,1.1532338821392643
Fulton,2021,electricity,en_wwdist,PJ,0.31617477426933216
Fulton,2021,electricity,en_wwtreat,PJ,0.5110364958693321
Fulton,2021,electricity,extract_groundwater,PJ,0.001997692992958865
Fulton,2021,electricity,extract_surfaceWater,PJ,0.02889340274498437
Fulton,2021,electricity,government,PJ,0.11194853322312887
Fulton,2021,electricity,industrial,PJ,8.24906946044288
Fulton,2021,electricity,residential,PJ,9.877804624229887
Fulton,2021,electricity,transport,PJ,0.05067927662136793
Fulton,2021,electricity,treat_groundwater,PJ,4.0605281870534756e-4
Fulton,2021,electricity,treat_surfaceWater,PJ,0.08202735135520427
Fulton,2021,en4water,energy_services,PJ,0.7496020233905217
Fulton,2021,en4water,rejected_energy,PJ,0.40363185874874247
Fulton,2021,en_wwdist,in-county treatment,PJ,0.1948617216
Fulton,2021,en_wwdist,ww_exports,PJ,0.12131305266933215
Fulton,2021,en_wwtreat,in-county treatment,PJ,0.3897234432
Fulton,2021,en_wwtreat,ww_exports,PJ,0.12131305266933215
Fulton,2021,extract_groundwater,agricultural,PJ,5.848506611570248e-4
Fulton,2021,extract_groundwater,industrial,PJ,6.864587591526181e-4
Fulton,2021,extract_groundwater,publicWatSup,PJ,2.718055957300275e-4
Fulton,2021,extract_groundwater,residential,PJ,4.545779769191943e-4
Fulton,2021,extract_surfaceWater,industrial,PJ,2.549703962566868e-4
Fulton,2021,extract_surfaceWater,publicWatSup,PJ,0.028638432348727684
Fulton,2021,government,energy_services,PJ,0.07276654659503376
Fulton,2021,government,rejected_energy,PJ,0.039181986628095106
Fulton,2021,groundwater,agricultural,MGD,0.624
Fulton,2021,groundwater,industrial,MGD,0.7324096460176989
Fulton,2021,groundwater,publicWatSup,MGD,0.29
Fulton,2021,groundwater,residential,MGD,0.48500698800000003
Fulton,2021,industrial,Disposal,MGD,2.436751695093231
Fulton,2021,industrial,energy_services,PJ,26.28189410251924
Fulton,2021,industrial,rejected_energy,PJ,27.354624474050638
Fulton,2021,industrial,wastewater,MGD,1.683492047116049
Fulton,2021,publicWatSup,Water Losses,MGD,38.19853374
Fulton,2021,publicWatSup,agricultural,MGD,0
Fulton,2021,publicWatSup,commercial,MGD,44.43268613930965
Fulton,2021,publicWatSup,industrial,MGD,2.0276447535872837
Fulton,2021,publicWatSup,residential,MGD,68.40844222910306
Fulton,2021,residential,Water Losses,MGD,10.406299071694114
Fulton,2021,residential,energy_services,PJ,16.107601695343966
Fulton,2021,residential,rejected_energy,PJ,8.673323989800595
Fulton,2021,residential,septic,MGD,4.191780821917808
Fulton,2021,residential,wastewater,MGD,54.29536932349113
Fulton,2021,subsurface,wastewater,MGD,53.47232876712328
Fulton,2021,transport,energy_services,PJ,60.69036508845905
Fulton,2021,transport,rejected_energy,PJ,32.6794273553241
Fulton,2021,treat_groundwater,industrial,PJ,1.9728918634778756e-4
Fulton,2021,treat_groundwater,publicWatSup,PJ,7.81173e-5
Fulton,2021,treat_groundwater,residential,PJ,1.3064633235755998e-4
Fulton,2021,treat_surfaceWater,industrial,PJ,7.238519624537293e-4
Fulton,2021,treat_surfaceWater,publicWatSup,PJ,0.08130349939275054
Fulton,2021,wastewater,Atlanta RM Clayton WRC,MGD,58.99889727197372
Fulton,2021,wastewater,Atlanta South River WRC,MGD,20.02619476332143
Fulton,2021,wastewater,Atlanta Utoy Creek WRC,MGD,17.898811453799265
Fulton,2021,wastewater,CLAYTON W.B. CASEY WRF,MGD,5.87107438
Fulton,2021,wastewater,COBB RL SUTTON WRF,MGD,5.916713747
Fulton,2021,wastewater,Camp Creek WRF,MGD,12.04450851180594
Fulton,2021,wastewater,Fulton Big Creek WRF,MGD,15.51550233260526
Fulton,2021,wastewater,Fulton Cauley Creek,MGD,0
Fulton,2021,wastewater,Johns Creek Environmental Campus,MGD,4.118806031593665
Fulton,2021,wastewater,Little Bear WRF,MGD,0.01599536322948996
Fulton,2021,wastewater,Little River WRF (SEE CHEROKEE CO),MGD,0.914372857
Fulton,2021,wastewater,Pole Bridge Creek,MGD,1.272
Fulton,2021,ww_imports,Atlanta RM Clayton WRC,MGD,34.887860032
Fulton,2021,ww_imports,Atlanta South River WRC,MGD,4.692537982
Fulton,2021,ww_imports,Fulton Big Creek WRF,MGD,2.587708611
Fulton,2021,ww_imports,Johns Creek Environmental Campus,MGD,2.218181818
Fulton,2022,Atlanta RM Clayton WRC,Chattahoochee River_ds,MGD,94.97264135594367
Fulton,2022,Atlanta South River WRC,Chattahoochee River_ds,MGD,25.06003340086132
Fulton,2022,Atlanta Utoy Creek WRC,Chattahoochee River_ds,MGD,18.177162366436754
Fulton,2022,Basins,industrial,MGD,1.3601893426042981
Fulton,2022,Big Creek,publicWatSup,MGD,1.9011388605212693
Fulton,2022,Biomass,Small-scale generation,PJ,0.026719985
Fulton,2022,Biomass,commercial,PJ,0.09298769636167128
Fulton,2022,Biomass,industrial,PJ,19.61614416074747
Fulton,2022,Biomass,residential,PJ,0.6085239526148701
Fulton,2022,Biomass,transport,PJ,3.829534637089209
Fulton,2022,Camp Creek WRF,Chattahoochee River_ds,MGD,12.231817034787198
Fulton,2022,Cedar Creek Reservoirs,publicWatSup,MGD,0.44732679071088693
Fulton,2022,Chattahoochee River,publicWatSup,MGD,146.72318735317089
Fulton,2022,Coal,industrial,PJ,0.6773036788622738
Fulton,2022,Energy Storage,Small-scale generation,PJ,0
Fulton,2022,Fulton Big Creek WRF,Chattahoochee River_ds,MGD,18.37367183316412
Fulton,2022,Fulton Cauley Creek,Chattahoochee River_ds,MGD,0
Fulton,2022,Johns Creek Environmental Campus,Chattahoochee River_ds,MGD,6.246131805961094
Fulton,2022,Little Bear WRF,Little Bear Creek_ds,MGD,0.01624411292800425
Fulton,2022,Little River WRF (SEE CHEROKEE CO),Little River_ds,MGD,0
Fulton,2022,Natural Gas,On-Site Backup Generation,PJ,0
Fulton,2022,Natural Gas,Small-scale generation,PJ,0.41547166
Fulton,2022,Natural Gas,commercial,PJ,5.9611866664215105
Fulton,2022,Natural Gas,industrial,PJ,16.49341991287441
Fulton,2022,Natural Gas,residential,PJ,14.353975618483867
Fulton,2022,Natural Gas,transport,PJ,1.0474882175624245
Fulton,2022,Petroleum,Small-scale generation,PJ,0.002149035
Fulton,2022,Petroleum,commercial,PJ,2.6628767125694246
Fulton,2022,Petroleum,industrial,PJ,8.674245565966006
Fulton,2022,Petroleum,residential,PJ,0.7932525829288942
Fulton,2022,Petroleum,transport,PJ,89.9755183807578
Fulton,2022,Renewables,Small-scale generation,PJ,0.13198513355999997
Fulton,2022,Renewables,commercial,PJ,0.02568406570960825
Fulton,2022,Renewables,industrial,PJ,7.238932046592488e-4
Fulton,2022,Renewables,residential,PJ,0.10929997771298099
Fulton,2022,Small-scale generation,commercial,PJ,3.42e-4
Fulton,2022,Small-scale generation,electricity,PJ,0.28472759999999997
Fulton,2022,Sweetwater Creek,publicWatSup,MGD,6.0389116745969735
Fulton,2022,agricultural,Water Losses,MGD,0.624
Fulton,2022,agricultural,wastewater,MGD,0
Fulton,2022,commercial,Water Losses,MGD,11.481333304257333
Fulton,2022,commercial,energy_services,PJ,13.189647413081833
Fulton,2022,commercial,rejected_energy,PJ,7.102117837813294
Fulton,2022,commercial,wastewater,MGD,33.62865561408816
Fulton,2022,distribute_groundwater,industrial,PJ,0.0010008817258619466
Fulton,2022,distribute_groundwater,publicWatSup,PJ,3.963024e-4
Fulton,2022,distribute_groundwater,residential,PJ,6.7289430388752e-4
Fulton,2022,distribute_surfaceWater,industrial,PJ,0.0018587803480293297
Fulton,2022,distribute_surfaceWater,publicWatSup,PJ,0.21196789326773424
Fulton,2022,elec_import,electricity,PJ,33.25497076324877
Fulton,2022,electricity,Energy Losses,PJ,1.8984734922593645
Fulton,2022,electricity,commercial,PJ,11.548688109832913
Fulton,2022,electricity,distribute_groundwater,PJ,0.0020700784297494664
Fulton,2022,electricity,distribute_surfaceWater,PJ,0.21382667361576357
Fulton,2022,electricity,en4water,PJ,1.1671070505678052
Fulton,2022,electricity,en_wwdist,PJ,0.3192363405312307
Fulton,2022,electricity,en_wwtreat,PJ,0.5169614733312307
Fulton,2022,electricity,extract_groundwater,PJ,0.0020046222820352577
Fulton,2022,electricity,extract_surfaceWater,PJ,0.029330776904254317
Fulton,2022,electricity,government,PJ,0.10683572082542635
Fulton,2022,electricity,industrial,PJ,8.455932524376092
Fulton,2022,electricity,residential,PJ,10.311718753342417
Fulton,2022,electricity,transport,PJ,0.050942712044753806
Fulton,2022,electricity,treat_groundwater,PJ,4.080443058640776e-4
Fulton,2022,electricity,treat_surfaceWater,PJ,0.08326904116767715
Fulton,2022,en4water,energy_services,PJ,0.7586195828690734
Fulton,2022,en4water,rejected_energy,PJ,0.4084874676987318
Fulton,2022,en_wwdist,in-county treatment,PJ,0.1977251328
Fulton,2022,en_wwdist,ww_exports,PJ,0.12151120773123072
Fulton,2022,en_wwtreat,in-county treatment,PJ,0.3954502656
Fulton,2022,en_wwtreat,ww_exports,PJ,0.12151120773123072
Fulton,2022,extract_groundwater,agricultural,PJ,5.848506611570248e-4
Fulton,2022,extract_groundwater,industrial,PJ,6.864587591526181e-4
Fulton,2022,extract_groundwater,publicWatSup,PJ,2.718055957300275e-4
Fulton,2022,extract_groundwater,residential,PJ,4.615072659955871e-4
Fulton,2022,extract_surfaceWater,industrial,PJ,2.549703962566868e-4
Fulton,2022,extract_surfaceWater,publicWatSup,PJ,0.02907580650799763
Fulton,2022,government,energy_services,PJ,0.06944321853652713
Fulton,2022,government,rejected_energy,PJ,0.03739250228889922
Fulton,2022,groundwater,agricultural,MGD,0.624
Fulton,2022,groundwater,industrial,MGD,0.7324096460176989
Fulton,2022,groundwater,publicWatSup,MGD,0.29
Fulton,2022,groundwater,residential,MGD,0.492400117
Fulton,2022,industrial,Disposal,MGD,2.442898650619961
Fulton,2022,industrial,energy_services,PJ,26.41970717065514
Fulton,2022,industrial,rejected_energy,PJ,27.49806256537576
Fulton,2022,industrial,wastewater,MGD,1.7082531808874233
Fulton,2022,publicWatSup,Water Losses,MGD,38.78080718
Fulton,2022,publicWatSup,agricultural,MGD,0
Fulton,2022,publicWatSup,commercial,MGD,45.10998891834549
Fulton,2022,publicWatSup,industrial,MGD,2.058552842885388
Fulton,2022,publicWatSup,residential,MGD,69.45121573776912
Fulton,2022,residential,Water Losses,MGD,10.617510951114575
Fulton,2022,residential,energy_services,PJ,17.01490107530397
Fulton,2022,residential,rejected_energy,PJ,9.16186980977906
Fulton,2022,residential,septic,MGD,4.232876712328767
Fulton,2022,residential,wastewater,MGD,55.09322819132578
Fulton,2022,subsurface,wastewater,MGD,54.25808219178081
Fulton,2022,transport,energy_services,PJ,61.68726456584523
Fulton,2022,transport,rejected_energy,PJ,33.216219381608965
Fulton,2022,treat_groundwater,industrial,PJ,1.9728918634778756e-4
Fulton,2022,treat_groundwater,publicWatSup,PJ,7.81173e-5
Fulton,2022,treat_groundwater,residential,PJ,1.3263781951629002e-4
Fulton,2022,treat_surfaceWater,industrial,PJ,7.238519624537293e-4
Fulton,2022,treat_surfaceWater,publicWatSup,PJ,0.08254518920522343
Fulton,2022,wastewater,Atlanta RM Clayton WRC,MGD,59.91641053494367
Fulton,2022,wastewater,Atlanta South River WRC,MGD,20.33762938586132
Fulton,2022,wastewater,Atlanta Utoy Creek WRC,MGD,18.177162366436754
Fulton,2022,wastewater,CLAYTON W.B. CASEY WRF,MGD,5.919158528
Fulton,2022,wastewater,COBB RL SUTTON WRF,MGD,5.957476271
Fulton,2022,wastewater,Camp Creek WRF,MGD,12.231817034787198
Fulton,2022,wastewater,Fulton Big Creek WRF,MGD,15.756789540164121
Fulton,2022,wastewater,Fulton Cauley Creek,MGD,0
Fulton,2022,wastewater,Johns Creek Environmental Campus,MGD,4.182859078961094
Fulton,2022,wastewater,Little Bear WRF,MGD,0.01624411292800425
Fulton,2022,wastewater,Little River WRF (SEE CHEROKEE CO),MGD,0.920672325
Fulton,2022,wastewater,Pole Bridge Creek,MGD,1.272
Fulton,2022,ww_imports,Atlanta RM Clayton WRC,MGD,35.056230821
Fulton,2022,ww_imports,Atlanta South River WRC,MGD,4.722404015
Fulton,2022,ww_imports,Fulton Big Creek WRF,MGD,2.6168822929999997
Fulton,2022,ww_imports,Johns Creek Environmental Campus,MGD,2.063272727
Fulton,2023,Atlanta RM Clayton WRC,Chattahoochee River_ds,MGD,96.21848005951337
Fulton,2023,Atlanta South River WRC,Chattahoochee River_ds,MGD,25.410015457150536
Fulton,2023,Atlanta Utoy Creek WRC,Chattahoochee River_ds,MGD,18.464999044531506
Fulton,2023,Basins,industrial,MGD,1.3601893426042981
Fulton,2023,Big Creek,publicWatSup,MGD,1.9303727040699354
Fulton,2023,Biomass,Small-scale generation,PJ,0.01009213
Fulton,2023,Biomass,commercial,PJ,0.09250475012861031
Fulton,2023,Biomass,industrial,PJ,18.682342021784308
Fulton,2023,Biomass,residential,PJ,0.5146158110506712
Fulton,2023,Biomass,transport,PJ,4.199508941313481
Fulton,2023,Camp Creek WRF,Chattahoochee River_ds,MGD,12.425508740422005
Fulton,2023,Cedar Creek Reservoirs,publicWatSup,MGD,0.45420534213410246
Fulton,2023,Chattahoochee River,publicWatSup,MGD,148.9793522199856
Fulton,2023,Coal,industrial,PJ,0.4528081679479797
Fulton,2023,Energy Storage,Small-scale generation,PJ,0
Fulton,2023,Fulton Big Creek WRF,Chattahoochee River_ds,MGD,18.65174097685305
Fulton,2023,Fulton Cauley Creek,Chattahoochee River_ds,MGD,0
Fulton,2023,Johns Creek Environmental Campus,Chattahoochee River_ds,MGD,6.157458590393979
Fulton,2023,Little Bear WRF,Little Bear Creek_ds,MGD,0.016501339628714484
Fulton,2023,Little River WRF (SEE CHEROKEE CO),Little River_ds,MGD,0
Fulton,2023,Natural Gas,On-Site Backup Generation,PJ,0
Fulton,2023,Natural Gas,Small-scale generation,PJ,0.46389721500000003
Fulton,2023,Natural Gas,commercial,PJ,5.444757242486104
Fulton,2023,Natural Gas,industrial,PJ,16.602277109674496
Fulton,2023,Natural Gas,residential,PJ,12.940122577208665
Fulton,2023,Natural Gas,transport,PJ,1.3123271646737042
Fulton,2023,Petroleum,Small-scale generation,PJ,0.001773455
Fulton,2023,Petroleum,commercial,PJ,2.5208836375830233
Fulton,2023,Petroleum,industrial,PJ,8.768210025039696
Fulton,2023,Petroleum,residential,PJ,0.7248444834099934
Fulton,2023,Petroleum,transport,PJ,96.61495839493931
Fulton,2023,Renewables,Small-scale generation,PJ,0.10890771330000001
Fulton,2023,Renewables,commercial,PJ,0.029909208258080452
Fulton,2023,Renewables,industrial,PJ,7.172751762811864e-4
Fulton,2023,Renewables,residential,PJ,0.13400232999191383
Fulton,2023,Small-scale generation,commercial,PJ,4.644e-4
Fulton,2023,Small-scale generation,electricity,PJ,0.2632896
Fulton,2023,Sweetwater Creek,publicWatSup,MGD,6.1317721188103835
Fulton,2023,agricultural,Water Losses,MGD,0.624
Fulton,2023,agricultural,wastewater,MGD,0
Fulton,2023,commercial,Water Losses,MGD,11.674762575902967
Fulton,2023,commercial,energy_services,PJ,12.732645153240242
Fulton,2023,commercial,rejected_energy,PJ,6.856039697898591
Fulton,2023,commercial,wastewater,MGD,34.12758891956386
Fulton,2023,distribute_groundwater,industrial,PJ,0.0010008817258619466
Fulton,2023,distribute_groundwater,publicWatSup,PJ,3.963024e-4
Fulton,2023,distribute_groundwater,residential,PJ,6.8322210158592e-4
Fulton,2023,distribute_surfaceWater,industrial,PJ,0.0018587803480293297
Fulton,2023,distribute_surfaceWater,publicWatSup,PJ,0.21522732705124564
Fulton,2023,elec_import,electricity,PJ,32.44165934492993
Fulton,2023,electricity,Energy Losses,PJ,1.8512235251847131
Fulton,2023,electricity,commercial,PJ,11.500165612683018
Fulton,2023,electricity,distribute_groundwater,PJ,0.0020804062274478665
Fulton,2023,electricity,distribute_surfaceWater,PJ,0.21708610739927497
Fulton,2023,electricity,en4water,PJ,1.1820479577883116
Fulton,2023,electricity,en_wwdist,PJ,0.3227325212420525
Fulton,2023,electricity,en_wwtreat,PJ,0.5234109212420525
Fulton,2023,electricity,extract_groundwater,PJ,0.0020117056436449597
Fulton,2023,electricity,extract_surfaceWater,PJ,0.02977787605948017
Fulton,2023,electricity,government,PJ,0.0987777620204634
Fulton,2023,electricity,industrial,PJ,8.279706059746475
Fulton,2023,electricity,residential,PJ,9.742197533112046
Fulton,2023,electricity,transport,PJ,0.05083049439490432
Fulton,2023,electricity,treat_groundwater,PJ,4.1008007367962756e-4
Fulton,2023,electricity,treat_surfaceWater,PJ,0.08453833990067919
Fulton,2023,en4water,energy_services,PJ,0.7683311725624026
Fulton,2023,en4water,rejected_energy,PJ,0.41371678522590905
Fulton,2023,en_wwdist,in-county treatment,PJ,0.2006784
Fulton,2023,en_wwdist,ww_exports,PJ,0.12205412124205248
Fulton,2023,en_wwtreat,in-county treatment,PJ,0.4013568
Fulton,2023,en_wwtreat,ww_exports,PJ,0.12205412124205248
Fulton,2023,extract_groundwater,agricultural,PJ,5.848506611570248e-4
Fulton,2023,extract_groundwater,industrial,PJ,6.864587591526181e-4
Fulton,2023,extract_groundwater,publicWatSup,PJ,2.718055957300275e-4
Fulton,2023,extract_groundwater,residential,PJ,4.6859062760528926e-4
Fulton,2023,extract_surfaceWater,industrial,PJ,2.549703962566868e-4
Fulton,2023,extract_surfaceWater,publicWatSup,PJ,0.02952290566322348
Fulton,2023,government,energy_services,PJ,0.06420554531330122
Fulton,2023,government,rejected_energy,PJ,0.03457221670716219
Fulton,2023,groundwater,agricultural,MGD,0.624
Fulton,2023,groundwater,industrial,MGD,0.7324096460176989
Fulton,2023,groundwater,publicWatSup,MGD,0.29
Fulton,2023,groundwater,residential,MGD,0.499957632
Fulton,2023,industrial,Disposal,MGD,2.446933150638147
Fulton,2023,industrial,energy_services,PJ,25.865169723090926
Fulton,2023,industrial,rejected_energy,PJ,26.92089093627831
Fulton,2023,industrial,wastewater,MGD,1.7358140100148958
Fulton,2023,publicWatSup,Water Losses,MGD,39.37602745
Fulton,2023,publicWatSup,agricultural,MGD,0
Fulton,2023,publicWatSup,commercial,MGD,45.80235149546683
Fulton,2023,publicWatSup,industrial,MGD,2.0901481720310464
Fulton,2023,publicWatSup,residential,MGD,70.51717526750213
Fulton,2023,residential,Water Losses,MGD,10.82848103456034
Fulton,2023,residential,energy_services,PJ,15.636258777602638
Fulton,2023,residential,rejected_energy,PJ,8.41952395717065
Fulton,2023,residential,septic,MGD,4.271232876712329
Fulton,2023,residential,wastewater,MGD,55.91741898822946
Fulton,2023,subsurface,wastewater,MGD,55.06849315068493
Fulton,2023,transport,energy_services,PJ,66.41545624695891
Fulton,2023,transport,rejected_energy,PJ,35.762168748362484
Fulton,2023,treat_groundwater,industrial,PJ,1.9728918634778756e-4
Fulton,2023,treat_groundwater,publicWatSup,PJ,7.81173e-5
Fulton,2023,treat_groundwater,residential,PJ,1.3467358733183999e-4
Fulton,2023,treat_surfaceWater,industrial,PJ,7.238519624537293e-4
Fulton,2023,treat_surfaceWater,publicWatSup,PJ,0.08381448793822546
Fulton,2023,wastewater,Atlanta RM Clayton WRC,MGD,60.865191220513374
Fulton,2023,wastewater,Atlanta South River WRC,MGD,20.659677215150534
Fulton,2023,wastewater,Atlanta Utoy Creek WRC,MGD,18.464999044531506
Fulton,2023,wastewater,CLAYTON W.B. CASEY WRF,MGD,5.962871388
Fulton,2023,wastewater,COBB RL SUTTON WRF,MGD,5.999937426
Fulton,2023,wastewater,Camp Creek WRF,MGD,12.425508740422005
Fulton,2023,wastewater,Fulton Big Creek WRF,MGD,16.00629943985305
Fulton,2023,wastewater,Fulton Cauley Creek,MGD,0
Fulton,2023,wastewater,Johns Creek Environmental Campus,MGD,4.249094954393979
Fulton,2023,wastewater,Little Bear WRF,MGD,0.016501339628714484
Fulton,2023,wastewater,Little River WRF (SEE CHEROKEE CO),MGD,0.9272343
Fulton,2023,wastewater,Pole Bridge Creek,MGD,1.272
Fulton,2023,ww_imports,Atlanta RM Clayton WRC,MGD,35.353288839
Fulton,2023,ww_imports,Atlanta South River WRC,MGD,4.750338242
Fulton,2023,ww_imports,Fulton Big Creek WRF,MGD,2.645441537
Fulton,2023,ww_imports,Johns Creek Environmental Campus,MGD,1.908363636
Fulton,2024,Atlanta RM Clayton WRC,Chattahoochee River_ds,MGD,97.50205103258136
Fulton,2024,Atlanta South River WRC,Chattahoochee River_ds,MGD,25.766006882662293
Fulton,2024,Atlanta Utoy Creek WRC,Chattahoochee River_ds,MGD,18.764595238411427
Fulton,2024,Basins,industrial,MGD,1.3601893426042981
Fulton,2024,Big Creek,publicWatSup,MGD,1.9609004649538573
Fulton,2024,Biomass,Small-scale generation,PJ,0.002653325
Fulton,2024,Biomass,commercial,PJ,0.09208038095487672
Fulton,2024,Biomass,industrial,PJ,18.00433799591231
Fulton,2024,Biomass,residential,PJ,0.48015546135911696
Fulton,2024,Biomass,transport,PJ,4.0571953329112445
Fulton,2024,Camp Creek WRF,Chattahoochee River_ds,MGD,12.627113685901524
Fulton,2024,Cedar Creek Reservoirs,publicWatSup,MGD,0.46138834469502527
Fulton,2024,Chattahoochee River,publicWatSup,MGD,151.33537705996827
Fulton,2024,Coal,industrial,PJ,0.47264499453262976
Fulton,2024,Energy Storage,Small-scale generation,PJ,0
Fulton,2024,Fulton Big Creek WRF,Chattahoochee River_ds,MGD,18.93782806067925
Fulton,2024,Fulton Cauley Creek,Chattahoochee River_ds,MGD,0
Fulton,2024,Johns Creek Environmental Campus,Chattahoochee River_ds,MGD,6.071491429621039
Fulton,2024,Little Bear WRF,Little Bear Creek_ds,MGD,0.016769075280081706
Fulton,2024,Little River WRF (SEE CHEROKEE CO),Little River_ds,MGD,0
Fulton,2024,Natural Gas,Small-scale generation,PJ,0.39340844500000005
Fulton,2024,Natural Gas,commercial,PJ,5.869069734024467
Fulton,2024,Natural Gas,industrial,PJ,16.585271298135087
Fulton,2024,Natural Gas,residential,PJ,13.936031287422153
Fulton,2024,Natural Gas,transport,PJ,1.2524989472007477
Fulton,2024,Petroleum,Small-scale generation,PJ,0.00153819
Fulton,2024,Petroleum,commercial,PJ,2.3752622962069707
Fulton,2024,Petroleum,industrial,PJ,8.522425069025886
Fulton,2024,Petroleum,residential,PJ,0.8531067250031706
Fulton,2024,Petroleum,transport,PJ,94.82005521682913
Fulton,2024,Renewables,Small-scale generation,PJ,0.11741011021999999
Fulton,2024,Renewables,commercial,PJ,0.03611253445837395
Fulton,2024,Renewables,industrial,PJ,7.396842432729166e-4
Fulton,2024,Renewables,residential,PJ,0.14864055673016421
Fulton,2024,Small-scale generation,commercial,PJ,1.98e-4
Fulton,2024,Small-scale generation,electricity,PJ,0.2617416
Fulton,2024,Sweetwater Creek,publicWatSup,MGD,6.228742653382842
Fulton,2024,agricultural,Water Losses,MGD,0.624
Fulton,2024,agricultural,wastewater,MGD,0
Fulton,2024,commercial,Water Losses,MGD,11.875180307513446
Fulton,2024,commercial,energy_services,PJ,13.211902676052183
Fulton,2024,commercial,rejected_energy,PJ,7.114101440951175
Fulton,2024,commercial,wastewater,MGD,34.65017838063864
Fulton,2024,distribute_groundwater,industrial,PJ,0.0010008817258619466
Fulton,2024,distribute_groundwater,publicWatSup,PJ,3.963024e-4
Fulton,2024,distribute_groundwater,residential,PJ,6.94007017704e-4
Fulton,2024,distribute_surfaceWater,industrial,PJ,0.0018587803480293297
Fulton,2024,distribute_surfaceWater,publicWatSup,PJ,0.21863102643119087
Fulton,2024,elec_import,electricity,PJ,33.46738254241312
Fulton,2024,electricity,Energy Losses,PJ,1.9091957061743272
Fulton,2024,electricity,commercial,PJ,11.953281171358672
Fulton,2024,electricity,distribute_groundwater,PJ,0.0020911911435659465
Fulton,2024,electricity,distribute_surfaceWater,PJ,0.2204898067792202
Fulton,2024,electricity,en4water,PJ,1.1974948184053336
Fulton,2024,electricity,en_wwdist,PJ,0.3263142219927034
Fulton,2024,electricity,en_wwtreat,PJ,0.5300597067927034
Fulton,2024,electricity,extract_groundwater,PJ,0.0020191025217622086
Fulton,2024,electricity,extract_surfaceWater,PJ,0.030244764242671567
Fulton,2024,electricity,government,PJ,0.0907383366469789
Fulton,2024,electricity,industrial,PJ,8.304331059377054
Fulton,2024,electricity,residential,PJ,10.220836215251575
Fulton,2024,electricity,transport,PJ,0.05324683519916772
Fulton,2024,electricity,treat_groundwater,PJ,4.122059465682876e-4
Fulton,2024,electricity,treat_surfaceWater,PJ,0.08586381898613862
Fulton,2024,en4water,energy_services,PJ,0.7783716319634669
Fulton,2024,en4water,rejected_energy,PJ,0.41912318644186675
Fulton,2024,en_wwdist,in-county treatment,PJ,0.20374548480000002
Fulton,2024,en_wwdist,ww_exports,PJ,0.12256873719270335
Fulton,2024,en_wwtreat,in-county treatment,PJ,0.40749096960000003
Fulton,2024,en_wwtreat,ww_exports,PJ,0.12256873719270335
Fulton,2024,extract_groundwater,agricultural,PJ,5.848506611570248e-4
Fulton,2024,extract_groundwater,industrial,PJ,6.864587591526181e-4
Fulton,2024,extract_groundwater,publicWatSup,PJ,2.718055957300275e-4
Fulton,2024,extract_groundwater,residential,PJ,4.75987505722538e-4
Fulton,2024,extract_surfaceWater,industrial,PJ,2.549703962566868e-4
Fulton,2024,extract_surfaceWater,publicWatSup,PJ,0.02998979384641488
Fulton,2024,government,energy_services,PJ,0.05897991882053629
Fulton,2024,government,rejected_energy,PJ,0.03175841782644261
Fulton,2024,groundwater,agricultural,MGD,0.624
Fulton,2024,groundwater,industrial,MGD,0.7324096460176989
Fulton,2024,groundwater,publicWatSup,MGD,0.29
Fulton,2024,groundwater,residential,MGD,0.50784965
Fulton,2024,industrial,Disposal,MGD,2.452422070306457
Fulton,2024,industrial,energy_services,PJ,25.42597754960086
Fulton,2024,industrial,rejected_energy,PJ,26.46377255162539
Fulton,2024,industrial,wastewater,MGD,1.7633188585256725
Fulton,2024,publicWatSup,Water Losses,MGD,39.99759272
Fulton,2024,publicWatSup,agricultural,MGD,0
Fulton,2024,publicWatSup,commercial,MGD,46.52535868815209
Fulton,2024,publicWatSup,industrial,MGD,2.1231419402101332
Fulton,2024,publicWatSup,residential,MGD,71.63031517463777
Fulton,2024,residential,Water Losses,MGD,11.055771652843184
Fulton,2024,residential,energy_services,PJ,16.665200659748017
Fulton,2024,residential,rejected_energy,PJ,8.973569586018163
Fulton,2024,residential,septic,MGD,4.3123287671232875
Fulton,2024,residential,wastewater,MGD,56.770064404671295
Fulton,2024,subsurface,wastewater,MGD,55.91013698630137
Fulton,2024,transport,energy_services,PJ,65.1189476158912
Fulton,2024,transport,rejected_energy,PJ,35.064048716249104
Fulton,2024,treat_groundwater,industrial,PJ,1.9728918634778756e-4
Fulton,2024,treat_groundwater,publicWatSup,PJ,7.81173e-5
Fulton,2024,treat_groundwater,residential,PJ,1.367994602205e-4
Fulton,2024,treat_surfaceWater,industrial,PJ,7.238519624537293e-4
Fulton,2024,treat_surfaceWater,publicWatSup,PJ,0.0851399670236849
Fulton,2024,wastewater,Atlanta RM Clayton WRC,MGD,61.852734170581364
Fulton,2024,wastewater,Atlanta South River WRC,MGD,20.994882250662293
Fulton,2024,wastewater,Atlanta Utoy Creek WRC,MGD,18.764595238411427
Fulton,2024,wastewater,CLAYTON W.B. CASEY WRF,MGD,6.002610354
Fulton,2024,wastewater,COBB RL SUTTON WRF,MGD,6.044788357
Fulton,2024,wastewater,Camp Creek WRF,MGD,12.627113685901524
Fulton,2024,wastewater,Fulton Big Creek WRF,MGD,16.266003021679253
Fulton,2024,wastewater,Fulton Cauley Creek,MGD,0
Fulton,2024,wastewater,Johns Creek Environmental Campus,MGD,4.318036884621039
Fulton,2024,wastewater,Little Bear WRF,MGD,0.016769075280081706
Fulton,2024,wastewater,Little River WRF (SEE CHEROKEE CO),MGD,0.934165592
Fulton,2024,wastewater,Pole Bridge Creek,MGD,1.272
Fulton,2024,ww_imports,Atlanta RM Clayton WRC,MGD,35.649316862
Fulton,2024,ww_imports,Atlanta South River WRC,MGD,4.771124632
Fulton,2024,ww_imports,Fulton Big Creek WRF,MGD,2.671825039
Fulton,2024,ww_imports,Johns Creek Environmental Campus,MGD,1.753454545
Gwinnett,2020,Basins,industrial,MGD,0.7639419595448796
Gwinnett,2020,Biomass,Small-scale generation,PJ,0.7478578499999999
Gwinnett,2020,Biomass,commercial,PJ,0.08431323116853544
Gwinnett,2020,Biomass,industrial,PJ,17.101172603895616
Gwinnett,2020,Biomass,residential,PJ,0.42354445512149197
Gwinnett,2020,Biomass,transport,PJ,3.397210885362821
Gwinnett,2020,Buford Southside WPCP,Little Suwanee Creek_ds,MGD,1.6161888160013562
Gwinnett,2020,Buford Westside WPCP,Richland Creek_ds,MGD,0.14692625600012332
Gwinnett,2020,Coal,industrial,PJ,0.6500126201820051
Gwinnett,2020,Gwinnett  F.W. Hill,"Lake Lanier, Chattahoochee River_ds",MGD,33.46399144248921
Gwinnett,2020,Gwinnett Crooked Creek,Chattahoochee River_ds,MGD,9.798851073238993
Gwinnett,2020,Gwinnett Jack's Creek,Jack's Creek_ds,MGD,0.46338280738500426
Gwinnett,2020,Gwinnett Jackson Creek,Yellow River_ds,MGD,3.1193574350795408
Gwinnett,2020,Gwinnett Yellow River,Yellow River_ds,MGD,12.262691366164137
Gwinnett,2020,Lake Lanier,publicWatSup,MGD,90.045008885
Gwinnett,2020,Natural Gas,commercial,PJ,4.884138305211048
Gwinnett,2020,Natural Gas,industrial,PJ,14.839034480934675
Gwinnett,2020,Natural Gas,residential,PJ,11.592362750216903
Gwinnett,2020,Natural Gas,transport,PJ,0.7256590164147804
Gwinnett,2020,Petroleum,commercial,PJ,2.1778248917924046
Gwinnett,2020,Petroleum,industrial,PJ,6.987635666956555
Gwinnett,2020,Petroleum,residential,PJ,0.8086533813974394
Gwinnett,2020,Petroleum,transport,PJ,76.95028386696944
Gwinnett,2020,Renewables,commercial,PJ,0.016963388633707086
Gwinnett,2020,Renewables,industrial,PJ,5.652283653756566e-4
Gwinnett,2020,Renewables,residential,PJ,0.06956040661364314
Gwinnett,2020,Rock Creek,publicWatSup,MGD,0
Gwinnett,2020,Small-scale generation,electricity,PJ,0.2263176
Gwinnett,2020,agricultural,Water Losses,MGD,0
Gwinnett,2020,agricultural,wastewater,MGD,0
Gwinnett,2020,commercial,Water Losses,MGD,4.431617140309468
Gwinnett,2020,commercial,energy_services,PJ,11.023900662471172
Gwinnett,2020,commercial,rejected_energy,PJ,5.935946510561401
Gwinnett,2020,commercial,wastewater,MGD,8.70025862223553
Gwinnett,2020,distribute_groundwater,industrial,PJ,5.621390515115042e-4
Gwinnett,2020,distribute_groundwater,residential,PJ,0
Gwinnett,2020,distribute_surfaceWater,industrial,PJ,0.0010439725242356505
Gwinnett,2020,distribute_surfaceWater,publicWatSup,PJ,0.12305190734188562
Gwinnett,2020,elec_import,electricity,PJ,27.77790094728037
Gwinnett,2020,electricity,Energy Losses,PJ,1.5851444460724737
Gwinnett,2020,electricity,commercial,PJ,9.796607356226879
Gwinnett,2020,electricity,distribute_groundwater,PJ,5.621390515115042e-4
Gwinnett,2020,electricity,distribute_surfaceWater,PJ,0.12409587986612126
Gwinnett,2020,electricity,en4water,PJ,0.44073353220659883
Gwinnett,2020,electricity,en_wwdist,PJ,0.08386221938017548
Gwinnett,2020,electricity,en_wwtreat,PJ,0.16636881124035097
Gwinnett,2020,electricity,extract_groundwater,PJ,3.855453304829773e-4
Gwinnett,2020,electricity,extract_surfaceWater,PJ,0.01702233171166918
Gwinnett,2020,electricity,government,PJ,0.10579789172271246
Gwinnett,2020,electricity,industrial,PJ,7.085036836824907
Gwinnett,2020,electricity,residential,PJ,8.945698752344084
Gwinnett,2020,electricity,transport,PJ,0.04519973188271413
Gwinnett,2020,electricity,treat_groundwater,PJ,1.1080625534601767e-4
Gwinnett,2020,electricity,treat_surfaceWater,PJ,0.048325799370941454
Gwinnett,2020,en4water,energy_services,PJ,0.28647679593428926
Gwinnett,2020,en4water,rejected_energy,PJ,0.15425673627230957
Gwinnett,2020,en_wwdist,in-county treatment,PJ,0.08250659186017548
Gwinnett,2020,en_wwdist,ww_exports,PJ,0.0013556275200000002
Gwinnett,2020,en_wwtreat,in-county treatment,PJ,0.16501318372035095
Gwinnett,2020,en_wwtreat,ww_exports,PJ,0.0013556275200000002
Gwinnett,2020,extract_groundwater,agricultural,PJ,0
Gwinnett,2020,extract_groundwater,industrial,PJ,3.855453304829773e-4
Gwinnett,2020,extract_groundwater,residential,PJ,0
Gwinnett,2020,extract_surfaceWater,industrial,PJ,1.4320255132224875e-4
Gwinnett,2020,extract_surfaceWater,publicWatSup,PJ,0.016879129160346933
Gwinnett,2020,government,energy_services,PJ,0.06876862961976311
Gwinnett,2020,government,rejected_energy,PJ,0.03702926210294936
Gwinnett,2020,groundwater,agricultural,MGD,0
Gwinnett,2020,groundwater,industrial,MGD,0.41135336283185825
Gwinnett,2020,groundwater,residential,MGD,0
Gwinnett,2020,industrial,Disposal,MGD,1.3183200098326544
Gwinnett,2020,industrial,energy_services,PJ,22.865094144207973
Gwinnett,2020,industrial,rejected_energy,PJ,23.79836329295116
Gwinnett,2020,industrial,wastewater,MGD,0.5036446825403985
Gwinnett,2020,publicWatSup,Water Losses,MGD,14.54430175
Gwinnett,2020,publicWatSup,agricultural,MGD,0
Gwinnett,2020,publicWatSup,commercial,MGD,13.131875762544999
Gwinnett,2020,publicWatSup,industrial,MGD,0.646669369996315
Gwinnett,2020,publicWatSup,residential,MGD,61.72216200245869
Gwinnett,2020,residential,Water Losses,MGD,10.228749357757906
Gwinnett,2020,residential,energy_services,PJ,14.195882834700816
Gwinnett,2020,residential,rejected_energy,PJ,7.643936910992746
Gwinnett,2020,residential,septic,MGD,10.384491619178082
Gwinnett,2020,residential,wastewater,MGD,41.108921025522704
Gwinnett,2020,subsurface,wastewater,MGD,10.062564866059727
Gwinnett,2020,transport,energy_services,PJ,52.726929775409346
Gwinnett,2020,transport,rejected_energy,PJ,28.391423725220413
Gwinnett,2020,treat_groundwater,industrial,PJ,1.1080625534601767e-4
Gwinnett,2020,treat_groundwater,residential,PJ,0
Gwinnett,2020,treat_surfaceWater,industrial,PJ,4.065469926109986e-4
Gwinnett,2020,treat_surfaceWater,publicWatSup,PJ,0.04791925237833045
Gwinnett,2020,wastewater,Buford Southside WPCP,MGD,1.6161888160013562
Gwinnett,2020,wastewater,Buford Westside WPCP,MGD,0.14692625600012332
Gwinnett,2020,wastewater,Gwinnett  F.W. Hill,MGD,32.96799144248921
Gwinnett,2020,wastewater,Gwinnett Crooked Creek,MGD,9.798851073238993
Gwinnett,2020,wastewater,Gwinnett Jack's Creek,MGD,0.46338280738500426
Gwinnett,2020,wastewater,Gwinnett Jackson Creek,MGD,3.1193574350795408
Gwinnett,2020,wastewater,Gwinnett Yellow River,MGD,12.262691366164137
Gwinnett,2020,wastewater,Pole Bridge Creek,MGD,0
Gwinnett,2020,ww_imports,Gwinnett  F.W. Hill,MGD,0.496
Gwinnett,2021,Basins,industrial,MGD,0.7639419595448796
Gwinnett,2021,Biomass,Small-scale generation,PJ,0.76047354
Gwinnett,2021,Biomass,commercial,PJ,0.08447039583267699
Gwinnett,2021,Biomass,industrial,PJ,17.14078935056514
Gwinnett,2021,Biomass,residential,PJ,0.43877415667722386
Gwinnett,2021,Biomass,transport,PJ,3.5411500018346826
Gwinnett,2021,Buford Southside WPCP,Little Suwanee Creek_ds,MGD,1.6513642883648538
Gwinnett,2021,Buford Westside WPCP,Richland Creek_ds,MGD,0.15012402621498672
Gwinnett,2021,Coal,industrial,PJ,0.6850124390542678
Gwinnett,2021,Gwinnett  F.W. Hill,"Lake Lanier, Chattahoochee River_ds",MGD,34.181521882239714
Gwinnett,2021,Gwinnett Crooked Creek,Chattahoochee River_ds,MGD,10.01211774833796
Gwinnett,2021,Gwinnett Jack's Creek,Jack's Creek_ds,MGD,0.47346808267803503
Gwinnett,2021,Gwinnett Jackson Creek,Yellow River_ds,MGD,3.187248556564333
Gwinnett,2021,Gwinnett Yellow River,Yellow River_ds,MGD,12.529582187943122
Gwinnett,2021,Lake Lanier,publicWatSup,MGD,91.805258386
Gwinnett,2021,Natural Gas,commercial,PJ,5.144860578358535
Gwinnett,2021,Natural Gas,industrial,PJ,15.701961211493451
Gwinnett,2021,Natural Gas,residential,PJ,12.277182157213732
Gwinnett,2021,Natural Gas,transport,PJ,0.7646694380294402
Gwinnett,2021,Petroleum,commercial,PJ,2.3305335020070315
Gwinnett,2021,Petroleum,industrial,PJ,7.710684244400051
Gwinnett,2021,Petroleum,residential,PJ,0.7454158505994222
Gwinnett,2021,Petroleum,transport,PJ,80.48405381168841
Gwinnett,2021,Renewables,commercial,PJ,0.02242008311864686
Gwinnett,2021,Renewables,industrial,PJ,5.662819832358235e-4
Gwinnett,2021,Renewables,residential,PJ,0.07892209088654364
Gwinnett,2021,Rock Creek,publicWatSup,MGD,0
Gwinnett,2021,Small-scale generation,electricity,PJ,0.23790239999999999
Gwinnett,2021,agricultural,Water Losses,MGD,0
Gwinnett,2021,agricultural,wastewater,MGD,0
Gwinnett,2021,commercial,Water Losses,MGD,4.527663170607756
Gwinnett,2021,commercial,energy_services,PJ,11.490084629311493
Gwinnett,2021,commercial,rejected_energy,PJ,6.186968646552342
Gwinnett,2021,commercial,wastewater,MGD,8.860921746823069
Gwinnett,2021,distribute_groundwater,industrial,PJ,5.621390515115042e-4
Gwinnett,2021,distribute_groundwater,residential,PJ,0
Gwinnett,2021,distribute_surfaceWater,industrial,PJ,0.0010439725242356505
Gwinnett,2021,distribute_surfaceWater,publicWatSup,PJ,0.12545739389997218
Gwinnett,2021,elec_import,electricity,PJ,28.554271174831502
Gwinnett,2021,electricity,Energy Losses,PJ,1.6297456740470662
Gwinnett,2021,electricity,commercial,PJ,10.094768716546945
Gwinnett,2021,electricity,distribute_groundwater,PJ,5.621390515115042e-4
Gwinnett,2021,electricity,distribute_surfaceWater,PJ,0.1265013664242078
Gwinnett,2021,electricity,en4water,PJ,0.4497928668382161
Gwinnett,2021,electricity,en_wwdist,PJ,0.08565793057001304
Gwinnett,2021,electricity,en_wwtreat,PJ,0.16996023362002607
Gwinnett,2021,electricity,extract_groundwater,PJ,3.855453304829773e-4
Gwinnett,2021,electricity,extract_surfaceWater,PJ,0.01735229423874007
Gwinnett,2021,electricity,government,PJ,0.1017165896731486
Gwinnett,2021,electricity,industrial,PJ,7.495115740559041
Gwinnett,2021,electricity,residential,PJ,8.97498672744325
Gwinnett,2021,electricity,transport,PJ,0.046047259723834
Gwinnett,2021,electricity,treat_groundwater,PJ,1.1080625534601767e-4
Gwinnett,2021,electricity,treat_surfaceWater,PJ,0.04926255134788862
Gwinnett,2021,en4water,energy_services,PJ,0.29236536344484054
Gwinnett,2021,en4water,rejected_energy,PJ,0.15742750339337563
Gwinnett,2021,en_wwdist,in-county treatment,PJ,0.08430230305001304
Gwinnett,2021,en_wwdist,ww_exports,PJ,0.0013556275200000002
Gwinnett,2021,en_wwtreat,in-county treatment,PJ,0.1686046061000261
Gwinnett,2021,en_wwtreat,ww_exports,PJ,0.0013556275200000002
Gwinnett,2021,extract_groundwater,agricultural,PJ,0
Gwinnett,2021,extract_groundwater,industrial,PJ,3.855453304829773e-4
Gwinnett,2021,extract_groundwater,residential,PJ,0
Gwinnett,2021,extract_surfaceWater,industrial,PJ,1.4320255132224875e-4
Gwinnett,2021,extract_surfaceWater,publicWatSup,PJ,0.017209091687417823
Gwinnett,2021,government,energy_services,PJ,0.0661157832875466
Gwinnett,2021,government,rejected_energy,PJ,0.03560080638560201
Gwinnett,2021,groundwater,agricultural,MGD,0
Gwinnett,2021,groundwater,industrial,MGD,0.41135336283185825
Gwinnett,2021,groundwater,residential,MGD,0
Gwinnett,2021,industrial,Disposal,MGD,1.3211937647357836
Gwinnett,2021,industrial,energy_services,PJ,23.87972334134704
Gwinnett,2021,industrial,rejected_energy,PJ,24.854405926708147
Gwinnett,2021,industrial,wastewater,MGD,0.5134123771730913
Gwinnett,2021,publicWatSup,Water Losses,MGD,14.82862178
Gwinnett,2021,publicWatSup,agricultural,MGD,0
Gwinnett,2021,publicWatSup,commercial,MGD,13.388584917430824
Gwinnett,2021,publicWatSup,industrial,MGD,0.6593108195321373
Gwinnett,2021,publicWatSup,residential,MGD,62.928740869037036
Gwinnett,2021,residential,Water Losses,MGD,10.460791497359224
Gwinnett,2021,residential,energy_services,PJ,14.634932638833112
Gwinnett,2021,residential,rejected_energy,PJ,7.88034834398706
Gwinnett,2021,residential,septic,MGD,10.434427852054794
Gwinnett,2021,residential,wastewater,MGD,42.033521519623015
Gwinnett,2021,subsurface,wastewater,MGD,10.281571128723835
Gwinnett,2021,transport,energy_services,PJ,55.14334833232964
Gwinnett,2021,transport,rejected_energy,PJ,29.692572178946726
Gwinnett,2021,treat_groundwater,industrial,PJ,1.1080625534601767e-4
Gwinnett,2021,treat_groundwater,residential,PJ,0
Gwinnett,2021,treat_surfaceWater,industrial,PJ,4.065469926109986e-4
Gwinnett,2021,treat_surfaceWater,publicWatSup,PJ,0.04885600435527762
Gwinnett,2021,wastewater,Buford Southside WPCP,MGD,1.6513642883648538
Gwinnett,2021,wastewater,Buford Westside WPCP,MGD,0.15012402621498672
Gwinnett,2021,wastewater,Gwinnett  F.W. Hill,MGD,33.68552188223971
Gwinnett,2021,wastewater,Gwinnett Crooked Creek,MGD,10.01211774833796
Gwinnett,2021,wastewater,Gwinnett Jack's Creek,MGD,0.47346808267803503
Gwinnett,2021,wastewater,Gwinnett Jackson Creek,MGD,3.187248556564333
Gwinnett,2021,wastewater,Gwinnett Yellow River,MGD,12.529582187943122
Gwinnett,2021,wastewater,Pole Bridge Creek,MGD,0
Gwinnett,2021,ww_imports,Gwinnett  F.W. Hill,MGD,0.496
Gwinnett,2022,Basins,industrial,MGD,0.7639419595448796
Gwinnett,2022,Biomass,Small-scale generation,PJ,0.6064277149999999
Gwinnett,2022,Biomass,commercial,PJ,0.08464792990498825
Gwinnett,2022,Biomass,industrial,PJ,17.85683548355464
Gwinnett,2022,Biomass,residential,PJ,0.5539474027413589
Gwinnett,2022,Biomass,transport,PJ,3.486076031696047
Gwinnett,2022,Buford Southside WPCP,Little Suwanee Creek_ds,MGD,1.6864711918210382
Gwinnett,2022,Buford Westside WPCP,Richland Creek_ds,MGD,0.15331556289282167
Gwinnett,2022,Coal,industrial,PJ,0.6165584972632607
Gwinnett,2022,Gwinnett  F.W. Hill,"Lake Lanier, Chattahoochee River_ds",MGD,34.8976536121816
Gwinnett,2022,Gwinnett Crooked Creek,Chattahoochee River_ds,MGD,10.224968694467414
Gwinnett,2022,Gwinnett Jack's Creek,Jack's Creek_ds,MGD,0.48353369835428367
Gwinnett,2022,Gwinnett Jackson Creek,Yellow River_ds,MGD,3.2550073352629822
Gwinnett,2022,Gwinnett Yellow River,Yellow River_ds,MGD,12.795952749131652
Gwinnett,2022,Lake Lanier,publicWatSup,MGD,93.566004343
Gwinnett,2022,Natural Gas,commercial,PJ,5.426547068411851
Gwinnett,2022,Natural Gas,industrial,PJ,15.014178297829133
Gwinnett,2022,Natural Gas,residential,PJ,13.066613859165987
Gwinnett,2022,Natural Gas,transport,PJ,0.953542379108482
Gwinnett,2022,Petroleum,commercial,PJ,2.424051892139496
Gwinnett,2022,Petroleum,industrial,PJ,7.8962804690922495
Gwinnett,2022,Petroleum,residential,PJ,0.7221083182397601
Gwinnett,2022,Petroleum,transport,PJ,81.90590444822242
Gwinnett,2022,Renewables,commercial,PJ,0.024201565227298695
Gwinnett,2022,Renewables,industrial,PJ,5.674721557876307e-4
Gwinnett,2022,Renewables,residential,PJ,0.09833389740179686
Gwinnett,2022,Rock Creek,publicWatSup,MGD,0
Gwinnett,2022,Small-scale generation,electricity,PJ,0.1853856
Gwinnett,2022,agricultural,Water Losses,MGD,0
Gwinnett,2022,agricultural,wastewater,MGD,0
Gwinnett,2022,commercial,Water Losses,MGD,4.623292517273862
Gwinnett,2022,commercial,energy_services,PJ,12.007041794431297
Gwinnett,2022,commercial,rejected_energy,PJ,6.465330197001467
Gwinnett,2022,commercial,wastewater,MGD,9.022073949790814
Gwinnett,2022,distribute_groundwater,industrial,PJ,5.621390515115042e-4
Gwinnett,2022,distribute_groundwater,residential,PJ,0
Gwinnett,2022,distribute_surfaceWater,industrial,PJ,0.0010439725242356505
Gwinnett,2022,distribute_surfaceWater,publicWatSup,PJ,0.1278635588949701
Gwinnett,2022,elec_import,electricity,PJ,29.7064397706931
Gwinnett,2022,electricity,Energy Losses,PJ,1.691990115322251
Gwinnett,2022,electricity,commercial,PJ,10.512923535749128
Gwinnett,2022,electricity,distribute_groundwater,PJ,5.621390515115042e-4
Gwinnett,2022,electricity,distribute_surfaceWater,PJ,0.12890753141920572
Gwinnett,2022,electricity,en4water,PJ,0.4588427358198678
Gwinnett,2022,electricity,en_wwdist,PJ,0.08745014131064939
Gwinnett,2022,electricity,en_wwtreat,PJ,0.1735446551012988
Gwinnett,2022,electricity,extract_groundwater,PJ,3.855453304829773e-4
Gwinnett,2022,electricity,extract_surfaceWater,PJ,0.017682349827548086
Gwinnett,2022,electricity,government,PJ,0.0972539697360134
Gwinnett,2022,electricity,industrial,PJ,7.697547219803316
Gwinnett,2022,electricity,residential,PJ,9.386893969691556
Gwinnett,2022,electricity,transport,PJ,0.04637382457096518
Gwinnett,2022,electricity,treat_groundwater,PJ,1.1080625534601767e-4
Gwinnett,2022,electricity,treat_surfaceWater,PJ,0.0501995675238253
Gwinnett,2022,en4water,energy_services,PJ,0.2982477782829141
Gwinnett,2022,en4water,rejected_energy,PJ,0.16059495753695371
Gwinnett,2022,en_wwdist,in-county treatment,PJ,0.08609451379064939
Gwinnett,2022,en_wwdist,ww_exports,PJ,0.0013556275200000002
Gwinnett,2022,en_wwtreat,in-county treatment,PJ,0.17218902758129878
Gwinnett,2022,en_wwtreat,ww_exports,PJ,0.0013556275200000002
Gwinnett,2022,extract_groundwater,agricultural,PJ,0
Gwinnett,2022,extract_groundwater,industrial,PJ,3.855453304829773e-4
Gwinnett,2022,extract_groundwater,residential,PJ,0
Gwinnett,2022,extract_surfaceWater,industrial,PJ,1.4320255132224875e-4
Gwinnett,2022,extract_surfaceWater,publicWatSup,PJ,0.01753914727622584
Gwinnett,2022,government,energy_services,PJ,0.06321508032840871
Gwinnett,2022,government,rejected_energy,PJ,0.03403888940760469
Gwinnett,2022,groundwater,agricultural,MGD,0
Gwinnett,2022,groundwater,industrial,MGD,0.41135336283185825
Gwinnett,2022,groundwater,residential,MGD,0
Gwinnett,2022,industrial,Disposal,MGD,1.3240662885406445
Gwinnett,2022,industrial,energy_services,PJ,24.050164045452206
Gwinnett,2022,industrial,rejected_energy,PJ,25.03180339424617
Gwinnett,2022,industrial,wastewater,MGD,0.523184868069344
Gwinnett,2022,publicWatSup,Water Losses,MGD,15.113022
Gwinnett,2022,publicWatSup,agricultural,MGD,0
Gwinnett,2022,publicWatSup,commercial,MGD,13.645366467064676
Gwinnett,2022,publicWatSup,industrial,MGD,0.6719558342332506
Gwinnett,2022,publicWatSup,residential,MGD,64.13566004170208
Gwinnett,2022,residential,Water Losses,MGD,10.695965886729354
Gwinnett,2022,residential,energy_services,PJ,15.488133340706298
Gwinnett,2022,residential,rejected_energy,PJ,8.33976410653416
Gwinnett,2022,residential,septic,MGD,10.484200602739726
Gwinnett,2022,residential,wastewater,MGD,42.955493552233
Gwinnett,2022,subsurface,wastewater,MGD,10.50015047401863
Gwinnett,2022,transport,energy_services,PJ,56.154732844338646
Gwinnett,2022,transport,rejected_energy,PJ,30.237163839259267
Gwinnett,2022,treat_groundwater,industrial,PJ,1.1080625534601767e-4
Gwinnett,2022,treat_groundwater,residential,PJ,0
Gwinnett,2022,treat_surfaceWater,industrial,PJ,4.065469926109986e-4
Gwinnett,2022,treat_surfaceWater,publicWatSup,PJ,0.0497930205312143
Gwinnett,2022,wastewater,Buford Southside WPCP,MGD,1.6864711918210382
Gwinnett,2022,wastewater,Buford Westside WPCP,MGD,0.15331556289282167
Gwinnett,2022,wastewater,Gwinnett  F.W. Hill,MGD,34.4016536121816
Gwinnett,2022,wastewater,Gwinnett Crooked Creek,MGD,10.224968694467414
Gwinnett,2022,wastewater,Gwinnett Jack's Creek,MGD,0.48353369835428367
Gwinnett,2022,wastewater,Gwinnett Jackson Creek,MGD,3.2550073352629822
Gwinnett,2022,wastewater,Gwinnett Yellow River,MGD,12.795952749131652
Gwinnett,2022,wastewater,Pole Bridge Creek,MGD,0
Gwinnett,2022,ww_imports,Gwinnett  F.W. Hill,MGD,0.496
Gwinnett,2023,Basins,industrial,MGD,0.7639419595448796
Gwinnett,2023,Biomass,Small-scale generation,PJ,0.754545495
Gwinnett,2023,Biomass,commercial,PJ,0.08462209342964919
Gwinnett,2023,Biomass,industrial,PJ,17.090353628911995
Gwinnett,2023,Biomass,residential,PJ,0.4707635789790203
Gwinnett,2023,Biomass,transport,PJ,3.8416539420559506
Gwinnett,2023,Buford Southside WPCP,Little Suwanee Creek_ds,MGD,1.7215767222426812
Gwinnett,2023,Buford Westside WPCP,Richland Creek_ds,MGD,0.15650697474933467
Gwinnett,2023,Coal,industrial,PJ,0.4142227835925062
Gwinnett,2023,Gwinnett  F.W. Hill,"Lake Lanier, Chattahoochee River_ds",MGD,35.61375733413917
Gwinnett,2023,Gwinnett Crooked Creek,Chattahoochee River_ds,MGD,10.437811315974857
Gwinnett,2023,Gwinnett Jack's Creek,Jack's Creek_ds,MGD,0.4935989203632862
Gwinnett,2023,Gwinnett Jackson Creek,Yellow River_ds,MGD,3.322763463908951
Gwinnett,2023,Gwinnett Yellow River,Yellow River_ds,MGD,13.062312892540623
Gwinnett,2023,Lake Lanier,publicWatSup,MGD,95.33074086299999
Gwinnett,2023,Natural Gas,commercial,PJ,4.980790234391608
Gwinnett,2023,Natural Gas,industrial,PJ,15.187538399558154
Gwinnett,2023,Natural Gas,residential,PJ,11.837448997994656
Gwinnett,2023,Natural Gas,transport,PJ,1.2004991288002855
Gwinnett,2023,Petroleum,commercial,PJ,2.306070233239266
Gwinnett,2023,Petroleum,industrial,PJ,8.02103985923001
Gwinnett,2023,Petroleum,residential,PJ,0.6630779231532175
Gwinnett,2023,Petroleum,transport,PJ,88.38205632285236
Gwinnett,2023,Renewables,commercial,PJ,0.028690414416608464
Gwinnett,2023,Renewables,industrial,PJ,5.672989503663632e-4
Gwinnett,2023,Renewables,residential,PJ,0.12121502532632566
Gwinnett,2023,Rock Creek,publicWatSup,MGD,0
Gwinnett,2023,Small-scale generation,electricity,PJ,0.2260548
Gwinnett,2023,agricultural,Water Losses,MGD,0
Gwinnett,2023,agricultural,wastewater,MGD,0
Gwinnett,2023,commercial,Water Losses,MGD,4.718926479590683
Gwinnett,2023,commercial,energy_services,PJ,11.648239740246382
Gwinnett,2023,commercial,rejected_energy,PJ,6.272129090901896
Gwinnett,2023,commercial,wastewater,MGD,9.183803509298459
Gwinnett,2023,distribute_groundwater,industrial,PJ,5.621390515115042e-4
Gwinnett,2023,distribute_groundwater,residential,PJ,0
Gwinnett,2023,distribute_surfaceWater,industrial,PJ,0.0010439725242356505
Gwinnett,2023,distribute_surfaceWater,publicWatSup,PJ,0.1302751772337413
Gwinnett,2023,elec_import,electricity,PJ,29.041763856630876
Gwinnett,2023,electricity,Energy Losses,PJ,1.6566689805640118
Gwinnett,2023,electricity,commercial,PJ,10.520195855671144
Gwinnett,2023,electricity,distribute_groundwater,PJ,5.621390515115042e-4
Gwinnett,2023,electricity,distribute_surfaceWater,PJ,0.13131914975797693
Gwinnett,2023,electricity,en4water,PJ,0.4679007195621292
Gwinnett,2023,electricity,en_wwdist,PJ,0.08924228195774261
Gwinnett,2023,electricity,en_wwtreat,PJ,0.17712893639548524
Gwinnett,2023,electricity,extract_groundwater,PJ,3.855453304829773e-4
Gwinnett,2023,electricity,extract_surfaceWater,PJ,0.01801315345591024
Gwinnett,2023,electricity,government,PJ,0.09036055980742617
Gwinnett,2023,electricity,industrial,PJ,7.574163043344078
Gwinnett,2023,electricity,residential,PJ,8.912030449365318
Gwinnett,2023,electricity,transport,PJ,0.04649904831676854
Gwinnett,2023,electricity,treat_groundwater,PJ,1.1080625534601767e-4
Gwinnett,2023,electricity,treat_surfaceWater,PJ,0.05113870735767371
Gwinnett,2023,en4water,energy_services,PJ,0.30413546771538397
Gwinnett,2023,en4water,rejected_energy,PJ,0.1637652518467452
Gwinnett,2023,en_wwdist,in-county treatment,PJ,0.08788665443774263
Gwinnett,2023,en_wwdist,ww_exports,PJ,0.0013556275200000002
Gwinnett,2023,en_wwtreat,in-county treatment,PJ,0.17577330887548526
Gwinnett,2023,en_wwtreat,ww_exports,PJ,0.0013556275200000002
Gwinnett,2023,extract_groundwater,agricultural,PJ,0
Gwinnett,2023,extract_groundwater,industrial,PJ,3.855453304829773e-4
Gwinnett,2023,extract_groundwater,residential,PJ,0
Gwinnett,2023,extract_surfaceWater,industrial,PJ,1.4320255132224875e-4
Gwinnett,2023,extract_surfaceWater,publicWatSup,PJ,0.017869950904587994
Gwinnett,2023,government,energy_services,PJ,0.058734363874827014
Gwinnett,2023,government,rejected_energy,PJ,0.03162619593259916
Gwinnett,2023,groundwater,agricultural,MGD,0
Gwinnett,2023,groundwater,industrial,MGD,0.41135336283185825
Gwinnett,2023,groundwater,residential,MGD,0
Gwinnett,2023,industrial,Disposal,MGD,1.3269432712667404
Gwinnett,2023,industrial,energy_services,PJ,23.661063656657685
Gwinnett,2023,industrial,rejected_energy,PJ,24.626821356929426
Gwinnett,2023,industrial,wastewater,MGD,0.5329815596239524
Gwinnett,2023,publicWatSup,Water Losses,MGD,15.39806679
Gwinnett,2023,publicWatSup,agricultural,MGD,0
Gwinnett,2023,publicWatSup,commercial,MGD,13.902729988889142
Gwinnett,2023,publicWatSup,industrial,MGD,0.6846295085139549
Gwinnett,2023,publicWatSup,residential,MGD,65.3453145755969
Gwinnett,2023,residential,Water Losses,MGD,10.93457584193849
Gwinnett,2023,residential,energy_services,PJ,14.30294838363205
Gwinnett,2023,residential,rejected_energy,PJ,7.701587591186487
Gwinnett,2023,residential,septic,MGD,10.533917449315068
Gwinnett,2023,residential,wastewater,MGD,43.87682128434334
Gwinnett,2023,subsurface,wastewater,MGD,10.71872127065315
Gwinnett,2023,transport,energy_services,PJ,60.7559604873165
Gwinnett,2023,transport,rejected_energy,PJ,32.714747954708876
Gwinnett,2023,treat_groundwater,industrial,PJ,1.1080625534601767e-4
Gwinnett,2023,treat_groundwater,residential,PJ,0
Gwinnett,2023,treat_surfaceWater,industrial,PJ,4.065469926109986e-4
Gwinnett,2023,treat_surfaceWater,publicWatSup,PJ,0.05073216036506271
Gwinnett,2023,wastewater,Buford Southside WPCP,MGD,1.7215767222426812
Gwinnett,2023,wastewater,Buford Westside WPCP,MGD,0.15650697474933467
Gwinnett,2023,wastewater,Gwinnett  F.W. Hill,MGD,35.11775733413917
Gwinnett,2023,wastewater,Gwinnett Crooked Creek,MGD,10.437811315974857
Gwinnett,2023,wastewater,Gwinnett Jack's Creek,MGD,0.4935989203632862
Gwinnett,2023,wastewater,Gwinnett Jackson Creek,MGD,3.322763463908951
Gwinnett,2023,wastewater,Gwinnett Yellow River,MGD,13.062312892540623
Gwinnett,2023,wastewater,Pole Bridge Creek,MGD,0
Gwinnett,2023,ww_imports,Gwinnett  F.W. Hill,MGD,0.496
Gwinnett,2024,Basins,industrial,MGD,0.7639419595448796
Gwinnett,2024,Biomass,Small-scale generation,PJ,0.721264465
Gwinnett,2024,Biomass,commercial,PJ,0.08477672384270717
Gwinnett,2024,Biomass,industrial,PJ,16.576264937459296
Gwinnett,2024,Biomass,residential,PJ,0.4420703577362172
Gwinnett,2024,Biomass,transport,PJ,3.7353855918850916
Gwinnett,2024,Buford Southside WPCP,Little Suwanee Creek_ds,MGD,1.7557957231514003
Gwinnett,2024,Buford Westside WPCP,Richland Creek_ds,MGD,0.15961779301376366
Gwinnett,2024,Coal,industrial,PJ,0.43515560819373933
Gwinnett,2024,Gwinnett  F.W. Hill,"Lake Lanier, Chattahoochee River_ds",MGD,36.31177709393451
Gwinnett,2024,Gwinnett Crooked Creek,Chattahoochee River_ds,MGD,10.645278964841008
Gwinnett,2024,Gwinnett Jack's Creek,Jack's Creek_ds,MGD,0.50340996258187
Gwinnett,2024,Gwinnett Jackson Creek,Yellow River_ds,MGD,3.3888085285999052
Gwinnett,2024,Gwinnett Yellow River,Yellow River_ds,MGD,13.321946570764121
Gwinnett,2024,Lake Lanier,publicWatSup,MGD,97.05742085699998
Gwinnett,2024,Natural Gas,commercial,PJ,5.403545238358742
Gwinnett,2024,Natural Gas,industrial,PJ,15.269756164316883
Gwinnett,2024,Natural Gas,residential,PJ,12.830649305155196
Gwinnett,2024,Natural Gas,transport,PJ,1.1531528894537622
Gwinnett,2024,Petroleum,commercial,PJ,2.186860584755956
Gwinnett,2024,Petroleum,industrial,PJ,7.846441001379319
Gwinnett,2024,Petroleum,residential,PJ,0.7854397699482992
Gwinnett,2024,Petroleum,transport,PJ,87.299091864168
Gwinnett,2024,Renewables,commercial,PJ,0.03367049824644162
Gwinnett,2024,Renewables,industrial,PJ,5.683355788337911e-4
Gwinnett,2024,Renewables,residential,PJ,0.13508985779174285
Gwinnett,2024,Rock Creek,publicWatSup,MGD,0
Gwinnett,2024,Small-scale generation,electricity,PJ,0.1946448
Gwinnett,2024,agricultural,Water Losses,MGD,0
Gwinnett,2024,agricultural,wastewater,MGD,0
Gwinnett,2024,commercial,Water Losses,MGD,4.8125977486543725
Gwinnett,2024,commercial,energy_services,PJ,12.16411336148586
Gwinnett,2024,commercial,rejected_energy,PJ,6.549907194646232
Gwinnett,2024,commercial,wastewater,MGD,9.3419457248137725
Gwinnett,2024,distribute_groundwater,industrial,PJ,5.621390515115042e-4
Gwinnett,2024,distribute_groundwater,residential,PJ,0
Gwinnett,2024,distribute_surfaceWater,industrial,PJ,0.0010439725242356505
Gwinnett,2024,distribute_surfaceWater,publicWatSup,PJ,0.13263478904634188
Gwinnett,2024,elec_import,electricity,PJ,30.195829210833086
Gwinnett,2024,electricity,Energy Losses,PJ,1.720215510047156
Gwinnett,2024,electricity,commercial,PJ,11.005167510928247
Gwinnett,2024,electricity,distribute_groundwater,PJ,5.621390515115042e-4
Gwinnett,2024,electricity,distribute_surfaceWater,PJ,0.1336787615705775
Gwinnett,2024,electricity,en4water,PJ,0.47674353821337334
Gwinnett,2024,electricity,en_wwdist,PJ,0.09098916518938371
Gwinnett,2024,electricity,en_wwtreat,PJ,0.18062270285876744
Gwinnett,2024,electricity,extract_groundwater,PJ,3.855453304829773e-4
Gwinnett,2024,electricity,extract_surfaceWater,PJ,0.018336823307223544
Gwinnett,2024,electricity,government,PJ,0.0835411281762309
Gwinnett,2024,electricity,industrial,PJ,7.64564583267983
Gwinnett,2024,electricity,residential,PJ,9.410137102783484
Gwinnett,2024,electricity,transport,PJ,0.04902338800477029
Gwinnett,2024,electricity,treat_groundwater,PJ,1.1080625534601767e-4
Gwinnett,2024,electricity,treat_surfaceWater,PJ,0.05205759465008068
Gwinnett,2024,en4water,energy_services,PJ,0.30988329983869267
Gwinnett,2024,en4water,rejected_energy,PJ,0.16686023837468067
Gwinnett,2024,en_wwdist,in-county treatment,PJ,0.08963353766938371
Gwinnett,2024,en_wwdist,ww_exports,PJ,0.0013556275200000002
Gwinnett,2024,en_wwtreat,in-county treatment,PJ,0.17926707533876743
Gwinnett,2024,en_wwtreat,ww_exports,PJ,0.0013556275200000002
Gwinnett,2024,extract_groundwater,agricultural,PJ,0
Gwinnett,2024,extract_groundwater,industrial,PJ,3.855453304829773e-4
Gwinnett,2024,extract_groundwater,residential,PJ,0
Gwinnett,2024,extract_surfaceWater,industrial,PJ,1.4320255132224875e-4
Gwinnett,2024,extract_surfaceWater,publicWatSup,PJ,0.018193620755901297
Gwinnett,2024,government,energy_services,PJ,0.054301733314550085
Gwinnett,2024,government,rejected_energy,PJ,0.029239394861680812
Gwinnett,2024,groundwater,agricultural,MGD,0
Gwinnett,2024,groundwater,industrial,MGD,0.41135336283185825
Gwinnett,2024,groundwater,residential,MGD,0
Gwinnett,2024,industrial,Disposal,MGD,1.3297551663068043
Gwinnett,2024,industrial,energy_services,PJ,23.40917762100787
Gwinnett,2024,industrial,rejected_energy,PJ,24.364654258600027
Gwinnett,2024,industrial,wastewater,MGD,0.5425700296021418
Gwinnett,2024,publicWatSup,Water Losses,MGD,15.67696459
Gwinnett,2024,publicWatSup,agricultural,MGD,0
Gwinnett,2024,publicWatSup,commercial,MGD,14.154543473468145
Gwinnett,2024,publicWatSup,industrial,MGD,0.6970298735322085
Gwinnett,2024,publicWatSup,residential,MGD,66.52888291999965
Gwinnett,2024,residential,Water Losses,MGD,11.172218953722414
Gwinnett,2024,residential,energy_services,PJ,15.34220115571971
Gwinnett,2024,residential,rejected_energy,PJ,8.261185237695226
Gwinnett,2024,residential,septic,MGD,10.58231752328767
Gwinnett,2024,residential,wastewater,MGD,44.77434644298956
Gwinnett,2024,subsurface,wastewater,MGD,10.931772439481096
Gwinnett,2024,transport,energy_services,PJ,59.95382492678257
Gwinnett,2024,transport,rejected_energy,PJ,32.28282880672907
Gwinnett,2024,treat_groundwater,industrial,PJ,1.1080625534601767e-4
Gwinnett,2024,treat_groundwater,residential,PJ,0
Gwinnett,2024,treat_surfaceWater,industrial,PJ,4.065469926109986e-4
Gwinnett,2024,treat_surfaceWater,publicWatSup,PJ,0.05165104765746968
Gwinnett,2024,wastewater,Buford Southside WPCP,MGD,1.7557957231514003
Gwinnett,2024,wastewater,Buford Westside WPCP,MGD,0.15961779301376366
Gwinnett,2024,wastewater,Gwinnett  F.W. Hill,MGD,35.81577709393451
Gwinnett,2024,wastewater,Gwinnett Crooked Creek,MGD,10.645278964841008
Gwinnett,2024,wastewater,Gwinnett Jack's Creek,MGD,0.50340996258187
Gwinnett,2024,wastewater,Gwinnett Jackson Creek,MGD,3.3888085285999052
Gwinnett,2024,wastewater,Gwinnett Yellow River,MGD,13.321946570764121
Gwinnett,2024,wastewater,Pole Bridge Creek,MGD,0
Gwinnett,2024,ww_imports,Gwinnett  F.W. Hill,MGD,0.496
Hall,2020,Basins,industrial,MGD,0.1882886472819216
Hall,2020,Biomass,commercial,PJ,0.01789489120029949
Hall,2020,Biomass,industrial,PJ,3.6296037870086786
Hall,2020,Biomass,residential,PJ,0.08989433613021955
Hall,2020,Biomass,transport,PJ,0.7210341524750841
Hall,2020,Cedar Creek Reservoir,publicWatSup,MGD,0
Hall,2020,Coal,industrial,PJ,0.13796061372297933
Hall,2020,FLOWERY BRANCH WPCP,Lake Lanier_ds,MGD,0.31044155645922333
Hall,2020,GAINESVILLE FLAT CREEK WRF,Flat Creek_ds,MGD,8.65187120392879
Hall,2020,GAINESVILLE LINWOOD WRF,Lake Lanier_ds,MGD,2.8074714671094982
Hall,2020,HALL COUNTY SPOUT SPRINGS,Lollis Creek_ds,MGD,0.2834466385062474
Hall,2020,LULA FACULTATIVE POND,Hagen Creek_ds,MGD,0
Hall,2020,LULA WRF,Hagen Creek_ds,MGD,0.0944822128354158
Hall,2020,Lake Lanier,publicWatSup,MGD,24.653000454196157
Hall,2020,Natural Gas,commercial,PJ,1.0366240549393602
Hall,2020,Natural Gas,industrial,PJ,3.1494808569608663
Hall,2020,Natural Gas,residential,PJ,2.4603975828523508
Hall,2020,Natural Gas,transport,PJ,0.15401603007363907
Hall,2020,North Oconee River,publicWatSup,MGD,0
Hall,2020,Petroleum,commercial,PJ,0.4622280388475124
Hall,2020,Petroleum,industrial,PJ,1.4830765975220277
Hall,2020,Petroleum,residential,PJ,0.17163100118812386
Hall,2020,Petroleum,transport,PJ,16.332157344071327
Hall,2020,Renewables,commercial,PJ,0.0035844502400598976
Hall,2020,Renewables,industrial,PJ,3.4604575106346024e-4
Hall,2020,Renewables,residential,PJ,0.014777477488961703
Hall,2020,agricultural,Water Losses,MGD,0
Hall,2020,agricultural,wastewater,MGD,0
Hall,2020,commercial,Water Losses,MGD,6.319698152259869
Hall,2020,commercial,energy_services,PJ,2.339735155512149
Hall,2020,commercial,rejected_energy,PJ,1.2598573914296187
Hall,2020,commercial,wastewater,MGD,1.5934143157508975
Hall,2020,distribute_groundwater,industrial,PJ,1.3855031821592917e-4
Hall,2020,distribute_groundwater,publicWatSup,PJ,5.739552e-4
Hall,2020,distribute_groundwater,residential,PJ,0.0012382025531241599
Hall,2020,distribute_surfaceWater,industrial,PJ,2.573077338295828e-4
Hall,2020,distribute_surfaceWater,publicWatSup,PJ,0.0336898043006863
Hall,2020,elec_import,electricity,PJ,5.956159778022152
Hall,2020,electricity,Energy Losses,PJ,0.3371411195106878
Hall,2020,electricity,commercial,PJ,2.0792611117145356
Hall,2020,electricity,distribute_groundwater,PJ,0.0019507080713400888
Hall,2020,electricity,distribute_surfaceWater,PJ,0.03394711203451588
Hall,2020,electricity,en4water,PJ,0.10529831351190773
Hall,2020,electricity,en_wwdist,PJ,0.01660057878501846
Hall,2020,electricity,en_wwtreat,PJ,0.03320115757003692
Hall,2020,electricity,extract_groundwater,PJ,0.0013379009802261255
Hall,2020,electricity,extract_surfaceWater,PJ,0.004656552677882131
Hall,2020,electricity,government,PJ,0.022454859520382585
Hall,2020,electricity,industrial,PJ,1.5037493117973466
Hall,2020,electricity,residential,PJ,1.898661736304003
Hall,2020,electricity,transport,PJ,0.00959332566328839
Hall,2020,electricity,treat_groundwater,PJ,3.845145717545368e-4
Hall,2020,electricity,treat_surfaceWater,PJ,0.013219788821133588
Hall,2020,en4water,energy_services,PJ,0.06844390378274003
Hall,2020,en4water,rejected_energy,PJ,0.0368544097291677
Hall,2020,en_wwdist,in-county treatment,PJ,0.01660057878501846
Hall,2020,en_wwtreat,in-county treatment,PJ,0.03320115757003692
Hall,2020,extract_groundwater,agricultural,PJ,0
Hall,2020,extract_groundwater,industrial,PJ,9.502529326409712e-5
Hall,2020,extract_groundwater,publicWatSup,PJ,3.936494834710744e-4
Hall,2020,extract_groundwater,residential,PJ,8.49226203490954e-4
Hall,2020,extract_surfaceWater,industrial,PJ,3.529510892666464e-5
Hall,2020,extract_surfaceWater,publicWatSup,PJ,0.004621257568955466
Hall,2020,government,energy_services,PJ,0.01459565868824868
Hall,2020,government,rejected_energy,PJ,0.007859200832133905
Hall,2020,groundwater,agricultural,MGD,0
Hall,2020,groundwater,industrial,MGD,0.10138619469026547
Hall,2020,groundwater,publicWatSup,MGD,0.42
Hall,2020,groundwater,residential,MGD,0.906072586
Hall,2020,industrial,Disposal,MGD,0.28967484197218685
Hall,2020,industrial,energy_services,PJ,4.8530664342538525
Hall,2020,industrial,rejected_energy,PJ,5.051150778509111
Hall,2020,industrial,wastewater,MGD,4.883312156780886
Hall,2020,publicWatSup,Water Losses,MGD,3.110877804
Hall,2020,publicWatSup,agricultural,MGD,0
Hall,2020,publicWatSup,commercial,MGD,7.913112468010767
Hall,2020,publicWatSup,industrial,MGD,4.883312156780886
Hall,2020,publicWatSup,residential,MGD,9.165698025404506
Hall,2020,residential,Water Losses,MGD,2.1231963531116333
Hall,2020,residential,energy_services,PJ,3.0129853870763785
Hall,2020,residential,rejected_energy,PJ,1.6223767468872805
Hall,2020,residential,septic,MGD,5.080906054794521
Hall,2020,residential,wastewater,MGD,2.8676682034983525
Hall,2020,subsurface,wastewater,MGD,2.8033184028090408
Hall,2020,transport,energy_services,PJ,11.190920553984167
Hall,2020,transport,rejected_energy,PJ,6.025880298299167
Hall,2020,treat_groundwater,industrial,PJ,2.7310399263716812e-5
Hall,2020,treat_groundwater,publicWatSup,PJ,1.1313539999999998e-4
Hall,2020,treat_groundwater,residential,PJ,2.4406877249082e-4
Hall,2020,treat_surfaceWater,industrial,PJ,1.0020156942402022e-4
Hall,2020,treat_surfaceWater,publicWatSup,PJ,0.013119587251709567
Hall,2020,wastewater,FLOWERY BRANCH WPCP,MGD,0.31044155645922333
Hall,2020,wastewater,GAINESVILLE FLAT CREEK WRF,MGD,8.65187120392879
Hall,2020,wastewater,GAINESVILLE LINWOOD WRF,MGD,2.8074714671094982
Hall,2020,wastewater,HALL COUNTY SPOUT SPRINGS,MGD,0.2834466385062474
Hall,2020,wastewater,LULA FACULTATIVE POND,MGD,0
Hall,2020,wastewater,LULA WRF,MGD,0.0944822128354158
Hall,2021,Basins,industrial,MGD,0.1882886472819216
Hall,2021,Biomass,commercial,PJ,0.01811078575823337
Hall,2021,Biomass,industrial,PJ,3.6750527873696033
Hall,2021,Biomass,residential,PJ,0.09407490836874519
Hall,2021,Biomass,transport,PJ,0.7592365158088448
Hall,2021,Cedar Creek Reservoir,publicWatSup,MGD,0
Hall,2021,Coal,industrial,PJ,0.1468693665176065
Hall,2021,FLOWERY BRANCH WPCP,Lake Lanier_ds,MGD,0.3180088808611375
Hall,2021,GAINESVILLE FLAT CREEK WRF,Flat Creek_ds,MGD,8.862769244869092
Hall,2021,GAINESVILLE LINWOOD WRF,Lake Lanier_ds,MGD,2.8759064008311563
Hall,2021,HALL COUNTY SPOUT SPRINGS,Lollis Creek_ds,MGD,0.29035593469929943
Hall,2021,LULA FACULTATIVE POND,Hagen Creek_ds,MGD,0
Hall,2021,LULA WRF,Hagen Creek_ds,MGD,0.09678531156643315
Hall,2021,Lake Lanier,publicWatSup,MGD,25.24093905690133
Hall,2021,Natural Gas,commercial,PJ,1.1030783835227012
Hall,2021,Natural Gas,industrial,PJ,3.3665623640352265
Hall,2021,Natural Gas,residential,PJ,2.632276237991635
Hall,2021,Natural Gas,transport,PJ,0.16394814102034275
Hall,2021,North Oconee River,publicWatSup,MGD,0
Hall,2021,Petroleum,commercial,PJ,0.499675567293918
Hall,2021,Petroleum,industrial,PJ,1.6532010892470947
Hall,2021,Petroleum,residential,PJ,0.15982009599835437
Hall,2021,Petroleum,transport,PJ,17.256098319048448
Hall,2021,Renewables,commercial,PJ,0.004475141259007086
Hall,2021,Renewables,industrial,PJ,3.4749308888201144e-4
Hall,2021,Renewables,residential,PJ,0.016950619465717576
Hall,2021,agricultural,Water Losses,MGD,0
Hall,2021,agricultural,wastewater,MGD,0
Hall,2021,commercial,Water Losses,MGD,6.517716206317859
Hall,2021,commercial,energy_services,PJ,2.463303747718678
Hall,2021,commercial,rejected_energy,PJ,1.3263943256946724
Hall,2021,commercial,wastewater,MGD,1.6197142129145692
Hall,2021,distribute_groundwater,industrial,PJ,1.3855031821592917e-4
Hall,2021,distribute_groundwater,publicWatSup,PJ,5.739552e-4
Hall,2021,distribute_groundwater,residential,PJ,0.0012591580988750401
Hall,2021,distribute_surfaceWater,industrial,PJ,2.573077338295828e-4
Hall,2021,distribute_surfaceWater,publicWatSup,PJ,0.03449325767759908
Hall,2021,elec_import,electricity,PJ,6.185176860916704
Hall,2021,electricity,Energy Losses,PJ,0.35010435061792666
Hall,2021,electricity,commercial,PJ,2.164358195579491
Hall,2021,electricity,distribute_groundwater,PJ,0.0019716636170909693
Hall,2021,electricity,distribute_surfaceWater,PJ,0.034750565411428666
Hall,2021,electricity,en4water,PJ,0.10777828646221667
Hall,2021,electricity,en_wwdist,PJ,0.017005234548114628
Hall,2021,electricity,en_wwtreat,PJ,0.034010469096229255
Hall,2021,electricity,extract_groundwater,PJ,0.0013522734256028526
Hall,2021,electricity,extract_surfaceWater,PJ,0.004766763024200035
Hall,2021,electricity,government,PJ,0.021808437683630374
Hall,2021,electricity,industrial,PJ,1.6069823524837334
Hall,2021,electricity,residential,PJ,1.9242725241360035
Hall,2021,electricity,transport,PJ,0.009872713953703
Hall,2021,electricity,treat_groundwater,PJ,3.8864523221504685e-4
Hall,2021,electricity,treat_surfaceWater,PJ,0.0135326721073352
Hall,2021,en4water,energy_services,PJ,0.07005588620044084
Hall,2021,en4water,rejected_energy,PJ,0.03772240026177583
Hall,2021,en_wwdist,in-county treatment,PJ,0.017005234548114628
Hall,2021,en_wwtreat,in-county treatment,PJ,0.034010469096229255
Hall,2021,extract_groundwater,agricultural,PJ,0
Hall,2021,extract_groundwater,industrial,PJ,9.502529326409712e-5
Hall,2021,extract_groundwater,publicWatSup,PJ,3.936494834710744e-4
Hall,2021,extract_groundwater,residential,PJ,8.63598648867681e-4
Hall,2021,extract_surfaceWater,industrial,PJ,3.529510892666464e-5
Hall,2021,extract_surfaceWater,publicWatSup,PJ,0.00473146791527337
Hall,2021,government,energy_services,PJ,0.014175484494359744
Hall,2021,government,rejected_energy,PJ,0.007632953189270631
Hall,2021,groundwater,agricultural,MGD,0
Hall,2021,groundwater,industrial,MGD,0.10138619469026547
Hall,2021,groundwater,publicWatSup,MGD,0.42
Hall,2021,groundwater,residential,MGD,0.921407109
Hall,2021,industrial,Disposal,MGD,0.28967484197218685
Hall,2021,industrial,energy_services,PJ,5.1200175718436505
Hall,2021,industrial,rejected_energy,PJ,5.328997880898494
Hall,2021,industrial,wastewater,MGD,5.039412935351104
Hall,2021,publicWatSup,Water Losses,MGD,3.163526815
Hall,2021,publicWatSup,agricultural,MGD,0
Hall,2021,publicWatSup,commercial,MGD,8.137430419232428
Hall,2021,publicWatSup,industrial,MGD,5.039412935351104
Hall,2021,publicWatSup,residential,MGD,9.320568887317796
Hall,2021,residential,Water Losses,MGD,2.1696183334519628
Hall,2021,residential,energy_services,PJ,3.1378063508742957
Hall,2021,residential,rejected_energy,PJ,1.6895880350861592
Hall,2021,residential,septic,MGD,5.159311139726028
Hall,2021,residential,wastewater,MGD,2.9130465231398053
Hall,2021,subsurface,wastewater,MGD,2.871652101421643
Hall,2021,transport,energy_services,PJ,11.822951198390372
Hall,2021,transport,rejected_energy,PJ,6.366204491440969
Hall,2021,treat_groundwater,industrial,PJ,2.7310399263716812e-5
Hall,2021,treat_groundwater,publicWatSup,PJ,1.1313539999999998e-4
Hall,2021,treat_groundwater,residential,PJ,2.4819943295133006e-4
Hall,2021,treat_surfaceWater,industrial,PJ,1.0020156942402022e-4
Hall,2021,treat_surfaceWater,publicWatSup,PJ,0.013432470537911181
Hall,2021,wastewater,FLOWERY BRANCH WPCP,MGD,0.3180088808611375
Hall,2021,wastewater,GAINESVILLE FLAT CREEK WRF,MGD,8.862769244869092
Hall,2021,wastewater,GAINESVILLE LINWOOD WRF,MGD,2.8759064008311563
Hall,2021,wastewater,HALL COUNTY SPOUT SPRINGS,MGD,0.29035593469929943
Hall,2021,wastewater,LULA FACULTATIVE POND,MGD,0
Hall,2021,wastewater,LULA WRF,MGD,0.09678531156643315
Hall,2022,Basins,industrial,MGD,0.1882886472819216
Hall,2022,Biomass,commercial,PJ,0.018408569979980433
Hall,2022,Biomass,industrial,PJ,3.8833649681566764
Hall,2022,Biomass,residential,PJ,0.12046815013714571
Hall,2022,Biomass,transport,PJ,0.7581245596559762
Hall,2022,Cedar Creek Reservoir,publicWatSup,MGD,0
Hall,2022,Coal,industrial,PJ,0.13408432145194688
Hall,2022,FLOWERY BRANCH WPCP,Lake Lanier_ds,MGD,0.32554082771639575
Hall,2022,GAINESVILLE FLAT CREEK WRF,Flat Creek_ds,MGD,9.07268132896564
Hall,2022,GAINESVILLE LINWOOD WRF,Lake Lanier_ds,MGD,2.94402139847871
Hall,2022,HALL COUNTY SPOUT SPRINGS,Lollis Creek_ds,MGD,0.2972329296541005
Hall,2022,LULA FACULTATIVE POND,Hagen Creek_ds,MGD,0
Hall,2022,LULA WRF,Hagen Creek_ds,MGD,0.0990776432180335
Hall,2022,Lake Lanier,publicWatSup,MGD,25.825843825048665
Hall,2022,Natural Gas,commercial,PJ,1.18012302924174
Hall,2022,Natural Gas,industrial,PJ,3.2651661085831662
Hall,2022,Natural Gas,residential,PJ,2.841625021401315
Hall,2022,Natural Gas,transport,PJ,0.20736894138342205
Hall,2022,North Oconee River,publicWatSup,MGD,0
Hall,2022,Petroleum,commercial,PJ,0.527163853169719
Hall,2022,Petroleum,industrial,PJ,1.7172213397302643
Hall,2022,Petroleum,residential,PJ,0.15703847128173254
Hall,2022,Petroleum,transport,PJ,17.812255722036756
Hall,2022,Renewables,commercial,PJ,0.004687644457492245
Hall,2022,Renewables,industrial,PJ,3.382574076870197e-4
Hall,2022,Renewables,residential,PJ,0.02137178555296129
Hall,2022,agricultural,Water Losses,MGD,0
Hall,2022,agricultural,wastewater,MGD,0
Hall,2022,commercial,Water Losses,MGD,6.715813124033854
Hall,2022,commercial,energy_services,PJ,2.6108234832017962
Hall,2022,commercial,rejected_energy,PJ,1.4058280294163517
Hall,2022,commercial,wastewater,MGD,1.6456636824814885
Hall,2022,distribute_groundwater,industrial,PJ,1.3855031821592917e-4
Hall,2022,distribute_groundwater,publicWatSup,PJ,5.739552e-4
Hall,2022,distribute_groundwater,residential,PJ,0.00127982041638048
Hall,2022,distribute_surfaceWater,industrial,PJ,2.573077338295828e-4
Hall,2022,distribute_surfaceWater,publicWatSup,PJ,0.035292565137558504
Hall,2022,elec_import,electricity,PJ,6.511728256195565
Hall,2022,electricity,Energy Losses,PJ,0.3685883918601263
Hall,2022,electricity,commercial,PJ,2.2862684157692166
Hall,2022,electricity,distribute_groundwater,PJ,0.0019923259345964095
Hall,2022,electricity,distribute_surfaceWater,PJ,0.03554987287138808
Hall,2022,electricity,en4water,PJ,0.11024570279523607
Hall,2022,electricity,en_wwdist,PJ,0.017407998529204615
Hall,2022,electricity,en_wwtreat,PJ,0.03481599705840923
Hall,2022,electricity,extract_groundwater,PJ,0.0013664447592075168
Hall,2022,electricity,extract_surfaceWater,PJ,0.0048764046717528755
Hall,2022,electricity,government,PJ,0.021150032962717502
Hall,2022,electricity,industrial,PJ,1.6740023864612292
Hall,2022,electricity,residential,PJ,2.0413883095508565
Hall,2022,electricity,transport,PJ,0.010085016796183247
Hall,2022,electricity,treat_groundwater,PJ,3.9271809287717683e-4
Hall,2022,electricity,treat_surfaceWater,PJ,0.013843940877800168
Hall,2022,en4water,energy_services,PJ,0.07165970681690344
Hall,2022,en4water,rejected_energy,PJ,0.03858599597833262
Hall,2022,en_wwdist,in-county treatment,PJ,0.017407998529204615
Hall,2022,en_wwtreat,in-county treatment,PJ,0.03481599705840923
Hall,2022,extract_groundwater,agricultural,PJ,0
Hall,2022,extract_groundwater,industrial,PJ,9.502529326409712e-5
Hall,2022,extract_groundwater,publicWatSup,PJ,3.936494834710744e-4
Hall,2022,extract_groundwater,residential,PJ,8.777699824723453e-4
Hall,2022,extract_surfaceWater,industrial,PJ,3.529510892666464e-5
Hall,2022,extract_surfaceWater,publicWatSup,PJ,0.00484110956282621
Hall,2022,government,energy_services,PJ,0.013747521425766377
Hall,2022,government,rejected_energy,PJ,0.007402511536951125
Hall,2022,groundwater,agricultural,MGD,0
Hall,2022,groundwater,industrial,MGD,0.10138619469026547
Hall,2022,groundwater,publicWatSup,MGD,0.42
Hall,2022,groundwater,residential,MGD,0.936527058
Hall,2022,industrial,Disposal,MGD,0.28967484197218685
Hall,2022,industrial,energy_services,PJ,5.230346917077576
Hall,2022,industrial,rejected_energy,PJ,5.443830464713395
Hall,2022,industrial,wastewater,MGD,5.195660664233052
Hall,2022,publicWatSup,Water Losses,MGD,3.215439119
Hall,2022,publicWatSup,agricultural,MGD,0
Hall,2022,publicWatSup,commercial,MGD,8.361476806515343
Hall,2022,publicWatSup,industrial,MGD,5.195660664233052
Hall,2022,publicWatSup,residential,MGD,9.473267235300272
Hall,2022,residential,Water Losses,MGD,2.216138476617548
Hall,2022,residential,energy_services,PJ,3.368229629650607
Hall,2022,residential,rejected_energy,PJ,1.8136621082734037
Hall,2022,residential,septic,MGD,5.236092372602739
Hall,2022,residential,wastewater,MGD,2.9575634440799834
Hall,2022,subsurface,wastewater,MGD,2.939666337238357
Hall,2022,transport,energy_services,PJ,12.21209225591702
Hall,2022,transport,rejected_energy,PJ,6.575741983955318
Hall,2022,treat_groundwater,industrial,PJ,2.7310399263716812e-5
Hall,2022,treat_groundwater,publicWatSup,PJ,1.1313539999999998e-4
Hall,2022,treat_groundwater,residential,PJ,2.5227229361346004e-4
Hall,2022,treat_surfaceWater,industrial,PJ,1.0020156942402022e-4
Hall,2022,treat_surfaceWater,publicWatSup,PJ,0.013743739308376147
Hall,2022,wastewater,FLOWERY BRANCH WPCP,MGD,0.32554082771639575
Hall,2022,wastewater,GAINESVILLE FLAT CREEK WRF,MGD,9.07268132896564
Hall,2022,wastewater,GAINESVILLE LINWOOD WRF,MGD,2.94402139847871
Hall,2022,wastewater,HALL COUNTY SPOUT SPRINGS,MGD,0.2972329296541005
Hall,2022,wastewater,LULA FACULTATIVE POND,MGD,0
Hall,2022,wastewater,LULA WRF,MGD,0.0990776432180335
Hall,2023,Basins,industrial,MGD,0.1882886472819216
Hall,2023,Biomass,commercial,PJ,0.018625015527231763
Hall,2023,Biomass,industrial,PJ,3.7615247839382993
Hall,2023,Biomass,residential,PJ,0.10361335453641
Hall,2023,Biomass,transport,PJ,0.8455340847898927
Hall,2023,Cedar Creek Reservoir,publicWatSup,MGD,0
Hall,2023,Coal,industrial,PJ,0.09116893075396913
Hall,2023,FLOWERY BRANCH WPCP,Lake Lanier_ds,MGD,0.33317911965116737
Hall,2023,GAINESVILLE FLAT CREEK WRF,Flat Creek_ds,MGD,9.28555720419123
Hall,2023,GAINESVILLE LINWOOD WRF,Lake Lanier_ds,MGD,3.013098125540992
Hall,2023,HALL COUNTY SPOUT SPRINGS,Lollis Creek_ds,MGD,0.3042070222901963
Hall,2023,LULA FACULTATIVE POND,Hagen Creek_ds,MGD,0
Hall,2023,LULA WRF,Hagen Creek_ds,MGD,0.10140234076339877
Hall,2023,Lake Lanier,publicWatSup,MGD,26.420723477375198
Hall,2023,Natural Gas,commercial,PJ,1.0962538468816114
Hall,2023,Natural Gas,industrial,PJ,3.34272206049077
Hall,2023,Natural Gas,residential,PJ,2.605379546344539
Hall,2023,Natural Gas,transport,PJ,0.26422549960811365
Hall,2023,North Oconee River,publicWatSup,MGD,0
Hall,2023,Petroleum,commercial,PJ,0.5075576857085842
Hall,2023,Petroleum,industrial,PJ,1.765401751102994
Hall,2023,Petroleum,residential,PJ,0.14594104345528086
Hall,2023,Petroleum,transport,PJ,19.452569708764084
Hall,2023,Renewables,commercial,PJ,0.005684074714421275
Hall,2023,Renewables,industrial,PJ,3.042844392887046e-4
Hall,2023,Renewables,residential,PJ,0.026685139918480122
Hall,2023,agricultural,Water Losses,MGD,0
Hall,2023,agricultural,wastewater,MGD,0
Hall,2023,commercial,Water Losses,MGD,6.915292804425841
Hall,2023,commercial,energy_services,PJ,2.563325397808178
Hall,2023,commercial,rejected_energy,PJ,1.3802521372813263
Hall,2023,commercial,wastewater,MGD,1.672467960702509
Hall,2023,distribute_groundwater,industrial,PJ,1.3855031821592917e-4
Hall,2023,distribute_groundwater,publicWatSup,PJ,5.739552e-4
Hall,2023,distribute_groundwater,residential,PJ,0.0013011646951555198
Hall,2023,distribute_surfaceWater,industrial,PJ,2.573077338295828e-4
Hall,2023,distribute_surfaceWater,publicWatSup,PJ,0.03610550387524185
Hall,2023,elec_import,electricity,PJ,6.4520957885356225
Hall,2023,electricity,Energy Losses,PJ,0.36521296916239376
Hall,2023,electricity,commercial,PJ,2.315456912257656
Hall,2023,electricity,distribute_groundwater,PJ,0.0020136702133714485
Hall,2023,electricity,distribute_surfaceWater,PJ,0.036362811609071434
Hall,2023,electricity,en4water,PJ,0.112752272783725
Hall,2023,electricity,en_wwdist,PJ,0.017816449216323884
Hall,2023,electricity,en_wwtreat,PJ,0.03563289843264777
Hall,2023,electricity,extract_groundwater,PJ,0.001381083818693095
Hall,2023,electricity,extract_surfaceWater,PJ,0.004987916132641348
Hall,2023,electricity,government,PJ,0.0198880311423849
Hall,2023,electricity,industrial,PJ,1.6670457863979282
Hall,2023,electricity,residential,PJ,1.9615055450806695
Hall,2023,electricity,transport,PJ,0.010234271710865954
Hall,2023,electricity,treat_groundwater,PJ,3.9692537859725675e-4
Hall,2023,electricity,treat_surfaceWater,PJ,0.01416051798237878
Hall,2023,en4water,energy_services,PJ,0.07328897730942124
Hall,2023,en4water,rejected_energy,PJ,0.039463295474303745
Hall,2023,en_wwdist,in-county treatment,PJ,0.017816449216323884
Hall,2023,en_wwtreat,in-county treatment,PJ,0.03563289843264777
Hall,2023,extract_groundwater,agricultural,PJ,0
Hall,2023,extract_groundwater,industrial,PJ,9.502529326409712e-5
Hall,2023,extract_groundwater,publicWatSup,PJ,3.936494834710744e-4
Hall,2023,extract_groundwater,residential,PJ,8.924090419579236e-4
Hall,2023,extract_surfaceWater,industrial,PJ,3.529510892666464e-5
Hall,2023,extract_surfaceWater,publicWatSup,PJ,0.004952621023714683
Hall,2023,government,energy_services,PJ,0.012927220242550183
Hall,2023,government,rejected_energy,PJ,0.006960810899834714
Hall,2023,groundwater,agricultural,MGD,0
Hall,2023,groundwater,industrial,MGD,0.10138619469026547
Hall,2023,groundwater,publicWatSup,MGD,0.42
Hall,2023,groundwater,residential,MGD,0.952146042
Hall,2023,industrial,Disposal,MGD,0.28967484197218685
Hall,2023,industrial,energy_services,PJ,5.207802122590392
Hall,2023,industrial,rejected_energy,PJ,5.420365474532858
Hall,2023,industrial,wastewater,MGD,5.3528760495681
Hall,2023,publicWatSup,Water Losses,MGD,3.269064791
Hall,2023,publicWatSup,agricultural,MGD,0
Hall,2023,publicWatSup,commercial,MGD,8.58776076512835
Hall,2023,publicWatSup,industrial,MGD,5.3528760495681
Hall,2023,publicWatSup,residential,MGD,9.631021871678753
Hall,2023,residential,Water Losses,MGD,2.264515218702785
Hall,2023,residential,energy_services,PJ,3.1480310090679966
Hall,2023,residential,rejected_energy,PJ,1.6950936202673828
Hall,2023,residential,septic,MGD,5.31519377260274
Hall,2023,residential,wastewater,MGD,3.003458922373228
Hall,2023,subsurface,wastewater,MGD,3.008640879793151
Hall,2023,transport,energy_services,PJ,13.372166317167423
Hall,2023,transport,rejected_energy,PJ,7.200397247705536
Hall,2023,treat_groundwater,industrial,PJ,2.7310399263716812e-5
Hall,2023,treat_groundwater,publicWatSup,PJ,1.1313539999999998e-4
Hall,2023,treat_groundwater,residential,PJ,2.5647957933353996e-4
Hall,2023,treat_surfaceWater,industrial,PJ,1.0020156942402022e-4
Hall,2023,treat_surfaceWater,publicWatSup,PJ,0.014060316412954759
Hall,2023,wastewater,FLOWERY BRANCH WPCP,MGD,0.33317911965116737
Hall,2023,wastewater,GAINESVILLE FLAT CREEK WRF,MGD,9.28555720419123
Hall,2023,wastewater,GAINESVILLE LINWOOD WRF,MGD,3.013098125540992
Hall,2023,wastewater,HALL COUNTY SPOUT SPRINGS,MGD,0.3042070222901963
Hall,2023,wastewater,LULA FACULTATIVE POND,MGD,0
Hall,2023,wastewater,LULA WRF,MGD,0.10140234076339877
Hall,2024,Basins,industrial,MGD,0.1882886472819216
Hall,2024,Biomass,commercial,PJ,0.018726362332636134
Hall,2024,Biomass,industrial,PJ,3.6615373804320206
Hall,2024,Biomass,residential,PJ,0.09764908715800318
Hall,2024,Biomass,transport,PJ,0.8251107246787774
Hall,2024,Cedar Creek Reservoir,publicWatSup,MGD,0
Hall,2024,Coal,industrial,PJ,0.09612168553757586
Hall,2024,FLOWERY BRANCH WPCP,Lake Lanier_ds,MGD,0.34081344760113014
Hall,2024,GAINESVILLE FLAT CREEK WRF,Flat Creek_ds,MGD,9.498322604883672
Hall,2024,GAINESVILLE LINWOOD WRF,Lake Lanier_ds,MGD,3.0821390043928294
Hall,2024,HALL COUNTY SPOUT SPRINGS,Lollis Creek_ds,MGD,0.3111774956358145
Hall,2024,LULA FACULTATIVE POND,Hagen Creek_ds,MGD,0
Hall,2024,LULA WRF,Hagen Creek_ds,MGD,0.10372583187860485
Hall,2024,Lake Lanier,publicWatSup,MGD,27.013899315418605
Hall,2024,Natural Gas,commercial,PJ,1.1935911347793977
Hall,2024,Natural Gas,industrial,PJ,3.372942167410735
Hall,2024,Natural Gas,residential,PJ,2.8341669382874053
Hall,2024,Natural Gas,transport,PJ,0.2547203743435892
Hall,2024,North Oconee River,publicWatSup,MGD,0
Hall,2024,Petroleum,commercial,PJ,0.4830564549425368
Hall,2024,Petroleum,industrial,PJ,1.7332032962974824
Hall,2024,Petroleum,residential,PJ,0.17349608543264672
Hall,2024,Petroleum,transport,PJ,19.2835291511342
Hall,2024,Renewables,commercial,PJ,0.00684941032711957
Hall,2024,Renewables,industrial,PJ,2.6262785921320317e-4
Hall,2024,Renewables,residential,PJ,0.02977039655126598
Hall,2024,agricultural,Water Losses,MGD,0
Hall,2024,agricultural,wastewater,MGD,0
Hall,2024,commercial,Water Losses,MGD,7.117060657162989
Hall,2024,commercial,energy_services,PJ,2.6865533125168666
Hall,2024,commercial,rejected_energy,PJ,1.4466056298167742
Hall,2024,commercial,wastewater,MGD,1.6986022594006425
Hall,2024,distribute_groundwater,industrial,PJ,1.3855031821592917e-4
Hall,2024,distribute_groundwater,publicWatSup,PJ,5.739552e-4
Hall,2024,distribute_groundwater,residential,PJ,0.00132197504117328
Hall,2024,distribute_surfaceWater,industrial,PJ,2.573077338295828e-4
Hall,2024,distribute_surfaceWater,publicWatSup,PJ,0.03691611424847845
Hall,2024,elec_import,electricity,PJ,6.723505528187287
Hall,2024,electricity,Energy Losses,PJ,0.38057578461437475
Hall,2024,electricity,commercial,PJ,2.4309355799519503
Hall,2024,electricity,distribute_groundwater,PJ,0.002034480559389209
Hall,2024,electricity,distribute_surfaceWater,PJ,0.03717342198230804
Hall,2024,electricity,en4water,PJ,0.11525364701484193
Hall,2024,electricity,en_wwdist,PJ,0.0182246879329748
Hall,2024,electricity,en_wwtreat,PJ,0.0364493758659496
Hall,2024,electricity,extract_groundwater,PJ,0.0013953566782485894
Hall,2024,electricity,extract_surfaceWater,PJ,0.005099108209904829
Hall,2024,electricity,government,PJ,0.018453431142348573
Hall,2024,electricity,industrial,PJ,1.6888495761574358
Hall,2024,electricity,residential,PJ,2.078608714739397
Hall,2024,electricity,transport,PJ,0.010828794566938303
Hall,2024,electricity,treat_groundwater,PJ,4.010274179565268e-4
Hall,2024,electricity,treat_surfaceWater,PJ,0.014476188368110338
Hall,2024,en4water,energy_services,PJ,0.07491487055964725
Hall,2024,en4water,rejected_energy,PJ,0.04033877645519467
Hall,2024,en_wwdist,in-county treatment,PJ,0.0182246879329748
Hall,2024,en_wwtreat,in-county treatment,PJ,0.0364493758659496
Hall,2024,extract_groundwater,agricultural,PJ,0
Hall,2024,extract_groundwater,industrial,PJ,9.502529326409712e-5
Hall,2024,extract_groundwater,publicWatSup,PJ,3.936494834710744e-4
Hall,2024,extract_groundwater,residential,PJ,9.066819015134178e-4
Hall,2024,extract_surfaceWater,industrial,PJ,3.529510892666464e-5
Hall,2024,extract_surfaceWater,publicWatSup,PJ,0.005063813100978164
Hall,2024,government,energy_services,PJ,0.011994730242526572
Hall,2024,government,rejected_energy,PJ,0.006458700899822
Hall,2024,groundwater,agricultural,MGD,0
Hall,2024,groundwater,industrial,MGD,0.10138619469026547
Hall,2024,groundwater,publicWatSup,MGD,0.42
Hall,2024,groundwater,residential,MGD,0.967374313
Hall,2024,industrial,Disposal,MGD,0.28967484197218685
Hall,2024,industrial,energy_services,PJ,5.1709291995102875
Hall,2024,industrial,rejected_energy,PJ,5.3819875341841765
Hall,2024,industrial,wastewater,MGD,5.512074647403594
Hall,2024,publicWatSup,Water Losses,MGD,3.321349002
Hall,2024,publicWatSup,agricultural,MGD,0
Hall,2024,publicWatSup,commercial,MGD,8.815662916563632
Hall,2024,publicWatSup,industrial,MGD,5.512074647403594
Hall,2024,publicWatSup,residential,MGD,9.78481274945138
Hall,2024,residential,Water Losses,MGD,2.3126083818939733
Hall,2024,residential,energy_services,PJ,3.3888992944096668
Hall,2024,residential,rejected_energy,PJ,1.8247919277590512
Hall,2024,residential,septic,MGD,5.391656830136986
Hall,2024,residential,wastewater,MGD,3.04792185042042
Hall,2024,subsurface,wastewater,MGD,3.0775796271673967
Hall,2024,transport,energy_services,PJ,13.243222879070277
Hall,2024,transport,rejected_energy,PJ,7.130966165653225
Hall,2024,treat_groundwater,industrial,PJ,2.7310399263716812e-5
Hall,2024,treat_groundwater,publicWatSup,PJ,1.1313539999999998e-4
Hall,2024,treat_groundwater,residential,PJ,2.6058161869281e-4
Hall,2024,treat_surfaceWater,industrial,PJ,1.0020156942402022e-4
Hall,2024,treat_surfaceWater,publicWatSup,PJ,0.014375986798686319
Hall,2024,wastewater,FLOWERY BRANCH WPCP,MGD,0.34081344760113014
Hall,2024,wastewater,GAINESVILLE FLAT CREEK WRF,MGD,9.498322604883672
Hall,2024,wastewater,GAINESVILLE LINWOOD WRF,MGD,3.0821390043928294
Hall,2024,wastewater,HALL COUNTY SPOUT SPRINGS,MGD,0.3111774956358145
Hall,2024,wastewater,LULA FACULTATIVE POND,MGD,0
Hall,2024,wastewater,LULA WRF,MGD,0.10372583187860485
Henry,2020,Basins,industrial,MGD,0
Henry,2020,Biomass,commercial,PJ,0.021278230805632185
Henry,2020,Biomass,industrial,PJ,4.315843345930751
Henry,2020,Biomass,residential,PJ,0.10689041977890759
Henry,2020,Biomass,transport,PJ,0.8573581668298412
Henry,2020,Brown Branch,publicWatSup,MGD,0.23975115953349876
Henry,2020,Coal,industrial,PJ,0.16404446095962244
Henry,2020,HAMPTON WPCP,Bear Creek Tributary_ds,MGD,0.49236556914708557
Henry,2020,HENRY COUNTY BEAR CREEK,Land Application,MGD,0.24017832641321246
Henry,2020,HENRY COUNTY INDIAN CREEK,Indian Creek_ds,MGD,1.0087489709354922
Henry,2020,HENRY COUNTY SPRINGDALE,Land Application,MGD,0.22816941009255184
Henry,2020,HENRY COUNTY SPRINGDALE LAS,Land Application,MGD,0.49236556914708557
Henry,2020,HENRY COUNTY SPRINGDALE WALNUT,Land Application,MGD,0.24017832641321246
Henry,2020,HENRY COUNTY WALNUT CREEK,Land Application,MGD,4.191111795910558
Henry,2020,John Fargason (Walnut Creek) Reservoir,publicWatSup,MGD,1.558382536967742
Henry,2020,LOCUST GROVE INDIAN CREEK WPCP,Indian Creek to Towaliga River_ds,MGD,0.4083031549024613
Henry,2020,MCDONOUGH WALNUT CREEK WPCP,Walnut Creek_ds,MGD,1.2249094647073835
Henry,2020,Natural Gas,commercial,PJ,1.2326158149148672
Henry,2020,Natural Gas,industrial,PJ,3.7449448472317055
Henry,2020,Natural Gas,residential,PJ,2.92557842657773
Henry,2020,Natural Gas,transport,PJ,0.183135432285793
Henry,2020,Petroleum,commercial,PJ,0.5496202678934132
Henry,2020,Petroleum,industrial,PJ,1.7634779553159412
Henry,2020,Petroleum,residential,PJ,0.20408081925759405
Henry,2020,Petroleum,transport,PJ,19.420035005031732
Henry,2020,Renewables,commercial,PJ,0.0044352645611264365
Henry,2020,Renewables,industrial,PJ,1.4264735735619342e-4
Henry,2020,Renewables,residential,PJ,0.017600737195252424
Henry,2020,Rowland (Long Branch) Reservoir,publicWatSup,MGD,1.4984447470843671
Henry,2020,S. Howell Gardner (Indian Creek) Reservoir,publicWatSup,MGD,3.7161429727692306
Henry,2020,STOCKBRIDGE WPCP,Bush Creek Tributary_ds,MGD,0.7445528118809587
Henry,2020,Towaliga River Reservoir,publicWatSup,MGD,8.990668482506203
Henry,2020,Tussahaw Creek Reservoir,publicWatSup,MGD,8.151539424138958
Henry,2020,agricultural,Water Losses,MGD,0.183
Henry,2020,agricultural,wastewater,MGD,0
Henry,2020,commercial,Water Losses,MGD,0.4279600869628246
Henry,2020,commercial,energy_services,PJ,2.782215196894646
Henry,2020,commercial,rejected_energy,PJ,1.4981158752509631
Henry,2020,commercial,wastewater,MGD,1.4253730835228866
Henry,2020,distribute_groundwater,industrial,PJ,0
Henry,2020,distribute_groundwater,publicWatSup,PJ,9.292608000000002e-4
Henry,2020,distribute_groundwater,residential,PJ,7.935026558846401e-4
Henry,2020,distribute_surfaceWater,industrial,PJ,0
Henry,2020,distribute_surfaceWater,publicWatSup,PJ,0.03300916021563888
Henry,2020,elec_import,electricity,PJ,7.049278840444744
Henry,2020,electricity,Energy Losses,PJ,0.3990157834214006
Henry,2020,electricity,commercial,PJ,2.4723814939705697
Henry,2020,electricity,distribute_groundwater,PJ,0.0017227634558846404
Henry,2020,electricity,distribute_surfaceWater,PJ,0.03300916021563888
Henry,2020,electricity,en4water,PJ,0.09407823391321725
Henry,2020,electricity,en_wwdist,PJ,0.013423740766210012
Henry,2020,electricity,en_wwtreat,PJ,0.026847481532420024
Henry,2020,electricity,extract_groundwater,PJ,0.0013530829519970025
Henry,2020,electricity,extract_surfaceWater,PJ,0.004527893072037742
Henry,2020,electricity,government,PJ,0.02670034023871301
Henry,2020,electricity,industrial,PJ,1.7880592048360142
Henry,2020,electricity,residential,PJ,2.2576366737688125
Henry,2020,electricity,transport,PJ,0.011407110296017249
Henry,2020,electricity,treat_groundwater,PJ,3.3958318120803e-4
Henry,2020,electricity,treat_surfaceWater,PJ,0.01285452873782091
Henry,2020,en4water,energy_services,PJ,0.061150852043591206
Henry,2020,en4water,rejected_energy,PJ,0.032927381869626036
Henry,2020,en_wwdist,in-county treatment,PJ,0.013423740766210012
Henry,2020,en_wwtreat,in-county treatment,PJ,0.026847481532420024
Henry,2020,extract_groundwater,agricultural,PJ,1.715187035123967e-4
Henry,2020,extract_groundwater,industrial,PJ,0
Henry,2020,extract_groundwater,publicWatSup,PJ,6.373372589531682e-4
Henry,2020,extract_groundwater,residential,PJ,5.442269895314377e-4
Henry,2020,extract_surfaceWater,industrial,PJ,0
Henry,2020,extract_surfaceWater,publicWatSup,PJ,0.004527893072037742
Henry,2020,government,energy_services,PJ,0.017355221155163456
Henry,2020,government,rejected_energy,PJ,0.009345119083549553
Henry,2020,groundwater,agricultural,MGD,0.183
Henry,2020,groundwater,industrial,MGD,0
Henry,2020,groundwater,publicWatSup,MGD,0.68
Henry,2020,groundwater,residential,MGD,0.580657019
Henry,2020,industrial,Disposal,MGD,0.08900564561844815
Henry,2020,industrial,energy_services,PJ,5.770491106199381
Henry,2020,industrial,rejected_energy,PJ,6.00602135543201
Henry,2020,industrial,wastewater,MGD,0.33565983542289607
Henry,2020,publicWatSup,Water Losses,MGD,6.351596967
Henry,2020,publicWatSup,agricultural,MGD,0
Henry,2020,publicWatSup,commercial,MGD,1.8533331704857112
Henry,2020,publicWatSup,industrial,MGD,0.4246654810413442
Henry,2020,publicWatSup,residential,MGD,16.20533370447294
Henry,2020,residential,Water Losses,MGD,3.9384694785694094
Henry,2020,residential,energy_services,PJ,3.5826615997758924
Henry,2020,residential,rejected_energy,PJ,1.9291254768024035
Henry,2020,residential,septic,MGD,6.066801106849315
Henry,2020,residential,wastewater,MGD,6.780720138054218
Henry,2020,subsurface,wastewater,MGD,1.2812629585500002
Henry,2020,transport,energy_services,PJ,13.3067582143882
Henry,2020,transport,rejected_energy,PJ,7.165177500055184
Henry,2020,treat_groundwater,industrial,PJ,0
Henry,2020,treat_groundwater,publicWatSup,PJ,1.831716e-4
Henry,2020,treat_groundwater,residential,PJ,1.5641158120803e-4
Henry,2020,treat_surfaceWater,industrial,PJ,0
Henry,2020,treat_surfaceWater,publicWatSup,PJ,0.01285452873782091
Henry,2020,wastewater,CLAYTON W.B. CASEY WRF,MGD,0.08
Henry,2020,wastewater,HAMPTON WPCP,MGD,0.49236556914708557
Henry,2020,wastewater,HENRY COUNTY BEAR CREEK,MGD,0.24017832641321246
Henry,2020,wastewater,HENRY COUNTY INDIAN CREEK,MGD,1.0087489709354922
Henry,2020,wastewater,HENRY COUNTY SPRINGDALE,MGD,0.22816941009255184
Henry,2020,wastewater,HENRY COUNTY SPRINGDALE LAS,MGD,0.49236556914708557
Henry,2020,wastewater,HENRY COUNTY SPRINGDALE WALNUT,MGD,0.24017832641321246
Henry,2020,wastewater,HENRY COUNTY WALNUT CREEK,MGD,4.191111795910558
Henry,2020,wastewater,LOCUST GROVE INDIAN CREEK WPCP,MGD,0.4083031549024613
Henry,2020,wastewater,MCDONOUGH WALNUT CREEK WPCP,MGD,1.2249094647073835
Henry,2020,wastewater,STOCKBRIDGE WPCP,MGD,0.7445528118809587
Henry,2020,wastewater,Snapfinger Creek,MGD,0.472132616
Henry,2021,Basins,industrial,MGD,0
Henry,2021,Biomass,commercial,PJ,0.021446789730134933
Henry,2021,Biomass,industrial,PJ,4.351996949775113
Henry,2021,Biomass,residential,PJ,0.11140349212893555
Henry,2021,Biomass,transport,PJ,0.8990877661169416
Henry,2021,Brown Branch,publicWatSup,MGD,0.24382938988585612
Henry,2021,Coal,industrial,PJ,0.17392268140929534
Henry,2021,HAMPTON WPCP,Bear Creek Tributary_ds,MGD,0.5047677550633609
Henry,2021,HENRY COUNTY BEAR CREEK,Land Application,MGD,0.24622817320163948
Henry,2021,HENRY COUNTY INDIAN CREEK,Indian Creek_ds,MGD,1.0341583274468857
Henry,2021,HENRY COUNTY SPRINGDALE,Land Application,MGD,0.2339167645415575
Henry,2021,HENRY COUNTY SPRINGDALE LAS,Land Application,MGD,0.5047677550633609
Henry,2021,HENRY COUNTY SPRINGDALE WALNUT,Land Application,MGD,0.24622817320163948
Henry,2021,HENRY COUNTY WALNUT CREEK,Land Application,MGD,4.2966816223686095
Henry,2021,John Fargason (Walnut Creek) Reservoir,publicWatSup,MGD,1.5848910342580647
Henry,2021,LOCUST GROVE INDIAN CREEK WPCP,Indian Creek to Towaliga River_ds,MGD,0.41858789444278716
Henry,2021,MCDONOUGH WALNUT CREEK WPCP,Walnut Creek_ds,MGD,1.2557636833283614
Henry,2021,Natural Gas,commercial,PJ,1.3062652533733135
Henry,2021,Natural Gas,industrial,PJ,3.986682637556222
Henry,2021,Natural Gas,residential,PJ,3.117141119190405
Henry,2021,Natural Gas,transport,PJ,0.1941473635682159
Henry,2021,Petroleum,commercial,PJ,0.5917157305097451
Henry,2021,Petroleum,industrial,PJ,1.9577204775112445
Henry,2021,Petroleum,residential,PJ,0.18925893328335833
Henry,2021,Petroleum,transport,PJ,20.43466899512744
Henry,2021,Renewables,commercial,PJ,0.005726847781709146
Henry,2021,Renewables,industrial,PJ,1.4377736131934032e-4
Henry,2021,Renewables,residential,PJ,0.020251549862068962
Henry,2021,Rowland (Long Branch) Reservoir,publicWatSup,MGD,1.5239336867866005
Henry,2021,S. Howell Gardner (Indian Creek) Reservoir,publicWatSup,MGD,3.7793555432307695
Henry,2021,STOCKBRIDGE WPCP,Bush Creek Tributary_ds,MGD,0.7633073369250823
Henry,2021,Towaliga River Reservoir,publicWatSup,MGD,9.143602120719603
Henry,2021,Tussahaw Creek Reservoir,publicWatSup,MGD,8.290199256119108
Henry,2021,agricultural,Water Losses,MGD,0.183
Henry,2021,agricultural,wastewater,MGD,0
Henry,2021,commercial,Water Losses,MGD,0.43613583765832353
Henry,2021,commercial,energy_services,PJ,2.9173217230251276
Henry,2021,commercial,rejected_energy,PJ,1.5708655431673764
Henry,2021,commercial,wastewater,MGD,1.4478598197940933
Henry,2021,distribute_groundwater,industrial,PJ,0
Henry,2021,distribute_groundwater,publicWatSup,PJ,9.292608000000002e-4
Henry,2021,distribute_groundwater,residential,PJ,8.0663076733824e-4
Henry,2021,distribute_surfaceWater,industrial,PJ,0
Henry,2021,distribute_surfaceWater,publicWatSup,PJ,0.033570654722523366
Henry,2021,elec_import,electricity,PJ,7.290875775910571
Henry,2021,electricity,Energy Losses,PJ,0.4126910816553154
Henry,2021,electricity,commercial,PJ,2.5630326447976013
Henry,2021,electricity,distribute_groundwater,PJ,0.0017358915673382402
Henry,2021,electricity,distribute_surfaceWater,PJ,0.033570654722523366
Henry,2021,electricity,en4water,PJ,0.09592374870802964
Henry,2021,electricity,en_wwdist,PJ,0.013744947727453733
Henry,2021,electricity,en_wwtreat,PJ,0.027489895454907466
Henry,2021,electricity,extract_groundwater,PJ,0.0013620869200639534
Henry,2021,electricity,extract_surfaceWater,PJ,0.00460491372542913
Henry,2021,electricity,government,PJ,0.025825548575712145
Henry,2021,electricity,industrial,PJ,1.9029882564917542
Henry,2021,electricity,residential,PJ,2.278723229325337
Henry,2021,electricity,transport,PJ,0.011691266356821588
Henry,2021,electricity,treat_groundwater,PJ,3.4217093394648003e-4
Henry,2021,electricity,treat_surfaceWater,PJ,0.013073187656367271
Henry,2021,en4water,energy_services,PJ,0.06235043666021926
Henry,2021,en4water,rejected_energy,PJ,0.033573312047810375
Henry,2021,en_wwdist,in-county treatment,PJ,0.013744947727453733
Henry,2021,en_wwtreat,in-county treatment,PJ,0.027489895454907466
Henry,2021,extract_groundwater,agricultural,PJ,1.715187035123967e-4
Henry,2021,extract_groundwater,industrial,PJ,0
Henry,2021,extract_groundwater,publicWatSup,PJ,6.373372589531682e-4
Henry,2021,extract_groundwater,residential,PJ,5.532309575983883e-4
Henry,2021,extract_surfaceWater,industrial,PJ,0
Henry,2021,extract_surfaceWater,publicWatSup,PJ,0.00460491372542913
Henry,2021,government,energy_services,PJ,0.0167866065742129
Henry,2021,government,rejected_energy,PJ,0.009038942001499252
Henry,2021,groundwater,agricultural,MGD,0.183
Henry,2021,groundwater,industrial,MGD,0
Henry,2021,groundwater,publicWatSup,MGD,0.68
Henry,2021,groundwater,residential,MGD,0.590263704
Henry,2021,industrial,Disposal,MGD,0.09058046079751114
Henry,2021,industrial,energy_services,PJ,6.062992842251425
Henry,2021,industrial,rejected_energy,PJ,6.310461937853525
Henry,2021,industrial,wastewater,MGD,0.3411109020534526
Henry,2021,publicWatSup,Water Losses,MGD,6.45668102
Henry,2021,publicWatSup,agricultural,MGD,0
Henry,2021,publicWatSup,commercial,MGD,1.8839956574524168
Henry,2021,publicWatSup,industrial,MGD,0.43169136285096377
Henry,2021,publicWatSup,residential,MGD,16.47344299069662
Henry,2021,residential,Water Losses,MGD,4.015434312856495
Henry,2021,residential,energy_services,PJ,3.7159059104635683
Henry,2021,residential,rejected_energy,PJ,2.0008724133265368
Henry,2021,residential,septic,MGD,6.091100630136987
Henry,2021,residential,wastewater,MGD,6.957171751703138
Henry,2021,subsurface,wastewater,MGD,1.3119213710326025
Henry,2021,transport,energy_services,PJ,14.000737004260122
Henry,2021,transport,rejected_energy,PJ,7.538858386909296
Henry,2021,treat_groundwater,industrial,PJ,0
Henry,2021,treat_groundwater,publicWatSup,PJ,1.831716e-4
Henry,2021,treat_groundwater,residential,PJ,1.5899933394647998e-4
Henry,2021,treat_surfaceWater,industrial,PJ,0
Henry,2021,treat_surfaceWater,publicWatSup,PJ,0.013073187656367271
Henry,2021,wastewater,CLAYTON W.B. CASEY WRF,MGD,0.08
Henry,2021,wastewater,HAMPTON WPCP,MGD,0.5047677550633609
Henry,2021,wastewater,HENRY COUNTY BEAR CREEK,MGD,0.24622817320163948
Henry,2021,wastewater,HENRY COUNTY INDIAN CREEK,MGD,1.0341583274468857
Henry,2021,wastewater,HENRY COUNTY SPRINGDALE,MGD,0.2339167645415575
Henry,2021,wastewater,HENRY COUNTY SPRINGDALE LAS,MGD,0.5047677550633609
Henry,2021,wastewater,HENRY COUNTY SPRINGDALE WALNUT,MGD,0.24622817320163948
Henry,2021,wastewater,HENRY COUNTY WALNUT CREEK,MGD,4.2966816223686095
Henry,2021,wastewater,LOCUST GROVE INDIAN CREEK WPCP,MGD,0.41858789444278716
Henry,2021,wastewater,MCDONOUGH WALNUT CREEK WPCP,MGD,1.2557636833283614
Henry,2021,wastewater,STOCKBRIDGE WPCP,MGD,0.7633073369250823
Henry,2021,wastewater,Snapfinger Creek,MGD,0.473656359
Henry,2022,Basins,industrial,MGD,0
Henry,2022,Biomass,commercial,PJ,0.021469064054380774
Henry,2022,Biomass,industrial,PJ,4.528989016450622
Henry,2022,Biomass,residential,PJ,0.14049643370559575
Henry,2022,Biomass,transport,PJ,0.8841656223244926
Henry,2022,Brown Branch,publicWatSup,MGD,0.248199761528536
Henry,2022,Coal,industrial,PJ,0.15637634477151763
Henry,2022,HAMPTON WPCP,Bear Creek Tributary_ds,MGD,0.5183069559035313
Henry,2022,HENRY COUNTY BEAR CREEK,Land Application,MGD,0.25283266141635674
Henry,2022,HENRY COUNTY INDIAN CREEK,Indian Creek_ds,MGD,1.0618971779486983
Henry,2022,HENRY COUNTY SPRINGDALE,Land Application,MGD,0.2401910283455389
Henry,2022,HENRY COUNTY SPRINGDALE LAS,Land Application,MGD,0.5183069559035313
Henry,2022,HENRY COUNTY SPRINGDALE WALNUT,Land Application,MGD,0.25283266141635674
Henry,2022,HENRY COUNTY WALNUT CREEK,Land Application,MGD,4.411929941715425
Henry,2022,John Fargason (Walnut Creek) Reservoir,publicWatSup,MGD,1.613298449935484
Henry,2022,LOCUST GROVE INDIAN CREEK WPCP,Indian Creek to Towaliga River_ds,MGD,0.4298155244078065
Henry,2022,MCDONOUGH WALNUT CREEK WPCP,Walnut Creek_ds,MGD,1.2894465732234193
Henry,2022,Natural Gas,commercial,PJ,1.376322926462739
Henry,2022,Natural Gas,industrial,PJ,3.8080122687204905
Henry,2022,Natural Gas,residential,PJ,3.3140558810022687
Henry,2022,Natural Gas,transport,PJ,0.2418448087109128
Henry,2022,Petroleum,commercial,PJ,0.6148068287304796
Henry,2022,Petroleum,industrial,PJ,2.0027158534482643
Henry,2022,Petroleum,residential,PJ,0.18314670844156114
Henry,2022,Petroleum,transport,PJ,20.773610305705237
Henry,2022,Renewables,commercial,PJ,0.005980193502060823
Henry,2022,Renewables,industrial,PJ,1.439266863980834e-4
Henry,2022,Renewables,residential,PJ,0.026154995790612628
Henry,2022,Rowland (Long Branch) Reservoir,publicWatSup,MGD,1.55124850955335
Henry,2022,S. Howell Gardner (Indian Creek) Reservoir,publicWatSup,MGD,3.847096303692308
Henry,2022,STOCKBRIDGE WPCP,Bush Creek Tributary_ds,MGD,0.7837812503907059
Henry,2022,Towaliga River Reservoir,publicWatSup,MGD,9.3074910573201
Henry,2022,Tussahaw Creek Reservoir,publicWatSup,MGD,8.438791891970224
Henry,2022,agricultural,Water Losses,MGD,0.183
Henry,2022,agricultural,wastewater,MGD,0
Henry,2022,commercial,Water Losses,MGD,0.4448603478444846
Henry,2022,commercial,energy_services,PJ,3.0452163048487844
Henry,2022,commercial,rejected_energy,PJ,1.6397318564570378
Henry,2022,commercial,wastewater,MGD,1.4719942822553034
Henry,2022,distribute_groundwater,industrial,PJ,0
Henry,2022,distribute_groundwater,publicWatSup,PJ,9.292608000000002e-4
Henry,2022,distribute_groundwater,residential,PJ,8.206993030204801e-4
Henry,2022,distribute_surfaceWater,industrial,PJ,0
Henry,2022,distribute_surfaceWater,publicWatSup,PJ,0.034172371511029434
Henry,2022,elec_import,electricity,PJ,7.5618337327850735
Henry,2022,electricity,Energy Losses,PJ,0.4280283244972683
Henry,2022,electricity,commercial,PJ,2.6663691485561625
Henry,2022,electricity,distribute_groundwater,PJ,0.0017499601030204802
Henry,2022,electricity,distribute_surfaceWater,PJ,0.034172371511029434
Henry,2022,electricity,en4water,PJ,0.09791987626322142
Henry,2022,electricity,en_wwdist,PJ,0.014095300982462106
Henry,2022,electricity,en_wwtreat,PJ,0.028190601964924213
Henry,2022,electricity,extract_groundwater,PJ,0.0013717358818723109
Henry,2022,electricity,extract_surfaceWater,PJ,0.004687451701560818
Henry,2022,electricity,government,PJ,0.024666305580642905
Henry,2022,electricity,industrial,PJ,1.9523115864625467
Henry,2022,electricity,residential,PJ,2.3807768026127802
Henry,2022,electricity,transport,PJ,0.011761688812451375
Henry,2022,electricity,treat_groundwater,PJ,3.4494405876846e-4
Henry,2022,electricity,treat_surfaceWater,PJ,0.013307510059583583
Henry,2022,en4water,energy_services,PJ,0.06364791957109392
Henry,2022,en4water,rejected_energy,PJ,0.034271956692127493
Henry,2022,en_wwdist,in-county treatment,PJ,0.014095300982462106
Henry,2022,en_wwtreat,in-county treatment,PJ,0.028190601964924213
Henry,2022,extract_groundwater,agricultural,PJ,1.715187035123967e-4
Henry,2022,extract_groundwater,industrial,PJ,0
Henry,2022,extract_groundwater,publicWatSup,PJ,6.373372589531682e-4
Henry,2022,extract_groundwater,residential,PJ,5.628799194067458e-4
Henry,2022,extract_surfaceWater,industrial,PJ,0
Henry,2022,extract_surfaceWater,publicWatSup,PJ,0.004687451701560818
Henry,2022,government,energy_services,PJ,0.016033098627417888
Henry,2022,government,rejected_energy,PJ,0.008633206953225015
Henry,2022,groundwater,agricultural,MGD,0.183
Henry,2022,groundwater,industrial,MGD,0
Henry,2022,groundwater,publicWatSup,MGD,0.68
Henry,2022,groundwater,residential,MGD,0.600558558
Henry,2022,industrial,Disposal,MGD,0.09227263620769183
Henry,2022,industrial,energy_services,PJ,6.099789008304522
Henry,2022,industrial,rejected_energy,PJ,6.348759988235319
Henry,2022,industrial,wastewater,MGD,0.346947903295406
Henry,2022,publicWatSup,Water Losses,MGD,6.569292697
Henry,2022,publicWatSup,agricultural,MGD,0
Henry,2022,publicWatSup,commercial,MGD,1.916854630099788
Henry,2022,publicWatSup,industrial,MGD,0.4392205395030978
Henry,2022,publicWatSup,residential,MGD,16.760758107397113
Henry,2022,residential,Water Losses,MGD,4.098017621394394
Henry,2022,residential,energy_services,PJ,3.929010034009332
Henry,2022,residential,rejected_energy,PJ,2.1156207875434867
Henry,2022,residential,septic,MGD,6.113163060273974
Henry,2022,residential,wastewater,MGD,7.150135983728743
Henry,2022,subsurface,wastewater,MGD,1.345361725391918
Henry,2022,transport,energy_services,PJ,14.24239857660951
Henry,2022,transport,rejected_energy,PJ,7.668983848943582
Henry,2022,treat_groundwater,industrial,PJ,0
Henry,2022,treat_groundwater,publicWatSup,PJ,1.831716e-4
Henry,2022,treat_groundwater,residential,PJ,1.6177245876846e-4
Henry,2022,treat_surfaceWater,industrial,PJ,0
Henry,2022,treat_surfaceWater,publicWatSup,PJ,0.013307510059583583
Henry,2022,wastewater,CLAYTON W.B. CASEY WRF,MGD,0.08
Henry,2022,wastewater,HAMPTON WPCP,MGD,0.5183069559035313
Henry,2022,wastewater,HENRY COUNTY BEAR CREEK,MGD,0.25283266141635674
Henry,2022,wastewater,HENRY COUNTY INDIAN CREEK,MGD,1.0618971779486983
Henry,2022,wastewater,HENRY COUNTY SPRINGDALE,MGD,0.2401910283455389
Henry,2022,wastewater,HENRY COUNTY SPRINGDALE LAS,MGD,0.5183069559035313
Henry,2022,wastewater,HENRY COUNTY SPRINGDALE WALNUT,MGD,0.25283266141635674
Henry,2022,wastewater,HENRY COUNTY WALNUT CREEK,MGD,4.411929941715425
Henry,2022,wastewater,LOCUST GROVE INDIAN CREEK WPCP,MGD,0.4298155244078065
Henry,2022,wastewater,MCDONOUGH WALNUT CREEK WPCP,MGD,1.2894465732234193
Henry,2022,wastewater,STOCKBRIDGE WPCP,MGD,0.7837812503907059
Henry,2022,wastewater,Snapfinger Creek,MGD,0.475099164
Henry,2023,Basins,industrial,MGD,0
Henry,2023,Biomass,commercial,PJ,0.021755753585001023
Henry,2023,Biomass,industrial,PJ,4.393811440510458
Henry,2023,Biomass,residential,PJ,0.12103005262538556
Henry,2023,Biomass,transport,PJ,0.9876625965499181
Henry,2023,Brown Branch,publicWatSup,MGD,0.2526625791166254
Henry,2023,Coal,industrial,PJ,0.1064938060959659
Henry,2023,HAMPTON WPCP,Bear Creek Tributary_ds,MGD,0.5322196886419327
Henry,2023,HENRY COUNTY BEAR CREEK,Land Application,MGD,0.2596193603131379
Henry,2023,HENRY COUNTY INDIAN CREEK,Indian Creek_ds,MGD,1.090401313315179
Henry,2023,HENRY COUNTY SPRINGDALE,Land Application,MGD,0.24663839229748102
Henry,2023,HENRY COUNTY SPRINGDALE LAS,Land Application,MGD,0.5322196886419327
Henry,2023,HENRY COUNTY SPRINGDALE WALNUT,Land Application,MGD,0.2596193603131379
Henry,2023,HENRY COUNTY WALNUT CREEK,Land Application,MGD,4.5303578374642575
Henry,2023,John Fargason (Walnut Creek) Reservoir,publicWatSup,MGD,1.6423067642580649
Henry,2023,LOCUST GROVE INDIAN CREEK WPCP,Indian Creek to Towaliga River_ds,MGD,0.4413529125323345
Henry,2023,MCDONOUGH WALNUT CREEK WPCP,Walnut Creek_ds,MGD,1.3240587375970034
Henry,2023,Natural Gas,commercial,PJ,1.2805266403399653
Henry,2023,Natural Gas,industrial,PJ,3.9046108361549883
Henry,2023,Natural Gas,residential,PJ,3.04332607523459
Henry,2023,Natural Gas,transport,PJ,0.30864000365224353
Henry,2023,Petroleum,commercial,PJ,0.5928746703219833
Henry,2023,Petroleum,industrial,PJ,2.0621537426033263
Henry,2023,Petroleum,residential,PJ,0.17047273730906387
Henry,2023,Petroleum,transport,PJ,22.72241397920743
Henry,2023,Renewables,commercial,PJ,0.007068604841475172
Henry,2023,Renewables,industrial,PJ,1.4584862738548172e-4
Henry,2023,Renewables,residential,PJ,0.03236525310530869
Henry,2023,Rowland (Long Branch) Reservoir,publicWatSup,MGD,1.5791411194789082
Henry,2023,S. Howell Gardner (Indian Creek) Reservoir,publicWatSup,MGD,3.9162699763076927
Henry,2023,STOCKBRIDGE WPCP,Bush Creek Tributary_ds,MGD,0.8048200169707275
Henry,2023,Towaliga River Reservoir,publicWatSup,MGD,9.47484671687345
Henry,2023,Tussahaw Creek Reservoir,publicWatSup,MGD,8.590527689965262
Henry,2023,agricultural,Water Losses,MGD,0.183
Henry,2023,agricultural,wastewater,MGD,0
Henry,2023,commercial,Water Losses,MGD,0.4537407607271198
Henry,2023,commercial,energy_services,PJ,2.994481810568058
Henry,2023,commercial,rejected_energy,PJ,1.6124132826135693
Henry,2023,commercial,wastewater,MGD,1.4966679048605147
Henry,2023,distribute_groundwater,industrial,PJ,0
Henry,2023,distribute_groundwater,publicWatSup,PJ,9.292608000000002e-4
Henry,2023,distribute_groundwater,residential,PJ,8.350654276411201e-4
Henry,2023,distribute_surfaceWater,industrial,PJ,0
Henry,2023,distribute_surfaceWater,publicWatSup,PJ,0.034786816342349765
Henry,2023,elec_import,electricity,PJ,7.503004052072318
Henry,2023,electricity,Energy Losses,PJ,0.42469834257013117
Henry,2023,electricity,commercial,PJ,2.7046694240932028
Henry,2023,electricity,distribute_groundwater,PJ,0.0017643262276411202
Henry,2023,electricity,distribute_surfaceWater,PJ,0.034786816342349765
Henry,2023,electricity,en4water,PJ,0.09996457114468124
Henry,2023,electricity,en_wwdist,PJ,0.014455179711841942
Henry,2023,electricity,en_wwtreat,PJ,0.028910359423683883
Henry,2023,electricity,extract_groundwater,PJ,0.0013815889462515448
Henry,2023,electricity,extract_surfaceWater,PJ,0.0047717355935686665
Henry,2023,electricity,government,PJ,0.0232310735092773
Henry,2023,electricity,industrial,PJ,1.9472648111761364
Henry,2023,electricity,residential,PJ,2.291221246607508
Henry,2023,electricity,transport,PJ,0.011954582971380728
Henry,2023,electricity,treat_groundwater,PJ,3.4777584294849e-4
Henry,2023,electricity,treat_surfaceWater,PJ,0.01354678905639582
Henry,2023,en4water,energy_services,PJ,0.06497697124404281
Henry,2023,en4water,rejected_energy,PJ,0.03498759990063843
Henry,2023,en_wwdist,in-county treatment,PJ,0.014455179711841942
Henry,2023,en_wwtreat,in-county treatment,PJ,0.028910359423683883
Henry,2023,extract_groundwater,agricultural,PJ,1.715187035123967e-4
Henry,2023,extract_groundwater,industrial,PJ,0
Henry,2023,extract_groundwater,publicWatSup,PJ,6.373372589531682e-4
Henry,2023,extract_groundwater,residential,PJ,5.727329837859798e-4
Henry,2023,extract_surfaceWater,industrial,PJ,0
Henry,2023,extract_surfaceWater,publicWatSup,PJ,0.0047717355935686665
Henry,2023,government,energy_services,PJ,0.015100197781030245
Henry,2023,government,rejected_energy,PJ,0.008130875728247052
Henry,2023,groundwater,agricultural,MGD,0.183
Henry,2023,groundwater,industrial,MGD,0
Henry,2023,groundwater,publicWatSup,MGD,0.68
Henry,2023,groundwater,residential,MGD,0.611071177
Henry,2023,industrial,Disposal,MGD,0.09400088527212658
Henry,2023,industrial,energy_services,PJ,6.083095437732449
Henry,2023,industrial,rejected_energy,PJ,6.3313850474358135
Henry,2023,industrial,wastewater,MGD,0.35290809340477425
Henry,2023,publicWatSup,Water Losses,MGD,6.684286436
Henry,2023,publicWatSup,agricultural,MGD,0
Henry,2023,publicWatSup,commercial,MGD,1.9504086655876345
Henry,2023,publicWatSup,industrial,MGD,0.4469089786769008
Henry,2023,publicWatSup,residential,MGD,17.054150765735464
Henry,2023,residential,Water Losses,MGD,4.183058044748698
Henry,2023,residential,energy_services,PJ,3.6779699871732063
Henry,2023,residential,rejected_energy,PJ,1.9804453777086495
Henry,2023,residential,septic,MGD,6.133664810958904
Henry,2023,residential,wastewater,MGD,7.348499087027863
Henry,2023,subsurface,wastewater,MGD,1.3797112627939727
Henry,2023,transport,energy_services,PJ,15.619936255547632
Henry,2023,transport,rejected_energy,PJ,8.41073490683334
Henry,2023,treat_groundwater,industrial,PJ,0
Henry,2023,treat_groundwater,publicWatSup,PJ,1.831716e-4
Henry,2023,treat_groundwater,residential,PJ,1.6460424294849002e-4
Henry,2023,treat_surfaceWater,industrial,PJ,0
Henry,2023,treat_surfaceWater,publicWatSup,PJ,0.01354678905639582
Henry,2023,wastewater,CLAYTON W.B. CASEY WRF,MGD,0.08
Henry,2023,wastewater,HAMPTON WPCP,MGD,0.5322196886419327
Henry,2023,wastewater,HENRY COUNTY BEAR CREEK,MGD,0.2596193603131379
Henry,2023,wastewater,HENRY COUNTY INDIAN CREEK,MGD,1.090401313315179
Henry,2023,wastewater,HENRY COUNTY SPRINGDALE,MGD,0.24663839229748102
Henry,2023,wastewater,HENRY COUNTY SPRINGDALE LAS,MGD,0.5322196886419327
Henry,2023,wastewater,HENRY COUNTY SPRINGDALE WALNUT,MGD,0.2596193603131379
Henry,2023,wastewater,HENRY COUNTY WALNUT CREEK,MGD,4.5303578374642575
Henry,2023,wastewater,LOCUST GROVE INDIAN CREEK WPCP,MGD,0.4413529125323345
Henry,2023,wastewater,MCDONOUGH WALNUT CREEK WPCP,MGD,1.3240587375970034
Henry,2023,wastewater,STOCKBRIDGE WPCP,MGD,0.8048200169707275
Henry,2023,wastewater,Snapfinger Creek,MGD,0.47647904
Henry,2024,Basins,industrial,MGD,0
Henry,2024,Biomass,commercial,PJ,0.02189914833835053
Henry,2024,Biomass,industrial,PJ,4.281907442362756
Henry,2024,Biomass,residential,PJ,0.11419365954757757
Henry,2024,Biomass,transport,PJ,0.9649082846065399
Henry,2024,Brown Branch,publicWatSup,MGD,0.25700016929032266
Henry,2024,Coal,industrial,PJ,0.11240747202947746
Henry,2024,HAMPTON WPCP,Bear Creek Tributary_ds,MGD,0.5456238231265784
Henry,2024,HENRY COUNTY BEAR CREEK,Land Application,MGD,0.26615796250076995
Henry,2024,HENRY COUNTY INDIAN CREEK,Indian Creek_ds,MGD,1.1178634425032339
Henry,2024,HENRY COUNTY SPRINGDALE,Land Application,MGD,0.2528500643757315
Henry,2024,HENRY COUNTY SPRINGDALE LAS,Land Application,MGD,0.5456238231265784
Henry,2024,HENRY COUNTY SPRINGDALE WALNUT,Land Application,MGD,0.26615796250076995
Henry,2024,HENRY COUNTY WALNUT CREEK,Land Application,MGD,4.644456445638436
Henry,2024,John Fargason (Walnut Creek) Reservoir,publicWatSup,MGD,1.670501100387097
Henry,2024,LOCUST GROVE INDIAN CREEK WPCP,Indian Creek to Towaliga River_ds,MGD,0.452468536251309
Henry,2024,MCDONOUGH WALNUT CREEK WPCP,Walnut Creek_ds,MGD,1.3574056087539268
Henry,2024,Natural Gas,commercial,PJ,1.3958199062676475
Henry,2024,Natural Gas,industrial,PJ,3.9444158747305003
Henry,2024,Natural Gas,residential,PJ,3.314356578962314
Henry,2024,Natural Gas,transport,PJ,0.2978773540458987
Henry,2024,Petroleum,commercial,PJ,0.5649001538407807
Henry,2024,Petroleum,industrial,PJ,2.026857934922463
Henry,2024,Petroleum,residential,PJ,0.20289132739843865
Henry,2024,Petroleum,transport,PJ,22.550715289302413
Henry,2024,Renewables,commercial,PJ,0.008621453748201814
Henry,2024,Renewables,industrial,PJ,1.468099329945287e-4
Henry,2024,Renewables,residential,PJ,0.037601516311923766
Henry,2024,Rowland (Long Branch) Reservoir,publicWatSup,MGD,1.6062510580645162
Henry,2024,S. Howell Gardner (Indian Creek) Reservoir,publicWatSup,MGD,3.983502624
Henry,2024,STOCKBRIDGE WPCP,Bush Creek Tributary_ds,MGD,0.8250896837523869
Henry,2024,Towaliga River Reservoir,publicWatSup,MGD,9.637506348387097
Henry,2024,Tussahaw Creek Reservoir,publicWatSup,MGD,8.738005755870969
Henry,2024,agricultural,Water Losses,MGD,0.183
Henry,2024,agricultural,wastewater,MGD,0
Henry,2024,commercial,Water Losses,MGD,0.46239272114118446
Henry,2024,commercial,energy_services,PJ,3.14213045777755
Henry,2024,commercial,rejected_energy,PJ,1.6919164003417577
Henry,2024,commercial,wastewater,MGD,1.520628448368741
Henry,2024,distribute_groundwater,industrial,PJ,0
Henry,2024,distribute_groundwater,publicWatSup,PJ,9.292608000000002e-4
Henry,2024,distribute_groundwater,residential,PJ,8.4902843756016e-4
Henry,2024,distribute_surfaceWater,industrial,PJ,0
Henry,2024,distribute_surfaceWater,publicWatSup,PJ,0.03538401974804737
Henry,2024,elec_import,electricity,PJ,7.827852914751386
Henry,2024,electricity,Energy Losses,PJ,0.44308601404253123
Henry,2024,electricity,commercial,PJ,2.8428061959243274
Henry,2024,electricity,distribute_groundwater,PJ,0.00177828923756016
Henry,2024,electricity,distribute_surfaceWater,PJ,0.03538401974804737
Henry,2024,electricity,en4water,PJ,0.10194281457858845
Henry,2024,electricity,en_wwdist,PJ,0.014801934527877177
Henry,2024,electricity,en_wwtreat,PJ,0.029603869055754354
Henry,2024,electricity,extract_groundwater,PJ,0.001391165532790584
Henry,2024,electricity,extract_surfaceWater,PJ,0.0048536544653482155
Henry,2024,electricity,government,PJ,0.0215799747307859
Henry,2024,electricity,industrial,PJ,1.9749894150545242
Henry,2024,electricity,residential,PJ,2.43078499566009
Henry,2024,electricity,transport,PJ,0.012663504760538484
Henry,2024,electricity,treat_groundwater,PJ,3.5052816701907e-4
Henry,2024,electricity,treat_surfaceWater,PJ,0.013779353844191522
Henry,2024,en4water,energy_services,PJ,0.06626282947608249
Henry,2024,en4water,rejected_energy,PJ,0.03567998510250595
Henry,2024,en_wwdist,in-county treatment,PJ,0.014801934527877177
Henry,2024,en_wwtreat,in-county treatment,PJ,0.029603869055754354
Henry,2024,extract_groundwater,agricultural,PJ,1.715187035123967e-4
Henry,2024,extract_groundwater,industrial,PJ,0
Henry,2024,extract_groundwater,publicWatSup,PJ,6.373372589531682e-4
Henry,2024,extract_groundwater,residential,PJ,5.82309570325019e-4
Henry,2024,extract_surfaceWater,industrial,PJ,0
Henry,2024,extract_surfaceWater,publicWatSup,PJ,0.0048536544653482155
Henry,2024,government,energy_services,PJ,0.014026983575010836
Henry,2024,government,rejected_energy,PJ,0.007552991155775065
Henry,2024,groundwater,agricultural,MGD,0.183
Henry,2024,groundwater,industrial,MGD,0
Henry,2024,groundwater,publicWatSup,MGD,0.68
Henry,2024,groundwater,residential,MGD,0.621288811
Henry,2024,industrial,Disposal,MGD,0.09567599426947682
Henry,2024,industrial,energy_services,PJ,6.04695522502603
Henry,2024,industrial,rejected_energy,PJ,6.293769724006686
Henry,2024,industrial,wastewater,MGD,0.35870568621172805
Henry,2024,publicWatSup,Water Losses,MGD,6.796053431
Henry,2024,publicWatSup,agricultural,MGD,0
Henry,2024,publicWatSup,commercial,MGD,1.9830211695099254
Henry,2024,publicWatSup,industrial,MGD,0.45438168048120486
Henry,2024,publicWatSup,residential,MGD,17.33931077500887
Henry,2024,residential,Water Losses,MGD,4.267307982975641
Henry,2024,residential,energy_services,PJ,3.964888250622224
Henry,2024,residential,rejected_energy,PJ,2.1349398272581204
Henry,2024,residential,septic,MGD,6.15390470410959
Henry,2024,residential,wastewater,MGD,7.539386898923638
Henry,2024,subsurface,wastewater,MGD,1.412808155025616
Henry,2024,transport,energy_services,PJ,15.487006881265005
Henry,2024,transport,rejected_energy,PJ,8.339157551450388
Henry,2024,treat_groundwater,industrial,PJ,0
Henry,2024,treat_groundwater,publicWatSup,PJ,1.831716e-4
Henry,2024,treat_groundwater,residential,PJ,1.6735656701907e-4
Henry,2024,treat_surfaceWater,industrial,PJ,0
Henry,2024,treat_surfaceWater,publicWatSup,PJ,0.013779353844191522
Henry,2024,wastewater,CLAYTON W.B. CASEY WRF,MGD,0.08
Henry,2024,wastewater,HAMPTON WPCP,MGD,0.5456238231265784
Henry,2024,wastewater,HENRY COUNTY BEAR CREEK,MGD,0.26615796250076995
Henry,2024,wastewater,HENRY COUNTY INDIAN CREEK,MGD,1.1178634425032339
Henry,2024,wastewater,HENRY COUNTY SPRINGDALE,MGD,0.2528500643757315
Henry,2024,wastewater,HENRY COUNTY SPRINGDALE LAS,MGD,0.5456238231265784
Henry,2024,wastewater,HENRY COUNTY SPRINGDALE WALNUT,MGD,0.26615796250076995
Henry,2024,wastewater,HENRY COUNTY WALNUT CREEK,MGD,4.644456445638436
Henry,2024,wastewater,LOCUST GROVE INDIAN CREEK WPCP,MGD,0.452468536251309
Henry,2024,wastewater,MCDONOUGH WALNUT CREEK WPCP,MGD,1.3574056087539268
Henry,2024,wastewater,STOCKBRIDGE WPCP,MGD,0.8250896837523869
Henry,2024,wastewater,Snapfinger Creek,MGD,0.477831836
Paulding,2020,Basins,industrial,MGD,8.31712357911373e-6
Paulding,2020,Biomass,commercial,PJ,0.014918435615837975
Paulding,2020,Biomass,industrial,PJ,3.025892127613742
Paulding,2020,Biomass,residential,PJ,0.0749422195852598
Paulding,2020,Biomass,transport,PJ,0.6011046091378202
Paulding,2020,Coal,industrial,PJ,0.115013637708695
Paulding,2020,Dallas North WPCP,Trinity River_ds,MGD,0.41961545039112086
Paulding,2020,Dallas Pumpkinvine Ck WPCP,Pumpkinvine Creek_ds,MGD,0
Paulding,2020,Dallas West WPCP,Trinity River_ds,MGD,0.5035385404693451
Paulding,2020,Etowah River/Richland Creek Reservoir,publicWatSup,MGD,14.011994537
Paulding,2020,Natural Gas,commercial,PJ,0.8642024725572465
Paulding,2020,Natural Gas,industrial,PJ,2.6256279997443372
Paulding,2020,Natural Gas,residential,PJ,2.051159882354125
Paulding,2020,Natural Gas,transport,PJ,0.1283985581550837
Paulding,2020,Paulding Coppermine LAS,Land Application,MGD,1.019066093807008
Paulding,2020,Paulding Coppermine WRF,Mill Creek_ds,MGD,0.6354176820208403
Paulding,2020,Paulding Pumpkinvine LAS,Land Application,MGD,0.6833737334941111
Paulding,2020,Paulding Pumpkinvine WRF,"Pumpkinvine Creek, Reuse_ds",MGD,0.6787484621525225
Paulding,2020,Paulding Upper Sweetwater,Reuse,MGD,0.047956051473270964
Paulding,2020,Petroleum,commercial,PJ,0.38534569225356674
Paulding,2020,Petroleum,industrial,PJ,1.2363966053684714
Paulding,2020,Petroleum,residential,PJ,0.14308363276687505
Paulding,2020,Petroleum,transport,PJ,13.615631136175091
Paulding,2020,Renewables,commercial,PJ,0.0029836871231675947
Paulding,2020,Renewables,industrial,PJ,1.0001185887712608e-4
Paulding,2020,Renewables,residential,PJ,0.01229364239874032
Paulding,2020,agricultural,Water Losses,MGD,0
Paulding,2020,agricultural,wastewater,MGD,0
Paulding,2020,commercial,Water Losses,MGD,0.9326758654273172
Paulding,2020,commercial,energy_services,PJ,1.9505642601026079
Paulding,2020,commercial,rejected_energy,PJ,1.0503038323629426
Paulding,2020,commercial,wastewater,MGD,0.9534246575342465
Paulding,2020,distribute_groundwater,industrial,PJ,6.120072214455047e-9
Paulding,2020,distribute_groundwater,publicWatSup,PJ,4.09968e-5
Paulding,2020,distribute_groundwater,residential,PJ,2.2379849880335999e-4
Paulding,2020,distribute_surfaceWater,industrial,PJ,1.1365848398273661e-8
Paulding,2020,distribute_surfaceWater,publicWatSup,PJ,0.019148231254482725
Paulding,2020,elec_import,electricity,PJ,4.921728857595041
Paulding,2020,electricity,Energy Losses,PJ,0.2785884259016061
Paulding,2020,electricity,commercial,PJ,1.7334178049157318
Paulding,2020,electricity,distribute_groundwater,PJ,2.6480141887557447e-4
Paulding,2020,electricity,distribute_surfaceWater,PJ,0.01914824262033112
Paulding,2020,electricity,en4water,PJ,0.04651667746601701
Paulding,2020,electricity,en_wwdist,PJ,0.00564589003264416
Paulding,2020,electricity,en_wwtreat,PJ,0.01114058443264416
Paulding,2020,electricity,extract_groundwater,PJ,1.816151186761223e-4
Paulding,2020,electricity,extract_surfaceWater,PJ,0.0026265798504385555
Paulding,2020,electricity,government,PJ,0.01871994483050601
Paulding,2020,electricity,industrial,PJ,1.2536308290063214
Paulding,2020,electricity,residential,PJ,1.5828575067744675
Paulding,2020,electricity,transport,PJ,0.007997668700390797
Paulding,2020,electricity,treat_groundwater,PJ,5.219643352835842e-5
Paulding,2020,electricity,treat_surfaceWater,PJ,0.007456767558878945
Paulding,2020,en4water,energy_services,PJ,0.030235840352911054
Paulding,2020,en4water,rejected_energy,PJ,0.01628083711310595
Paulding,2020,en_wwdist,in-county treatment,PJ,0.0054946944
Paulding,2020,en_wwdist,ww_exports,PJ,1.5119563264416e-4
Paulding,2020,en_wwtreat,in-county treatment,PJ,0.0109893888
Paulding,2020,en_wwtreat,ww_exports,PJ,1.5119563264416e-4
Paulding,2020,extract_groundwater,agricultural,PJ,0
Paulding,2020,extract_groundwater,industrial,PJ,4.19747615497848e-9
Paulding,2020,extract_groundwater,publicWatSup,PJ,2.811782024793388e-5
Paulding,2020,extract_groundwater,residential,PJ,1.5349310095203342e-4
Paulding,2020,extract_surfaceWater,industrial,PJ,1.5590625718491495e-9
Paulding,2020,extract_surfaceWater,publicWatSup,PJ,0.0026265782913759837
Paulding,2020,government,energy_services,PJ,0.012167964139828907
Paulding,2020,government,rejected_energy,PJ,0.006551980690677103
Paulding,2020,groundwater,agricultural,MGD,0
Paulding,2020,groundwater,industrial,MGD,4.478451157984316e-6
Paulding,2020,groundwater,publicWatSup,MGD,0.03
Paulding,2020,groundwater,residential,MGD,0.163767781
Paulding,2020,industrial,Disposal,MGD,1.2795574737098048e-5
Paulding,2020,industrial,energy_services,PJ,4.045763993537218
Paulding,2020,industrial,rejected_energy,PJ,4.210897217763226
Paulding,2020,industrial,wastewater,MGD,0
Paulding,2020,publicWatSup,Water Losses,MGD,3.409470286
Paulding,2020,publicWatSup,agricultural,MGD,0
Paulding,2020,publicWatSup,commercial,MGD,1.8861005229615637
Paulding,2020,publicWatSup,industrial,MGD,0
Paulding,2020,publicWatSup,residential,MGD,8.746423728038437
Paulding,2020,residential,Water Losses,MGD,1.79786274191515
Paulding,2020,residential,energy_services,PJ,2.511818974521654
Paulding,2020,residential,rejected_energy,PJ,1.3525179093578135
Paulding,2020,residential,septic,MGD,4.715068493150685
Paulding,2020,residential,wastewater,MGD,2.3972602739726026
Paulding,2020,subsurface,wastewater,MGD,0.6701369863013699
Paulding,2020,transport,energy_services,PJ,9.329535781909453
Paulding,2020,transport,rejected_energy,PJ,5.023596190258935
Paulding,2020,treat_groundwater,industrial,PJ,1.2063603884262352e-9
Paulding,2020,treat_groundwater,publicWatSup,PJ,8.0811e-6
Paulding,2020,treat_groundwater,residential,PJ,4.411412716797e-5
Paulding,2020,treat_surfaceWater,industrial,PJ,4.426123655096954e-9
Paulding,2020,treat_surfaceWater,publicWatSup,PJ,0.007456763132755291
Paulding,2020,wastewater,COBB SOUTH COBB WRF,MGD,0.088425697
Paulding,2020,wastewater,Dallas North WPCP,MGD,0.41961545039112086
Paulding,2020,wastewater,Dallas Pumpkinvine Ck WPCP,MGD,0
Paulding,2020,wastewater,Dallas West WPCP,MGD,0.5035385404693451
Paulding,2020,wastewater,Paulding Coppermine LAS,MGD,1.019066093807008
Paulding,2020,wastewater,Paulding Coppermine WRF,MGD,0.6354176820208403
Paulding,2020,wastewater,Paulding Pumpkinvine LAS,MGD,0.6833737334941111
Paulding,2020,wastewater,Paulding Pumpkinvine WRF,MGD,0.6234286691525225
Paulding,2020,wastewater,Paulding Upper Sweetwater,MGD,0.047956051473270964
Paulding,2020,ww_imports,Paulding Pumpkinvine WRF,MGD,0.055319793
Paulding,2021,Basins,industrial,MGD,8.31712357911373e-6
Paulding,2021,Biomass,commercial,PJ,0.015223531146972868
Paulding,2021,Biomass,industrial,PJ,3.089169146062939
Paulding,2021,Biomass,residential,PJ,0.07907731430421996
Paulding,2021,Biomass,transport,PJ,0.6381976409323152
Paulding,2021,Coal,industrial,PJ,0.12345518331254647
Paulding,2021,Dallas North WPCP,Trinity River_ds,MGD,0.4170775092002172
Paulding,2021,Dallas Pumpkinvine Ck WPCP,Pumpkinvine Creek_ds,MGD,0
Paulding,2021,Dallas West WPCP,Trinity River_ds,MGD,0.5004930110402607
Paulding,2021,Etowah River/Richland Creek Reservoir,publicWatSup,MGD,14.270953469000002
Paulding,2021,Natural Gas,commercial,PJ,0.9272236088086984
Paulding,2021,Natural Gas,industrial,PJ,2.829858830604167
Paulding,2021,Natural Gas,residential,PJ,2.212633942637458
Paulding,2021,Natural Gas,transport,PJ,0.137811228327122
Paulding,2021,Paulding Coppermine LAS,Land Application,MGD,1.0129025223433847
Paulding,2021,Paulding Coppermine WRF,Mill Creek_ds,MGD,0.6315745139317575
Paulding,2021,Paulding Pumpkinvine LAS,Land Application,MGD,0.6792405149832108
Paulding,2021,Paulding Pumpkinvine WRF,"Pumpkinvine Creek, Reuse_ds",MGD,0.6756485236688942
Paulding,2021,Paulding Upper Sweetwater,Reuse,MGD,0.0476660010514534
Paulding,2021,Petroleum,commercial,PJ,0.4200163738683811
Paulding,2021,Petroleum,industrial,PJ,1.3896447459725023
Paulding,2021,Petroleum,residential,PJ,0.13434128379753266
Paulding,2021,Petroleum,transport,PJ,14.505099543559803
Paulding,2021,Renewables,commercial,PJ,0.0037420970417140014
Paulding,2021,Renewables,industrial,PJ,1.0205719204674549e-4
Paulding,2021,Renewables,residential,PJ,0.014099239302450876
Paulding,2021,agricultural,Water Losses,MGD,0
Paulding,2021,agricultural,wastewater,MGD,0
Paulding,2021,commercial,Water Losses,MGD,0.9510205002264565
Paulding,2021,commercial,energy_services,PJ,2.070586610156045
Paulding,2021,commercial,rejected_energy,PJ,1.1149312516224854
Paulding,2021,commercial,wastewater,MGD,0.9698630136986301
Paulding,2021,distribute_groundwater,industrial,PJ,6.120072214455047e-9
Paulding,2021,distribute_groundwater,publicWatSup,PJ,4.09968e-5
Paulding,2021,distribute_groundwater,residential,PJ,2.2792573548576e-4
Paulding,2021,distribute_surfaceWater,industrial,PJ,1.1365848398273661e-8
Paulding,2021,distribute_surfaceWater,publicWatSup,PJ,0.01950211417259664
Paulding,2021,elec_import,electricity,PJ,5.153685326463967
Paulding,2021,electricity,Energy Losses,PJ,0.291718037347017
Paulding,2021,electricity,commercial,PJ,1.819312250912764
Paulding,2021,electricity,distribute_groundwater,PJ,2.689286555579744e-4
Paulding,2021,electricity,distribute_surfaceWater,PJ,0.019502125538445037
Paulding,2021,electricity,en4water,PJ,0.04772879232415934
Paulding,2021,electricity,en_wwdist,PJ,0.005867870382691201
Paulding,2021,electricity,en_wwtreat,PJ,0.011582711982691202
Paulding,2021,electricity,extract_groundwater,PJ,1.8444580056242564e-4
Paulding,2021,electricity,extract_surfaceWater,PJ,0.002675122255115709
Paulding,2021,electricity,government,PJ,0.018331696635118782
Paulding,2021,electricity,industrial,PJ,1.35079428481176
Paulding,2021,electricity,residential,PJ,1.6175014766066165
Paulding,2021,electricity,transport,PJ,0.008298787826531729
Paulding,2021,electricity,treat_groundwater,PJ,5.3009975374408425e-5
Paulding,2021,electricity,treat_surfaceWater,PJ,0.007594577733721386
Paulding,2021,en4water,energy_services,PJ,0.03102371501070357
Paulding,2021,en4water,rejected_energy,PJ,0.016705077313455767
Paulding,2021,en_wwdist,in-county treatment,PJ,0.005714841600000001
Paulding,2021,en_wwdist,ww_exports,PJ,1.5302878269119998e-4
Paulding,2021,en_wwtreat,in-county treatment,PJ,0.011429683200000002
Paulding,2021,en_wwtreat,ww_exports,PJ,1.5302878269119998e-4
Paulding,2021,extract_groundwater,agricultural,PJ,0
Paulding,2021,extract_groundwater,industrial,PJ,4.19747615497848e-9
Paulding,2021,extract_groundwater,publicWatSup,PJ,2.811782024793388e-5
Paulding,2021,extract_groundwater,residential,PJ,1.5632378283833679e-4
Paulding,2021,extract_surfaceWater,industrial,PJ,1.5590625718491495e-9
Paulding,2021,extract_surfaceWater,publicWatSup,PJ,0.0026751206960531375
Paulding,2021,government,energy_services,PJ,0.01191560281282721
Paulding,2021,government,rejected_energy,PJ,0.0064160938222915746
Paulding,2021,groundwater,agricultural,MGD,0
Paulding,2021,groundwater,industrial,MGD,4.478451157984316e-6
Paulding,2021,groundwater,publicWatSup,MGD,0.03
Paulding,2021,groundwater,residential,MGD,0.166787946
Paulding,2021,industrial,Disposal,MGD,1.2795574737098048e-5
Paulding,2021,industrial,energy_services,PJ,4.303681881498421
Paulding,2021,industrial,rejected_energy,PJ,4.479342366457541
Paulding,2021,industrial,wastewater,MGD,0
Paulding,2021,publicWatSup,Water Losses,MGD,3.47234688
Paulding,2021,publicWatSup,agricultural,MGD,0
Paulding,2021,publicWatSup,commercial,MGD,1.9208835139250866
Paulding,2021,publicWatSup,industrial,MGD,0
Paulding,2021,publicWatSup,residential,MGD,8.907723075074914
Paulding,2021,residential,Water Losses,MGD,1.8388945827187495
Paulding,2021,residential,energy_services,PJ,2.637474616821381
Paulding,2021,residential,rejected_energy,PJ,1.4201786398268974
Paulding,2021,residential,septic,MGD,4.720547945205479
Paulding,2021,residential,wastewater,MGD,2.515068493150685
Paulding,2021,subsurface,wastewater,MGD,0.6969863013698631
Paulding,2021,transport,energy_services,PJ,9.938114680419751
Paulding,2021,transport,rejected_energy,PJ,5.3512925202260195
Paulding,2021,treat_groundwater,industrial,PJ,1.2063603884262352e-9
Paulding,2021,treat_groundwater,publicWatSup,PJ,8.0811e-6
Paulding,2021,treat_groundwater,residential,PJ,4.4927669014019997e-5
Paulding,2021,treat_surfaceWater,industrial,PJ,4.426123655096954e-9
Paulding,2021,treat_surfaceWater,publicWatSup,PJ,0.007594573307597731
Paulding,2021,wastewater,COBB NORTHWEST WRF,MGD,0.16
Paulding,2021,wastewater,COBB SOUTH COBB WRF,MGD,0.113305722
Paulding,2021,wastewater,Dallas North WPCP,MGD,0.4170775092002172
Paulding,2021,wastewater,Dallas Pumpkinvine Ck WPCP,MGD,0
Paulding,2021,wastewater,Dallas West WPCP,MGD,0.5004930110402607
Paulding,2021,wastewater,Paulding Coppermine LAS,MGD,1.0129025223433847
Paulding,2021,wastewater,Paulding Coppermine WRF,MGD,0.6315745139317575
Paulding,2021,wastewater,Paulding Pumpkinvine LAS,MGD,0.6792405149832108
Paulding,2021,wastewater,Paulding Pumpkinvine WRF,MGD,0.6196580136688942
Paulding,2021,wastewater,Paulding Upper Sweetwater,MGD,0.0476660010514534
Paulding,2021,ww_imports,Paulding Pumpkinvine WRF,MGD,0.05599051
Paulding,2022,Basins,industrial,MGD,8.31712357911373e-6
Paulding,2022,Biomass,commercial,PJ,0.015451033852597993
Paulding,2022,Biomass,industrial,PJ,3.259460330174203
Paulding,2022,Biomass,residential,PJ,0.10111363717839826
Paulding,2022,Biomass,transport,PJ,0.6363236388524127
Paulding,2022,Coal,industrial,PJ,0.1125422231118283
Paulding,2022,Dallas North WPCP,Trinity River_ds,MGD,0.41388130652668736
Paulding,2022,Dallas Pumpkinvine Ck WPCP,Pumpkinvine Creek_ds,MGD,0
Paulding,2022,Dallas West WPCP,Trinity River_ds,MGD,0.4966575678320248
Paulding,2022,Etowah River/Richland Creek Reservoir,publicWatSup,MGD,14.522643106
Paulding,2022,Natural Gas,commercial,PJ,0.9905234841638688
Paulding,2022,Natural Gas,industrial,PJ,2.7405818123265098
Paulding,2022,Natural Gas,residential,PJ,2.3850871876419317
Paulding,2022,Natural Gas,transport,PJ,0.17405287519764578
Paulding,2022,Paulding Coppermine LAS,Land Application,MGD,1.0051403158505265
Paulding,2022,Paulding Coppermine WRF,Mill Creek_ds,MGD,0.6267345498832694
Paulding,2022,Paulding Pumpkinvine LAS,Land Application,MGD,0.6740352706291765
Paulding,2022,Paulding Pumpkinvine WRF,"Pumpkinvine Creek, Reuse_ds",MGD,0.6715203756967927
Paulding,2022,Paulding Upper Sweetwater,Reuse,MGD,0.047300720745907125
Paulding,2022,Petroleum,commercial,PJ,0.4424692711084766
Paulding,2022,Petroleum,industrial,PJ,1.4413311344352557
Paulding,2022,Petroleum,residential,PJ,0.13180854018389462
Paulding,2022,Petroleum,transport,PJ,14.95052393812367
Paulding,2022,Renewables,commercial,PJ,0.0039188655693181505
Paulding,2022,Renewables,industrial,PJ,1.0358234984981895e-4
Paulding,2022,Renewables,residential,PJ,0.017456169874869705
Paulding,2022,agricultural,Water Losses,MGD,0
Paulding,2022,agricultural,wastewater,MGD,0
Paulding,2022,commercial,Water Losses,MGD,0.9683887340359387
Paulding,2022,commercial,energy_services,PJ,2.19135623834966
Paulding,2022,commercial,rejected_energy,PJ,1.1799610514190475
Paulding,2022,commercial,wastewater,MGD,0.9863013698630136
Paulding,2022,distribute_groundwater,industrial,PJ,6.120072214455047e-9
Paulding,2022,distribute_groundwater,publicWatSup,PJ,4.09968e-5
Paulding,2022,distribute_groundwater,residential,PJ,2.3193711384480003e-4
Paulding,2022,distribute_surfaceWater,industrial,PJ,1.1365848398273661e-8
Paulding,2022,distribute_surfaceWater,publicWatSup,PJ,0.01984606316293536
Paulding,2022,elec_import,electricity,PJ,5.419295232766473
Paulding,2022,electricity,Energy Losses,PJ,0.306752560345272
Paulding,2022,electricity,commercial,PJ,1.9189546350744455
Paulding,2022,electricity,distribute_groundwater,PJ,2.729400339170145e-4
Paulding,2022,electricity,distribute_surfaceWater,PJ,0.019846074528783758
Paulding,2022,electricity,en4water,PJ,0.0488982926312211
Paulding,2022,electricity,en_wwdist,PJ,0.006080727872718721
Paulding,2022,electricity,en_wwtreat,PJ,0.012006731072718721
Paulding,2022,electricity,extract_groundwater,PJ,1.871970205514477e-4
Paulding,2022,electricity,extract_surfaceWater,PJ,0.0027223020149252665
Paulding,2022,electricity,government,PJ,0.017752051117816314
Paulding,2022,electricity,industrial,PJ,1.4050557740590872
Paulding,2022,electricity,residential,PJ,1.7134171699089036
Paulding,2022,electricity,transport,PJ,0.008464749629727203
Paulding,2022,electricity,treat_groundwater,PJ,5.3800679762488424e-5
Paulding,2022,electricity,treat_surfaceWater,PJ,0.007728519407843677
Paulding,2022,en4water,energy_services,PJ,0.031783890210293715
Paulding,2022,en4water,rejected_energy,PJ,0.017114402420927384
Paulding,2022,en_wwdist,in-county treatment,PJ,0.005926003200000001
Paulding,2022,en_wwdist,ww_exports,PJ,1.5472467271872e-4
Paulding,2022,en_wwtreat,in-county treatment,PJ,0.011852006400000002
Paulding,2022,en_wwtreat,ww_exports,PJ,1.5472467271872e-4
Paulding,2022,extract_groundwater,agricultural,PJ,0
Paulding,2022,extract_groundwater,industrial,PJ,4.19747615497848e-9
Paulding,2022,extract_groundwater,publicWatSup,PJ,2.811782024793388e-5
Paulding,2022,extract_groundwater,residential,PJ,1.5907500282735882e-4
Paulding,2022,extract_surfaceWater,industrial,PJ,1.5590625718491495e-9
Paulding,2022,extract_surfaceWater,publicWatSup,PJ,0.002722300455862695
Paulding,2022,government,energy_services,PJ,0.011538833226580605
Paulding,2022,government,rejected_energy,PJ,0.006213217891235709
Paulding,2022,groundwater,agricultural,MGD,0
Paulding,2022,groundwater,industrial,MGD,4.478451157984316e-6
Paulding,2022,groundwater,publicWatSup,MGD,0.03
Paulding,2022,groundwater,residential,MGD,0.16972333
Paulding,2022,industrial,Disposal,MGD,1.2795574737098048e-5
Paulding,2022,industrial,energy_services,PJ,4.389946679663799
Paulding,2022,industrial,rejected_energy,PJ,4.569128176792934
Paulding,2022,industrial,wastewater,MGD,0
Paulding,2022,publicWatSup,Water Losses,MGD,3.53345845
Paulding,2022,publicWatSup,agricultural,MGD,0
Paulding,2022,publicWatSup,commercial,MGD,1.9546901038989524
Paulding,2022,publicWatSup,industrial,MGD,0
Paulding,2022,publicWatSup,residential,MGD,9.064494552101047
Paulding,2022,residential,Water Losses,MGD,1.8807932245668013
Paulding,2022,residential,energy_services,PJ,2.8267737581121986
Paulding,2022,residential,rejected_energy,PJ,1.5221089466757993
Paulding,2022,residential,septic,MGD,4.726027397260274
Paulding,2022,residential,wastewater,MGD,2.627397260273973
Paulding,2022,subsurface,wastewater,MGD,0.7227397260273973
Paulding,2022,transport,energy_services,PJ,10.250087381172245
Paulding,2022,transport,rejected_energy,PJ,5.519277820631208
Paulding,2022,treat_groundwater,industrial,PJ,1.2063603884262352e-9
Paulding,2022,treat_groundwater,publicWatSup,PJ,8.0811e-6
Paulding,2022,treat_groundwater,residential,PJ,4.57183734021e-5
Paulding,2022,treat_surfaceWater,industrial,PJ,4.426123655096954e-9
Paulding,2022,treat_surfaceWater,publicWatSup,PJ,0.007728514981720021
Paulding,2022,wastewater,COBB NORTHWEST WRF,MGD,0.32
Paulding,2022,wastewater,COBB SOUTH COBB WRF,MGD,0.137779255
Paulding,2022,wastewater,Dallas North WPCP,MGD,0.41388130652668736
Paulding,2022,wastewater,Dallas Pumpkinvine Ck WPCP,MGD,0
Paulding,2022,wastewater,Dallas West WPCP,MGD,0.4966575678320248
Paulding,2022,wastewater,Paulding Coppermine LAS,MGD,1.0051403158505265
Paulding,2022,wastewater,Paulding Coppermine WRF,MGD,0.6267345498832694
Paulding,2022,wastewater,Paulding Pumpkinvine LAS,MGD,0.6740352706291765
Paulding,2022,wastewater,Paulding Pumpkinvine WRF,MGD,0.6149093696967927
Paulding,2022,wastewater,Paulding Upper Sweetwater,MGD,0.047300720745907125
Paulding,2022,ww_imports,Paulding Pumpkinvine WRF,MGD,0.056611006
Paulding,2023,Basins,industrial,MGD,8.31712357911373e-6
Paulding,2023,Biomass,commercial,PJ,0.015662650859528986
Paulding,2023,Biomass,industrial,PJ,3.1632429677253207
Paulding,2023,Biomass,residential,PJ,0.08713333925094392
Paulding,2023,Biomass,transport,PJ,0.7110493486854997
Paulding,2023,Coal,industrial,PJ,0.07666823845318044
Paulding,2023,Dallas North WPCP,Trinity River_ds,MGD,0.41072874874645005
Paulding,2023,Dallas Pumpkinvine Ck WPCP,Pumpkinvine Creek_ds,MGD,0
Paulding,2023,Dallas West WPCP,Trinity River_ds,MGD,0.4928744984957401
Paulding,2023,Etowah River/Richland Creek Reservoir,publicWatSup,MGD,14.768537603000002
Paulding,2023,Natural Gas,commercial,PJ,0.9218913794738854
Paulding,2023,Natural Gas,industrial,PJ,2.811052075492895
Paulding,2023,Natural Gas,residential,PJ,2.1909861031411286
Paulding,2023,Natural Gas,transport,PJ,0.222199640182614
Paulding,2023,Paulding Coppermine LAS,Land Application,MGD,0.9974841040985216
Paulding,2023,Paulding Coppermine WRF,Mill Creek_ds,MGD,0.6219606766731959
Paulding,2023,Paulding Pumpkinvine LAS,Land Application,MGD,0.6689011051013615
Paulding,2023,Paulding Pumpkinvine WRF,"Pumpkinvine Creek, Reuse_ds",MGD,0.6674444885661543
Paulding,2023,Paulding Upper Sweetwater,Reuse,MGD,0.046940428428165724
Paulding,2023,Petroleum,commercial,PJ,0.42682911113286254
Paulding,2023,Petroleum,industrial,PJ,1.4846092994606503
Paulding,2023,Petroleum,residential,PJ,0.12272868209818634
Paulding,2023,Petroleum,transport,PJ,16.35858006258026
Paulding,2023,Renewables,commercial,PJ,0.004760045847812161
Paulding,2023,Renewables,industrial,PJ,1.0500101134879767e-4
Paulding,2023,Renewables,residential,PJ,0.02202194309766618
Paulding,2023,agricultural,Water Losses,MGD,0
Paulding,2023,agricultural,wastewater,MGD,0
Paulding,2023,commercial,Water Losses,MGD,0.9849785739980297
Paulding,2023,commercial,energy_services,PJ,2.155607819446168
Paulding,2023,commercial,rejected_energy,PJ,1.1607119027787056
Paulding,2023,commercial,wastewater,MGD,1.0027397260273974
Paulding,2023,distribute_groundwater,industrial,PJ,6.120072214455047e-9
Paulding,2023,distribute_groundwater,publicWatSup,PJ,4.09968e-5
Paulding,2023,distribute_groundwater,residential,PJ,2.3585613187968e-4
Paulding,2023,distribute_surfaceWater,industrial,PJ,1.1365848398273661e-8
Paulding,2023,distribute_surfaceWater,publicWatSup,PJ,0.020182092746755684
Paulding,2023,elec_import,electricity,PJ,5.378421553730314
Paulding,2023,electricity,Energy Losses,PJ,0.3044389558715272
Paulding,2023,electricity,commercial,PJ,1.9471765349107844
Paulding,2023,electricity,distribute_groundwater,PJ,2.7685905195189446e-4
Paulding,2023,electricity,distribute_surfaceWater,PJ,0.02018210411260408
Paulding,2023,electricity,en4water,PJ,0.05005546052738224
Paulding,2023,electricity,en_wwdist,PJ,0.006293550971897281
Paulding,2023,electricity,en_wwtreat,PJ,0.01243071577189728
Paulding,2023,electricity,extract_groundwater,PJ,1.8988489484049383e-4
Paulding,2023,electricity,extract_surfaceWater,PJ,0.0027683954633692816
Paulding,2023,electricity,government,PJ,0.01672478004709144
Paulding,2023,electricity,industrial,PJ,1.4018971463955856
Paulding,2023,electricity,residential,PJ,1.6495221959256472
Paulding,2023,electricity,transport,PJ,0.008606480052297309
Paulding,2023,electricity,treat_groundwater,PJ,5.457317850974843e-5
Paulding,2023,electricity,treat_surfaceWater,PJ,0.007859377082312166
Paulding,2023,en4water,energy_services,PJ,0.032536049342798454
Paulding,2023,en4water,rejected_energy,PJ,0.01751941118458378
Paulding,2023,en_wwdist,in-county treatment,PJ,0.006137164800000001
Paulding,2023,en_wwdist,ww_exports,PJ,1.5638617189728002e-4
Paulding,2023,en_wwtreat,in-county treatment,PJ,0.012274329600000002
Paulding,2023,en_wwtreat,ww_exports,PJ,1.5638617189728002e-4
Paulding,2023,extract_groundwater,agricultural,PJ,0
Paulding,2023,extract_groundwater,industrial,PJ,4.19747615497848e-9
Paulding,2023,extract_groundwater,publicWatSup,PJ,2.811782024793388e-5
Paulding,2023,extract_groundwater,residential,PJ,1.6176287711640495e-4
Paulding,2023,extract_surfaceWater,industrial,PJ,1.5590625718491495e-9
Paulding,2023,extract_surfaceWater,publicWatSup,PJ,0.00276839390430671
Paulding,2023,government,energy_services,PJ,0.010871107030609435
Paulding,2023,government,rejected_energy,PJ,0.0058536730164820035
Paulding,2023,groundwater,agricultural,MGD,0
Paulding,2023,groundwater,industrial,MGD,4.478451157984316e-6
Paulding,2023,groundwater,publicWatSup,MGD,0.03
Paulding,2023,groundwater,residential,MGD,0.172591128
Paulding,2023,industrial,Disposal,MGD,1.2795574737098048e-5
Paulding,2023,industrial,energy_services,PJ,4.3794116169841
Paulding,2023,industrial,rejected_energy,PJ,4.55816311155488
Paulding,2023,industrial,wastewater,MGD,0
Paulding,2023,publicWatSup,Water Losses,MGD,3.59316293
Paulding,2023,publicWatSup,agricultural,MGD,0
Paulding,2023,publicWatSup,commercial,MGD,1.987718300025427
Paulding,2023,publicWatSup,industrial,MGD,0
Paulding,2023,publicWatSup,residential,MGD,9.217656372974574
Paulding,2023,residential,Water Losses,MGD,1.9217543502896426
Paulding,2023,residential,energy_services,PJ,2.6470549712838225
Paulding,2023,residential,rejected_energy,PJ,1.4253372922297503
Paulding,2023,residential,septic,MGD,4.728767123287671
Paulding,2023,residential,wastewater,MGD,2.73972602739726
Paulding,2023,subsurface,wastewater,MGD,0.7484931506849315
Paulding,2023,transport,energy_services,PJ,11.245283095475434
Paulding,2023,transport,rejected_energy,PJ,6.055152436025233
Paulding,2023,treat_groundwater,industrial,PJ,1.2063603884262352e-9
Paulding,2023,treat_groundwater,publicWatSup,PJ,8.0811e-6
Paulding,2023,treat_groundwater,residential,PJ,4.649087214936e-5
Paulding,2023,treat_surfaceWater,industrial,PJ,4.426123655096954e-9
Paulding,2023,treat_surfaceWater,publicWatSup,PJ,0.007859372656188511
Paulding,2023,wastewater,COBB NORTHWEST WRF,MGD,0.48
Paulding,2023,wastewater,COBB SOUTH COBB WRF,MGD,0.161843773
Paulding,2023,wastewater,Dallas North WPCP,MGD,0.41072874874645005
Paulding,2023,wastewater,Dallas Pumpkinvine Ck WPCP,MGD,0
Paulding,2023,wastewater,Dallas West WPCP,MGD,0.4928744984957401
Paulding,2023,wastewater,Paulding Coppermine LAS,MGD,0.9974841040985216
Paulding,2023,wastewater,Paulding Coppermine WRF,MGD,0.6219606766731959
Paulding,2023,wastewater,Paulding Pumpkinvine LAS,MGD,0.6689011051013615
Paulding,2023,wastewater,Paulding Pumpkinvine WRF,MGD,0.6102255695661544
Paulding,2023,wastewater,Paulding Upper Sweetwater,MGD,0.046940428428165724
Paulding,2023,ww_imports,Paulding Pumpkinvine WRF,MGD,0.057218919
Paulding,2024,Basins,industrial,MGD,8.31712357911373e-6
Paulding,2024,Biomass,commercial,PJ,0.01592296056937568
Paulding,2024,Biomass,industrial,PJ,3.1133924622565425
Paulding,2024,Biomass,residential,PJ,0.08303067818690091
Paulding,2024,Biomass,transport,PJ,0.7015887710093073
Paulding,2024,Coal,industrial,PJ,0.08173193391699651
Paulding,2024,Dallas North WPCP,Trinity River_ds,MGD,0.4068695751695623
Paulding,2024,Dallas Pumpkinvine Ck WPCP,Pumpkinvine Creek_ds,MGD,0
Paulding,2024,Dallas West WPCP,Trinity River_ds,MGD,0.4882434902034748
Paulding,2024,Etowah River/Richland Creek Reservoir,publicWatSup,MGD,15.011435458
Paulding,2024,Natural Gas,commercial,PJ,1.0149063783693912
Paulding,2024,Natural Gas,industrial,PJ,2.8680009593141973
Paulding,2024,Natural Gas,residential,PJ,2.4098822613684727
Paulding,2024,Natural Gas,transport,PJ,0.21658784577830115
Paulding,2024,Paulding Coppermine LAS,Land Application,MGD,0.9881118254117942
Paulding,2024,Paulding Coppermine WRF,Mill Creek_ds,MGD,0.6161167852567658
Paulding,2024,Paulding Pumpkinvine LAS,Land Application,MGD,0.6626161652761443
Paulding,2024,Paulding Pumpkinvine WRF,"Pumpkinvine Creek, Reuse_ds",MGD,0.662271716251921
Paulding,2024,Paulding Upper Sweetwater,Reuse,MGD,0.04649938001937855
Paulding,2024,Petroleum,commercial,PJ,0.41074121862030877
Paulding,2024,Petroleum,industrial,PJ,1.473736717010954
Paulding,2024,Petroleum,residential,PJ,0.1475231162472214
Paulding,2024,Petroleum,transport,PJ,16.396717571612445
Paulding,2024,Renewables,commercial,PJ,0.005817662688475808
Paulding,2024,Renewables,industrial,PJ,1.0674610437570289e-4
Paulding,2024,Renewables,residential,PJ,0.024515275910680506
Paulding,2024,agricultural,Water Losses,MGD,0
Paulding,2024,agricultural,wastewater,MGD,0
Paulding,2024,commercial,Water Losses,MGD,1.0011659083585231
Paulding,2024,commercial,energy_services,PJ,2.2843627717245027
Paulding,2024,commercial,rejected_energy,PJ,1.2300414924670398
Paulding,2024,commercial,wastewater,MGD,1.0191780821917809
Paulding,2024,distribute_groundwater,industrial,PJ,6.120072214455047e-9
Paulding,2024,distribute_groundwater,publicWatSup,PJ,4.09968e-5
Paulding,2024,distribute_groundwater,residential,PJ,2.3972738864256002e-4
Paulding,2024,distribute_surfaceWater,industrial,PJ,1.1365848398273661e-8
Paulding,2024,distribute_surfaceWater,publicWatSup,PJ,0.020514027239484478
Paulding,2024,elec_import,electricity,PJ,5.667343354250285
Paulding,2024,electricity,Energy Losses,PJ,0.3207930200519029
Paulding,2024,electricity,commercial,PJ,2.067016043943991
Paulding,2024,electricity,distribute_groundwater,PJ,2.807303087147745e-4
Paulding,2024,electricity,distribute_surfaceWater,PJ,0.020514038605332876
Paulding,2024,electricity,en4water,PJ,0.05117907293013447
Paulding,2024,electricity,en_wwdist,PJ,0.006497259861381121
Paulding,2024,electricity,en_wwtreat,PJ,0.012836600661381122
Paulding,2024,electricity,extract_groundwater,PJ,1.9254001186895113e-4
Paulding,2024,electricity,extract_surfaceWater,PJ,0.0028139271848726054
Paulding,2024,electricity,government,PJ,0.015690888130323936
Paulding,2024,electricity,industrial,PJ,1.4360229034923375
Paulding,2024,electricity,residential,PJ,1.767433739454773
Paulding,2024,electricity,transport,PJ,0.009207686246822479
Paulding,2024,electricity,treat_groundwater,PJ,5.5336262775508425e-5
Paulding,2024,electricity,treat_surfaceWater,PJ,0.007988640033807514
Paulding,2024,en4water,energy_services,PJ,0.03326639740458741
Paulding,2024,en4water,rejected_energy,PJ,0.017912675525547064
Paulding,2024,en_wwdist,in-county treatment,PJ,0.006339340800000001
Paulding,2024,en_wwdist,ww_exports,PJ,1.5791906138111998e-4
Paulding,2024,en_wwtreat,in-county treatment,PJ,0.012678681600000002
Paulding,2024,en_wwtreat,ww_exports,PJ,1.5791906138111998e-4
Paulding,2024,extract_groundwater,agricultural,PJ,0
Paulding,2024,extract_groundwater,industrial,PJ,4.19747615497848e-9
Paulding,2024,extract_groundwater,publicWatSup,PJ,2.811782024793388e-5
Paulding,2024,extract_groundwater,residential,PJ,1.6441799414486225e-4
Paulding,2024,extract_surfaceWater,industrial,PJ,1.5590625718491495e-9
Paulding,2024,extract_surfaceWater,publicWatSup,PJ,0.0028139256258100337
Paulding,2024,government,energy_services,PJ,0.01019907728471056
Paulding,2024,government,rejected_energy,PJ,0.005491810845613377
Paulding,2024,groundwater,agricultural,MGD,0
Paulding,2024,groundwater,industrial,MGD,4.478451157984316e-6
Paulding,2024,groundwater,publicWatSup,MGD,0.03
Paulding,2024,groundwater,residential,MGD,0.175423976
Paulding,2024,industrial,Disposal,MGD,1.2795574737098048e-5
Paulding,2024,industrial,energy_services,PJ,4.396765943826748
Paulding,2024,industrial,rejected_energy,PJ,4.576225778268656
Paulding,2024,industrial,wastewater,MGD,0
Paulding,2024,publicWatSup,Water Losses,MGD,3.65213981
Paulding,2024,publicWatSup,agricultural,MGD,0
Paulding,2024,publicWatSup,commercial,MGD,2.020343990550304
Paulding,2024,publicWatSup,industrial,MGD,0
Paulding,2024,publicWatSup,residential,MGD,9.368951657449696
Paulding,2024,residential,Water Losses,MGD,1.963553715641476
Paulding,2024,residential,energy_services,PJ,2.8810502962592315
Paulding,2024,residential,rejected_energy,PJ,1.5513347749088169
Paulding,2024,residential,septic,MGD,4.734246575342466
Paulding,2024,residential,wastewater,MGD,2.8465753424657536
Paulding,2024,subsurface,wastewater,MGD,0.7731506849315068
Paulding,2024,transport,energy_services,PJ,11.26066621852047
Paulding,2024,transport,rejected_energy,PJ,6.063435656126407
Paulding,2024,treat_groundwater,industrial,PJ,1.2063603884262352e-9
Paulding,2024,treat_groundwater,publicWatSup,PJ,8.0811e-6
Paulding,2024,treat_groundwater,residential,PJ,4.7253956415120004e-5
Paulding,2024,treat_surfaceWater,industrial,PJ,4.426123655096954e-9
Paulding,2024,treat_surfaceWater,publicWatSup,PJ,0.007988635607683859
Paulding,2024,wastewater,COBB NORTHWEST WRF,MGD,0.64
Paulding,2024,wastewater,COBB SOUTH COBB WRF,MGD,0.185954948
Paulding,2024,wastewater,Dallas North WPCP,MGD,0.4068695751695623
Paulding,2024,wastewater,Dallas Pumpkinvine Ck WPCP,MGD,0
Paulding,2024,wastewater,Dallas West WPCP,MGD,0.4882434902034748
Paulding,2024,wastewater,Paulding Coppermine LAS,MGD,0.9881118254117942
Paulding,2024,wastewater,Paulding Coppermine WRF,MGD,0.6161167852567658
Paulding,2024,wastewater,Paulding Pumpkinvine LAS,MGD,0.6626161652761443
Paulding,2024,wastewater,Paulding Pumpkinvine WRF,MGD,0.6044919402519211
Paulding,2024,wastewater,Paulding Upper Sweetwater,MGD,0.04649938001937855
Paulding,2024,ww_imports,Paulding Pumpkinvine WRF,MGD,0.057779776
Rockdale,2020,Basins,industrial,MGD,0
Rockdale,2020,Big Haynes Creek (Randy Poynter Lake),publicWatSup,MGD,13.123905758
Rockdale,2020,Biomass,commercial,PJ,0.008235948406896633
Rockdale,2020,Biomass,industrial,PJ,1.670489593520402
Rockdale,2020,Biomass,residential,PJ,0.041372987751293035
Rockdale,2020,Biomass,transport,PJ,0.33184890664749317
Rockdale,2020,Coal,industrial,PJ,0.06349502123752712
Rockdale,2020,Natural Gas,commercial,PJ,0.47709606827258416
Rockdale,2020,Natural Gas,industrial,PJ,1.4495177174368168
Rockdale,2020,Natural Gas,residential,PJ,1.132373889620855
Rockdale,2020,Natural Gas,transport,PJ,0.07088436936125672
Rockdale,2020,Petroleum,commercial,PJ,0.21273592767668867
Rockdale,2020,Petroleum,industrial,PJ,0.6825714783034166
Rockdale,2020,Petroleum,residential,PJ,0.07899148729028012
Rockdale,2020,Petroleum,transport,PJ,7.516715455461289
Rockdale,2020,ROCKDALE ALMAND BRANCH,Almand Creek to South River_ds,MGD,0.8083960153011016
Rockdale,2020,ROCKDALE HONEY CREEK,McClains Branch_ds,MGD,0.1908712813905379
Rockdale,2020,ROCKDALE QUIGG BRANCH,Yellow River_ds,MGD,5.018791928327673
Rockdale,2020,ROCKDALE SCOTT CREEK,Scott Creek to South River_ds,MGD,0.11227722434737525
Rockdale,2020,ROCKDALE SNAPPING SHOALS,Snapping Shoals Creek_ds,MGD,0.2919207833031756
Rockdale,2020,Renewables,Small-scale generation,PJ,0.00592504036
Rockdale,2020,Renewables,commercial,PJ,0.0016471896813793267
Rockdale,2020,Renewables,industrial,PJ,5.5213061945675756e-5
Rockdale,2020,Renewables,residential,PJ,0.0067841860423271715
Rockdale,2020,Small-scale generation,electricity,PJ,0.0059256
Rockdale,2020,agricultural,Water Losses,MGD,0
Rockdale,2020,agricultural,wastewater,MGD,0
Rockdale,2020,commercial,Water Losses,MGD,0.20300939716983923
Rockdale,2020,commercial,energy_services,PJ,1.076838552259906
Rockdale,2020,commercial,rejected_energy,PJ,0.5798361435245648
Rockdale,2020,commercial,wastewater,MGD,1.6346171352618195
Rockdale,2020,distribute_groundwater,industrial,PJ,0
Rockdale,2020,distribute_groundwater,publicWatSup,PJ,1.093248e-4
Rockdale,2020,distribute_groundwater,residential,PJ,5.9740103350512e-4
Rockdale,2020,distribute_surfaceWater,industrial,PJ,0
Rockdale,2020,distribute_surfaceWater,publicWatSup,PJ,0.017934604652652477
Rockdale,2020,elec_import,electricity,PJ,2.743135136830107
Rockdale,2020,electricity,Energy Losses,PJ,0.1556072115186853
Rockdale,2020,electricity,commercial,PJ,0.9569595617469221
Rockdale,2020,electricity,distribute_groundwater,PJ,7.0672583350512e-4
Rockdale,2020,electricity,distribute_surfaceWater,PJ,0.017934604652652477
Rockdale,2020,electricity,en4water,PJ,0.055817739589927806
Rockdale,2020,electricity,en_wwdist,PJ,0.009036046243877327
Rockdale,2020,electricity,en_wwtreat,PJ,0.018072092487754654
Rockdale,2020,electricity,extract_groundwater,PJ,4.847107567192615e-4
Rockdale,2020,electricity,extract_surfaceWater,PJ,0.0024601041536951233
Rockdale,2020,electricity,government,PJ,0.010334629164489557
Rockdale,2020,electricity,industrial,PJ,0.6920858925737415
Rockdale,2020,electricity,residential,PJ,0.8738404680597803
Rockdale,2020,electricity,transport,PJ,0.004415234176560865
Rockdale,2020,electricity,treat_groundwater,PJ,1.3930653448899e-4
Rockdale,2020,electricity,treat_surfaceWater,PJ,0.006984148927234859
Rockdale,2020,en4water,energy_services,PJ,0.036281530733453075
Rockdale,2020,en4water,rejected_energy,PJ,0.01953620885647473
Rockdale,2020,en_wwdist,in-county treatment,PJ,0.009036046243877327
Rockdale,2020,en_wwtreat,in-county treatment,PJ,0.018072092487754654
Rockdale,2020,extract_groundwater,agricultural,PJ,0
Rockdale,2020,extract_groundwater,industrial,PJ,0
Rockdale,2020,extract_groundwater,publicWatSup,PJ,7.498085399449038e-5
Rockdale,2020,extract_groundwater,residential,PJ,4.097299027247711e-4
Rockdale,2020,extract_surfaceWater,industrial,PJ,0
Rockdale,2020,extract_surfaceWater,publicWatSup,PJ,0.0024601041536951233
Rockdale,2020,government,energy_services,PJ,0.006717508956918212
Rockdale,2020,government,rejected_energy,PJ,0.003617120207571345
Rockdale,2020,groundwater,agricultural,MGD,0
Rockdale,2020,groundwater,industrial,MGD,0
Rockdale,2020,groundwater,publicWatSup,MGD,0.08
Rockdale,2020,groundwater,residential,MGD,0.437156827
Rockdale,2020,industrial,Disposal,MGD,0.025915545676044982
Rockdale,2020,industrial,energy_services,PJ,2.2335253089055866
Rockdale,2020,industrial,rejected_energy,PJ,2.3246896072282635
Rockdale,2020,industrial,wastewater,MGD,0.2622755062332097
Rockdale,2020,publicWatSup,Water Losses,MGD,3.994202686
Rockdale,2020,publicWatSup,agricultural,MGD,0
Rockdale,2020,publicWatSup,commercial,MGD,1.8376265324316587
Rockdale,2020,publicWatSup,industrial,MGD,0.2881910519092547
Rockdale,2020,publicWatSup,residential,MGD,7.083885487659086
Rockdale,2020,residential,Water Losses,MGD,1.6722071011815132
Rockdale,2020,residential,energy_services,PJ,1.3866859621969485
Rockdale,2020,residential,rejected_energy,PJ,0.7466770565675875
Rockdale,2020,residential,septic,MGD,2.6593761375342466
Rockdale,2020,residential,wastewater,MGD,3.1894590759433266
Rockdale,2020,subsurface,wastewater,MGD,1.5259055152315066
Rockdale,2020,transport,energy_services,PJ,5.150511577670289
Rockdale,2020,transport,rejected_energy,PJ,2.7733523879763093
Rockdale,2020,treat_groundwater,industrial,PJ,0
Rockdale,2020,treat_groundwater,publicWatSup,PJ,2.1549599999999998e-5
Rockdale,2020,treat_groundwater,residential,PJ,1.1775693448899e-4
Rockdale,2020,treat_surfaceWater,industrial,PJ,0
Rockdale,2020,treat_surfaceWater,publicWatSup,PJ,0.006984148927234859
Rockdale,2020,wastewater,Pole Bridge Creek,MGD,0.19
Rockdale,2020,wastewater,ROCKDALE ALMAND BRANCH,MGD,0.8083960153011016
Rockdale,2020,wastewater,ROCKDALE HONEY CREEK,MGD,0.1908712813905379
Rockdale,2020,wastewater,ROCKDALE QUIGG BRANCH,MGD,5.018791928327673
Rockdale,2020,wastewater,ROCKDALE SCOTT CREEK,MGD,0.11227722434737525
Rockdale,2020,wastewater,ROCKDALE SNAPPING SHOALS,MGD,0.2919207833031756
Rockdale,2021,Basins,industrial,MGD,0
Rockdale,2021,Big Haynes Creek (Randy Poynter Lake),publicWatSup,MGD,13.309690677
Rockdale,2021,Biomass,commercial,PJ,0.008215464264931811
Rockdale,2021,Biomass,industrial,PJ,1.6670875162137722
Rockdale,2021,Biomass,residential,PJ,0.042674517729237985
Rockdale,2021,Biomass,transport,PJ,0.3444069488494319
Rockdale,2021,Coal,industrial,PJ,0.06662328450824032
Rockdale,2021,Natural Gas,commercial,PJ,0.500381439117277
Rockdale,2021,Natural Gas,industrial,PJ,1.5271492450194868
Rockdale,2021,Natural Gas,residential,PJ,1.1940603603473294
Rockdale,2021,Natural Gas,transport,PJ,0.07437060499941624
Rockdale,2021,Petroleum,commercial,PJ,0.22666420010498461
Rockdale,2021,Petroleum,industrial,PJ,0.7499296083982113
Rockdale,2021,Petroleum,residential,PJ,0.07249802990439268
Rockdale,2021,Petroleum,transport,PJ,7.8277586066548
Rockdale,2021,ROCKDALE ALMAND BRANCH,Almand Creek to South River_ds,MGD,0.820627903561874
Rockdale,2021,ROCKDALE HONEY CREEK,McClains Branch_ds,MGD,0.19375936611877584
Rockdale,2021,ROCKDALE QUIGG BRANCH,Yellow River_ds,MGD,5.094731567946635
Rockdale,2021,ROCKDALE SCOTT CREEK,Scott Creek to South River_ds,MGD,0.11397609771692696
Rockdale,2021,ROCKDALE SNAPPING SHOALS,Snapping Shoals Creek_ds,MGD,0.2963378540640101
Rockdale,2021,Renewables,commercial,PJ,0.002019443729927373
Rockdale,2021,Renewables,industrial,PJ,5.5075738088928345e-5
Rockdale,2021,Renewables,residential,PJ,0.007644523056272111
Rockdale,2021,agricultural,Water Losses,MGD,0
Rockdale,2021,agricultural,wastewater,MGD,0
Rockdale,2021,commercial,Water Losses,MGD,0.2067105823372073
Rockdale,2021,commercial,energy_services,PJ,1.1174037178993002
Rockdale,2021,commercial,rejected_energy,PJ,0.6016789250227
Rockdale,2021,commercial,wastewater,MGD,1.6567721872639731
Rockdale,2021,distribute_groundwater,industrial,PJ,0
Rockdale,2021,distribute_groundwater,publicWatSup,PJ,1.093248e-4
Rockdale,2021,distribute_groundwater,residential,PJ,6.0580673586576e-4
Rockdale,2021,distribute_surfaceWater,industrial,PJ,0
Rockdale,2021,distribute_surfaceWater,publicWatSup,PJ,0.018188490891561125
Rockdale,2021,elec_import,electricity,PJ,2.8139294638034085
Rockdale,2021,electricity,Energy Losses,PJ,0.15927902625302312
Rockdale,2021,electricity,commercial,PJ,0.9818020957048793
Rockdale,2021,electricity,distribute_groundwater,PJ,7.1513153586576e-4
Rockdale,2021,electricity,distribute_surfaceWater,PJ,0.018188490891561125
Rockdale,2021,electricity,en4water,PJ,0.05661953713574696
Rockdale,2021,electricity,en_wwdist,PJ,0.0091688424726937
Rockdale,2021,electricity,en_wwtreat,PJ,0.0183376849453874
Rockdale,2021,electricity,extract_groundwater,PJ,4.904758415071988e-4
Rockdale,2021,electricity,extract_surfaceWater,PJ,0.0024949299334099165
Rockdale,2021,electricity,government,PJ,0.009892803264066361
Rockdale,2021,electricity,industrial,PJ,0.7289637383736562
Rockdale,2021,electricity,residential,PJ,0.8728937755139982
Rockdale,2021,electricity,transport,PJ,0.004478487558038039
Rockdale,2021,electricity,treat_groundwater,PJ,1.4096342774277e-4
Rockdale,2021,electricity,treat_surfaceWater,PJ,0.007083018087579091
Rockdale,2021,en4water,energy_services,PJ,0.03680269913823552
Rockdale,2021,en4water,rejected_energy,PJ,0.019816837997511435
Rockdale,2021,en_wwdist,in-county treatment,PJ,0.0091688424726937
Rockdale,2021,en_wwtreat,in-county treatment,PJ,0.0183376849453874
Rockdale,2021,extract_groundwater,agricultural,PJ,0
Rockdale,2021,extract_groundwater,industrial,PJ,0
Rockdale,2021,extract_groundwater,publicWatSup,PJ,7.498085399449038e-5
Rockdale,2021,extract_groundwater,residential,PJ,4.1549498751270846e-4
Rockdale,2021,extract_surfaceWater,industrial,PJ,0
Rockdale,2021,extract_surfaceWater,publicWatSup,PJ,0.0024949299334099165
Rockdale,2021,government,energy_services,PJ,0.006430322121643135
Rockdale,2021,government,rejected_energy,PJ,0.0034624811424232263
Rockdale,2021,groundwater,agricultural,MGD,0
Rockdale,2021,groundwater,industrial,MGD,0
Rockdale,2021,groundwater,publicWatSup,MGD,0.08
Rockdale,2021,groundwater,residential,MGD,0.443307821
Rockdale,2021,industrial,Disposal,MGD,0.02631320961105721
Rockdale,2021,industrial,energy_services,PJ,2.322506149443213
Rockdale,2021,industrial,rejected_energy,PJ,2.4173023188082423
Rockdale,2021,industrial,wastewater,MGD,0.26593281980134265
Rockdale,2021,publicWatSup,Water Losses,MGD,4.050402922
Rockdale,2021,publicWatSup,agricultural,MGD,0
Rockdale,2021,publicWatSup,commercial,MGD,1.8634827696011804
Rockdale,2021,publicWatSup,industrial,MGD,0.29224602941239985
Rockdale,2021,publicWatSup,residential,MGD,7.1835589559864195
Rockdale,2021,residential,Water Losses,MGD,1.7006926586270765
Rockdale,2021,residential,energy_services,PJ,1.4233512842582996
Rockdale,2021,residential,rejected_energy,PJ,0.7664199222929305
Rockdale,2021,residential,septic,MGD,2.6877769797260274
Rockdale,2021,residential,wastewater,MGD,3.2383971386333155
Rockdale,2021,subsurface,wastewater,MGD,1.5483306437095894
Rockdale,2021,transport,energy_services,PJ,5.363159521240095
Rockdale,2021,transport,rejected_energy,PJ,2.8878551268215897
Rockdale,2021,treat_groundwater,industrial,PJ,0
Rockdale,2021,treat_groundwater,publicWatSup,PJ,2.1549599999999998e-5
Rockdale,2021,treat_groundwater,residential,PJ,1.1941382774276999e-4
Rockdale,2021,treat_surfaceWater,industrial,PJ,0
Rockdale,2021,treat_surfaceWater,publicWatSup,PJ,0.007083018087579091
Rockdale,2021,wastewater,Pole Bridge Creek,MGD,0.19
Rockdale,2021,wastewater,ROCKDALE ALMAND BRANCH,MGD,0.820627903561874
Rockdale,2021,wastewater,ROCKDALE HONEY CREEK,MGD,0.19375936611877584
Rockdale,2021,wastewater,ROCKDALE QUIGG BRANCH,MGD,5.094731567946635
Rockdale,2021,wastewater,ROCKDALE SCOTT CREEK,MGD,0.11397609771692696
Rockdale,2021,wastewater,ROCKDALE SNAPPING SHOALS,MGD,0.2963378540640101
Rockdale,2022,Basins,industrial,MGD,0
Rockdale,2022,Big Haynes Creek (Randy Poynter Lake),publicWatSup,MGD,13.487712843
Rockdale,2022,Biomass,commercial,PJ,0.008206923065312635
Rockdale,2022,Biomass,industrial,PJ,1.7312848071768572
Rockdale,2022,Biomass,residential,PJ,0.053707204908978894
Rockdale,2022,Biomass,transport,PJ,0.3379876840942552
Rockdale,2022,Coal,industrial,PJ,0.059777577053377745
Rockdale,2022,Natural Gas,commercial,PJ,0.5261233718384111
Rockdale,2022,Natural Gas,industrial,PJ,1.4556789081254193
Rockdale,2022,Natural Gas,residential,PJ,1.2668554893981372
Rockdale,2022,Natural Gas,transport,PJ,0.09244938362511955
Rockdale,2022,Petroleum,commercial,PJ,0.2350206013005172
Rockdale,2022,Petroleum,industrial,PJ,0.7655729606702646
Rockdale,2022,Petroleum,residential,PJ,0.0700110140823039
Rockdale,2022,Petroleum,transport,PJ,7.941073776475158
Rockdale,2022,ROCKDALE ALMAND BRANCH,Almand Creek to South River_ds,MGD,0.8322956915858836
Rockdale,2022,ROCKDALE HONEY CREEK,McClains Branch_ds,MGD,0.19651426051333365
Rockdale,2022,ROCKDALE QUIGG BRANCH,Yellow River_ds,MGD,5.167169085262361
Rockdale,2022,ROCKDALE SCOTT CREEK,Scott Creek to South River_ds,MGD,0.11559662383137274
Rockdale,2022,ROCKDALE SNAPPING SHOALS,Snapping Shoals Creek_ds,MGD,0.30055122196156914
Rockdale,2022,Renewables,commercial,PJ,0.002081532442263652
Rockdale,2022,Renewables,industrial,PJ,5.501847865014059e-5
Rockdale,2022,Renewables,residential,PJ,0.00946950982745686
Rockdale,2022,agricultural,Water Losses,MGD,0
Rockdale,2022,agricultural,wastewater,MGD,0
Rockdale,2022,commercial,Water Losses,MGD,0.21021935090580568
Rockdale,2022,commercial,energy_services,PJ,1.163953961165169
Rockdale,2022,commercial,rejected_energy,PJ,0.6267444406273986
Rockdale,2022,commercial,wastewater,MGD,1.678039288756887
Rockdale,2022,distribute_groundwater,industrial,PJ,0
Rockdale,2022,distribute_groundwater,publicWatSup,PJ,1.093248e-4
Rockdale,2022,distribute_groundwater,residential,PJ,6.138612186408001e-4
Rockdale,2022,distribute_surfaceWater,industrial,PJ,0
Rockdale,2022,distribute_surfaceWater,publicWatSup,PJ,0.018431768862730083
Rockdale,2022,elec_import,electricity,PJ,2.911794241495377
Rockdale,2022,electricity,Energy Losses,PJ,0.16481854197143644
Rockdale,2022,electricity,commercial,PJ,1.0192659731460632
Rockdale,2022,electricity,distribute_groundwater,PJ,7.231860186408002e-4
Rockdale,2022,electricity,distribute_surfaceWater,PJ,0.018431768862730083
Rockdale,2022,electricity,en4water,PJ,0.05738610626500453
Rockdale,2022,electricity,en_wwdist,PJ,0.009295514513443641
Rockdale,2022,electricity,en_wwtreat,PJ,0.018591029026887283
Rockdale,2022,electricity,extract_groundwater,PJ,4.96000040929072e-4
Rockdale,2022,electricity,extract_surfaceWater,PJ,0.0025283005685014888
Rockdale,2022,electricity,government,PJ,0.009429124236299494
Rockdale,2022,electricity,industrial,PJ,0.7463050531235053
Rockdale,2022,electricity,residential,PJ,0.9100933326777784
Rockdale,2022,electricity,transport,PJ,0.0044961100752894875
Rockdale,2022,electricity,treat_groundwater,PJ,1.4255109021285e-4
Rockdale,2022,electricity,treat_surfaceWater,PJ,0.0071777561436593106
Rockdale,2022,en4water,energy_services,PJ,0.03730096907225294
Rockdale,2022,en4water,rejected_energy,PJ,0.02008513719275158
Rockdale,2022,en_wwdist,in-county treatment,PJ,0.009295514513443641
Rockdale,2022,en_wwtreat,in-county treatment,PJ,0.018591029026887283
Rockdale,2022,extract_groundwater,agricultural,PJ,0
Rockdale,2022,extract_groundwater,industrial,PJ,0
Rockdale,2022,extract_groundwater,publicWatSup,PJ,7.498085399449038e-5
Rockdale,2022,extract_groundwater,residential,PJ,4.210191869345817e-4
Rockdale,2022,extract_surfaceWater,industrial,PJ,0
Rockdale,2022,extract_surfaceWater,publicWatSup,PJ,0.0025283005685014888
Rockdale,2022,government,energy_services,PJ,0.006128930753594672
Rockdale,2022,government,rejected_energy,PJ,0.003300193482704823
Rockdale,2022,groundwater,agricultural,MGD,0
Rockdale,2022,groundwater,industrial,MGD,0
Rockdale,2022,groundwater,publicWatSup,MGD,0.08
Rockdale,2022,groundwater,residential,MGD,0.449201805
Rockdale,2022,industrial,Disposal,MGD,0.026690860112665193
Rockdale,2022,industrial,energy_services,PJ,2.331750419067756
Rockdale,2022,industrial,rejected_energy,PJ,2.4269239055603173
Rockdale,2022,industrial,wastewater,MGD,0.26944071611736087
Rockdale,2022,publicWatSup,Water Losses,MGD,4.104254913
Rockdale,2022,publicWatSup,agricultural,MGD,0
Rockdale,2022,publicWatSup,commercial,MGD,1.8882586396626926
Rockdale,2022,publicWatSup,industrial,MGD,0.29613157623002606
Rockdale,2022,publicWatSup,residential,MGD,7.279067714107282
Rockdale,2022,residential,Water Losses,MGD,1.7286052325349548
Rockdale,2022,residential,energy_services,PJ,1.5015887580815261
Rockdale,2022,residential,rejected_energy,PJ,0.8085477928131294
Rockdale,2022,residential,septic,MGD,2.7147389967123288
Rockdale,2022,residential,wastewater,MGD,3.2849252898599985
Rockdale,2022,subsurface,wastewater,MGD,1.5697215884202738
Rockdale,2022,transport,energy_services,PJ,5.444404520275384
Rockdale,2022,transport,rejected_energy,PJ,2.9316024339944375
Rockdale,2022,treat_groundwater,industrial,PJ,0
Rockdale,2022,treat_groundwater,publicWatSup,PJ,2.1549599999999998e-5
Rockdale,2022,treat_groundwater,residential,PJ,1.2100149021285e-4
Rockdale,2022,treat_surfaceWater,industrial,PJ,0
Rockdale,2022,treat_surfaceWater,publicWatSup,PJ,0.0071777561436593106
Rockdale,2022,wastewater,Pole Bridge Creek,MGD,0.19
Rockdale,2022,wastewater,ROCKDALE ALMAND BRANCH,MGD,0.8322956915858836
Rockdale,2022,wastewater,ROCKDALE HONEY CREEK,MGD,0.19651426051333365
Rockdale,2022,wastewater,ROCKDALE QUIGG BRANCH,MGD,5.167169085262361
Rockdale,2022,wastewater,ROCKDALE SCOTT CREEK,MGD,0.11559662383137274
Rockdale,2022,wastewater,ROCKDALE SNAPPING SHOALS,MGD,0.30055122196156914
Rockdale,2023,Basins,industrial,MGD,0
Rockdale,2023,Big Haynes Creek (Randy Poynter Lake),publicWatSup,MGD,13.662084798
Rockdale,2023,Biomass,commercial,PJ,0.008214965863136942
Rockdale,2023,Biomass,industrial,PJ,1.6591018487053832
Rockdale,2023,Biomass,residential,PJ,0.04570091065090372
Rockdale,2023,Biomass,transport,PJ,0.3729410927208012
Rockdale,2023,Coal,industrial,PJ,0.04021202843173513
Rockdale,2023,Natural Gas,commercial,PJ,0.4835264655912748
Rockdale,2023,Natural Gas,industrial,PJ,1.4743798509449015
Rockdale,2023,Natural Gas,residential,PJ,1.1491589900927583
Rockdale,2023,Natural Gas,transport,PJ,0.11654237046284889
Rockdale,2023,Petroleum,commercial,PJ,0.22386929318649165
Rockdale,2023,Petroleum,industrial,PJ,0.7786686190316864
Rockdale,2023,Petroleum,residential,PJ,0.06437045318232332
Rockdale,2023,Petroleum,transport,PJ,8.579976530711653
Rockdale,2023,ROCKDALE ALMAND BRANCH,Almand Creek to South River_ds,MGD,0.843678514859109
Rockdale,2023,ROCKDALE HONEY CREEK,McClains Branch_ds,MGD,0.19920187156395633
Rockdale,2023,ROCKDALE QUIGG BRANCH,Yellow River_ds,MGD,5.237837446416969
Rockdale,2023,ROCKDALE SCOTT CREEK,Scott Creek to South River_ds,MGD,0.11717757150820961
Rockdale,2023,ROCKDALE SNAPPING SHOALS,Snapping Shoals Creek_ds,MGD,0.30466168592134496
Rockdale,2023,Renewables,commercial,PJ,0.0024966153237689923
Rockdale,2023,Renewables,industrial,PJ,5.5072396847845415e-5
Rockdale,2023,Renewables,residential,PJ,0.011711005209967797
Rockdale,2023,agricultural,Water Losses,MGD,0
Rockdale,2023,agricultural,wastewater,MGD,0
Rockdale,2023,commercial,Water Losses,MGD,0.2136485032849047
Rockdale,2023,commercial,energy_services,PJ,1.1306032937769168
Rockdale,2023,commercial,rejected_energy,PJ,0.6087863889568013
Rockdale,2023,commercial,wastewater,MGD,1.6988779958208795
Rockdale,2023,distribute_groundwater,industrial,PJ,0
Rockdale,2023,distribute_groundwater,publicWatSup,PJ,1.093248e-4
Rockdale,2023,distribute_groundwater,residential,PJ,6.217505499067201e-4
Rockdale,2023,distribute_surfaceWater,industrial,PJ,0
Rockdale,2023,distribute_surfaceWater,publicWatSup,PJ,0.01867005860155488
Rockdale,2023,elec_import,electricity,PJ,2.85474423215345
Rockdale,2023,electricity,Energy Losses,PJ,0.16158929615962925
Rockdale,2023,electricity,commercial,PJ,1.0212823427690456
Rockdale,2023,electricity,distribute_groundwater,PJ,7.310753499067201e-4
Rockdale,2023,electricity,distribute_surfaceWater,PJ,0.01867005860155488
Rockdale,2023,electricity,en4water,PJ,0.05813546820330119
Rockdale,2023,electricity,en_wwdist,PJ,0.009419092817278808
Rockdale,2023,electricity,en_wwtreat,PJ,0.018838185634557615
Rockdale,2023,electricity,extract_groundwater,PJ,5.014109705238585e-4
Rockdale,2023,electricity,extract_surfaceWater,PJ,0.002560986963747961
Rockdale,2023,electricity,government,PJ,0.008772046212837677
Rockdale,2023,electricity,industrial,PJ,0.735286593856639
Rockdale,2023,electricity,residential,PJ,0.8651644380984039
Rockdale,2023,electricity,transport,PJ,0.004514046853593568
Rockdale,2023,electricity,treat_groundwater,PJ,1.4410619877969002e-4
Rockdale,2023,electricity,treat_surfaceWater,PJ,0.00727055166695166
Rockdale,2023,en4water,energy_services,PJ,0.03778805433214578
Rockdale,2023,en4water,rejected_energy,PJ,0.020347413871155417
Rockdale,2023,en_wwdist,in-county treatment,PJ,0.009419092817278808
Rockdale,2023,en_wwtreat,in-county treatment,PJ,0.018838185634557615
Rockdale,2023,extract_groundwater,agricultural,PJ,0
Rockdale,2023,extract_groundwater,industrial,PJ,0
Rockdale,2023,extract_groundwater,publicWatSup,PJ,7.498085399449038e-5
Rockdale,2023,extract_groundwater,residential,PJ,4.264301165293681e-4
Rockdale,2023,extract_surfaceWater,industrial,PJ,0
Rockdale,2023,extract_surfaceWater,publicWatSup,PJ,0.002560986963747961
Rockdale,2023,government,energy_services,PJ,0.0057018300383444905
Rockdale,2023,government,rejected_energy,PJ,0.0030702161744931866
Rockdale,2023,groundwater,agricultural,MGD,0
Rockdale,2023,groundwater,industrial,MGD,0
Rockdale,2023,groundwater,publicWatSup,MGD,0.08
Rockdale,2023,groundwater,residential,MGD,0.454974937
Rockdale,2023,industrial,Disposal,MGD,0.027057845896980515
Rockdale,2023,industrial,energy_services,PJ,2.296974966549925
Rockdale,2023,industrial,rejected_energy,PJ,2.3907290468172686
Rockdale,2023,industrial,wastewater,MGD,0.2728796077778734
Rockdale,2023,publicWatSup,Water Losses,MGD,4.157002709
Rockdale,2023,publicWatSup,agricultural,MGD,0
Rockdale,2023,publicWatSup,commercial,MGD,1.9125264991057842
Rockdale,2023,publicWatSup,industrial,MGD,0.2999374536748539
Rockdale,2023,publicWatSup,residential,MGD,7.372618136219362
Rockdale,2023,residential,Water Losses,MGD,1.7564362897824983
Rockdale,2023,residential,energy_services,PJ,1.3884687682023322
Rockdale,2023,residential,rejected_energy,PJ,0.7476370290320249
Rockdale,2023,residential,septic,MGD,2.740947394520548
Rockdale,2023,residential,wastewater,MGD,3.3302093889163156
Rockdale,2023,subsurface,wastewater,MGD,1.5905900977545204
Rockdale,2023,transport,energy_services,PJ,5.898083126486783
Rockdale,2023,transport,rejected_energy,PJ,3.1758909142621135
Rockdale,2023,treat_groundwater,industrial,PJ,0
Rockdale,2023,treat_groundwater,publicWatSup,PJ,2.1549599999999998e-5
Rockdale,2023,treat_groundwater,residential,PJ,1.2255659877969e-4
Rockdale,2023,treat_surfaceWater,industrial,PJ,0
Rockdale,2023,treat_surfaceWater,publicWatSup,PJ,0.00727055166695166
Rockdale,2023,wastewater,Pole Bridge Creek,MGD,0.19
Rockdale,2023,wastewater,ROCKDALE ALMAND BRANCH,MGD,0.843678514859109
Rockdale,2023,wastewater,ROCKDALE HONEY CREEK,MGD,0.19920187156395633
Rockdale,2023,wastewater,ROCKDALE QUIGG BRANCH,MGD,5.237837446416969
Rockdale,2023,wastewater,ROCKDALE SCOTT CREEK,MGD,0.11717757150820961
Rockdale,2023,wastewater,ROCKDALE SNAPPING SHOALS,MGD,0.30466168592134496
Rockdale,2024,Basins,industrial,MGD,0
Rockdale,2024,Big Haynes Creek (Randy Poynter Lake),publicWatSup,MGD,13.832298795000002
Rockdale,2024,Biomass,commercial,PJ,0.0082431632158047
Rockdale,2024,Biomass,industrial,PJ,1.6117732697646823
Rockdale,2024,Biomass,residential,PJ,0.04298418181917378
Rockdale,2024,Biomass,transport,PJ,0.363205744598054
Rockdale,2024,Coal,industrial,PJ,0.04231183442838747
Rockdale,2024,Natural Gas,commercial,PJ,0.5254072500656927
Rockdale,2024,Natural Gas,industrial,PJ,1.4847364538589907
Rockdale,2024,Natural Gas,residential,PJ,1.247572819437794
Rockdale,2024,Natural Gas,transport,PJ,0.1121254402114038
Rockdale,2024,Petroleum,commercial,PJ,0.21263677001484146
Rockdale,2024,Petroleum,industrial,PJ,0.7629392940160872
Rockdale,2024,Petroleum,residential,PJ,0.07637129540274029
Rockdale,2024,Petroleum,transport,PJ,8.48842264963002
Rockdale,2024,ROCKDALE ALMAND BRANCH,Almand Creek to South River_ds,MGD,0.8547423123572411
Rockdale,2024,ROCKDALE HONEY CREEK,McClains Branch_ds,MGD,0.20181415708434863
Rockdale,2024,ROCKDALE QUIGG BRANCH,Yellow River_ds,MGD,5.306525189217872
Rockdale,2024,ROCKDALE SCOTT CREEK,Scott Creek to South River_ds,MGD,0.11871421004961684
Rockdale,2024,ROCKDALE SNAPPING SHOALS,Snapping Shoals Creek_ds,MGD,0.30865694612900374
Rockdale,2024,Renewables,commercial,PJ,0.003011747901193449
Rockdale,2024,Renewables,industrial,PJ,5.526142937969631e-5
Rockdale,2024,Renewables,residential,PJ,0.012932058707421012
Rockdale,2024,agricultural,Water Losses,MGD,0
Rockdale,2024,agricultural,wastewater,MGD,0
Rockdale,2024,commercial,Water Losses,MGD,0.21698413350355716
Rockdale,2024,commercial,energy_services,PJ,1.182592589449049
Rockdale,2024,commercial,rejected_energy,PJ,0.6367806250879494
Rockdale,2024,commercial,wastewater,MGD,1.7192315492398023
Rockdale,2024,distribute_groundwater,industrial,PJ,0
Rockdale,2024,distribute_groundwater,publicWatSup,PJ,1.093248e-4
Rockdale,2024,distribute_groundwater,residential,PJ,6.2945175778992e-4
Rockdale,2024,distribute_surfaceWater,industrial,PJ,0
Rockdale,2024,distribute_surfaceWater,publicWatSup,PJ,0.0189026662412952
Rockdale,2024,elec_import,electricity,PJ,2.9682417589044046
Rockdale,2024,electricity,Energy Losses,PJ,0.16801368446628703
Rockdale,2024,electricity,commercial,PJ,1.0700742833394659
Rockdale,2024,electricity,distribute_groundwater,PJ,7.3877655778992e-4
Rockdale,2024,electricity,distribute_surfaceWater,PJ,0.0189026662412952
Rockdale,2024,electricity,en4water,PJ,0.05886541108591901
Rockdale,2024,electricity,en_wwdist,PJ,0.00953920759864513
Rockdale,2024,electricity,en_wwtreat,PJ,0.01907841519729026
Rockdale,2024,electricity,extract_groundwater,PJ,5.066928749396125e-4
Rockdale,2024,electricity,extract_surfaceWater,PJ,0.0025928939408901503
Rockdale,2024,electricity,government,PJ,0.00812302155090146
Rockdale,2024,electricity,industrial,PJ,0.7434152162561831
Rockdale,2024,electricity,residential,PJ,0.9149834117825094
Rockdale,2024,electricity,transport,PJ,0.004766730423138505
Rockdale,2024,electricity,treat_groundwater,PJ,1.4562422533359002e-4
Rockdale,2024,electricity,treat_surfaceWater,PJ,0.00736113444973515
Rockdale,2024,en4water,energy_services,PJ,0.038262517205847356
Rockdale,2024,en4water,rejected_energy,PJ,0.02060289388007165
Rockdale,2024,en_wwdist,in-county treatment,PJ,0.00953920759864513
Rockdale,2024,en_wwtreat,in-county treatment,PJ,0.01907841519729026
Rockdale,2024,extract_groundwater,agricultural,PJ,0
Rockdale,2024,extract_groundwater,industrial,PJ,0
Rockdale,2024,extract_groundwater,publicWatSup,PJ,7.498085399449038e-5
Rockdale,2024,extract_groundwater,residential,PJ,4.3171202094512216e-4
Rockdale,2024,extract_surfaceWater,industrial,PJ,0
Rockdale,2024,extract_surfaceWater,publicWatSup,PJ,0.0025928939408901503
Rockdale,2024,government,energy_services,PJ,0.005279964008085948
Rockdale,2024,government,rejected_energy,PJ,0.0028430575428155104
Rockdale,2024,groundwater,agricultural,MGD,0
Rockdale,2024,groundwater,industrial,MGD,0
Rockdale,2024,groundwater,publicWatSup,MGD,0.08
Rockdale,2024,groundwater,residential,MGD,0.460610407
Rockdale,2024,industrial,Disposal,MGD,0.027413050532403394
Rockdale,2024,industrial,energy_services,PJ,2.2761633515793185
Rockdale,2024,industrial,rejected_energy,PJ,2.3690679781743924
Rockdale,2024,industrial,wastewater,MGD,0.276239527180629
Rockdale,2024,publicWatSup,Water Losses,MGD,4.208492717
Rockdale,2024,publicWatSup,agricultural,MGD,0
Rockdale,2024,publicWatSup,commercial,MGD,1.9362156827433594
Rockdale,2024,publicWatSup,industrial,MGD,0.3036525777130324
Rockdale,2024,publicWatSup,residential,MGD,7.463937817543608
Rockdale,2024,residential,Water Losses,MGD,1.7841214400243137
Rockdale,2024,residential,energy_services,PJ,1.4916484486472652
Rockdale,2024,residential,rejected_energy,PJ,0.8031953185023734
Rockdale,2024,residential,septic,MGD,2.7663187726027396
Rockdale,2024,residential,wastewater,MGD,3.374108011916555
Rockdale,2024,subsurface,wastewater,MGD,1.6108737265010957
Rockdale,2024,transport,energy_services,PJ,5.829538367160701
Rockdale,2024,transport,rejected_energy,PJ,3.1389821977019157
Rockdale,2024,treat_groundwater,industrial,PJ,0
Rockdale,2024,treat_groundwater,publicWatSup,PJ,2.1549599999999998e-5
Rockdale,2024,treat_groundwater,residential,PJ,1.2407462533359e-4
Rockdale,2024,treat_surfaceWater,industrial,PJ,0
Rockdale,2024,treat_surfaceWater,publicWatSup,PJ,0.00736113444973515
Rockdale,2024,wastewater,Pole Bridge Creek,MGD,0.19
Rockdale,2024,wastewater,ROCKDALE ALMAND BRANCH,MGD,0.8547423123572411
Rockdale,2024,wastewater,ROCKDALE HONEY CREEK,MGD,0.20181415708434863
Rockdale,2024,wastewater,ROCKDALE QUIGG BRANCH,MGD,5.306525189217872
Rockdale,2024,wastewater,ROCKDALE SCOTT CREEK,MGD,0.11871421004961684
Rockdale,2024,wastewater,ROCKDALE SNAPPING SHOALS,MGD,0.30865694612900374
