county,year,source,target,units,value
Bartow,2020,ADAIRSVILLE NORTH WPCP,Oothkalooga Creek_ds,MGD,0.8137355318647984
Bartow,2020,ADAIRSVILLE SOUTH WPCP,Oothkalooga Creek_ds,MGD,0.2758528149744613
Bartow,2020,Allatoona Lake,publicWatSup,MGD,19.456306932928836
Bartow,2020,BARTOW SOUTHEAST WPCP,Etowah River_ds,MGD,0.009333281395800372
Bartow,2020,BARTOW TWO RUN WPCP,Two Run Creek_ds,MGD,0.05862816992352777
Bartow,2020,Bolivar Springs,publicWatSup,MGD,0.6539935103505491
Bartow,2020,Bowen Plant,Discharge,MGD,16.9
Bartow,2020,Bowen Plant,Losses,MGD,8.8
Bartow,2020,CARTERSVILLE JAMES R. STAFFORD WPCP,Etowah River_ds,MGD,8.74306110161906
Bartow,2020,Coosa_Etowah Basin,Bowen Plant,MGD,25.7
Bartow,2020,Coosa_Etowah Basin,industrial,MGD,1.339056896237311
Bartow,2020,EMERSON HENRY JORDAN WWTP,Pumpkinvine Creek_ds,MGD,0.13729585879769277
Bartow,2020,Etowah River,publicWatSup,MGD,0
Bartow,2020,Lewis Spring,publicWatSup,MGD,2.6159740414021964
Bartow,2020,Moss Springs,publicWatSup,MGD,0.32699675517527454
Bartow,2020,agricultural,losses,MGD,0.43968857899999997
Bartow,2020,agricultural,wastewater,MGD,0
Bartow,2020,commercial,losses,MGD,0
Bartow,2020,commercial,wastewater,MGD,2.7318188797260277
Bartow,2020,groundwater,agricultural,MGD,0.408
Bartow,2020,groundwater,industrial,MGD,0.721030636435475
Bartow,2020,groundwater,publicWatSup,MGD,0.22
Bartow,2020,groundwater,residential,MGD,0.351756926
Bartow,2020,industrial,discharge,MGD,2.060087532672787
Bartow,2020,industrial,losses,MGD,3.2425446212739732
Bartow,2020,industrial,wastewater,MGD,4.176361539726027
Bartow,2020,publicWatSup,agricultural,MGD,0.031688579
Bartow,2020,publicWatSup,commercial,MGD,2.7318188797260277
Bartow,2020,publicWatSup,industrial,MGD,7.418906161000001
Bartow,2020,publicWatSup,losses,MGD,7.04288964
Bartow,2020,publicWatSup,residential,MGD,6.047967980130822
Bartow,2020,residential,losses,MGD,1.2312654346239729
Bartow,2020,residential,septic,MGD,3.621691805479453
Bartow,2020,residential,wastewater,MGD,1.546767666027396
Bartow,2020,subsurface,wastewater,MGD,1.6909896170958905
Bartow,2020,wastewater,ADAIRSVILLE NORTH WPCP,MGD,0.8137355318647984
Bartow,2020,wastewater,ADAIRSVILLE SOUTH WPCP,MGD,0.2758528149744613
Bartow,2020,wastewater,BARTOW SOUTHEAST WPCP,MGD,0.009333281395800372
Bartow,2020,wastewater,BARTOW TWO RUN WPCP,MGD,0.05862816992352777
Bartow,2020,wastewater,CARTERSVILLE JAMES R. STAFFORD WPCP,MGD,8.74306110161906
Bartow,2020,wastewater,COBB NORTHWEST WRF,MGD,0.108030944
Bartow,2020,wastewater,EMERSON HENRY JORDAN WWTP,MGD,0.13729585879769277
Bartow,2021,ADAIRSVILLE NORTH WPCP,Oothkalooga Creek_ds,MGD,0.8231750146364782
Bartow,2021,ADAIRSVILLE SOUTH WPCP,Oothkalooga Creek_ds,MGD,0.27905275868160595
Bartow,2021,Allatoona Lake,publicWatSup,MGD,19.6766837924792
Bartow,2021,BARTOW SOUTHEAST WPCP,Etowah River_ds,MGD,0.009441549187348075
Bartow,2021,BARTOW TWO RUN WPCP,Two Run Creek_ds,MGD,0.05930826754524524
Bartow,2021,Bolivar Springs,publicWatSup,MGD,0.6614011358816538
Bartow,2021,Bowen Plant,Discharge,MGD,21.4
Bartow,2021,Bowen Plant,Losses,MGD,7
Bartow,2021,CARTERSVILLE JAMES R. STAFFORD WPCP,Etowah River_ds,MGD,8.844482228519281
Bartow,2021,Coosa_Etowah Basin,Bowen Plant,MGD,28.4
Bartow,2021,Coosa_Etowah Basin,industrial,MGD,1.339056896237311
Bartow,2021,EMERSON HENRY JORDAN WWTP,Pumpkinvine Creek_ds,MGD,0.13888851616976772
Bartow,2021,Etowah River,publicWatSup,MGD,0
Bartow,2021,Lewis Spring,publicWatSup,MGD,2.6456045435266153
Bartow,2021,Moss Springs,publicWatSup,MGD,0.3307005679408269
Bartow,2021,agricultural,losses,MGD,0.44004447799999996
Bartow,2021,agricultural,wastewater,MGD,0
Bartow,2021,commercial,losses,MGD,0
Bartow,2021,commercial,wastewater,MGD,2.7622330805479454
Bartow,2021,groundwater,agricultural,MGD,0.408
Bartow,2021,groundwater,industrial,MGD,0.721030636435475
Bartow,2021,groundwater,publicWatSup,MGD,0.22
Bartow,2021,groundwater,residential,MGD,0.355707569
Bartow,2021,industrial,discharge,MGD,2.060087532672787
Bartow,2021,industrial,losses,MGD,3.2791138053972606
Bartow,2021,industrial,wastewater,MGD,4.22311537260274
Bartow,2021,publicWatSup,agricultural,MGD,0.032044478
Bartow,2021,publicWatSup,commercial,MGD,2.7622330805479454
Bartow,2021,publicWatSup,industrial,MGD,7.502229178
Bartow,2021,publicWatSup,losses,MGD,7.12198955
Bartow,2021,publicWatSup,residential,MGD,6.115893753280353
Bartow,2021,residential,losses,MGD,1.2493701694036403
Bartow,2021,residential,septic,MGD,3.653196290410959
Bartow,2021,residential,wastewater,MGD,1.5690348624657529
Bartow,2021,subsurface,wastewater,MGD,1.7108766631232877
Bartow,2021,wastewater,ADAIRSVILLE NORTH WPCP,MGD,0.8231750146364782
Bartow,2021,wastewater,ADAIRSVILLE SOUTH WPCP,MGD,0.27905275868160595
Bartow,2021,wastewater,BARTOW SOUTHEAST WPCP,MGD,0.009441549187348075
Bartow,2021,wastewater,BARTOW TWO RUN WPCP,MGD,0.05930826754524524
Bartow,2021,wastewater,CARTERSVILLE JAMES R. STAFFORD WPCP,MGD,8.844482228519281
Bartow,2021,wastewater,COBB NORTHWEST WRF,MGD,0.110911644
Bartow,2021,wastewater,EMERSON HENRY JORDAN WWTP,MGD,0.13888851616976772
Bartow,2022,ADAIRSVILLE NORTH WPCP,Oothkalooga Creek_ds,MGD,0.8343395644868904
Bartow,2022,ADAIRSVILLE SOUTH WPCP,Oothkalooga Creek_ds,MGD,0.28283749264437286
Bartow,2022,Allatoona Lake,publicWatSup,MGD,19.935558958425965
Bartow,2022,BARTOW SOUTHEAST WPCP,Etowah River_ds,MGD,0.009569602936177923
Bartow,2022,BARTOW TWO RUN WPCP,Two Run Creek_ds,MGD,0.06011265312276776
Bartow,2022,Bolivar Springs,publicWatSup,MGD,0.6701028221319653
Bartow,2022,Bowen Plant,Discharge,MGD,14.52
Bartow,2022,Bowen Plant,Losses,MGD,9.98
Bartow,2022,CARTERSVILLE JAMES R. STAFFORD WPCP,Etowah River_ds,MGD,8.9644380835752
Bartow,2022,Coosa_Etowah Basin,Bowen Plant,MGD,24.5
Bartow,2022,Coosa_Etowah Basin,industrial,MGD,1.339056896237311
Bartow,2022,EMERSON HENRY JORDAN WWTP,Pumpkinvine Creek_ds,MGD,0.14077223194691862
Bartow,2022,Etowah River,publicWatSup,MGD,0
Bartow,2022,Lewis Spring,publicWatSup,MGD,2.680411288527861
Bartow,2022,Moss Springs,publicWatSup,MGD,0.33505141106598263
Bartow,2022,agricultural,losses,MGD,0.440462482
Bartow,2022,agricultural,wastewater,MGD,0
Bartow,2022,commercial,losses,MGD,0
Bartow,2022,commercial,wastewater,MGD,2.798005722739726
Bartow,2022,groundwater,agricultural,MGD,0.408
Bartow,2022,groundwater,industrial,MGD,0.721030636435475
Bartow,2022,groundwater,publicWatSup,MGD,0.22
Bartow,2022,groundwater,residential,MGD,0.360347586
Bartow,2022,industrial,discharge,MGD,2.060087532672787
Bartow,2022,industrial,losses,MGD,3.3220346373150687
Bartow,2022,industrial,wastewater,MGD,4.278057150684932
Bartow,2022,publicWatSup,agricultural,MGD,0.032462482
Bartow,2022,publicWatSup,commercial,MGD,2.798005722739726
Bartow,2022,publicWatSup,industrial,MGD,7.600091788
Bartow,2022,publicWatSup,losses,MGD,7.214892136
Bartow,2022,publicWatSup,residential,MGD,6.19567235141205
Bartow,2022,residential,losses,MGD,1.2702500149462956
Bartow,2022,residential,septic,MGD,3.690438498630137
Bartow,2022,residential,wastewater,MGD,1.5953314238356167
Bartow,2022,subsurface,wastewater,MGD,1.734278859452055
Bartow,2022,wastewater,ADAIRSVILLE NORTH WPCP,MGD,0.8343395644868904
Bartow,2022,wastewater,ADAIRSVILLE SOUTH WPCP,MGD,0.28283749264437286
Bartow,2022,wastewater,BARTOW SOUTHEAST WPCP,MGD,0.009569602936177923
Bartow,2022,wastewater,BARTOW TWO RUN WPCP,MGD,0.06011265312276776
Bartow,2022,wastewater,CARTERSVILLE JAMES R. STAFFORD WPCP,MGD,8.9644380835752
Bartow,2022,wastewater,COBB NORTHWEST WRF,MGD,0.11360352800000001
Bartow,2022,wastewater,EMERSON HENRY JORDAN WWTP,MGD,0.14077223194691862
Bartow,2023,ADAIRSVILLE NORTH WPCP,Oothkalooga Creek_ds,MGD,0.8464729475390156
Bartow,2023,ADAIRSVILLE SOUTH WPCP,Oothkalooga Creek_ds,MGD,0.28695065685931376
Bartow,2023,Allatoona Lake,publicWatSup,MGD,20.21652675081775
Bartow,2023,BARTOW SOUTHEAST WPCP,Etowah River_ds,MGD,0.009708768886138351
Bartow,2023,BARTOW TWO RUN WPCP,Two Run Creek_ds,MGD,0.060986841376163885
Bartow,2023,Bolivar Springs,publicWatSup,MGD,0.6795471176745463
Bartow,2023,Bowen Plant,Discharge,MGD,17.5
Bartow,2023,Bowen Plant,Losses,MGD,14.2
Bartow,2023,CARTERSVILLE JAMES R. STAFFORD WPCP,Etowah River_ds,MGD,9.094803423713383
Bartow,2023,Coosa_Etowah Basin,Bowen Plant,MGD,31.7
Bartow,2023,Coosa_Etowah Basin,industrial,MGD,1.339056896237311
Bartow,2023,EMERSON HENRY JORDAN WWTP,Pumpkinvine Creek_ds,MGD,0.14281941211913665
Bartow,2023,Etowah River,publicWatSup,MGD,0
Bartow,2023,Lewis Spring,publicWatSup,MGD,2.7181884706981854
Bartow,2023,Moss Springs,publicWatSup,MGD,0.33977355883727317
Bartow,2023,agricultural,losses,MGD,0.440916141
Bartow,2023,agricultural,wastewater,MGD,0
Bartow,2023,commercial,losses,MGD,0
Bartow,2023,commercial,wastewater,MGD,2.8368418153424657
Bartow,2023,groundwater,agricultural,MGD,0.408
Bartow,2023,groundwater,industrial,MGD,0.721030636435475
Bartow,2023,groundwater,publicWatSup,MGD,0.22
Bartow,2023,groundwater,residential,MGD,0.365383405
Bartow,2023,industrial,discharge,MGD,2.060087532672787
Bartow,2023,industrial,losses,MGD,3.368609438561645
Bartow,2023,industrial,wastewater,MGD,4.337692816438356
Bartow,2023,publicWatSup,agricultural,MGD,0.032916141
Bartow,2023,publicWatSup,commercial,MGD,2.8368418153424657
Bartow,2023,publicWatSup,industrial,MGD,7.706302255000001
Bartow,2023,publicWatSup,losses,MGD,7.315719479
Bartow,2023,publicWatSup,residential,MGD,6.2822562076852835
Bartow,2023,residential,losses,MGD,1.292878430767475
Bartow,2023,residential,septic,MGD,3.7308779232876708
Bartow,2023,residential,wastewater,MGD,1.6238832586301382
Bartow,2023,subsurface,wastewater,MGD,1.759683578082192
Bartow,2023,wastewater,ADAIRSVILLE NORTH WPCP,MGD,0.8464729475390156
Bartow,2023,wastewater,ADAIRSVILLE SOUTH WPCP,MGD,0.28695065685931376
Bartow,2023,wastewater,BARTOW SOUTHEAST WPCP,MGD,0.009708768886138351
Bartow,2023,wastewater,BARTOW TWO RUN WPCP,MGD,0.060986841376163885
Bartow,2023,wastewater,CARTERSVILLE JAMES R. STAFFORD WPCP,MGD,9.094803423713383
Bartow,2023,wastewater,COBB NORTHWEST WRF,MGD,0.11635941799999999
Bartow,2023,wastewater,EMERSON HENRY JORDAN WWTP,MGD,0.14281941211913665
Bartow,2024,ADAIRSVILLE NORTH WPCP,Oothkalooga Creek_ds,MGD,0.8593770019132783
Bartow,2024,ADAIRSVILLE SOUTH WPCP,Oothkalooga Creek_ds,MGD,0.2913250753089622
Bartow,2024,Allatoona Lake,publicWatSup,MGD,20.514856099396454
Bartow,2024,BARTOW SOUTHEAST WPCP,Etowah River_ds,MGD,0.009856774185041427
Bartow,2024,BARTOW TWO RUN WPCP,Two Run Creek_ds,MGD,0.061916555101239876
Bartow,2024,Bolivar Springs,publicWatSup,MGD,0.689574994937696
Bartow,2024,Bowen Plant,Discharge,MGD,18.3
Bartow,2024,Bowen Plant,Losses,MGD,15.3
Bartow,2024,CARTERSVILLE JAMES R. STAFFORD WPCP,Etowah River_ds,MGD,9.233449127919327
Bartow,2024,Coosa_Etowah Basin,Bowen Plant,MGD,33.6
Bartow,2024,Coosa_Etowah Basin,industrial,MGD,1.339056896237311
Bartow,2024,EMERSON HENRY JORDAN WWTP,Pumpkinvine Creek_ds,MGD,0.1449966222296826
Bartow,2024,Etowah River,publicWatSup,MGD,0
Bartow,2024,Lewis Spring,publicWatSup,MGD,2.758299979750784
Bartow,2024,Moss Springs,publicWatSup,MGD,0.344787497468848
Bartow,2024,agricultural,losses,MGD,0.44139779799999995
Bartow,2024,agricultural,wastewater,MGD,0
Bartow,2024,commercial,losses,MGD,0
Bartow,2024,commercial,wastewater,MGD,2.8781006032876713
Bartow,2024,groundwater,agricultural,MGD,0.408
Bartow,2024,groundwater,industrial,MGD,0.721030636435475
Bartow,2024,groundwater,publicWatSup,MGD,0.22
Bartow,2024,groundwater,residential,MGD,0.370730004
Bartow,2024,industrial,discharge,MGD,2.060087532672787
Bartow,2024,industrial,losses,MGD,3.4180434834109583
Bartow,2024,industrial,wastewater,MGD,4.401023909589041
Bartow,2024,publicWatSup,agricultural,MGD,0.033397798
Bartow,2024,publicWatSup,commercial,MGD,2.8781006032876713
Bartow,2024,publicWatSup,industrial,MGD,7.819067392999999
Bartow,2024,publicWatSup,losses,MGD,7.422769279
Bartow,2024,publicWatSup,residential,MGD,6.374183498266112
Bartow,2024,residential,losses,MGD,1.3168820269236479
Bartow,2024,residential,septic,MGD,3.7738266876712334
Bartow,2024,residential,wastewater,MGD,1.6542047876712318
Bartow,2024,subsurface,wastewater,MGD,1.786665860109589
Bartow,2024,wastewater,ADAIRSVILLE NORTH WPCP,MGD,0.8593770019132783
Bartow,2024,wastewater,ADAIRSVILLE SOUTH WPCP,MGD,0.2913250753089622
Bartow,2024,wastewater,BARTOW SOUTHEAST WPCP,MGD,0.009856774185041427
Bartow,2024,wastewater,BARTOW TWO RUN WPCP,MGD,0.061916555101239876
Bartow,2024,wastewater,CARTERSVILLE JAMES R. STAFFORD WPCP,MGD,9.233449127919327
Bartow,2024,wastewater,COBB NORTHWEST WRF,MGD,0.119074004
Bartow,2024,wastewater,EMERSON HENRY JORDAN WWTP,MGD,0.1449966222296826
Cherokee,2020,CANTON WPCP,Etowah River_ds,MGD,2.0290146886948306
Cherokee,2020,CANTON WPCP SECOND ROW,Etowah River_ds,MGD,0
Cherokee,2020,CCWSA FITZGERALD CREEK WPCP,Little River to Allatoona Lake_ds,MGD,3.075314609753406
Cherokee,2020,CCWSA RIVER BEND ENVIR. COMPLEX,Etowah River_ds,MGD,0.023868195110768795
Cherokee,2020,CCWSA ROSE CREEK - REUSE,Reuse,MGD,1.277663404112734
Cherokee,2020,CCWSA ROSE CREEK WPCP,Etowah River Arm of Allatoona Lake_ds,MGD,2.4763792915227203
Cherokee,2020,Coosa_Etowah Basin,industrial,MGD,1.705010333718315
Cherokee,2020,Etowah River,publicWatSup,MGD,3.3092185654536594
Cherokee,2020,Etowah River at Riverbend,publicWatSup,MGD,2.4067044112390246
Cherokee,2020,Fulton Co Little River WRF,Little River_ds,MGD,0.7388068406767738
Cherokee,2020,Hickory Log Creek Reservoir,publicWatSup,MGD,0.1002793504682927
Cherokee,2020,Hollis Q. Lathem (Yellow Creek) Reservoir/Etowah River,publicWatSup,MGD,14.741064518839027
Cherokee,2020,Little River WRF (SEE CHEROKEE CO),Little River_ds,MGD,0.907359932
Cherokee,2020,WOODSTOCK RUBES CREEK WRF,"Rubes Creek, Tributary to Little River_ds",MGD,1.0049379400954788
Cherokee,2020,agricultural,losses,MGD,0.23220067186939214
Cherokee,2020,agricultural,wastewater,MGD,0
Cherokee,2020,commercial,losses,MGD,0.245175320226674
Cherokee,2020,commercial,wastewater,MGD,0.6966093143031139
Cherokee,2020,groundwater,agricultural,MGD,0
Cherokee,2020,groundwater,industrial,MGD,0.9180824873867848
Cherokee,2020,groundwater,publicWatSup,MGD,0.84
Cherokee,2020,groundwater,residential,MGD,0.717517513
Cherokee,2020,inFrom_Fulton_Fulton County to Cherokee Co,Little River WRF (SEE CHEROKEE CO),MGD,0.907359932
Cherokee,2020,industrial,discharge,MGD,2.6230928211050997
Cherokee,2020,industrial,losses,MGD,0.09416750063827528
Cherokee,2020,industrial,wastewater,MGD,0.6108425578471258
Cherokee,2020,publicWatSup,agricultural,MGD,0.23220067186939214
Cherokee,2020,publicWatSup,commercial,MGD,0.9417846345297879
Cherokee,2020,publicWatSup,industrial,MGD,0.7050100584854011
Cherokee,2020,publicWatSup,losses,MGD,3.711239416
Cherokee,2020,publicWatSup,residential,MGD,15.807032065115418
Cherokee,2020,residential,losses,MGD,3.7937722404273018
Cherokee,2020,residential,septic,MGD,5.536803169863014
Cherokee,2020,residential,wastewater,MGD,7.193974167825102
Cherokee,2020,subsurface,wastewater,MGD,2.9754991139913693
Cherokee,2020,wastewater,CANTON WPCP,MGD,2.0290146886948306
Cherokee,2020,wastewater,CANTON WPCP SECOND ROW,MGD,0
Cherokee,2020,wastewater,CCWSA FITZGERALD CREEK WPCP,MGD,3.075314609753406
Cherokee,2020,wastewater,CCWSA RIVER BEND ENVIR. COMPLEX,MGD,0.023868195110768795
Cherokee,2020,wastewater,CCWSA ROSE CREEK - REUSE,MGD,1.277663404112734
Cherokee,2020,wastewater,CCWSA ROSE CREEK WPCP,MGD,2.4763792915227203
Cherokee,2020,wastewater,COBB NOONDAY CREEK WRF,MGD,0.421710154
Cherokee,2020,wastewater,COBB RL SUTTON WRF,MGD,0.407845133
Cherokee,2020,wastewater,Fulton Big Creek WRF,MGD,0.021384897
Cherokee,2020,wastewater,Fulton Co Little River WRF,MGD,0.7388068406767738
Cherokee,2020,wastewater,WOODSTOCK RUBES CREEK WRF,MGD,1.0049379400954788
Cherokee,2021,CANTON WPCP,Etowah River_ds,MGD,2.0739526117587768
Cherokee,2021,CANTON WPCP SECOND ROW,Etowah River_ds,MGD,0
Cherokee,2021,CCWSA FITZGERALD CREEK WPCP,Little River to Allatoona Lake_ds,MGD,3.1434256254599626
Cherokee,2021,CCWSA RIVER BEND ENVIR. COMPLEX,Etowah River_ds,MGD,0.024396819729180466
Cherokee,2021,CCWSA ROSE CREEK - REUSE,Reuse,MGD,1.3059606560131478
Cherokee,2021,CCWSA ROSE CREEK WPCP,Etowah River Arm of Allatoona Lake_ds,MGD,2.531225292736827
Cherokee,2021,Coosa_Etowah Basin,industrial,MGD,1.705010333718315
Cherokee,2021,Etowah River,publicWatSup,MGD,3.3659690561414637
Cherokee,2021,Etowah River at Riverbend,publicWatSup,MGD,2.4479774953756097
Cherokee,2021,Fulton Co Little River WRF,Little River_ds,MGD,0.7551696817889819
Cherokee,2021,Hickory Log Creek Reservoir,publicWatSup,MGD,0.10199906230731708
Cherokee,2021,Hollis Q. Lathem (Yellow Creek) Reservoir/Etowah River,publicWatSup,MGD,14.99386215917561
Cherokee,2021,Little River WRF (SEE CHEROKEE CO),Little River_ds,MGD,0.914372857
Cherokee,2021,WOODSTOCK RUBES CREEK WRF,"Rubes Creek, Tributary to Little River_ds",MGD,1.0271949617364113
Cherokee,2021,agricultural,losses,MGD,0.23602640556362592
Cherokee,2021,agricultural,wastewater,MGD,0
Cherokee,2021,commercial,losses,MGD,0.2494410060058847
Cherokee,2021,commercial,wastewater,MGD,0.707860452421466
Cherokee,2021,groundwater,agricultural,MGD,0
Cherokee,2021,groundwater,industrial,MGD,0.9180824873867848
Cherokee,2021,groundwater,publicWatSup,MGD,0.84
Cherokee,2021,groundwater,residential,MGD,0.729339317
Cherokee,2021,inFrom_Fulton_Fulton County to Cherokee Co,Little River WRF (SEE CHEROKEE CO),MGD,0.914372857
Cherokee,2021,industrial,discharge,MGD,2.6230928211050997
Cherokee,2021,industrial,losses,MGD,0.09591733706679306
Cherokee,2021,industrial,wastewater,MGD,0.6207084525262772
Cherokee,2021,publicWatSup,agricultural,MGD,0.23602640556362592
Cherokee,2021,publicWatSup,commercial,MGD,0.9573014584273507
Cherokee,2021,publicWatSup,industrial,MGD,0.7166257895930702
Cherokee,2021,publicWatSup,losses,MGD,3.772385719
Cherokee,2021,publicWatSup,residential,MGD,16.067468400415954
Cherokee,2021,residential,losses,MGD,3.8558538401993125
Cherokee,2021,residential,septic,MGD,5.572489002739726
Cherokee,2021,residential,wastewater,MGD,7.368464874476916
Cherokee,2021,subsurface,wastewater,MGD,3.0439618227986305
Cherokee,2021,wastewater,CANTON WPCP,MGD,2.0739526117587768
Cherokee,2021,wastewater,CANTON WPCP SECOND ROW,MGD,0
Cherokee,2021,wastewater,CCWSA FITZGERALD CREEK WPCP,MGD,3.1434256254599626
Cherokee,2021,wastewater,CCWSA RIVER BEND ENVIR. COMPLEX,MGD,0.024396819729180466
Cherokee,2021,wastewater,CCWSA ROSE CREEK - REUSE,MGD,1.3059606560131478
Cherokee,2021,wastewater,CCWSA ROSE CREEK WPCP,MGD,2.531225292736827
Cherokee,2021,wastewater,COBB NOONDAY CREEK WRF,MGD,0.435847905
Cherokee,2021,wastewater,COBB RL SUTTON WRF,MGD,0.421710154
Cherokee,2021,wastewater,Fulton Big Creek WRF,MGD,0.022111894
Cherokee,2021,wastewater,Fulton Co Little River WRF,MGD,0.7551696817889819
Cherokee,2021,wastewater,WOODSTOCK RUBES CREEK WRF,MGD,1.0271949617364113
Cherokee,2022,CANTON WPCP,Etowah River_ds,MGD,2.1146262993524183
Cherokee,2022,CANTON WPCP SECOND ROW,Etowah River_ds,MGD,0
Cherokee,2022,CCWSA FITZGERALD CREEK WPCP,Little River to Allatoona Lake_ds,MGD,3.2050734717699036
Cherokee,2022,CCWSA RIVER BEND ENVIR. COMPLEX,Etowah River_ds,MGD,0.02487528226410867
Cherokee,2022,CCWSA ROSE CREEK - REUSE,Reuse,MGD,1.331572733854801
Cherokee,2022,CCWSA ROSE CREEK WPCP,Etowah River Arm of Allatoona Lake_ds,MGD,2.5808668641990566
Cherokee,2022,Coosa_Etowah Basin,industrial,MGD,1.705010333718315
Cherokee,2022,Etowah River,publicWatSup,MGD,3.4178270513414635
Cherokee,2022,Etowah River at Riverbend,publicWatSup,MGD,2.48569240097561
Cherokee,2022,Fulton Co Little River WRF,Little River_ds,MGD,0.7699798252527841
Cherokee,2022,Hickory Log Creek Reservoir,publicWatSup,MGD,0.10357051670731708
Cherokee,2022,Hollis Q. Lathem (Yellow Creek) Reservoir/Etowah River,publicWatSup,MGD,15.22486595597561
Cherokee,2022,Little River WRF (SEE CHEROKEE CO),Little River_ds,MGD,0.920672325
Cherokee,2022,WOODSTOCK RUBES CREEK WRF,"Rubes Creek, Tributary to Little River_ds",MGD,1.0473399769766576
Cherokee,2022,agricultural,losses,MGD,0.23952231935526155
Cherokee,2022,agricultural,wastewater,MGD,0
Cherokee,2022,commercial,losses,MGD,0.2533363895965618
Cherokee,2022,commercial,wastewater,MGD,0.7181441780153908
Cherokee,2022,groundwater,agricultural,MGD,0
Cherokee,2022,groundwater,industrial,MGD,0.9180824873867848
Cherokee,2022,groundwater,publicWatSup,MGD,0.84
Cherokee,2022,groundwater,residential,MGD,0.740141955
Cherokee,2022,inFrom_Fulton_Fulton County to Cherokee Co,Little River WRF (SEE CHEROKEE CO),MGD,0.920672325
Cherokee,2022,industrial,discharge,MGD,2.6230928211050997
Cherokee,2022,industrial,losses,MGD,0.09751407831765935
Cherokee,2022,industrial,wastewater,MGD,0.6297260425097791
Cherokee,2022,publicWatSup,agricultural,MGD,0.23952231935526155
Cherokee,2022,publicWatSup,commercial,MGD,0.9714805676119526
Cherokee,2022,publicWatSup,industrial,MGD,0.7272401208274385
Cherokee,2022,publicWatSup,losses,MGD,3.828260561
Cherokee,2022,publicWatSup,residential,MGD,16.305452356205347
Cherokee,2022,residential,losses,MGD,3.912588142396265
Cherokee,2022,residential,septic,MGD,5.605098336986302
Cherokee,2022,residential,wastewater,MGD,7.527907831822779
Cherokee,2022,subsurface,wastewater,MGD,3.106522318321782
Cherokee,2022,wastewater,CANTON WPCP,MGD,2.1146262993524183
Cherokee,2022,wastewater,CANTON WPCP SECOND ROW,MGD,0
Cherokee,2022,wastewater,CCWSA FITZGERALD CREEK WPCP,MGD,3.2050734717699036
Cherokee,2022,wastewater,CCWSA RIVER BEND ENVIR. COMPLEX,MGD,0.02487528226410867
Cherokee,2022,wastewater,CCWSA ROSE CREEK - REUSE,MGD,1.331572733854801
Cherokee,2022,wastewater,CCWSA ROSE CREEK WPCP,MGD,2.5808668641990566
Cherokee,2022,wastewater,COBB NOONDAY CREEK WRF,MGD,0.449264821
Cherokee,2022,wastewater,COBB RL SUTTON WRF,MGD,0.435847905
Cherokee,2022,wastewater,Fulton Big Creek WRF,MGD,0.022853191
Cherokee,2022,wastewater,Fulton Co Little River WRF,MGD,0.7699798252527841
Cherokee,2022,wastewater,WOODSTOCK RUBES CREEK WRF,MGD,1.0473399769766576
Cherokee,2023,CANTON WPCP,Etowah River_ds,MGD,2.1519398949510022
Cherokee,2023,CANTON WPCP SECOND ROW,Etowah River_ds,MGD,0
Cherokee,2023,CCWSA FITZGERALD CREEK WPCP,Little River to Allatoona Lake_ds,MGD,3.261628530895951
Cherokee,2023,CCWSA RIVER BEND ENVIR. COMPLEX,Etowah River_ds,MGD,0.025314218554217154
Cherokee,2023,CCWSA ROSE CREEK - REUSE,Reuse,MGD,1.3550689736000339
Cherokee,2023,CCWSA ROSE CREEK WPCP,Etowah River Arm of Allatoona Lake_ds,MGD,2.6264074982552965
Cherokee,2023,Coosa_Etowah Basin,industrial,MGD,1.705010333718315
Cherokee,2023,Etowah River,publicWatSup,MGD,3.465660008209756
Cherokee,2023,Etowah River at Riverbend,publicWatSup,MGD,2.5204800059707315
Cherokee,2023,Fulton Co Little River WRF,Little River_ds,MGD,0.783566488687051
Cherokee,2023,Hickory Log Creek Reservoir,publicWatSup,MGD,0.10502000024878048
Cherokee,2023,Hollis Q. Lathem (Yellow Creek) Reservoir/Etowah River,publicWatSup,MGD,15.437940036570732
Cherokee,2023,Little River WRF (SEE CHEROKEE CO),Little River_ds,MGD,0.9272343
Cherokee,2023,WOODSTOCK RUBES CREEK WRF,"Rubes Creek, Tributary to Little River_ds",MGD,1.0658207933587793
Cherokee,2023,agricultural,losses,MGD,0.24274689337633423
Cherokee,2023,agricultural,wastewater,MGD,0
Cherokee,2023,commercial,losses,MGD,0.2569273937591292
Cherokee,2023,commercial,wastewater,MGD,0.7276317495347047
Cherokee,2023,groundwater,agricultural,MGD,0
Cherokee,2023,groundwater,industrial,MGD,0.9180824873867848
Cherokee,2023,groundwater,publicWatSup,MGD,0.84
Cherokee,2023,groundwater,residential,MGD,0.750106131
Cherokee,2023,inFrom_Fulton_Fulton County to Cherokee Co,Little River WRF (SEE CHEROKEE CO),MGD,0.9272343
Cherokee,2023,industrial,discharge,MGD,2.6230928211050997
Cherokee,2023,industrial,losses,MGD,0.09898510409260441
Cherokee,2023,industrial,wastewater,MGD,0.6380455012760623
Cherokee,2023,publicWatSup,agricultural,MGD,0.24274689337633423
Cherokee,2023,publicWatSup,commercial,MGD,0.9845591432938339
Cherokee,2023,publicWatSup,industrial,MGD,0.7370306053686667
Cherokee,2023,publicWatSup,losses,MGD,3.879798593
Cherokee,2023,publicWatSup,residential,MGD,16.524964815961166
Cherokee,2023,residential,losses,MGD,3.964922729714395
Cherokee,2023,residential,septic,MGD,5.63517664931507
Cherokee,2023,residential,wastewater,MGD,7.674971567931699
Cherokee,2023,subsurface,wastewater,MGD,3.164227086559863
Cherokee,2023,wastewater,CANTON WPCP,MGD,2.1519398949510022
Cherokee,2023,wastewater,CANTON WPCP SECOND ROW,MGD,0
Cherokee,2023,wastewater,CCWSA FITZGERALD CREEK WPCP,MGD,3.261628530895951
Cherokee,2023,wastewater,CCWSA RIVER BEND ENVIR. COMPLEX,MGD,0.025314218554217154
Cherokee,2023,wastewater,CCWSA ROSE CREEK - REUSE,MGD,1.3550689736000339
Cherokee,2023,wastewater,CCWSA ROSE CREEK WPCP,MGD,2.6264074982552965
Cherokee,2023,wastewater,COBB NOONDAY CREEK WRF,MGD,0.462307994
Cherokee,2023,wastewater,COBB RL SUTTON WRF,MGD,0.449264821
Cherokee,2023,wastewater,Fulton Big Creek WRF,MGD,0.023556692
Cherokee,2023,wastewater,Fulton Co Little River WRF,MGD,0.783566488687051
Cherokee,2023,wastewater,WOODSTOCK RUBES CREEK WRF,MGD,1.0658207933587793
Cherokee,2024,CANTON WPCP,Etowah River_ds,MGD,2.187530015061142
Cherokee,2024,CANTON WPCP SECOND ROW,Etowah River_ds,MGD,0
Cherokee,2024,CCWSA FITZGERALD CREEK WPCP,Little River to Allatoona Lake_ds,MGD,3.315571371698151
Cherokee,2024,CCWSA RIVER BEND ENVIR. COMPLEX,Etowah River_ds,MGD,0.025732880841650336
Cherokee,2024,CCWSA ROSE CREEK - REUSE,Reuse,MGD,1.3774799468995678
Cherokee,2024,CCWSA ROSE CREEK WPCP,Etowah River Arm of Allatoona Lake_ds,MGD,2.66984465862413
Cherokee,2024,Coosa_Etowah Basin,industrial,MGD,1.705010333718315
Cherokee,2024,Etowah River,publicWatSup,MGD,3.511445686287805
Cherokee,2024,Etowah River at Riverbend,publicWatSup,MGD,2.5537786809365852
Cherokee,2024,Fulton Co Little River WRF,Little River_ds,MGD,0.7965255985172479
Cherokee,2024,Hickory Log Creek Reservoir,publicWatSup,MGD,0.1064074450390244
Cherokee,2024,Hollis Q. Lathem (Yellow Creek) Reservoir/Etowah River,publicWatSup,MGD,15.641894420736586
Cherokee,2024,Little River WRF (SEE CHEROKEE CO),Little River_ds,MGD,0.934165592
Cherokee,2024,WOODSTOCK RUBES CREEK WRF,"Rubes Creek, Tributary to Little River_ds",MGD,1.083448000392081
Cherokee,2024,agricultural,losses,MGD,0.24583345345398433
Cherokee,2024,agricultural,wastewater,MGD,0
Cherokee,2024,commercial,losses,MGD,0.2603629754440555
Cherokee,2024,commercial,wastewater,MGD,0.7367149729467622
Cherokee,2024,groundwater,agricultural,MGD,0
Cherokee,2024,groundwater,industrial,MGD,0.9180824873867848
Cherokee,2024,groundwater,publicWatSup,MGD,0.84
Cherokee,2024,groundwater,residential,MGD,0.759643833
Cherokee,2024,inFrom_Fulton_Fulton County to Cherokee Co,Little River WRF (SEE CHEROKEE CO),MGD,0.934165592
Cherokee,2024,industrial,discharge,MGD,2.6230928211050997
Cherokee,2024,industrial,losses,MGD,0.10039165546436901
Cherokee,2024,industrial,wastewater,MGD,0.6460103954840908
Cherokee,2024,publicWatSup,agricultural,MGD,0.24583345345398433
Cherokee,2024,publicWatSup,commercial,MGD,0.9970779483908178
Cherokee,2024,publicWatSup,industrial,MGD,0.7464020509484598
Cherokee,2024,publicWatSup,losses,MGD,3.929130765
Cherokee,2024,publicWatSup,residential,MGD,16.73508201520674
Cherokee,2024,residential,losses,MGD,4.015020615201976
Cherokee,2024,residential,septic,MGD,5.663967591780822
Cherokee,2024,residential,wastewater,MGD,7.81573764122394
Cherokee,2024,subsurface,wastewater,MGD,3.219462053379177
Cherokee,2024,wastewater,CANTON WPCP,MGD,2.187530015061142
Cherokee,2024,wastewater,CANTON WPCP SECOND ROW,MGD,0
Cherokee,2024,wastewater,CCWSA FITZGERALD CREEK WPCP,MGD,3.315571371698151
Cherokee,2024,wastewater,CCWSA RIVER BEND ENVIR. COMPLEX,MGD,0.025732880841650336
Cherokee,2024,wastewater,CCWSA ROSE CREEK - REUSE,MGD,1.3774799468995678
Cherokee,2024,wastewater,CCWSA ROSE CREEK WPCP,MGD,2.66984465862413
Cherokee,2024,wastewater,COBB NOONDAY CREEK WRF,MGD,0.475244001
Cherokee,2024,wastewater,COBB RL SUTTON WRF,MGD,0.462307994
Cherokee,2024,wastewater,Fulton Big Creek WRF,MGD,0.024240596
Cherokee,2024,wastewater,Fulton Co Little River WRF,MGD,0.7965255985172479
Cherokee,2024,wastewater,WOODSTOCK RUBES CREEK WRF,MGD,1.083448000392081
Clayton,2020,CLAYTON NORTHEAST WRF,Panther Creek_ds,MGD,3.6204370612178156
Clayton,2020,CLAYTON SHOAL CREEK WRF,"Shoal Creek Reservoir, Tributary to Flint River_ds",MGD,1.40681135587865
Clayton,2020,CLAYTON W.B. CASEY WRF,Flint River_ds,MGD,9.341473411383273
Clayton,2020,CLAYTON W.B. CASEY WRF,Huie Constructed Wetlands to Shamrock Lake_ds,MGD,9.341473411383273
Clayton,2020,Edgar Blalock Jr. Reservoir (Pates Creek),publicWatSup,MGD,1.7474732894404759
Clayton,2020,Flint Basin,industrial,MGD,0.29317129629629635
Clayton,2020,Flint River,publicWatSup,MGD,2.7006405382261898
Clayton,2020,J.W. Smith Reservoir (Shoal Creek),publicWatSup,MGD,9.13451946752976
Clayton,2020,Ocmulgee Basin,industrial,MGD,0
Clayton,2020,W.J. Hooper Reservoir (Little Cotton Indian Creek),publicWatSup,MGD,13.106049670803568
Clayton,2020,agricultural,losses,MGD,3.9795263272154803e-4
Clayton,2020,agricultural,wastewater,MGD,0
Clayton,2020,commercial,losses,MGD,3.0828799041558264
Clayton,2020,commercial,wastewater,MGD,2.2781790463247122
Clayton,2020,groundwater,agricultural,MGD,0
Clayton,2020,groundwater,industrial,MGD,0.15786146723646724
Clayton,2020,groundwater,publicWatSup,MGD,0.03
Clayton,2020,groundwater,residential,MGD,0
Clayton,2020,inFrom_DeKalb_Dekalb (Cherokee Trail Site) to Clayton County,CLAYTON NORTHEAST WRF,MGD,0.09
Clayton,2020,inFrom_DeKalb_Dekalb County (Cherokee Trail Site) to Clayton County,CLAYTON NORTHEAST WRF,MGD,0.088439324
Clayton,2020,inFrom_Fulton_City of College Park (Yorktown Site) to Clayton County,CLAYTON W.B. CASEY WRF,MGD,2.909090909
Clayton,2020,inFrom_Fulton_College Park Yorktown Site,CLAYTON W.B. CASEY WRF,MGD,2.909090909
Clayton,2020,inFrom_Henry_Henry,CLAYTON W.B. CASEY WRF,MGD,0.08
Clayton,2020,industrial,discharge,MGD,0.4510327635327638
Clayton,2020,industrial,losses,MGD,0.25011087557112144
Clayton,2020,industrial,wastewater,MGD,1.1212698314642686
Clayton,2020,publicWatSup,agricultural,MGD,3.9795263272154803e-4
Clayton,2020,publicWatSup,commercial,MGD,5.361058950480539
Clayton,2020,publicWatSup,industrial,MGD,1.37138070703539
Clayton,2020,publicWatSup,losses,MGD,2.894539361
Clayton,2020,publicWatSup,residential,MGD,17.09130599485135
Clayton,2020,residential,losses,MGD,1.3510288452430697
Clayton,2020,residential,septic,MGD,2.117808219178082
Clayton,2020,residential,wastewater,MGD,13.622468930430198
Clayton,2020,subsurface,wastewater,MGD,3.404383561643836
Clayton,2020,wastewater,Atlanta South River WRC,MGD,0
Clayton,2020,wastewater,CLAYTON NORTHEAST WRF,MGD,3.441997737217816
Clayton,2020,wastewater,CLAYTON SHOAL CREEK WRF,MGD,1.40681135587865
Clayton,2020,wastewater,CLAYTON W.B. CASEY WRF,MGD,12.784765004766548
Clayton,2020,wastewater,Snapfinger Creek,MGD,2.792727272
Clayton,2021,CLAYTON NORTHEAST WRF,Panther Creek_ds,MGD,3.6509601348998597
Clayton,2021,CLAYTON SHOAL CREEK WRF,"Shoal Creek Reservoir, Tributary to Flint River_ds",MGD,1.4190657791336254
Clayton,2021,CLAYTON W.B. CASEY WRF,Flint River_ds,MGD,9.423602325640793
Clayton,2021,CLAYTON W.B. CASEY WRF,Huie Constructed Wetlands to Shamrock Lake_ds,MGD,9.423602325640793
Clayton,2021,Edgar Blalock Jr. Reservoir (Pates Creek),publicWatSup,MGD,1.7699876749107144
Clayton,2021,Flint Basin,industrial,MGD,0.29317129629629635
Clayton,2021,Flint River,publicWatSup,MGD,2.735435497589285
Clayton,2021,J.W. Smith Reservoir (Shoal Creek),publicWatSup,MGD,9.252208300669643
Clayton,2021,Ocmulgee Basin,industrial,MGD,0
Clayton,2021,W.J. Hooper Reservoir (Little Cotton Indian Creek),publicWatSup,MGD,13.274907561830355
Clayton,2021,agricultural,losses,MGD,4.030734094162744e-4
Clayton,2021,agricultural,wastewater,MGD,0
Clayton,2021,commercial,losses,MGD,3.116259437993226
Clayton,2021,commercial,wastewater,MGD,2.3137936570612814
Clayton,2021,groundwater,agricultural,MGD,0
Clayton,2021,groundwater,industrial,MGD,0.15786146723646724
Clayton,2021,groundwater,publicWatSup,MGD,0.03
Clayton,2021,groundwater,residential,MGD,0
Clayton,2021,inFrom_DeKalb_Dekalb (Cherokee Trail Site) to Clayton County,CLAYTON NORTHEAST WRF,MGD,0.09
Clayton,2021,inFrom_DeKalb_Dekalb County (Cherokee Trail Site) to Clayton County,CLAYTON NORTHEAST WRF,MGD,0.088979915
Clayton,2021,inFrom_Fulton_City of College Park (Yorktown Site) to Clayton County,CLAYTON W.B. CASEY WRF,MGD,2.93553719
Clayton,2021,inFrom_Fulton_College Park Yorktown Site,CLAYTON W.B. CASEY WRF,MGD,2.93553719
Clayton,2021,inFrom_Henry_Henry,CLAYTON W.B. CASEY WRF,MGD,0.08
Clayton,2021,industrial,discharge,MGD,0.45103276353276356
Clayton,2021,industrial,losses,MGD,0.2485816315653293
Clayton,2021,industrial,wastewater,MGD,1.1404480584567454
Clayton,2021,publicWatSup,agricultural,MGD,4.030734094162744e-4
Clayton,2021,publicWatSup,commercial,MGD,5.430053095054507
Clayton,2021,publicWatSup,industrial,MGD,1.3890296900220747
Clayton,2021,publicWatSup,losses,MGD,2.931790634
Clayton,2021,publicWatSup,residential,MGD,17.311262542514005
Clayton,2021,residential,losses,MGD,1.3298878196758679
Clayton,2021,residential,septic,MGD,2.126027397260274
Clayton,2021,residential,wastewater,MGD,13.855347325577863
Clayton,2021,subsurface,wastewater,MGD,3.4619178082191784
Clayton,2021,wastewater,Atlanta South River WRC,MGD,0
Clayton,2021,wastewater,CLAYTON NORTHEAST WRF,MGD,3.47198021989986
Clayton,2021,wastewater,CLAYTON SHOAL CREEK WRF,MGD,1.4190657791336254
Clayton,2021,wastewater,CLAYTON W.B. CASEY WRF,MGD,12.896130271281587
Clayton,2021,wastewater,Snapfinger Creek,MGD,2.984330579
Clayton,2022,CLAYTON NORTHEAST WRF,Panther Creek_ds,MGD,3.679873505242777
Clayton,2022,CLAYTON SHOAL CREEK WRF,"Shoal Creek Reservoir, Tributary to Flint River_ds",MGD,1.4306704846766198
Clayton,2022,CLAYTON W.B. CASEY WRF,Flint River_ds,MGD,9.50037479334167
Clayton,2022,CLAYTON W.B. CASEY WRF,Huie Constructed Wetlands to Shamrock Lake_ds,MGD,9.50037479334167
Clayton,2022,Edgar Blalock Jr. Reservoir (Pates Creek),publicWatSup,MGD,1.7919544543214285
Clayton,2022,Flint Basin,industrial,MGD,0.29317129629629635
Clayton,2022,Flint River,publicWatSup,MGD,2.7693841566785706
Clayton,2022,J.W. Smith Reservoir (Shoal Creek),publicWatSup,MGD,9.367034647589286
Clayton,2022,Ocmulgee Basin,industrial,MGD,0
Clayton,2022,W.J. Hooper Reservoir (Little Cotton Indian Creek),publicWatSup,MGD,13.439658407410713
Clayton,2022,agricultural,losses,MGD,4.0807085430523405e-4
Clayton,2022,agricultural,wastewater,MGD,0
Clayton,2022,commercial,losses,MGD,3.1507010953830754
Clayton,2022,commercial,wastewater,MGD,2.346668033539646
Clayton,2022,groundwater,agricultural,MGD,0
Clayton,2022,groundwater,industrial,MGD,0.15786146723646724
Clayton,2022,groundwater,publicWatSup,MGD,0.03
Clayton,2022,groundwater,residential,MGD,0
Clayton,2022,inFrom_DeKalb_Dekalb (Cherokee Trail Site) to Clayton County,CLAYTON NORTHEAST WRF,MGD,0.09
Clayton,2022,inFrom_DeKalb_Dekalb County (Cherokee Trail Site) to Clayton County,CLAYTON NORTHEAST WRF,MGD,0.089500445
Clayton,2022,inFrom_Fulton_City of College Park (Yorktown Site) to Clayton County,CLAYTON W.B. CASEY WRF,MGD,2.959579264
Clayton,2022,inFrom_Fulton_College Park Yorktown Site,CLAYTON W.B. CASEY WRF,MGD,2.959579264
Clayton,2022,inFrom_Henry_Henry,CLAYTON W.B. CASEY WRF,MGD,0.08
Clayton,2022,industrial,discharge,MGD,0.4510327635327638
Clayton,2022,industrial,losses,MGD,0.24936399606966142
Clayton,2022,industrial,wastewater,MGD,1.1568854090580964
Clayton,2022,publicWatSup,agricultural,MGD,4.0807085430523405e-4
Clayton,2022,publicWatSup,commercial,MGD,5.497369128922721
Clayton,2022,publicWatSup,industrial,MGD,1.4062494051277579
Clayton,2022,publicWatSup,losses,MGD,2.968135862
Clayton,2022,publicWatSup,residential,MGD,17.525869199095215
Clayton,2022,residential,losses,MGD,1.3116144225148751
Clayton,2022,residential,septic,MGD,2.1342465753424658
Clayton,2022,residential,wastewater,MGD,14.080008201237874
Clayton,2022,subsurface,wastewater,MGD,3.5167123287671234
Clayton,2022,wastewater,Atlanta South River WRC,MGD,0
Clayton,2022,wastewater,CLAYTON NORTHEAST WRF,MGD,3.500373060242777
Clayton,2022,wastewater,CLAYTON SHOAL CREEK WRF,MGD,1.4306704846766198
Clayton,2022,wastewater,CLAYTON W.B. CASEY WRF,MGD,13.001591058683342
Clayton,2022,wastewater,Snapfinger Creek,MGD,3.1676393689999998
Clayton,2023,CLAYTON NORTHEAST WRF,Panther Creek_ds,MGD,3.710272254666726
Clayton,2023,CLAYTON SHOAL CREEK WRF,"Shoal Creek Reservoir, Tributary to Flint River_ds",MGD,1.4428767708951473
Clayton,2023,CLAYTON W.B. CASEY WRF,Flint River_ds,MGD,9.577695127664267
Clayton,2023,CLAYTON W.B. CASEY WRF,Huie Constructed Wetlands to Shamrock Lake_ds,MGD,9.577695127664267
Clayton,2023,Edgar Blalock Jr. Reservoir (Pates Creek),publicWatSup,MGD,1.8136807716369046
Clayton,2023,Flint Basin,industrial,MGD,0.29317129629629635
Clayton,2023,Flint River,publicWatSup,MGD,2.8029611925297613
Clayton,2023,J.W. Smith Reservoir (Shoal Creek),publicWatSup,MGD,9.480604033556547
Clayton,2023,Ocmulgee Basin,industrial,MGD,0
Clayton,2023,W.J. Hooper Reservoir (Little Cotton Indian Creek),publicWatSup,MGD,13.602605787276783
Clayton,2023,agricultural,losses,MGD,4.130131508252001e-4
Clayton,2023,agricultural,wastewater,MGD,0
Clayton,2023,commercial,losses,MGD,3.1844057975728095
Clayton,2023,commercial,wastewater,MGD,2.379542481735861
Clayton,2023,groundwater,agricultural,MGD,0
Clayton,2023,groundwater,industrial,MGD,0.15786146723646724
Clayton,2023,groundwater,publicWatSup,MGD,0.03
Clayton,2023,groundwater,residential,MGD,0
Clayton,2023,inFrom_DeKalb_Dekalb (Cherokee Trail Site) to Clayton County,CLAYTON NORTHEAST WRF,MGD,0.09
Clayton,2023,inFrom_DeKalb_Dekalb County (Cherokee Trail Site) to Clayton County,CLAYTON NORTHEAST WRF,MGD,0.090034487
Clayton,2023,inFrom_Fulton_City of College Park (Yorktown Site) to Clayton County,CLAYTON W.B. CASEY WRF,MGD,2.981435694
Clayton,2023,inFrom_Fulton_College Park Yorktown Site,CLAYTON W.B. CASEY WRF,MGD,2.981435694
Clayton,2023,inFrom_Henry_Henry,CLAYTON W.B. CASEY WRF,MGD,0.08
Clayton,2023,industrial,discharge,MGD,0.4510327635327638
Clayton,2023,industrial,losses,MGD,0.24995783257485704
Clayton,2023,industrial,wastewater,MGD,1.1733227905333508
Clayton,2023,publicWatSup,agricultural,MGD,4.130131508252001e-4
Clayton,2023,publicWatSup,commercial,MGD,5.56394827930867
Clayton,2023,publicWatSup,industrial,MGD,1.4232806231082078
Clayton,2023,publicWatSup,losses,MGD,3.004083232
Clayton,2023,publicWatSup,residential,MGD,17.738126637432295
Clayton,2023,residential,losses,MGD,1.290991909701507
Clayton,2023,residential,septic,MGD,2.1424657534246574
Clayton,2023,residential,wastewater,MGD,14.30466897430613
Clayton,2023,subsurface,wastewater,MGD,3.571506849315069
Clayton,2023,wastewater,Atlanta South River WRC,MGD,0
Clayton,2023,wastewater,CLAYTON NORTHEAST WRF,MGD,3.5302377676667263
Clayton,2023,wastewater,CLAYTON SHOAL CREEK WRF,MGD,1.4428767708951473
Clayton,2023,wastewater,CLAYTON W.B. CASEY WRF,MGD,13.11251886732854
Clayton,2023,wastewater,Snapfinger Creek,MGD,3.3434076900000003
Clayton,2024,CLAYTON NORTHEAST WRF,Panther Creek_ds,MGD,3.7426845989871236
Clayton,2024,CLAYTON SHOAL CREEK WRF,"Shoal Creek Reservoir, Tributary to Flint River_ds",MGD,1.4558922398003964
Clayton,2024,CLAYTON W.B. CASEY WRF,Flint River_ds,MGD,9.65670534431172
Clayton,2024,CLAYTON W.B. CASEY WRF,Huie Constructed Wetlands to Shamrock Lake_ds,MGD,9.65670534431172
Clayton,2024,Edgar Blalock Jr. Reservoir (Pates Creek),publicWatSup,MGD,1.835491844607143
Clayton,2024,Flint Basin,industrial,MGD,0.29317129629629635
Clayton,2024,Flint River,publicWatSup,MGD,2.836669214392857
Clayton,2024,J.W. Smith Reservoir (Shoal Creek),publicWatSup,MGD,9.59461646044643
Clayton,2024,Ocmulgee Basin,industrial,MGD,0
Clayton,2024,W.J. Hooper Reservoir (Little Cotton Indian Creek),publicWatSup,MGD,13.766188834553573
Clayton,2024,agricultural,losses,MGD,4.179744985956045e-4
Clayton,2024,agricultural,wastewater,MGD,0
Clayton,2024,commercial,losses,MGD,3.2180056374345476
Clayton,2024,commercial,wastewater,MGD,2.4127815219687587
Clayton,2024,groundwater,agricultural,MGD,0
Clayton,2024,groundwater,industrial,MGD,0.15786146723646724
Clayton,2024,groundwater,publicWatSup,MGD,0.03
Clayton,2024,groundwater,residential,MGD,0
Clayton,2024,inFrom_DeKalb_Dekalb (Cherokee Trail Site) to Clayton County,CLAYTON NORTHEAST WRF,MGD,0.09
Clayton,2024,inFrom_DeKalb_Dekalb County (Cherokee Trail Site) to Clayton County,CLAYTON NORTHEAST WRF,MGD,0.090602324
Clayton,2024,inFrom_Fulton_City of College Park (Yorktown Site) to Clayton County,CLAYTON W.B. CASEY WRF,MGD,3.001305177
Clayton,2024,inFrom_Fulton_College Park Yorktown Site,CLAYTON W.B. CASEY WRF,MGD,3.001305177
Clayton,2024,inFrom_Henry_Henry,CLAYTON W.B. CASEY WRF,MGD,0.08
Clayton,2024,industrial,discharge,MGD,0.4510327635327638
Clayton,2024,industrial,losses,MGD,0.2504383029406403
Clayton,2024,industrial,wastewater,MGD,1.1899399778800468
Clayton,2024,publicWatSup,agricultural,MGD,4.179744985956045e-4
Clayton,2024,publicWatSup,commercial,MGD,5.630787159403306
Clayton,2024,publicWatSup,industrial,MGD,1.440378280820687
Clayton,2024,publicWatSup,losses,MGD,3.040170836
Clayton,2024,publicWatSup,residential,MGD,17.95121210327741
Clayton,2024,residential,losses,MGD,1.2690020962768997
Clayton,2024,residential,septic,MGD,2.1506849315068495
Clayton,2024,residential,wastewater,MGD,14.53152507549366
Clayton,2024,subsurface,wastewater,MGD,3.626849315068493
Clayton,2024,wastewater,Atlanta South River WRC,MGD,0
Clayton,2024,wastewater,CLAYTON NORTHEAST WRF,MGD,3.562082274987124
Clayton,2024,wastewater,CLAYTON SHOAL CREEK WRF,MGD,1.4558922398003964
Clayton,2024,wastewater,CLAYTON W.B. CASEY WRF,MGD,13.23080033462344
Clayton,2024,wastewater,Snapfinger Creek,MGD,3.512321041
Cobb,2020,Allatoona Lake,publicWatSup,MGD,41.20919968023077
Cobb,2020,COBB NOONDAY CREEK WRF,Noonday Creek Tributary_ds,MGD,9.441272199368317
Cobb,2020,COBB NORTHWEST WRF,Allatoona Lake_ds,MGD,6.13679678813217
Cobb,2020,COBB RL SUTTON WRF,Chattahoochee River_ds,MGD,31.42636721877102
Cobb,2020,COBB SOUTH COBB WRF,Chattahoochee River_ds,MGD,22.21276983548191
Cobb,2020,Chattahoochee Basin,Jack McDonough Plant,MGD,11.022055
Cobb,2020,Chattahoochee Basin,industrial,MGD,0.3971713653603034
Cobb,2020,Chattahoochee River,publicWatSup,MGD,36.84266196576923
Cobb,2020,Coosa_Etowah Basin,industrial,MGD,3.9339994529207947
Cobb,2020,Hickory Log Creek Reservoir,publicWatSup,MGD,0
Cobb,2020,Jack McDonough Plant,Discharge,MGD,2.8220550000000006
Cobb,2020,Jack McDonough Plant,Losses,MGD,8.2
Cobb,2020,agricultural,losses,MGD,0
Cobb,2020,agricultural,wastewater,MGD,0
Cobb,2020,commercial,losses,MGD,4.1527747327296805
Cobb,2020,commercial,wastewater,MGD,15.986553003758337
Cobb,2020,groundwater,agricultural,MGD,0
Cobb,2020,groundwater,industrial,MGD,2.3321689021513605
Cobb,2020,groundwater,residential,MGD,0
Cobb,2020,inFrom_Bartow_Bartow County,COBB NORTHWEST WRF,MGD,0.062974944
Cobb,2020,inFrom_Bartow_Bartow County to Cobb County,COBB NORTHWEST WRF,MGD,0.045056
Cobb,2020,inFrom_Cherokee_Cherokee County,COBB NOONDAY CREEK WRF,MGD,0.421710154
Cobb,2020,inFrom_Cherokee_Cherokee to Cobb County Water,COBB RL SUTTON WRF,MGD,0.407845133
Cobb,2020,inFrom_Douglas_Douglas,COBB RL SUTTON WRF,MGD,0.2
Cobb,2020,inFrom_Douglas_Douglas County,COBB RL SUTTON WRF,MGD,0.2
Cobb,2020,inFrom_Fulton_City of Atlanta,COBB RL SUTTON WRF,MGD,0.177602648
Cobb,2020,inFrom_Fulton_Fulton County,COBB RL SUTTON WRF,MGD,5.693731943
Cobb,2020,inFrom_Paulding_Paulding County,COBB SOUTH COBB WRF,MGD,0.088425697
Cobb,2020,industrial,discharge,MGD,6.663339720432458
Cobb,2020,industrial,losses,MGD,0.2383764841468674
Cobb,2020,industrial,wastewater,MGD,1.1041269683829664
Cobb,2020,publicWatSup,agricultural,MGD,0
Cobb,2020,publicWatSup,commercial,MGD,20.139327736488017
Cobb,2020,publicWatSup,industrial,MGD,1.3425034525298338
Cobb,2020,publicWatSup,losses,MGD,6.750554578
Cobb,2020,publicWatSup,residential,MGD,49.819475878982146
Cobb,2020,residential,losses,MGD,9.961388727835782
Cobb,2020,residential,septic,MGD,4.7315068493150685
Cobb,2020,residential,wastewater,MGD,35.1265803018313
Cobb,2020,subsurface,wastewater,MGD,17.492782191780822
Cobb,2020,wastewater,COBB NOONDAY CREEK WRF,MGD,9.019562045368318
Cobb,2020,wastewater,COBB NORTHWEST WRF,MGD,6.02876584413217
Cobb,2020,wastewater,COBB RL SUTTON WRF,MGD,24.747187494771023
Cobb,2020,wastewater,COBB SOUTH COBB WRF,MGD,22.12434413848191
Cobb,2020,wastewater,Douglas SouthCentral WPCP,MGD,5.2
Cobb,2020,wastewater,Fulton Big Creek WRF,MGD,2.53486315
Cobb,2020,wastewater,Paulding Pumpkinvine WRF,MGD,0.055319793
Cobb,2021,Allatoona Lake,publicWatSup,MGD,41.7087565846958
Cobb,2021,COBB NOONDAY CREEK WRF,Noonday Creek Tributary_ds,MGD,9.428241389858293
Cobb,2021,COBB NORTHWEST WRF,Allatoona Lake_ds,MGD,6.281517749464907
Cobb,2021,COBB RL SUTTON WRF,Chattahoochee River_ds,MGD,31.49106836834655
Cobb,2021,COBB SOUTH COBB WRF,Chattahoochee River_ds,MGD,22.171007314042573
Cobb,2021,Chattahoochee Basin,Jack McDonough Plant,MGD,11.4
Cobb,2021,Chattahoochee Basin,industrial,MGD,0.3971713653603034
Cobb,2021,Chattahoochee River,publicWatSup,MGD,37.2892856883042
Cobb,2021,Coosa_Etowah Basin,industrial,MGD,3.9339994529207947
Cobb,2021,Hickory Log Creek Reservoir,publicWatSup,MGD,0
Cobb,2021,Jack McDonough Plant,Discharge,MGD,3.3000000000000007
Cobb,2021,Jack McDonough Plant,Losses,MGD,8.1
Cobb,2021,agricultural,losses,MGD,0
Cobb,2021,agricultural,wastewater,MGD,0
Cobb,2021,commercial,losses,MGD,4.2133514580296385
Cobb,2021,commercial,wastewater,MGD,16.17011448901766
Cobb,2021,groundwater,agricultural,MGD,0
Cobb,2021,groundwater,industrial,MGD,2.3321689021513605
Cobb,2021,groundwater,residential,MGD,0
Cobb,2021,inFrom_Bartow_Bartow County,COBB NORTHWEST WRF,MGD,0.064508444
Cobb,2021,inFrom_Bartow_Bartow County to Cobb County,COBB NORTHWEST WRF,MGD,0.0464032
Cobb,2021,inFrom_Cherokee_Cherokee County,COBB NOONDAY CREEK WRF,MGD,0.435847905
Cobb,2021,inFrom_Cherokee_Cherokee to Cobb County Water,COBB RL SUTTON WRF,MGD,0.421710154
Cobb,2021,inFrom_Douglas_Douglas,COBB RL SUTTON WRF,MGD,0.24
Cobb,2021,inFrom_Douglas_Douglas County,COBB RL SUTTON WRF,MGD,0.24
Cobb,2021,inFrom_Fulton_City of Atlanta,COBB RL SUTTON WRF,MGD,0.178975327
Cobb,2021,inFrom_Fulton_Fulton County,COBB RL SUTTON WRF,MGD,5.73773842
Cobb,2021,inFrom_Paulding_Paulding County,COBB NORTHWEST WRF,MGD,0.16
Cobb,2021,inFrom_Paulding_Paulding County,COBB SOUTH COBB WRF,MGD,0.113305722
Cobb,2021,industrial,discharge,MGD,6.663339720432458
Cobb,2021,industrial,losses,MGD,0.24095229425140263
Cobb,2021,industrial,wastewater,MGD,1.117825603442766
Cobb,2021,publicWatSup,agricultural,MGD,0
Cobb,2021,publicWatSup,commercial,MGD,20.3834659470473
Cobb,2021,publicWatSup,industrial,MGD,1.3587778976941687
Cobb,2021,publicWatSup,losses,MGD,6.83238791
Cobb,2021,publicWatSup,residential,MGD,50.423410518258535
Cobb,2021,residential,losses,MGD,10.11600814496554
Cobb,2021,residential,septic,MGD,4.745205479452054
Cobb,2021,residential,wastewater,MGD,35.56219689384094
Cobb,2021,subsurface,wastewater,MGD,17.70479589041096
Cobb,2021,wastewater,COBB NOONDAY CREEK WRF,MGD,8.992393484858294
Cobb,2021,wastewater,COBB NORTHWEST WRF,MGD,6.010606105464906
Cobb,2021,wastewater,COBB RL SUTTON WRF,MGD,24.672644467346554
Cobb,2021,wastewater,COBB SOUTH COBB WRF,MGD,22.057701592042573
Cobb,2021,wastewater,Douglas SouthCentral WPCP,MGD,6.2
Cobb,2021,wastewater,Fulton Big Creek WRF,MGD,2.565596717
Cobb,2021,wastewater,Paulding Pumpkinvine WRF,MGD,0.05599051
Cobb,2022,Allatoona Lake,publicWatSup,MGD,42.22934406959789
Cobb,2022,COBB NOONDAY CREEK WRF,Noonday Creek Tributary_ds,MGD,9.421763666255146
Cobb,2022,COBB NORTHWEST WRF,Allatoona Lake_ds,MGD,6.430911856575354
Cobb,2022,COBB RL SUTTON WRF,Chattahoochee River_ds,MGD,31.57138324619273
Cobb,2022,COBB SOUTH COBB WRF,Chattahoochee River_ds,MGD,22.14668071119594
Cobb,2022,Chattahoochee Basin,Jack McDonough Plant,MGD,11.2
Cobb,2022,Chattahoochee Basin,industrial,MGD,0.3971713653603034
Cobb,2022,Chattahoochee River,publicWatSup,MGD,37.75471158540209
Cobb,2022,Coosa_Etowah Basin,industrial,MGD,3.9339994529207947
Cobb,2022,Hickory Log Creek Reservoir,publicWatSup,MGD,0
Cobb,2022,Jack McDonough Plant,Discharge,MGD,3.6999999999999993
Cobb,2022,Jack McDonough Plant,Losses,MGD,7.5
Cobb,2022,agricultural,losses,MGD,0
Cobb,2022,agricultural,wastewater,MGD,0
Cobb,2022,commercial,losses,MGD,4.270498967027837
Cobb,2022,commercial,wastewater,MGD,16.367383030080322
Cobb,2022,groundwater,agricultural,MGD,0
Cobb,2022,groundwater,industrial,MGD,2.3321689021513605
Cobb,2022,groundwater,residential,MGD,0
Cobb,2022,inFrom_Bartow_Bartow County,COBB NORTHWEST WRF,MGD,0.065920328
Cobb,2022,inFrom_Bartow_Bartow County to Cobb County,COBB NORTHWEST WRF,MGD,0.0476832
Cobb,2022,inFrom_Cherokee_Cherokee County,COBB NOONDAY CREEK WRF,MGD,0.449264821
Cobb,2022,inFrom_Cherokee_Cherokee to Cobb County Water,COBB RL SUTTON WRF,MGD,0.435847905
Cobb,2022,inFrom_Douglas_Douglas,COBB RL SUTTON WRF,MGD,0.28
Cobb,2022,inFrom_Douglas_Douglas County,COBB RL SUTTON WRF,MGD,0.28
Cobb,2022,inFrom_Fulton_City of Atlanta,COBB RL SUTTON WRF,MGD,0.180208357
Cobb,2022,inFrom_Fulton_Fulton County,COBB RL SUTTON WRF,MGD,5.777267914
Cobb,2022,inFrom_Paulding_Paulding County,COBB NORTHWEST WRF,MGD,0.32
Cobb,2022,inFrom_Paulding_Paulding County,COBB SOUTH COBB WRF,MGD,0.137779255
Cobb,2022,industrial,discharge,MGD,6.663339720432459
Cobb,2022,industrial,losses,MGD,0.24421266575750722
Cobb,2022,industrial,wastewater,MGD,1.1315248060634706
Cobb,2022,publicWatSup,agricultural,MGD,0
Cobb,2022,publicWatSup,commercial,MGD,20.63788199710816
Cobb,2022,publicWatSup,industrial,MGD,1.3757374718209778
Cobb,2022,publicWatSup,losses,MGD,6.917666302
Cobb,2022,publicWatSup,residential,MGD,51.052769884070855
Cobb,2022,residential,losses,MGD,10.27685580240643
Cobb,2022,residential,septic,MGD,4.756164383561644
Cobb,2022,residential,wastewater,MGD,36.01974969810278
Cobb,2022,subsurface,wastewater,MGD,17.928750273972604
Cobb,2022,wastewater,COBB NOONDAY CREEK WRF,MGD,8.972498845255146
Cobb,2022,wastewater,COBB NORTHWEST WRF,MGD,5.997308328575354
Cobb,2022,wastewater,COBB RL SUTTON WRF,MGD,24.61805907019273
Cobb,2022,wastewater,COBB SOUTH COBB WRF,MGD,22.00890145619594
Cobb,2022,wastewater,Douglas SouthCentral WPCP,MGD,7.2
Cobb,2022,wastewater,Fulton Big Creek WRF,MGD,2.594029102
Cobb,2022,wastewater,Paulding Pumpkinvine WRF,MGD,0.056611006
Cobb,2023,Allatoona Lake,publicWatSup,MGD,42.745778944681824
Cobb,2023,COBB NOONDAY CREEK WRF,Noonday Creek Tributary_ds,MGD,9.412861601162545
Cobb,2023,COBB NORTHWEST WRF,Allatoona Lake_ds,MGD,6.578999329063668
Cobb,2023,COBB RL SUTTON WRF,Chattahoochee River_ds,MGD,31.647049644057905
Cobb,2023,COBB SOUTH COBB WRF,Chattahoochee River_ds,MGD,22.11691512111315
Cobb,2023,Chattahoochee Basin,Jack McDonough Plant,MGD,11.2
Cobb,2023,Chattahoochee Basin,industrial,MGD,0.3971713653603034
Cobb,2023,Chattahoochee River,publicWatSup,MGD,38.216424884318194
Cobb,2023,Coosa_Etowah Basin,industrial,MGD,3.9339994529207947
Cobb,2023,Hickory Log Creek Reservoir,publicWatSup,MGD,0
Cobb,2023,Jack McDonough Plant,Discharge,MGD,3.6999999999999993
Cobb,2023,Jack McDonough Plant,Losses,MGD,7.5
Cobb,2023,agricultural,losses,MGD,0
Cobb,2023,agricultural,wastewater,MGD,0
Cobb,2023,commercial,losses,MGD,4.328365154147427
Cobb,2023,commercial,wastewater,MGD,16.56190347502116
Cobb,2023,groundwater,agricultural,MGD,0
Cobb,2023,groundwater,industrial,MGD,2.3321689021513605
Cobb,2023,groundwater,residential,MGD,0
Cobb,2023,inFrom_Bartow_Bartow County,COBB NORTHWEST WRF,MGD,0.067396218
Cobb,2023,inFrom_Bartow_Bartow County to Cobb County,COBB NORTHWEST WRF,MGD,0.0489632
Cobb,2023,inFrom_Cherokee_Cherokee County,COBB NOONDAY CREEK WRF,MGD,0.462307994
Cobb,2023,inFrom_Cherokee_Cherokee to Cobb County Water,COBB RL SUTTON WRF,MGD,0.449264821
Cobb,2023,inFrom_Douglas_Douglas,COBB RL SUTTON WRF,MGD,0.32
Cobb,2023,inFrom_Douglas_Douglas County,COBB RL SUTTON WRF,MGD,0.32
Cobb,2023,inFrom_Fulton_City of Atlanta,COBB RL SUTTON WRF,MGD,0.181492769
Cobb,2023,inFrom_Fulton_Fulton County,COBB RL SUTTON WRF,MGD,5.818444657
Cobb,2023,inFrom_Paulding_Paulding County,COBB NORTHWEST WRF,MGD,0.48
Cobb,2023,inFrom_Paulding_Paulding County,COBB SOUTH COBB WRF,MGD,0.161843773
Cobb,2023,industrial,discharge,MGD,6.663339720432458
Cobb,2023,industrial,losses,MGD,0.24733833139582595
Cobb,2023,industrial,wastewater,MGD,1.1452234330122162
Cobb,2023,publicWatSup,agricultural,MGD,0
Cobb,2023,publicWatSup,commercial,MGD,20.890268629168588
Cobb,2023,publicWatSup,industrial,MGD,1.3925617644080421
Cobb,2023,publicWatSup,losses,MGD,7.002264447
Cobb,2023,publicWatSup,residential,MGD,51.67710898842338
Cobb,2023,residential,losses,MGD,10.440920827963609
Cobb,2023,residential,septic,MGD,4.767123287671233
Cobb,2023,residential,wastewater,MGD,36.469064872788536
Cobb,2023,subsurface,wastewater,MGD,18.149024246575344
Cobb,2023,wastewater,COBB NOONDAY CREEK WRF,MGD,8.950553607162545
Cobb,2023,wastewater,COBB NORTHWEST WRF,MGD,5.982639911063668
Cobb,2023,wastewater,COBB RL SUTTON WRF,MGD,24.557847397057905
Cobb,2023,wastewater,COBB SOUTH COBB WRF,MGD,21.955071348113147
Cobb,2023,wastewater,Douglas SouthCentral WPCP,MGD,8.2
Cobb,2023,wastewater,Fulton Big Creek WRF,MGD,2.621884845
Cobb,2023,wastewater,Paulding Pumpkinvine WRF,MGD,0.057218919
Cobb,2024,Allatoona Lake,publicWatSup,MGD,43.252857824391604
Cobb,2024,COBB NOONDAY CREEK WRF,Noonday Creek Tributary_ds,MGD,9.400976649167557
Cobb,2024,COBB NORTHWEST WRF,Allatoona Lake_ds,MGD,6.725123336823294
Cobb,2024,COBB RL SUTTON WRF,Chattahoochee River_ds,MGD,31.716841890899065
Cobb,2024,COBB SOUTH COBB WRF,Chattahoochee River_ds,MGD,22.080142249205984
Cobb,2024,Chattahoochee Basin,Jack McDonough Plant,MGD,11.2
Cobb,2024,Chattahoochee Basin,industrial,MGD,0.3971713653603034
Cobb,2024,Chattahoochee River,publicWatSup,MGD,38.669773551608394
Cobb,2024,Coosa_Etowah Basin,industrial,MGD,3.9339994529207947
Cobb,2024,Hickory Log Creek Reservoir,publicWatSup,MGD,0
Cobb,2024,Jack McDonough Plant,Discharge,MGD,2.799999999999999
Cobb,2024,Jack McDonough Plant,Losses,MGD,8.4
Cobb,2024,agricultural,losses,MGD,0
Cobb,2024,agricultural,wastewater,MGD,0
Cobb,2024,commercial,losses,MGD,4.387138439979065
Cobb,2024,commercial,wastewater,MGD,16.750944463310567
Cobb,2024,groundwater,agricultural,MGD,0
Cobb,2024,groundwater,industrial,MGD,2.3321689021513605
Cobb,2024,groundwater,residential,MGD,0
Cobb,2024,inFrom_Bartow_Bartow County,COBB NORTHWEST WRF,MGD,0.068830804
Cobb,2024,inFrom_Bartow_Bartow County to Cobb County,COBB NORTHWEST WRF,MGD,0.0502432
Cobb,2024,inFrom_Cherokee_Cherokee County,COBB NOONDAY CREEK WRF,MGD,0.475244001
Cobb,2024,inFrom_Cherokee_Cherokee to Cobb County Water,COBB RL SUTTON WRF,MGD,0.462307994
Cobb,2024,inFrom_Douglas_Douglas,COBB RL SUTTON WRF,MGD,0.36
Cobb,2024,inFrom_Douglas_Douglas County,COBB RL SUTTON WRF,MGD,0.36
Cobb,2024,inFrom_Fulton_City of Atlanta,COBB RL SUTTON WRF,MGD,0.18284947
Cobb,2024,inFrom_Fulton_Fulton County,COBB RL SUTTON WRF,MGD,5.861938887
Cobb,2024,inFrom_Paulding_Paulding County,COBB NORTHWEST WRF,MGD,0.64
Cobb,2024,inFrom_Paulding_Paulding County,COBB SOUTH COBB WRF,MGD,0.185954948
Cobb,2024,industrial,discharge,MGD,6.663339720432459
Cobb,2024,industrial,losses,MGD,0.2501591925725024
Cobb,2024,industrial,wastewater,MGD,1.1589220654204073
Cobb,2024,publicWatSup,agricultural,MGD,0
Cobb,2024,publicWatSup,commercial,MGD,21.138082903289632
Cobb,2024,publicWatSup,industrial,MGD,1.4090812579929097
Cobb,2024,publicWatSup,losses,MGD,7.085329967
Cobb,2024,publicWatSup,residential,MGD,52.29013724771745
Cobb,2024,residential,losses,MGD,10.601894187407332
Cobb,2024,residential,septic,MGD,4.780821917808219
Cobb,2024,residential,wastewater,MGD,36.9074211425019
Cobb,2024,subsurface,wastewater,MGD,18.363791369863016
Cobb,2024,wastewater,COBB NOONDAY CREEK WRF,MGD,8.925732648167557
Cobb,2024,wastewater,COBB NORTHWEST WRF,MGD,5.966049332823294
Cobb,2024,wastewater,COBB RL SUTTON WRF,MGD,24.489745539899065
Cobb,2024,wastewater,COBB SOUTH COBB WRF,MGD,21.894187301205985
Cobb,2024,wastewater,Douglas SouthCentral WPCP,MGD,9.2
Cobb,2024,wastewater,Fulton Big Creek WRF,MGD,2.647584443
Cobb,2024,wastewater,Paulding Pumpkinvine WRF,MGD,0.057779776
Coweta,2020,COWETA ARNALL/SARGENT WPCP,Wahoo Creek_ds,MGD,0.040340508806262235
Coweta,2020,COWETA ARNCO WPCP,Wahoo Creek_ds,MGD,0.05378734507501633
Coweta,2020,COWETA SHENANDOAH WPCP,"White Oak Creek, Tributary to Flint River_ds",MGD,1.183321591650359
Coweta,2020,Cedar Creek (B.T. Brown) Reservoir,publicWatSup,MGD,2.187037473988439
Coweta,2020,Chattahoochee Basin,Yates Plant,MGD,19.1
Coweta,2020,Chattahoochee Basin,industrial,MGD,0.11768040455120095
Coweta,2020,Flint Basin,industrial,MGD,0.10428240740740738
Coweta,2020,GRANTVILLE COLLEY STREET LAS,Land Application,MGD,0.08068101761252447
Coweta,2020,GRANTVILLE PONDS,Various,MGD,0.08068101761252447
Coweta,2020,Hutchins Lake,publicWatSup,MGD,0.15621696242774566
Coweta,2020,J.T. Haynes Reservoir,publicWatSup,MGD,4.998942797687861
Coweta,2020,Line Creek,publicWatSup,MGD,0.9373017745664739
Coweta,2020,NEWNAN MINERAL SPRINGS,Mineral Springs Branch/Mountain Creek_ds,MGD,0.8202570123939987
Coweta,2020,NEWNAN WAHOO CREEK,Wahoo Creek Tributary_ds,MGD,3.038984996738422
Coweta,2020,SENOIA LAS,Land Application,MGD,0.3496177429876061
Coweta,2020,Sandy/Browns Creek,publicWatSup,MGD,2.187037473988439
Coweta,2020,Still Branch Creek Reservoir,publicWatSup,MGD,2.4213629176300575
Coweta,2020,White Oak Creek,publicWatSup,MGD,0.6248678497109826
Coweta,2020,Yates Plant,Discharge,MGD,15.400000000000002
Coweta,2020,Yates Plant,Losses,MGD,3.7
Coweta,2020,agricultural,losses,MGD,0.08
Coweta,2020,agricultural,wastewater,MGD,0
Coweta,2020,commercial,losses,MGD,1.5351120593222838
Coweta,2020,commercial,wastewater,MGD,1.3643835616438356
Coweta,2020,groundwater,agricultural,MGD,0.08
Coweta,2020,groundwater,industrial,MGD,0.11951843720848139
Coweta,2020,groundwater,publicWatSup,MGD,0.19
Coweta,2020,groundwater,residential,MGD,0.715025696
Coweta,2020,industrial,discharge,MGD,0.3414812491670899
Coweta,2020,industrial,losses,MGD,0.18012408217808218
Coweta,2020,industrial,wastewater,MGD,0.6821917808219178
Coweta,2020,publicWatSup,agricultural,MGD,0
Coweta,2020,publicWatSup,commercial,MGD,2.8994956209661193
Coweta,2020,publicWatSup,industrial,MGD,0.862315863
Coweta,2020,publicWatSup,losses,MGD,1.438710446
Coweta,2020,publicWatSup,residential,MGD,8.50224532003388
Coweta,2020,residential,losses,MGD,1.7542573174037432
Coweta,2020,residential,septic,MGD,4.375342465753425
Coweta,2020,residential,wastewater,MGD,3.0876712328767124
Coweta,2020,subsurface,wastewater,MGD,0.5134246575342466
Coweta,2020,wastewater,COWETA ARNALL/SARGENT WPCP,MGD,0.040340508806262235
Coweta,2020,wastewater,COWETA ARNCO WPCP,MGD,0.05378734507501633
Coweta,2020,wastewater,COWETA SHENANDOAH WPCP,MGD,1.183321591650359
Coweta,2020,wastewater,GRANTVILLE COLLEY STREET LAS,MGD,0.08068101761252447
Coweta,2020,wastewater,GRANTVILLE PONDS,MGD,0.08068101761252447
Coweta,2020,wastewater,NEWNAN MINERAL SPRINGS,MGD,0.8202570123939987
Coweta,2020,wastewater,NEWNAN WAHOO CREEK,MGD,3.038984996738422
Coweta,2020,wastewater,SENOIA LAS,MGD,0.3496177429876061
Coweta,2021,COWETA ARNALL/SARGENT WPCP,Wahoo Creek_ds,MGD,0.04107240704500979
Coweta,2021,COWETA ARNCO WPCP,Wahoo Creek_ds,MGD,0.054763209393346404
Coweta,2021,COWETA SHENANDOAH WPCP,"White Oak Creek, Tributary to Flint River_ds",MGD,1.2047906066536207
Coweta,2021,Cedar Creek (B.T. Brown) Reservoir,publicWatSup,MGD,2.23458206134104
Coweta,2021,Chattahoochee Basin,Yates Plant,MGD,14.7
Coweta,2021,Chattahoochee Basin,industrial,MGD,0.11768040455120095
Coweta,2021,Flint Basin,industrial,MGD,0.10428240740740738
Coweta,2021,GRANTVILLE COLLEY STREET LAS,Land Application,MGD,0.08214481409001959
Coweta,2021,GRANTVILLE PONDS,Various,MGD,0.08214481409001959
Coweta,2021,Hutchins Lake,publicWatSup,MGD,0.1596130043815029
Coweta,2021,J.T. Haynes Reservoir,publicWatSup,MGD,5.107616140208092
Coweta,2021,Line Creek,publicWatSup,MGD,0.9576780262890172
Coweta,2021,NEWNAN MINERAL SPRINGS,Mineral Springs Branch/Mountain Creek_ds,MGD,0.8351389432485324
Coweta,2021,NEWNAN WAHOO CREEK,Wahoo Creek Tributary_ds,MGD,3.0941213307240716
Coweta,2021,SENOIA LAS,Land Application,MGD,0.3559608610567516
Coweta,2021,Sandy/Browns Creek,publicWatSup,MGD,2.23458206134104
Coweta,2021,Still Branch Creek Reservoir,publicWatSup,MGD,2.4740015679132945
Coweta,2021,White Oak Creek,publicWatSup,MGD,0.6384520175260116
Coweta,2021,Yates Plant,Discharge,MGD,12.5
Coweta,2021,Yates Plant,Losses,MGD,2.2
Coweta,2021,agricultural,losses,MGD,0.08
Coweta,2021,agricultural,wastewater,MGD,0
Coweta,2021,commercial,losses,MGD,1.569873699980875
Coweta,2021,commercial,wastewater,MGD,1.3917808219178083
Coweta,2021,groundwater,agricultural,MGD,0.08
Coweta,2021,groundwater,industrial,MGD,0.11951843720848139
Coweta,2021,groundwater,publicWatSup,MGD,0.19
Coweta,2021,groundwater,residential,MGD,0.730354297
Coweta,2021,industrial,discharge,MGD,0.3414812491670899
Coweta,2021,industrial,losses,MGD,0.18491163504109587
Coweta,2021,industrial,wastewater,MGD,0.6958904109589041
Coweta,2021,publicWatSup,agricultural,MGD,0
Coweta,2021,publicWatSup,commercial,MGD,2.961654521898683
Coweta,2021,publicWatSup,industrial,MGD,0.880802046
Coweta,2021,publicWatSup,losses,MGD,1.469553279
Coweta,2021,publicWatSup,residential,MGD,8.684515032101316
Coweta,2021,residential,losses,MGD,1.7984309729369325
Coweta,2021,residential,septic,MGD,4.476712328767123
Coweta,2021,residential,wastewater,MGD,3.1397260273972605
Coweta,2021,subsurface,wastewater,MGD,0.5227397260273973
Coweta,2021,wastewater,COWETA ARNALL/SARGENT WPCP,MGD,0.04107240704500979
Coweta,2021,wastewater,COWETA ARNCO WPCP,MGD,0.054763209393346404
Coweta,2021,wastewater,COWETA SHENANDOAH WPCP,MGD,1.2047906066536207
Coweta,2021,wastewater,GRANTVILLE COLLEY STREET LAS,MGD,0.08214481409001959
Coweta,2021,wastewater,GRANTVILLE PONDS,MGD,0.08214481409001959
Coweta,2021,wastewater,NEWNAN MINERAL SPRINGS,MGD,0.8351389432485324
Coweta,2021,wastewater,NEWNAN WAHOO CREEK,MGD,3.0941213307240716
Coweta,2021,wastewater,SENOIA LAS,MGD,0.3559608610567516
Coweta,2022,COWETA ARNALL/SARGENT WPCP,Wahoo Creek_ds,MGD,0.041804305283757344
Coweta,2022,COWETA ARNCO WPCP,Wahoo Creek_ds,MGD,0.05573907371167647
Coweta,2022,COWETA SHENANDOAH WPCP,"White Oak Creek, Tributary to Flint River_ds",MGD,1.2262596216568822
Coweta,2022,Cedar Creek (B.T. Brown) Reservoir,publicWatSup,MGD,2.28183411100578
Coweta,2022,Chattahoochee Basin,Yates Plant,MGD,12.7
Coweta,2022,Chattahoochee Basin,industrial,MGD,0.11768040455120095
Coweta,2022,Flint Basin,industrial,MGD,0.10428240740740738
Coweta,2022,GRANTVILLE COLLEY STREET LAS,Land Application,MGD,0.08360861056751469
Coweta,2022,GRANTVILLE PONDS,Various,MGD,0.08360861056751469
Coweta,2022,Hutchins Lake,publicWatSup,MGD,0.16298815078612716
Coweta,2022,J.T. Haynes Reservoir,publicWatSup,MGD,5.215620825156069
Coweta,2022,Line Creek,publicWatSup,MGD,0.977928904716763
Coweta,2022,NEWNAN MINERAL SPRINGS,Mineral Springs Branch/Mountain Creek_ds,MGD,0.8500208741030659
Coweta,2022,NEWNAN WAHOO CREEK,Wahoo Creek Tributary_ds,MGD,3.1492576647097197
Coweta,2022,SENOIA LAS,Land Application,MGD,0.362303979125897
Coweta,2022,Sandy/Browns Creek,publicWatSup,MGD,2.28183411100578
Coweta,2022,Still Branch Creek Reservoir,publicWatSup,MGD,2.526316337184971
Coweta,2022,White Oak Creek,publicWatSup,MGD,0.6519526031445086
Coweta,2022,Yates Plant,Discharge,MGD,10.5
Coweta,2022,Yates Plant,Losses,MGD,2.2
Coweta,2022,agricultural,losses,MGD,0.08
Coweta,2022,agricultural,wastewater,MGD,0
Coweta,2022,commercial,losses,MGD,1.6015131578448718
Coweta,2022,commercial,wastewater,MGD,1.4219178082191781
Coweta,2022,groundwater,agricultural,MGD,0.08
Coweta,2022,groundwater,industrial,MGD,0.11951843720848139
Coweta,2022,groundwater,publicWatSup,MGD,0.19
Coweta,2022,groundwater,residential,MGD,0.745588582
Coweta,2022,industrial,discharge,MGD,0.34148124916708966
Coweta,2022,industrial,losses,MGD,0.18958544390410959
Coweta,2022,industrial,wastewater,MGD,0.7095890410958904
Coweta,2022,publicWatSup,agricultural,MGD,0
Coweta,2022,publicWatSup,commercial,MGD,3.02343096606405
Coweta,2022,publicWatSup,industrial,MGD,0.899174485
Coweta,2022,publicWatSup,losses,MGD,1.50020634
Coweta,2022,publicWatSup,residential,MGD,8.86566325193595
Coweta,2022,residential,losses,MGD,1.8441285462647183
Coweta,2022,residential,septic,MGD,4.578082191780822
Coweta,2022,residential,wastewater,MGD,3.1890410958904107
Coweta,2022,subsurface,wastewater,MGD,0.5320547945205479
Coweta,2022,wastewater,COWETA ARNALL/SARGENT WPCP,MGD,0.041804305283757344
Coweta,2022,wastewater,COWETA ARNCO WPCP,MGD,0.05573907371167647
Coweta,2022,wastewater,COWETA SHENANDOAH WPCP,MGD,1.2262596216568822
Coweta,2022,wastewater,GRANTVILLE COLLEY STREET LAS,MGD,0.08360861056751469
Coweta,2022,wastewater,GRANTVILLE PONDS,MGD,0.08360861056751469
Coweta,2022,wastewater,NEWNAN MINERAL SPRINGS,MGD,0.8500208741030659
Coweta,2022,wastewater,NEWNAN WAHOO CREEK,MGD,3.1492576647097197
Coweta,2022,wastewater,SENOIA LAS,MGD,0.362303979125897
Coweta,2023,COWETA ARNALL/SARGENT WPCP,Wahoo Creek_ds,MGD,0.04255772994129159
Coweta,2023,COWETA ARNCO WPCP,Wahoo Creek_ds,MGD,0.05674363992172213
Coweta,2023,COWETA SHENANDOAH WPCP,"White Oak Creek, Tributary to Flint River_ds",MGD,1.2483600782778865
Coweta,2023,Cedar Creek (B.T. Brown) Reservoir,publicWatSup,MGD,2.3287770036069357
Coweta,2023,Chattahoochee Basin,Yates Plant,MGD,11.2
Coweta,2023,Chattahoochee Basin,industrial,MGD,0.11768040455120095
Coweta,2023,Flint Basin,industrial,MGD,0.10428240740740738
Coweta,2023,GRANTVILLE COLLEY STREET LAS,Land Application,MGD,0.08511545988258318
Coweta,2023,GRANTVILLE PONDS,Various,MGD,0.08511545988258318
Coweta,2023,Hutchins Lake,publicWatSup,MGD,0.16634121454335257
Coweta,2023,J.T. Haynes Reservoir,publicWatSup,MGD,5.322918865387282
Coweta,2023,Line Creek,publicWatSup,MGD,0.9980472872601155
Coweta,2023,NEWNAN MINERAL SPRINGS,Mineral Springs Branch/Mountain Creek_ds,MGD,0.8653405088062622
Coweta,2023,NEWNAN WAHOO CREEK,Wahoo Creek Tributary_ds,MGD,3.2060156555773
Coweta,2023,SENOIA LAS,Land Application,MGD,0.3688336594911938
Coweta,2023,Sandy/Browns Creek,publicWatSup,MGD,2.3287770036069357
Coweta,2023,Still Branch Creek Reservoir,publicWatSup,MGD,2.578288825421965
Coweta,2023,White Oak Creek,publicWatSup,MGD,0.6653648581734103
Coweta,2023,Yates Plant,Discharge,MGD,7.999999999999999
Coweta,2023,Yates Plant,Losses,MGD,3.2
Coweta,2023,agricultural,losses,MGD,0.08
Coweta,2023,agricultural,wastewater,MGD,0
Coweta,2023,commercial,losses,MGD,1.6327484279862996
Coweta,2023,commercial,wastewater,MGD,1.452054794520548
Coweta,2023,groundwater,agricultural,MGD,0.08
Coweta,2023,groundwater,industrial,MGD,0.11951843720848139
Coweta,2023,groundwater,publicWatSup,MGD,0.19
Coweta,2023,groundwater,residential,MGD,0.760723194
Coweta,2023,industrial,discharge,MGD,0.34148124916708966
Coweta,2023,industrial,losses,MGD,0.1941390477671232
Coweta,2023,industrial,wastewater,MGD,0.7232876712328767
Coweta,2023,publicWatSup,agricultural,MGD,0
Coweta,2023,publicWatSup,commercial,MGD,3.0848032225068476
Coweta,2023,publicWatSup,industrial,MGD,0.917426719
Coweta,2023,publicWatSup,losses,MGD,1.530658845
Coweta,2023,publicWatSup,residential,MGD,9.045626271493152
Coweta,2023,residential,losses,MGD,1.8885412463150706
Coweta,2023,residential,septic,MGD,4.676712328767123
Coweta,2023,residential,wastewater,MGD,3.241095890410959
Coweta,2023,subsurface,wastewater,MGD,0.5416438356164384
Coweta,2023,wastewater,COWETA ARNALL/SARGENT WPCP,MGD,0.04255772994129159
Coweta,2023,wastewater,COWETA ARNCO WPCP,MGD,0.05674363992172213
Coweta,2023,wastewater,COWETA SHENANDOAH WPCP,MGD,1.2483600782778865
Coweta,2023,wastewater,GRANTVILLE COLLEY STREET LAS,MGD,0.08511545988258318
Coweta,2023,wastewater,GRANTVILLE PONDS,MGD,0.08511545988258318
Coweta,2023,wastewater,NEWNAN MINERAL SPRINGS,MGD,0.8653405088062622
Coweta,2023,wastewater,NEWNAN WAHOO CREEK,MGD,3.2060156555773
Coweta,2023,wastewater,SENOIA LAS,MGD,0.3688336594911938
Coweta,2024,COWETA ARNALL/SARGENT WPCP,Wahoo Creek_ds,MGD,0.04328962818003915
Coweta,2024,COWETA ARNCO WPCP,Wahoo Creek_ds,MGD,0.057719504240052205
Coweta,2024,COWETA SHENANDOAH WPCP,"White Oak Creek, Tributary to Flint River_ds",MGD,1.2698290932811482
Coweta,2024,Cedar Creek (B.T. Brown) Reservoir,publicWatSup,MGD,2.376069381687861
Coweta,2024,Chattahoochee Basin,Yates Plant,MGD,6.2
Coweta,2024,Chattahoochee Basin,industrial,MGD,0.11768040455120095
Coweta,2024,Flint Basin,industrial,MGD,0.10428240740740738
Coweta,2024,GRANTVILLE COLLEY STREET LAS,Land Application,MGD,0.0865792563600783
Coweta,2024,GRANTVILLE PONDS,Various,MGD,0.0865792563600783
Coweta,2024,Hutchins Lake,publicWatSup,MGD,0.16971924154913295
Coweta,2024,J.T. Haynes Reservoir,publicWatSup,MGD,5.4310157295722545
Coweta,2024,Line Creek,publicWatSup,MGD,1.0183154492947977
Coweta,2024,NEWNAN MINERAL SPRINGS,Mineral Springs Branch/Mountain Creek_ds,MGD,0.8802224396607959
Coweta,2024,NEWNAN WAHOO CREEK,Wahoo Creek Tributary_ds,MGD,3.2611519895629493
Coweta,2024,SENOIA LAS,Land Application,MGD,0.37517677756033935
Coweta,2024,Sandy/Browns Creek,publicWatSup,MGD,2.376069381687861
Coweta,2024,Still Branch Creek Reservoir,publicWatSup,MGD,2.6306482440115606
Coweta,2024,White Oak Creek,publicWatSup,MGD,0.6788769661965318
Coweta,2024,Yates Plant,Discharge,MGD,2.7
Coweta,2024,Yates Plant,Losses,MGD,3.5
Coweta,2024,agricultural,losses,MGD,0.08
Coweta,2024,agricultural,wastewater,MGD,0
Coweta,2024,commercial,losses,MGD,1.6671803365310012
Coweta,2024,commercial,wastewater,MGD,1.4794520547945205
Coweta,2024,groundwater,agricultural,MGD,0.08
Coweta,2024,groundwater,industrial,MGD,0.11951843720848139
Coweta,2024,groundwater,publicWatSup,MGD,0.19
Coweta,2024,groundwater,residential,MGD,0.775970482
Coweta,2024,industrial,discharge,MGD,0.3414812491670898
Coweta,2024,industrial,losses,MGD,0.19608881060273975
Coweta,2024,industrial,wastewater,MGD,0.7397260273972602
Coweta,2024,publicWatSup,agricultural,MGD,0
Coweta,2024,publicWatSup,commercial,MGD,3.1466323913255216
Coweta,2024,publicWatSup,industrial,MGD,0.935814838
Coweta,2024,publicWatSup,losses,MGD,1.561338067
Coweta,2024,publicWatSup,residential,MGD,9.226929097674478
Coweta,2024,residential,losses,MGD,1.934406428989547
Coweta,2024,residential,septic,MGD,4.778082191780822
Coweta,2024,residential,wastewater,MGD,3.2904109589041095
Coweta,2024,subsurface,wastewater,MGD,0.550958904109589
Coweta,2024,wastewater,COWETA ARNALL/SARGENT WPCP,MGD,0.04328962818003915
Coweta,2024,wastewater,COWETA ARNCO WPCP,MGD,0.057719504240052205
Coweta,2024,wastewater,COWETA SHENANDOAH WPCP,MGD,1.2698290932811482
Coweta,2024,wastewater,GRANTVILLE COLLEY STREET LAS,MGD,0.0865792563600783
Coweta,2024,wastewater,GRANTVILLE PONDS,MGD,0.0865792563600783
Coweta,2024,wastewater,NEWNAN MINERAL SPRINGS,MGD,0.8802224396607959
Coweta,2024,wastewater,NEWNAN WAHOO CREEK,MGD,3.2611519895629493
Coweta,2024,wastewater,SENOIA LAS,MGD,0.37517677756033935
DeKalb,2020,Chattahoochee Basin,industrial,MGD,0.6982370670037925
DeKalb,2020,Chattahoochee River,publicWatSup,MGD,79.571418524
DeKalb,2020,Pole Bridge Creek,South River Tributary_ds,MGD,10.130879075799927
DeKalb,2020,Snapfinger Creek,South River_ds,MGD,26.763096407213773
DeKalb,2020,agricultural,losses,MGD,0
DeKalb,2020,agricultural,wastewater,MGD,0
DeKalb,2020,commercial,losses,MGD,3.234018182506558
DeKalb,2020,commercial,wastewater,MGD,14.655562747123069
DeKalb,2020,groundwater,agricultural,MGD,0
DeKalb,2020,groundwater,industrial,MGD,0.3759738053097344
DeKalb,2020,groundwater,residential,MGD,0
DeKalb,2020,inFrom_Clayton_Clayton County to Dekalb County,Snapfinger Creek,MGD,1.396363636
DeKalb,2020,inFrom_Clayton_Clayton to DeKalb,Snapfinger Creek,MGD,1.396363636
DeKalb,2020,inFrom_Fulton_Fulton,Pole Bridge Creek,MGD,0
DeKalb,2020,inFrom_Fulton_Fulton to DeKalb,Pole Bridge Creek,MGD,1.272
DeKalb,2020,inFrom_Gwinnett_Gwinnett to DeKalb,Pole Bridge Creek,MGD,0
DeKalb,2020,inFrom_Henry_Henry,Snapfinger Creek,MGD,0.4
DeKalb,2020,inFrom_Henry_Henry to DeKalb,Snapfinger Creek,MGD,0.072132616
DeKalb,2020,inFrom_Rockdale_Rockdale to DeKalb,Pole Bridge Creek,MGD,0.19
DeKalb,2020,industrial,discharge,MGD,1.0742108723135269
DeKalb,2020,industrial,losses,MGD,0
DeKalb,2020,industrial,wastewater,MGD,0
DeKalb,2020,publicWatSup,agricultural,MGD,0
DeKalb,2020,publicWatSup,commercial,MGD,17.889580929629627
DeKalb,2020,publicWatSup,industrial,MGD,0
DeKalb,2020,publicWatSup,losses,MGD,16.72160597
DeKalb,2020,publicWatSup,residential,MGD,44.96023162437037
DeKalb,2020,residential,losses,MGD,8.728123138616724
DeKalb,2020,residential,septic,MGD,2.9534246575342467
DeKalb,2020,residential,wastewater,MGD,33.2786838282194
DeKalb,2020,subsurface,wastewater,MGD,23.967123287671235
DeKalb,2020,wastewater,Atlanta RM Clayton WRC,MGD,34.40041452
DeKalb,2020,wastewater,Atlanta South River WRC,MGD,4.659400424
DeKalb,2020,wastewater,CLAYTON NORTHEAST WRF,MGD,0.178439324
DeKalb,2020,wastewater,Gwinnett  F.W. Hill,MGD,0.496
DeKalb,2020,wastewater,Pole Bridge Creek,MGD,8.668879075799927
DeKalb,2020,wastewater,Snapfinger Creek,MGD,23.498236519213773
DeKalb,2021,Chattahoochee Basin,industrial,MGD,0.6982370670037925
DeKalb,2021,Chattahoochee River,publicWatSup,MGD,80.87463317000001
DeKalb,2021,Pole Bridge Creek,South River Tributary_ds,MGD,10.396748782950446
DeKalb,2021,Snapfinger Creek,South River_ds,MGD,27.676901321939958
DeKalb,2021,agricultural,losses,MGD,0
DeKalb,2021,agricultural,wastewater,MGD,0
DeKalb,2021,commercial,losses,MGD,3.2914010328252346
DeKalb,2021,commercial,wastewater,MGD,14.891174092314476
DeKalb,2021,groundwater,agricultural,MGD,0
DeKalb,2021,groundwater,industrial,MGD,0.3759738053097344
DeKalb,2021,groundwater,residential,MGD,0
DeKalb,2021,inFrom_Clayton_Clayton County to Dekalb County,Snapfinger Creek,MGD,1.487603306
DeKalb,2021,inFrom_Clayton_Clayton to DeKalb,Snapfinger Creek,MGD,1.496727273
DeKalb,2021,inFrom_Fulton_Fulton,Pole Bridge Creek,MGD,0
DeKalb,2021,inFrom_Fulton_Fulton to DeKalb,Pole Bridge Creek,MGD,1.272
DeKalb,2021,inFrom_Gwinnett_Gwinnett to DeKalb,Pole Bridge Creek,MGD,0
DeKalb,2021,inFrom_Henry_Henry,Snapfinger Creek,MGD,0.4
DeKalb,2021,inFrom_Henry_Henry to DeKalb,Snapfinger Creek,MGD,0.073656359
DeKalb,2021,inFrom_Rockdale_Rockdale to DeKalb,Pole Bridge Creek,MGD,0.19
DeKalb,2021,industrial,discharge,MGD,1.0742108723135269
DeKalb,2021,industrial,losses,MGD,0
DeKalb,2021,industrial,wastewater,MGD,0
DeKalb,2021,publicWatSup,agricultural,MGD,0
DeKalb,2021,publicWatSup,commercial,MGD,18.18257512513971
DeKalb,2021,publicWatSup,industrial,MGD,0
DeKalb,2021,publicWatSup,losses,MGD,16.99547116
DeKalb,2021,publicWatSup,residential,MGD,45.69658688486029
DeKalb,2021,residential,losses,MGD,8.90282947032545
DeKalb,2021,residential,septic,MGD,2.958904109589041
DeKalb,2021,residential,wastewater,MGD,33.834853304945796
DeKalb,2021,subsurface,wastewater,MGD,24.363013698630134
DeKalb,2021,wastewater,Atlanta RM Clayton WRC,MGD,34.567860032
DeKalb,2021,wastewater,Atlanta South River WRC,MGD,4.692537982
DeKalb,2021,wastewater,CLAYTON NORTHEAST WRF,MGD,0.178979915
DeKalb,2021,wastewater,Gwinnett  F.W. Hill,MGD,0.496
DeKalb,2021,wastewater,Pole Bridge Creek,MGD,8.934748782950447
DeKalb,2021,wastewater,Snapfinger Creek,MGD,24.218914383939957
DeKalb,2022,Chattahoochee Basin,industrial,MGD,0.6982370670037925
DeKalb,2022,Chattahoochee River,publicWatSup,MGD,82.08722884100001
DeKalb,2022,Pole Bridge Creek,South River Tributary_ds,MGD,10.641105918967602
DeKalb,2022,Snapfinger Creek,South River_ds,MGD,28.524017880977592
DeKalb,2022,agricultural,losses,MGD,0
DeKalb,2022,agricultural,wastewater,MGD,0
DeKalb,2022,commercial,losses,MGD,3.3448485025819874
DeKalb,2022,commercial,wastewater,MGD,15.110347477447378
DeKalb,2022,groundwater,agricultural,MGD,0
DeKalb,2022,groundwater,industrial,MGD,0.3759738053097344
DeKalb,2022,groundwater,residential,MGD,0
DeKalb,2022,inFrom_Clayton_Clayton County to Dekalb County,Snapfinger Creek,MGD,1.57054846
DeKalb,2022,inFrom_Clayton_Clayton to DeKalb,Snapfinger Creek,MGD,1.597090909
DeKalb,2022,inFrom_Fulton_Fulton,Pole Bridge Creek,MGD,0
DeKalb,2022,inFrom_Fulton_Fulton to DeKalb,Pole Bridge Creek,MGD,1.272
DeKalb,2022,inFrom_Gwinnett_Gwinnett to DeKalb,Pole Bridge Creek,MGD,0
DeKalb,2022,inFrom_Henry_Henry,Snapfinger Creek,MGD,0.4
DeKalb,2022,inFrom_Henry_Henry to DeKalb,Snapfinger Creek,MGD,0.075099164
DeKalb,2022,inFrom_Rockdale_Rockdale to DeKalb,Pole Bridge Creek,MGD,0.19
DeKalb,2022,industrial,discharge,MGD,1.0742108723135269
DeKalb,2022,industrial,losses,MGD,0
DeKalb,2022,industrial,wastewater,MGD,0
DeKalb,2022,publicWatSup,agricultural,MGD,0
DeKalb,2022,publicWatSup,commercial,MGD,18.455195980029366
DeKalb,2022,publicWatSup,industrial,MGD,0
DeKalb,2022,publicWatSup,losses,MGD,17.25029315
DeKalb,2022,publicWatSup,residential,MGD,46.381739710970635
DeKalb,2022,residential,losses,MGD,9.067429654171441
DeKalb,2022,residential,septic,MGD,2.9616438356164383
DeKalb,2022,residential,wastewater,MGD,34.35266622118276
DeKalb,2022,subsurface,wastewater,MGD,24.731506849315068
DeKalb,2022,wastewater,Atlanta RM Clayton WRC,MGD,34.736230821
DeKalb,2022,wastewater,Atlanta South River WRC,MGD,4.722404015
DeKalb,2022,wastewater,CLAYTON NORTHEAST WRF,MGD,0.179500445
DeKalb,2022,wastewater,Gwinnett  F.W. Hill,MGD,0.496
DeKalb,2022,wastewater,Pole Bridge Creek,MGD,9.179105918967602
DeKalb,2022,wastewater,Snapfinger Creek,MGD,24.881279347977593
DeKalb,2023,Chattahoochee Basin,industrial,MGD,0.6982370670037925
DeKalb,2023,Chattahoochee River,publicWatSup,MGD,83.28018216
DeKalb,2023,Pole Bridge Creek,South River Tributary_ds,MGD,10.843546854036008
DeKalb,2023,Snapfinger Creek,South River_ds,MGD,29.249911184676318
DeKalb,2023,agricultural,losses,MGD,0
DeKalb,2023,agricultural,wastewater,MGD,0
DeKalb,2023,commercial,losses,MGD,3.398521590875653
DeKalb,2023,commercial,wastewater,MGD,15.324879170462278
DeKalb,2023,groundwater,agricultural,MGD,0
DeKalb,2023,groundwater,industrial,MGD,0.3759738053097344
DeKalb,2023,groundwater,residential,MGD,0
DeKalb,2023,inFrom_Clayton_Clayton County to Dekalb County,Snapfinger Creek,MGD,1.645953145
DeKalb,2023,inFrom_Clayton_Clayton to DeKalb,Snapfinger Creek,MGD,1.697454545
DeKalb,2023,inFrom_Fulton_Fulton,Pole Bridge Creek,MGD,0
DeKalb,2023,inFrom_Fulton_Fulton to DeKalb,Pole Bridge Creek,MGD,1.272
DeKalb,2023,inFrom_Gwinnett_Gwinnett to DeKalb,Pole Bridge Creek,MGD,0
DeKalb,2023,inFrom_Henry_Henry,Snapfinger Creek,MGD,0.4
DeKalb,2023,inFrom_Henry_Henry to DeKalb,Snapfinger Creek,MGD,0.07647904
DeKalb,2023,inFrom_Rockdale_Rockdale to DeKalb,Pole Bridge Creek,MGD,0.19
DeKalb,2023,industrial,discharge,MGD,1.0742108723135269
DeKalb,2023,industrial,losses,MGD,0
DeKalb,2023,industrial,wastewater,MGD,0
DeKalb,2023,publicWatSup,agricultural,MGD,0
DeKalb,2023,publicWatSup,commercial,MGD,18.72340076133793
DeKalb,2023,publicWatSup,industrial,MGD,0
DeKalb,2023,publicWatSup,losses,MGD,17.50098737
DeKalb,2023,publicWatSup,residential,MGD,47.05579402866206
DeKalb,2023,residential,losses,MGD,9.235467719672286
DeKalb,2023,residential,septic,MGD,2.9643835616438357
DeKalb,2023,residential,wastewater,MGD,34.85594274734594
DeKalb,2023,subsurface,wastewater,MGD,25.09041095890411
DeKalb,2023,wastewater,Atlanta RM Clayton WRC,MGD,35.033288839
DeKalb,2023,wastewater,Atlanta South River WRC,MGD,4.750338242
DeKalb,2023,wastewater,CLAYTON NORTHEAST WRF,MGD,0.180034487
DeKalb,2023,wastewater,Gwinnett  F.W. Hill,MGD,0.496
DeKalb,2023,wastewater,Pole Bridge Creek,MGD,9.381546854036008
DeKalb,2023,wastewater,Snapfinger Creek,MGD,25.43002445467632
DeKalb,2024,Chattahoochee Basin,industrial,MGD,0.6982370670037925
DeKalb,2024,Chattahoochee River,publicWatSup,MGD,84.254109675
DeKalb,2024,Pole Bridge Creek,South River Tributary_ds,MGD,10.989484325607357
DeKalb,2024,Snapfinger Creek,South River_ds,MGD,29.815761719694
DeKalb,2024,agricultural,losses,MGD,0
DeKalb,2024,agricultural,wastewater,MGD,0
DeKalb,2024,commercial,losses,MGD,3.4448831672681166
DeKalb,2024,commercial,wastewater,MGD,15.49748007371062
DeKalb,2024,groundwater,agricultural,MGD,0
DeKalb,2024,groundwater,industrial,MGD,0.3759738053097344
DeKalb,2024,groundwater,residential,MGD,0
DeKalb,2024,inFrom_Clayton_Clayton County to Dekalb County,Snapfinger Creek,MGD,1.714502859
DeKalb,2024,inFrom_Clayton_Clayton to DeKalb,Snapfinger Creek,MGD,1.797818182
DeKalb,2024,inFrom_Fulton_Fulton,Pole Bridge Creek,MGD,0
DeKalb,2024,inFrom_Fulton_Fulton to DeKalb,Pole Bridge Creek,MGD,1.272
DeKalb,2024,inFrom_Gwinnett_Gwinnett to DeKalb,Pole Bridge Creek,MGD,0
DeKalb,2024,inFrom_Henry_Henry,Snapfinger Creek,MGD,0.4
DeKalb,2024,inFrom_Henry_Henry to DeKalb,Snapfinger Creek,MGD,0.077831836
DeKalb,2024,inFrom_Rockdale_Rockdale to DeKalb,Pole Bridge Creek,MGD,0.19
DeKalb,2024,industrial,discharge,MGD,1.0742108723135269
DeKalb,2024,industrial,losses,MGD,0
DeKalb,2024,industrial,wastewater,MGD,0
DeKalb,2024,publicWatSup,agricultural,MGD,0
DeKalb,2024,publicWatSup,commercial,MGD,18.942363240978736
DeKalb,2024,publicWatSup,industrial,MGD,0
DeKalb,2024,publicWatSup,losses,MGD,17.70565423
DeKalb,2024,publicWatSup,residential,MGD,47.60609220402126
DeKalb,2024,residential,losses,MGD,9.383024332526396
DeKalb,2024,residential,septic,MGD,2.967123287671233
DeKalb,2024,residential,wastewater,MGD,35.25594458382363
DeKalb,2024,subsurface,wastewater,MGD,25.376712328767123
DeKalb,2024,wastewater,Atlanta RM Clayton WRC,MGD,35.329316862
DeKalb,2024,wastewater,Atlanta South River WRC,MGD,4.771124632
DeKalb,2024,wastewater,CLAYTON NORTHEAST WRF,MGD,0.18060232399999998
DeKalb,2024,wastewater,Gwinnett  F.W. Hill,MGD,0.496
DeKalb,2024,wastewater,Pole Bridge Creek,MGD,9.527484325607357
DeKalb,2024,wastewater,Snapfinger Creek,MGD,25.825608842694
Douglas,2020,Bear Creek Reservoir,publicWatSup,MGD,0.20626010157251912
Douglas,2020,Chattahoochee Basin,industrial,MGD,0.11669973451327433
Douglas,2020,Cowens Lake (Astin Creek),publicWatSup,MGD,0
Douglas,2020,Dog River Reservoir,publicWatSup,MGD,12.066215941992366
Douglas,2020,Douglas Beaver Estates WPCP,Chattahoochee River_ds,MGD,0
Douglas,2020,Douglas Northside WPCP,Gothards Creek to Sweetwater Creek_ds,MGD,0.22883821481281308
Douglas,2020,Douglas Rebel Trails WPCP,Anneewakee Creek Tributary_ds,MGD,0.00994948760055709
Douglas,2020,Douglas South Central Urban Water Reuse Facility,Reuse,MGD,0
Douglas,2020,Douglas SouthCentral WPCP,Chattahoochee River_ds,MGD,8.095300891762113
Douglas,2020,Douglas Southside WPCP,Chattahoochee River_ds,MGD,0
Douglas,2020,Douglas St. Andrews LAS,Land Application,MGD,0
Douglas,2020,Douglas Sweetwater Creek WPCP,Chattahoochee River_ds,MGD,2.4575234373376014
Douglas,2020,Lake Paradise (Little Tallapoosa River),publicWatSup,MGD,1.2375606094351148
Douglas,2020,Tallapoosa Basin,industrial,MGD,0
Douglas,2020,Villa Rica North Sweetwater WPCP,Town Branch to Sweetwater Creek_ds,MGD,0.3880300164217265
Douglas,2020,Villa Rica Tallapoosa West WPCP(1/2 assumed from Douglas Co),Little Tallapoosa Creek_ds,MGD,0.5770702808323112
Douglas,2020,agricultural,losses,MGD,0
Douglas,2020,agricultural,wastewater,MGD,0
Douglas,2020,commercial,losses,MGD,0.8453554210903287
Douglas,2020,commercial,wastewater,MGD,1.1643835616438356
Douglas,2020,groundwater,agricultural,MGD,0
Douglas,2020,groundwater,industrial,MGD,0.06283831858407078
Douglas,2020,groundwater,residential,MGD,0
Douglas,2020,inFrom_Cobb_Cobb,Douglas SouthCentral WPCP,MGD,5.2
Douglas,2020,industrial,discharge,MGD,0.1795380530973451
Douglas,2020,industrial,losses,MGD,0.08923432726027397
Douglas,2020,industrial,wastewater,MGD,0.273972602739726
Douglas,2020,publicWatSup,agricultural,MGD,0
Douglas,2020,publicWatSup,commercial,MGD,2.0097389827341643
Douglas,2020,publicWatSup,industrial,MGD,0.36320693
Douglas,2020,publicWatSup,losses,MGD,2.668494263
Douglas,2020,publicWatSup,residential,MGD,8.468596477265836
Douglas,2020,residential,losses,MGD,1.3535279841151509
Douglas,2020,residential,septic,MGD,2.756164383561644
Douglas,2020,residential,wastewater,MGD,4.358904109589041
Douglas,2020,subsurface,wastewater,MGD,1.1594520547945206
Douglas,2020,wastewater,COBB RL SUTTON WRF,MGD,0.4
Douglas,2020,wastewater,Douglas Beaver Estates WPCP,MGD,0
Douglas,2020,wastewater,Douglas Northside WPCP,MGD,0.22883821481281308
Douglas,2020,wastewater,Douglas Rebel Trails WPCP,MGD,0.00994948760055709
Douglas,2020,wastewater,Douglas South Central Urban Water Reuse Facility,MGD,0
Douglas,2020,wastewater,Douglas SouthCentral WPCP,MGD,2.8953008917621132
Douglas,2020,wastewater,Douglas Southside WPCP,MGD,0
Douglas,2020,wastewater,Douglas St. Andrews LAS,MGD,0
Douglas,2020,wastewater,Douglas Sweetwater Creek WPCP,MGD,2.4575234373376014
Douglas,2020,wastewater,Villa Rica North Sweetwater WPCP,MGD,0.3880300164217265
Douglas,2020,wastewater,Villa Rica Tallapoosa West WPCP(1/2 assumed from Douglas Co),MGD,0.5770702808323112
Douglas,2021,Bear Creek Reservoir,publicWatSup,MGD,0.21030523224427483
Douglas,2021,Chattahoochee Basin,industrial,MGD,0.11669973451327433
Douglas,2021,Cowens Lake (Astin Creek),publicWatSup,MGD,0
Douglas,2021,Dog River Reservoir,publicWatSup,MGD,12.302856086290076
Douglas,2021,Douglas Beaver Estates WPCP,Chattahoochee River_ds,MGD,0
Douglas,2021,Douglas Northside WPCP,Gothards Creek to Sweetwater Creek_ds,MGD,0.2317833163572869
Douglas,2021,Douglas Rebel Trails WPCP,Anneewakee Creek Tributary_ds,MGD,0.010077535493795083
Douglas,2021,Douglas South Central Urban Water Reuse Facility,Reuse,MGD,0
Douglas,2021,Douglas SouthCentral WPCP,Chattahoochee River_ds,MGD,9.13256282869437
Douglas,2021,Douglas Southside WPCP,Chattahoochee River_ds,MGD,0
Douglas,2021,Douglas St. Andrews LAS,Land Application,MGD,0
Douglas,2021,Douglas Sweetwater Creek WPCP,Chattahoochee River_ds,MGD,2.4891512669673856
Douglas,2021,Lake Paradise (Little Tallapoosa River),publicWatSup,MGD,1.261831393465649
Douglas,2021,Tallapoosa Basin,industrial,MGD,0
Douglas,2021,Villa Rica North Sweetwater WPCP,Town Branch to Sweetwater Creek_ds,MGD,0.39302388425800827
Douglas,2021,Villa Rica Tallapoosa West WPCP(1/2 assumed from Douglas Co),Little Tallapoosa Creek_ds,MGD,0.5844970586401148
Douglas,2021,agricultural,losses,MGD,0
Douglas,2021,agricultural,wastewater,MGD,0
Douglas,2021,commercial,losses,MGD,0.8655919278290258
Douglas,2021,commercial,wastewater,MGD,1.1835616438356165
Douglas,2021,groundwater,agricultural,MGD,0
Douglas,2021,groundwater,industrial,MGD,0.06283831858407078
Douglas,2021,groundwater,residential,MGD,0
Douglas,2021,inFrom_Cobb_Cobb,Douglas SouthCentral WPCP,MGD,6.2
Douglas,2021,industrial,discharge,MGD,0.17953805309734505
Douglas,2021,industrial,losses,MGD,0.09087801420547942
Douglas,2021,industrial,wastewater,MGD,0.27945205479452057
Douglas,2021,publicWatSup,agricultural,MGD,0
Douglas,2021,publicWatSup,commercial,MGD,2.0491535716646423
Douglas,2021,publicWatSup,industrial,MGD,0.370330069
Douglas,2021,publicWatSup,losses,MGD,2.720828223
Douglas,2021,publicWatSup,residential,MGD,8.634680848335357
Douglas,2021,residential,losses,MGD,1.385365779842206
Douglas,2021,residential,septic,MGD,2.778082191780822
Douglas,2021,residential,wastewater,MGD,4.471232876712329
Douglas,2021,subsurface,wastewater,MGD,1.1868493150684931
Douglas,2021,wastewater,COBB RL SUTTON WRF,MGD,0.48
Douglas,2021,wastewater,Douglas Beaver Estates WPCP,MGD,0
Douglas,2021,wastewater,Douglas Northside WPCP,MGD,0.2317833163572869
Douglas,2021,wastewater,Douglas Rebel Trails WPCP,MGD,0.010077535493795083
Douglas,2021,wastewater,Douglas South Central Urban Water Reuse Facility,MGD,0
Douglas,2021,wastewater,Douglas SouthCentral WPCP,MGD,2.9325628286943695
Douglas,2021,wastewater,Douglas Southside WPCP,MGD,0
Douglas,2021,wastewater,Douglas St. Andrews LAS,MGD,0
Douglas,2021,wastewater,Douglas Sweetwater Creek WPCP,MGD,2.4891512669673856
Douglas,2021,wastewater,Villa Rica North Sweetwater WPCP,MGD,0.39302388425800827
Douglas,2021,wastewater,Villa Rica Tallapoosa West WPCP(1/2 assumed from Douglas Co),MGD,0.5844970586401148
Douglas,2022,Bear Creek Reservoir,publicWatSup,MGD,0.21407543006106874
Douglas,2022,Chattahoochee Basin,industrial,MGD,0.11669973451327433
Douglas,2022,Cowens Lake (Astin Creek),publicWatSup,MGD,0
Douglas,2022,Dog River Reservoir,publicWatSup,MGD,12.52341265857252
Douglas,2022,Douglas Beaver Estates WPCP,Chattahoochee River_ds,MGD,0
Douglas,2022,Douglas Northside WPCP,Gothards Creek to Sweetwater Creek_ds,MGD,0.23461367368574218
Douglas,2022,Douglas Rebel Trails WPCP,Anneewakee Creek Tributary_ds,MGD,0.010200594508075747
Douglas,2022,Douglas South Central Urban Water Reuse Facility,Reuse,MGD,0
Douglas,2022,Douglas SouthCentral WPCP,Chattahoochee River_ds,MGD,10.168373001850043
Douglas,2022,Douglas Southside WPCP,Chattahoochee River_ds,MGD,0
Douglas,2022,Douglas St. Andrews LAS,Land Application,MGD,0
Douglas,2022,Douglas Sweetwater Creek WPCP,Chattahoochee River_ds,MGD,2.5195468434947097
Douglas,2022,Lake Paradise (Little Tallapoosa River),publicWatSup,MGD,1.2844525803664124
Douglas,2022,Tallapoosa Basin,industrial,MGD,0
Douglas,2022,Villa Rica North Sweetwater WPCP,Town Branch to Sweetwater Creek_ds,MGD,0.39782318581495413
Douglas,2022,Villa Rica Tallapoosa West WPCP(1/2 assumed from Douglas Co),Little Tallapoosa Creek_ds,MGD,0.5916344814683933
Douglas,2022,agricultural,losses,MGD,0
Douglas,2022,agricultural,wastewater,MGD,0
Douglas,2022,commercial,losses,MGD,0.87767011399372
Douglas,2022,commercial,wastewater,MGD,1.2082191780821918
Douglas,2022,groundwater,agricultural,MGD,0
Douglas,2022,groundwater,industrial,MGD,0.06283831858407078
Douglas,2022,groundwater,residential,MGD,0
Douglas,2022,inFrom_Cobb_Cobb,Douglas SouthCentral WPCP,MGD,7.2
Douglas,2022,industrial,discharge,MGD,0.17953805309734505
Douglas,2022,industrial,losses,MGD,0.09477729417808217
Douglas,2022,industrial,wastewater,MGD,0.2821917808219178
Douglas,2022,publicWatSup,agricultural,MGD,0
Douglas,2022,publicWatSup,commercial,MGD,2.085889292075912
Douglas,2022,publicWatSup,industrial,MGD,0.376969075
Douglas,2022,publicWatSup,losses,MGD,2.769605234
Douglas,2022,publicWatSup,residential,MGD,8.789477067924087
Douglas,2022,residential,losses,MGD,1.4141346021706624
Douglas,2022,residential,septic,MGD,2.797260273972603
Douglas,2022,residential,wastewater,MGD,4.578082191780822
Douglas,2022,subsurface,wastewater,MGD,1.2136986301369863
Douglas,2022,wastewater,COBB RL SUTTON WRF,MGD,0.56
Douglas,2022,wastewater,Douglas Beaver Estates WPCP,MGD,0
Douglas,2022,wastewater,Douglas Northside WPCP,MGD,0.23461367368574218
Douglas,2022,wastewater,Douglas Rebel Trails WPCP,MGD,0.010200594508075747
Douglas,2022,wastewater,Douglas South Central Urban Water Reuse Facility,MGD,0
Douglas,2022,wastewater,Douglas SouthCentral WPCP,MGD,2.9683730018500425
Douglas,2022,wastewater,Douglas Southside WPCP,MGD,0
Douglas,2022,wastewater,Douglas St. Andrews LAS,MGD,0
Douglas,2022,wastewater,Douglas Sweetwater Creek WPCP,MGD,2.5195468434947097
Douglas,2022,wastewater,Villa Rica North Sweetwater WPCP,MGD,0.39782318581495413
Douglas,2022,wastewater,Villa Rica Tallapoosa West WPCP(1/2 assumed from Douglas Co),MGD,0.5916344814683933
Douglas,2023,Bear Creek Reservoir,publicWatSup,MGD,0.21768905743511455
Douglas,2023,Chattahoochee Basin,industrial,MGD,0.11669973451327433
Douglas,2023,Cowens Lake (Astin Creek),publicWatSup,MGD,0
Douglas,2023,Dog River Reservoir,publicWatSup,MGD,12.734809859954199
Douglas,2023,Douglas Beaver Estates WPCP,Chattahoochee River_ds,MGD,0
Douglas,2023,Douglas Northside WPCP,Gothards Creek to Sweetwater Creek_ds,MGD,0.23698505415012366
Douglas,2023,Douglas Rebel Trails WPCP,Anneewakee Creek Tributary_ds,MGD,0.010303698006527116
Douglas,2023,Douglas South Central Urban Water Reuse Facility,Reuse,MGD,0
Douglas,2023,Douglas SouthCentral WPCP,Chattahoochee River_ds,MGD,11.19837611989939
Douglas,2023,Douglas Southside WPCP,Chattahoochee River_ds,MGD,0
Douglas,2023,Douglas St. Andrews LAS,Land Application,MGD,0
Douglas,2023,Douglas Sweetwater Creek WPCP,Chattahoochee River_ds,MGD,2.5450134076121977
Douglas,2023,Lake Paradise (Little Tallapoosa River),publicWatSup,MGD,1.3061343446106872
Douglas,2023,Tallapoosa Basin,industrial,MGD,0
Douglas,2023,Villa Rica North Sweetwater WPCP,Town Branch to Sweetwater Creek_ds,MGD,0.4018442222545575
Douglas,2023,Villa Rica Tallapoosa West WPCP(1/2 assumed from Douglas Co),Little Tallapoosa Creek_ds,MGD,0.5976144843785727
Douglas,2023,agricultural,losses,MGD,0
Douglas,2023,agricultural,wastewater,MGD,0
Douglas,2023,commercial,losses,MGD,0.8937021752711238
Douglas,2023,commercial,wastewater,MGD,1.2273972602739727
Douglas,2023,groundwater,agricultural,MGD,0
Douglas,2023,groundwater,industrial,MGD,0.06283831858407078
Douglas,2023,groundwater,residential,MGD,0
Douglas,2023,inFrom_Cobb_Cobb,Douglas SouthCentral WPCP,MGD,8.2
Douglas,2023,industrial,discharge,MGD,0.17953805309734505
Douglas,2023,industrial,losses,MGD,0.09566114012328769
Douglas,2023,industrial,wastewater,MGD,0.2876712328767123
Douglas,2023,publicWatSup,agricultural,MGD,0
Douglas,2023,publicWatSup,commercial,MGD,2.1210994355450965
Douglas,2023,publicWatSup,industrial,MGD,0.383332373
Douglas,2023,publicWatSup,losses,MGD,2.816356612
Douglas,2023,publicWatSup,residential,MGD,8.937844841454904
Douglas,2023,residential,losses,MGD,1.444694156523397
Douglas,2023,residential,septic,MGD,2.8164383561643835
Douglas,2023,residential,wastewater,MGD,4.676712328767123
Douglas,2023,subsurface,wastewater,MGD,1.2383561643835617
Douglas,2023,wastewater,COBB RL SUTTON WRF,MGD,0.64
Douglas,2023,wastewater,Douglas Beaver Estates WPCP,MGD,0
Douglas,2023,wastewater,Douglas Northside WPCP,MGD,0.23698505415012366
Douglas,2023,wastewater,Douglas Rebel Trails WPCP,MGD,0.010303698006527116
Douglas,2023,wastewater,Douglas South Central Urban Water Reuse Facility,MGD,0
Douglas,2023,wastewater,Douglas SouthCentral WPCP,MGD,2.998376119899391
Douglas,2023,wastewater,Douglas Southside WPCP,MGD,0
Douglas,2023,wastewater,Douglas St. Andrews LAS,MGD,0
Douglas,2023,wastewater,Douglas Sweetwater Creek WPCP,MGD,2.5450134076121977
Douglas,2023,wastewater,Villa Rica North Sweetwater WPCP,MGD,0.4018442222545575
Douglas,2023,wastewater,Villa Rica Tallapoosa West WPCP(1/2 assumed from Douglas Co),MGD,0.5976144843785727
Douglas,2024,Bear Creek Reservoir,publicWatSup,MGD,0.22118073187786266
Douglas,2024,Chattahoochee Basin,industrial,MGD,0.11669973451327433
Douglas,2024,Cowens Lake (Astin Creek),publicWatSup,MGD,0
Douglas,2024,Dog River Reservoir,publicWatSup,MGD,12.939072814854963
Douglas,2024,Douglas Beaver Estates WPCP,Chattahoochee River_ds,MGD,0
Douglas,2024,Douglas Northside WPCP,Gothards Creek to Sweetwater Creek_ds,MGD,0.23912694618246821
Douglas,2024,Douglas Rebel Trails WPCP,Anneewakee Creek Tributary_ds,MGD,0.010396823747063836
Douglas,2024,Douglas South Central Urban Water Reuse Facility,Reuse,MGD,0
Douglas,2024,Douglas SouthCentral WPCP,Chattahoochee River_ds,MGD,12.225475710395575
Douglas,2024,Douglas Southside WPCP,Chattahoochee River_ds,MGD,0
Douglas,2024,Douglas St. Andrews LAS,Land Application,MGD,0
Douglas,2024,Douglas Sweetwater Creek WPCP,Chattahoochee River_ds,MGD,2.5680154655247676
Douglas,2024,Lake Paradise (Little Tallapoosa River),publicWatSup,MGD,1.327084391267176
Douglas,2024,Tallapoosa Basin,industrial,MGD,0
Douglas,2024,Villa Rica North Sweetwater WPCP,Town Branch to Sweetwater Creek_ds,MGD,0.4054761261354896
Douglas,2024,Villa Rica Tallapoosa West WPCP(1/2 assumed from Douglas Co),Little Tallapoosa Creek_ds,MGD,0.6030157773297025
Douglas,2024,agricultural,losses,MGD,0
Douglas,2024,agricultural,wastewater,MGD,0
Douglas,2024,commercial,losses,MGD,0.908545962612421
Douglas,2024,commercial,wastewater,MGD,1.2465753424657535
Douglas,2024,groundwater,agricultural,MGD,0
Douglas,2024,groundwater,industrial,MGD,0.06283831858407078
Douglas,2024,groundwater,residential,MGD,0
Douglas,2024,inFrom_Cobb_Cobb,Douglas SouthCentral WPCP,MGD,9.2
Douglas,2024,industrial,discharge,MGD,0.1795380530973451
Douglas,2024,industrial,losses,MGD,0.09633023706849314
Douglas,2024,industrial,wastewater,MGD,0.29315068493150687
Douglas,2024,publicWatSup,agricultural,MGD,0
Douglas,2024,publicWatSup,commercial,MGD,2.1551213050781746
Douglas,2024,publicWatSup,industrial,MGD,0.389480922
Douglas,2024,publicWatSup,losses,MGD,2.861530221
Douglas,2024,publicWatSup,residential,MGD,9.081205489921825
Douglas,2024,residential,losses,MGD,1.4757260378670303
Douglas,2024,residential,septic,MGD,2.835616438356164
Douglas,2024,residential,wastewater,MGD,4.76986301369863
Douglas,2024,subsurface,wastewater,MGD,1.261917808219178
Douglas,2024,wastewater,COBB RL SUTTON WRF,MGD,0.72
Douglas,2024,wastewater,Douglas Beaver Estates WPCP,MGD,0
Douglas,2024,wastewater,Douglas Northside WPCP,MGD,0.23912694618246821
Douglas,2024,wastewater,Douglas Rebel Trails WPCP,MGD,0.010396823747063836
Douglas,2024,wastewater,Douglas South Central Urban Water Reuse Facility,MGD,0
Douglas,2024,wastewater,Douglas SouthCentral WPCP,MGD,3.0254757103955763
Douglas,2024,wastewater,Douglas Southside WPCP,MGD,0
Douglas,2024,wastewater,Douglas St. Andrews LAS,MGD,0
Douglas,2024,wastewater,Douglas Sweetwater Creek WPCP,MGD,2.5680154655247676
Douglas,2024,wastewater,Villa Rica North Sweetwater WPCP,MGD,0.4054761261354896
Douglas,2024,wastewater,Villa Rica Tallapoosa West WPCP(1/2 assumed from Douglas Co),MGD,0.6030157773297025
Fayette,2020,FAYETTEVILLE WHITEWATER CREEK WPCP,Whitewater Creek_ds,MGD,2.1246701438642748
Fayette,2020,Flint Basin,industrial,MGD,0.29317129629629635
Fayette,2020,Flint River,publicWatSup,MGD,1.104069851348624
Fayette,2020,Horton Creek Reservoir,publicWatSup,MGD,5.319609283770642
Fayette,2020,Lake Kedron,publicWatSup,MGD,0.2007399729724771
Fayette,2020,Lake McIntosh,publicWatSup,MGD,4.315909418908257
Fayette,2020,Lake Peachtree (Flat Creek),publicWatSup,MGD,0
Fayette,2020,PEACHTREE CITY LINE CREEK / LARRY B. TURNER WWTP,Line Creek_ds,MGD,1.5210706711755602
Fayette,2020,PEACHTREE CITY ROCKAWAY WWTP,Line Creek Tributary_ds,MGD,2.1246701438642748
Fayette,2020,Whitewater Creek,publicWatSup,MGD,0
Fayette,2020,agricultural,losses,MGD,0
Fayette,2020,agricultural,wastewater,MGD,0
Fayette,2020,commercial,losses,MGD,0.4798856258691184
Fayette,2020,commercial,wastewater,MGD,1.1511873262551495
Fayette,2020,groundwater,agricultural,MGD,0
Fayette,2020,groundwater,industrial,MGD,0.15786146723646724
Fayette,2020,groundwater,publicWatSup,MGD,0.86
Fayette,2020,groundwater,residential,MGD,1.029840569
Fayette,2020,industrial,discharge,MGD,0.45103276353276356
Fayette,2020,industrial,losses,MGD,0.04559897525810008
Fayette,2020,industrial,wastewater,MGD,0.1517734534614998
Fayette,2020,publicWatSup,agricultural,MGD,0
Fayette,2020,publicWatSup,commercial,MGD,1.631072952124268
Fayette,2020,publicWatSup,industrial,MGD,0.1973724287195999
Fayette,2020,publicWatSup,losses,MGD,1.020985286
Fayette,2020,publicWatSup,residential,MGD,8.950897860156132
Fayette,2020,residential,losses,MGD,3.28643893490018
Fayette,2020,residential,septic,MGD,3.3123287671232875
Fayette,2020,residential,wastewater,MGD,3.381970727132666
Fayette,2020,subsurface,wastewater,MGD,1.4054794520547946
Fayette,2020,wastewater,Atlanta RM Clayton WRC,MGD,0.32
Fayette,2020,wastewater,FAYETTEVILLE WHITEWATER CREEK WPCP,MGD,2.1246701438642748
Fayette,2020,wastewater,PEACHTREE CITY LINE CREEK / LARRY B. TURNER WWTP,MGD,1.5210706711755602
Fayette,2020,wastewater,PEACHTREE CITY ROCKAWAY WWTP,MGD,2.1246701438642748
Fayette,2021,FAYETTEVILLE WHITEWATER CREEK WPCP,Whitewater Creek_ds,MGD,2.1443411474752105
Fayette,2021,Flint Basin,industrial,MGD,0.29317129629629635
Fayette,2021,Flint River,publicWatSup,MGD,1.1196550993211007
Fayette,2021,Horton Creek Reservoir,publicWatSup,MGD,5.394701842183484
Fayette,2021,Lake Kedron,publicWatSup,MGD,0.2035736544220183
Fayette,2021,Lake McIntosh,publicWatSup,MGD,4.376833570073393
Fayette,2021,Lake Peachtree (Flat Creek),publicWatSup,MGD,0
Fayette,2021,PEACHTREE CITY LINE CREEK / LARRY B. TURNER WWTP,Line Creek_ds,MGD,1.5351533214879347
Fayette,2021,PEACHTREE CITY ROCKAWAY WWTP,Line Creek Tributary_ds,MGD,2.1443411474752105
Fayette,2021,Whitewater Creek,publicWatSup,MGD,0
Fayette,2021,agricultural,losses,MGD,0
Fayette,2021,agricultural,wastewater,MGD,0
Fayette,2021,commercial,losses,MGD,0.4902346471665391
Fayette,2021,commercial,wastewater,MGD,1.1621848111978625
Fayette,2021,groundwater,agricultural,MGD,0
Fayette,2021,groundwater,industrial,MGD,0.15786146723646724
Fayette,2021,groundwater,publicWatSup,MGD,0.86
Fayette,2021,groundwater,residential,MGD,1.043318506
Fayette,2021,industrial,discharge,MGD,0.45103276353276356
Fayette,2021,industrial,losses,MGD,0.048241740981370046
Fayette,2021,industrial,wastewater,MGD,0.1517137807721348
Fayette,2021,publicWatSup,agricultural,MGD,0
Fayette,2021,publicWatSup,commercial,MGD,1.6524194583644016
Fayette,2021,publicWatSup,industrial,MGD,0.19995552175350484
Fayette,2021,publicWatSup,losses,MGD,1.03434733
Fayette,2021,publicWatSup,residential,MGD,9.068041855882091
Fayette,2021,residential,losses,MGD,3.3403274470027737
Fayette,2021,residential,septic,MGD,3.3589041095890413
Fayette,2021,residential,wastewater,MGD,3.4121288052902767
Fayette,2021,subsurface,wastewater,MGD,1.4178082191780823
Fayette,2021,wastewater,Atlanta RM Clayton WRC,MGD,0.32
Fayette,2021,wastewater,FAYETTEVILLE WHITEWATER CREEK WPCP,MGD,2.1443411474752105
Fayette,2021,wastewater,PEACHTREE CITY LINE CREEK / LARRY B. TURNER WWTP,MGD,1.5351533214879347
Fayette,2021,wastewater,PEACHTREE CITY ROCKAWAY WWTP,MGD,2.1443411474752105
Fayette,2022,FAYETTEVILLE WHITEWATER CREEK WPCP,Whitewater Creek_ds,MGD,2.1718805525305207
Fayette,2022,Flint Basin,industrial,MGD,0.29317129629629635
Fayette,2022,Flint River,publicWatSup,MGD,1.1373598491926604
Fayette,2022,Horton Creek Reservoir,publicWatSup,MGD,5.480006546110091
Fayette,2022,Lake Kedron,publicWatSup,MGD,0.206792699853211
Fayette,2022,Lake McIntosh,publicWatSup,MGD,4.446043046844036
Fayette,2022,Lake Peachtree (Flat Creek),publicWatSup,MGD,0
Fayette,2022,PEACHTREE CITY LINE CREEK / LARRY B. TURNER WWTP,Line Creek_ds,MGD,1.5548690319252592
Fayette,2022,PEACHTREE CITY ROCKAWAY WWTP,Line Creek Tributary_ds,MGD,2.1718805525305207
Fayette,2022,Whitewater Creek,publicWatSup,MGD,0
Fayette,2022,agricultural,losses,MGD,0
Fayette,2022,agricultural,wastewater,MGD,0
Fayette,2022,commercial,losses,MGD,0.49653279937512096
Fayette,2022,commercial,wastewater,MGD,1.180136166024116
Fayette,2022,groundwater,agricultural,MGD,0
Fayette,2022,groundwater,industrial,MGD,0.15786146723646724
Fayette,2022,groundwater,publicWatSup,MGD,0.86
Fayette,2022,groundwater,residential,MGD,1.058629363
Fayette,2022,industrial,discharge,MGD,0.45103276353276356
Fayette,2022,industrial,losses,MGD,0.04821185766904973
Fayette,2022,industrial,wastewater,MGD,0.1546780411779181
Fayette,2022,publicWatSup,agricultural,MGD,0
Fayette,2022,publicWatSup,commercial,MGD,1.676668965399237
Fayette,2022,publicWatSup,industrial,MGD,0.20288989884696784
Fayette,2022,publicWatSup,losses,MGD,1.049526534
Fayette,2022,publicWatSup,residential,MGD,9.201116743753794
Fayette,2022,residential,losses,MGD,3.397300039983225
Fayette,2022,residential,septic,MGD,3.4136986301369863
Fayette,2022,residential,wastewater,MGD,3.448747436633582
Fayette,2022,subsurface,wastewater,MGD,1.4350684931506847
Fayette,2022,wastewater,Atlanta RM Clayton WRC,MGD,0.32
Fayette,2022,wastewater,FAYETTEVILLE WHITEWATER CREEK WPCP,MGD,2.1718805525305207
Fayette,2022,wastewater,PEACHTREE CITY LINE CREEK / LARRY B. TURNER WWTP,MGD,1.5548690319252592
Fayette,2022,wastewater,PEACHTREE CITY ROCKAWAY WWTP,MGD,2.1718805525305207
Fayette,2023,FAYETTEVILLE WHITEWATER CREEK WPCP,Whitewater Creek_ds,MGD,2.199419957585831
Fayette,2023,Flint Basin,industrial,MGD,0.29317129629629635
Fayette,2023,Flint River,publicWatSup,MGD,1.1562279660275234
Fayette,2023,Horton Creek Reservoir,publicWatSup,MGD,5.570916563587157
Fayette,2023,Lake Kedron,publicWatSup,MGD,0.21022326655045878
Fayette,2023,Lake McIntosh,publicWatSup,MGD,4.519800230834863
Fayette,2023,Lake Peachtree (Flat Creek),publicWatSup,MGD,0
Fayette,2023,PEACHTREE CITY LINE CREEK / LARRY B. TURNER WWTP,Line Creek_ds,MGD,1.5745847423625836
Fayette,2023,PEACHTREE CITY ROCKAWAY WWTP,Line Creek Tributary_ds,MGD,2.199419957585831
Fayette,2023,Whitewater Creek,publicWatSup,MGD,0
Fayette,2023,agricultural,losses,MGD,0
Fayette,2023,agricultural,wastewater,MGD,0
Fayette,2023,commercial,losses,MGD,0.5051284089052526
Fayette,2023,commercial,wastewater,MGD,1.1973834805868526
Fayette,2023,groundwater,agricultural,MGD,0
Fayette,2023,groundwater,industrial,MGD,0.15786146723646724
Fayette,2023,groundwater,publicWatSup,MGD,0.86
Fayette,2023,groundwater,residential,MGD,1.074946286
Fayette,2023,industrial,discharge,MGD,0.4510327635327636
Fayette,2023,industrial,losses,MGD,0.04846663490104952
Fayette,2023,industrial,wastewater,MGD,0.15755045797195427
Fayette,2023,publicWatSup,agricultural,MGD,0
Fayette,2023,publicWatSup,commercial,MGD,1.7025118894921052
Fayette,2023,publicWatSup,industrial,MGD,0.2060170928730038
Fayette,2023,publicWatSup,losses,MGD,1.065703153
Fayette,2023,publicWatSup,residential,MGD,9.342935891634893
Fayette,2023,residential,losses,MGD,3.4604873490704113
Fayette,2023,residential,septic,MGD,3.4712328767123286
Fayette,2023,residential,wastewater,MGD,3.4861619518521523
Fayette,2023,subsurface,wastewater,MGD,1.4523287671232876
Fayette,2023,wastewater,Atlanta RM Clayton WRC,MGD,0.32
Fayette,2023,wastewater,FAYETTEVILLE WHITEWATER CREEK WPCP,MGD,2.199419957585831
Fayette,2023,wastewater,PEACHTREE CITY LINE CREEK / LARRY B. TURNER WWTP,MGD,1.5745847423625836
Fayette,2023,wastewater,PEACHTREE CITY ROCKAWAY WWTP,MGD,2.199419957585831
Fayette,2024,FAYETTEVILLE WHITEWATER CREEK WPCP,Whitewater Creek_ds,MGD,2.2269593626411415
Fayette,2024,Flint Basin,industrial,MGD,0.29317129629629635
Fayette,2024,Flint River,publicWatSup,MGD,1.1752808683302753
Fayette,2024,Horton Creek Reservoir,publicWatSup,MGD,5.662716911045871
Fayette,2024,Lake Kedron,publicWatSup,MGD,0.2136874306055046
Fayette,2024,Lake McIntosh,publicWatSup,MGD,4.594279758018348
Fayette,2024,Lake Peachtree (Flat Creek),publicWatSup,MGD,0
Fayette,2024,PEACHTREE CITY LINE CREEK / LARRY B. TURNER WWTP,Line Creek_ds,MGD,1.5943004527999078
Fayette,2024,PEACHTREE CITY ROCKAWAY WWTP,Line Creek Tributary_ds,MGD,2.2269593626411415
Fayette,2024,Whitewater Creek,publicWatSup,MGD,0
Fayette,2024,agricultural,losses,MGD,0
Fayette,2024,agricultural,wastewater,MGD,0
Fayette,2024,commercial,losses,MGD,0.5139768087491907
Fayette,2024,commercial,wastewater,MGD,1.2146310982936794
Fayette,2024,groundwater,agricultural,MGD,0
Fayette,2024,groundwater,industrial,MGD,0.15786146723646724
Fayette,2024,groundwater,publicWatSup,MGD,0.86
Fayette,2024,groundwater,residential,MGD,1.09142301
Fayette,2024,industrial,discharge,MGD,0.45103276353276356
Fayette,2024,industrial,losses,MGD,0.04875193715432857
Fayette,2024,industrial,wastewater,MGD,0.160422975246335
Fayette,2024,publicWatSup,agricultural,MGD,0
Fayette,2024,publicWatSup,commercial,MGD,1.7286079070428702
Fayette,2024,publicWatSup,industrial,MGD,0.20917491240066358
Fayette,2024,publicWatSup,losses,MGD,1.082038198
Fayette,2024,publicWatSup,residential,MGD,9.486143950556466
Fayette,2024,residential,losses,MGD,3.525223773822507
Fayette,2024,residential,septic,MGD,3.5287671232876714
Fayette,2024,residential,wastewater,MGD,3.523576063446287
Fayette,2024,subsurface,wastewater,MGD,1.4695890410958903
Fayette,2024,wastewater,Atlanta RM Clayton WRC,MGD,0.32
Fayette,2024,wastewater,FAYETTEVILLE WHITEWATER CREEK WPCP,MGD,2.2269593626411415
Fayette,2024,wastewater,PEACHTREE CITY LINE CREEK / LARRY B. TURNER WWTP,MGD,1.5943004527999078
Fayette,2024,wastewater,PEACHTREE CITY ROCKAWAY WWTP,MGD,2.2269593626411415
Forsyth,2020,Chattahoochee Basin,industrial,MGD,0.23634147914032863
Forsyth,2020,Cumming Bethelview Rd AWRF,Big Creek_ds,MGD,3.853283990992528
Forsyth,2020,Forsyth Dick Creek,Dick Creek_ds,MGD,1.1658654126592776
Forsyth,2020,Forsyth Fowler WRF + Shakerag WRF,"Big Creek, Chattahoochee River, Land Application, Reuse_ds",MGD,0.9033339759103363
Forsyth,2020,Forsyth Fowler WRF + Shakerag WRF,Chattahoochee River_ds,MGD,0.6775004819327523
Forsyth,2020,Forsyth James Creek,"James Creek, Reuse_ds",MGD,0.5928129216911581
Forsyth,2020,Forsyth Manor,Reuse,MGD,0.17784387650734743
Forsyth,2020,Forsyth Parkstone,Land Application,MGD,0.07904172289215443
Forsyth,2020,Forsyth Windermere,Chattahoochee River_ds,MGD,0.6125733524141967
Forsyth,2020,Fowler and James Creek,Lake Lanier_ds,MGD,0
Forsyth,2020,Hampton Creek WRF,Land Application,MGD,0.4149690451838107
Forsyth,2020,Lake Lanier,publicWatSup,MGD,26.066262204999997
Forsyth,2020,Small Permits,Lake Lanier_ds,MGD,0
Forsyth,2020,agricultural,losses,MGD,0.393
Forsyth,2020,agricultural,wastewater,MGD,0
Forsyth,2020,commercial,losses,MGD,1.0482138991161014
Forsyth,2020,commercial,wastewater,MGD,1.9120294239224573
Forsyth,2020,groundwater,agricultural,MGD,0.393
Forsyth,2020,groundwater,industrial,MGD,0.12726079646017693
Forsyth,2020,groundwater,publicWatSup,MGD,0.02
Forsyth,2020,groundwater,residential,MGD,0.337525467
Forsyth,2020,industrial,discharge,MGD,0.3636022756005055
Forsyth,2020,industrial,losses,MGD,0.21722160915352218
Forsyth,2020,industrial,wastewater,MGD,1.137439092922891
Forsyth,2020,publicWatSup,agricultural,MGD,0
Forsyth,2020,publicWatSup,commercial,MGD,2.9602433230385587
Forsyth,2020,publicWatSup,industrial,MGD,1.3546607020764132
Forsyth,2020,publicWatSup,losses,MGD,6.054302577
Forsyth,2020,publicWatSup,residential,MGD,15.71705560288503
Forsyth,2020,residential,losses,MGD,5.033312489579691
Forsyth,2020,residential,septic,MGD,5.028807356164384
Forsyth,2020,residential,wastewater,MGD,5.992461224140953
Forsyth,2020,subsurface,wastewater,MGD,1.8083859481972606
Forsyth,2020,wastewater,Cumming Bethelview Rd AWRF,MGD,3.853283990992528
Forsyth,2020,wastewater,Forsyth Dick Creek,MGD,1.1658654126592776
Forsyth,2020,wastewater,Forsyth Fowler WRF + Shakerag WRF,MGD,1.5808344578430886
Forsyth,2020,wastewater,Forsyth James Creek,MGD,0.5928129216911581
Forsyth,2020,wastewater,Forsyth Manor,MGD,0.17784387650734743
Forsyth,2020,wastewater,Forsyth Parkstone,MGD,0.07904172289215443
Forsyth,2020,wastewater,Forsyth Windermere,MGD,0.6125733524141967
Forsyth,2020,wastewater,Fowler and James Creek,MGD,0
Forsyth,2020,wastewater,Hampton Creek WRF,MGD,0.4149690451838107
Forsyth,2020,wastewater,Johns Creek Environmental Campus,MGD,2.373090909
Forsyth,2020,wastewater,Small Permits,MGD,0
Forsyth,2021,Chattahoochee Basin,industrial,MGD,0.23634147914032863
Forsyth,2021,Cumming Bethelview Rd AWRF,Big Creek_ds,MGD,4.046471636537983
Forsyth,2021,Forsyth Dick Creek,Dick Creek_ds,MGD,1.2243170592602102
Forsyth,2021,Forsyth Fowler WRF + Shakerag WRF,"Big Creek, Chattahoochee River, Land Application, Reuse_ds",MGD,0.9486233873202599
Forsyth,2021,Forsyth Fowler WRF + Shakerag WRF,Chattahoochee River_ds,MGD,0.7114675404901949
Forsyth,2021,Forsyth James Creek,"James Creek, Reuse_ds",MGD,0.6225340979289204
Forsyth,2021,Forsyth Manor,Reuse,MGD,0.18676022937867612
Forsyth,2021,Forsyth Parkstone,Land Application,MGD,0.08300454639052272
Forsyth,2021,Forsyth Windermere,Chattahoochee River_ds,MGD,0.6432852345265512
Forsyth,2021,Fowler and James Creek,Lake Lanier_ds,MGD,0
Forsyth,2021,Hampton Creek WRF,Land Application,MGD,0.43577386855024436
Forsyth,2021,Lake Lanier,publicWatSup,MGD,26.553486143999997
Forsyth,2021,Small Permits,Lake Lanier_ds,MGD,0
Forsyth,2021,agricultural,losses,MGD,0.393
Forsyth,2021,agricultural,wastewater,MGD,0
Forsyth,2021,commercial,losses,MGD,1.0689864399724303
Forsyth,2021,commercial,wastewater,MGD,1.9465465756529228
Forsyth,2021,groundwater,agricultural,MGD,0.393
Forsyth,2021,groundwater,industrial,MGD,0.12726079646017693
Forsyth,2021,groundwater,publicWatSup,MGD,0.02
Forsyth,2021,groundwater,residential,MGD,0.343829571
Forsyth,2021,industrial,discharge,MGD,0.3636022756005055
Forsyth,2021,industrial,losses,MGD,0.22128867398743113
Forsyth,2021,industrial,wastewater,MGD,1.1586735877468037
Forsyth,2021,publicWatSup,agricultural,MGD,0
Forsyth,2021,publicWatSup,commercial,MGD,3.015533015625353
Forsyth,2021,publicWatSup,industrial,MGD,1.3799622617342349
Forsyth,2021,publicWatSup,losses,MGD,6.167381298
Forsyth,2021,publicWatSup,residential,MGD,16.01060956864041
Forsyth,2021,residential,losses,MGD,5.147558353930549
Forsyth,2021,residential,septic,MGD,5.045084767123288
Forsyth,2021,residential,wastewater,MGD,6.161796018586576
Forsyth,2021,subsurface,wastewater,MGD,1.8534032363972606
Forsyth,2021,wastewater,Cumming Bethelview Rd AWRF,MGD,4.046471636537983
Forsyth,2021,wastewater,Forsyth Dick Creek,MGD,1.2243170592602102
Forsyth,2021,wastewater,Forsyth Fowler WRF + Shakerag WRF,MGD,1.6600909278104548
Forsyth,2021,wastewater,Forsyth James Creek,MGD,0.6225340979289204
Forsyth,2021,wastewater,Forsyth Manor,MGD,0.18676022937867612
Forsyth,2021,wastewater,Forsyth Parkstone,MGD,0.08300454639052272
Forsyth,2021,wastewater,Forsyth Windermere,MGD,0.6432852345265512
Forsyth,2021,wastewater,Fowler and James Creek,MGD,0
Forsyth,2021,wastewater,Hampton Creek WRF,MGD,0.43577386855024436
Forsyth,2021,wastewater,Johns Creek Environmental Campus,MGD,2.218181818
Forsyth,2021,wastewater,Small Permits,MGD,0
Forsyth,2022,Chattahoochee Basin,industrial,MGD,0.23634147914032863
Forsyth,2022,Cumming Bethelview Rd AWRF,Big Creek_ds,MGD,4.238243715228143
Forsyth,2022,Forsyth Dick Creek,Dick Creek_ds,MGD,1.282340406145951
Forsyth,2022,Forsyth Fowler WRF + Shakerag WRF,"Big Creek, Chattahoochee River, Land Application, Reuse_ds",MGD,0.9935809442293084
Forsyth,2022,Forsyth Fowler WRF + Shakerag WRF,Chattahoochee River_ds,MGD,0.7451857081719814
Forsyth,2022,Forsyth James Creek,"James Creek, Reuse_ds",MGD,0.6520374946504836
Forsyth,2022,Forsyth Manor,Reuse,MGD,0.19561124839514507
Forsyth,2022,Forsyth Parkstone,Land Application,MGD,0.08693833262006449
Forsyth,2022,Forsyth Windermere,Chattahoochee River_ds,MGD,0.6737720778054997
Forsyth,2022,Fowler and James Creek,Lake Lanier_ds,MGD,0
Forsyth,2022,Hampton Creek WRF,Land Application,MGD,0.45642624625533856
Forsyth,2022,Lake Lanier,publicWatSup,MGD,27.037810418
Forsyth,2022,Small Permits,Lake Lanier_ds,MGD,0
Forsyth,2022,agricultural,losses,MGD,0.393
Forsyth,2022,agricultural,wastewater,MGD,0
Forsyth,2022,commercial,losses,MGD,1.0896649400673535
Forsyth,2022,commercial,wastewater,MGD,1.9808287167466687
Forsyth,2022,groundwater,agricultural,MGD,0.393
Forsyth,2022,groundwater,industrial,MGD,0.12726079646017693
Forsyth,2022,groundwater,publicWatSup,MGD,0.02
Forsyth,2022,groundwater,residential,MGD,0.350096155
Forsyth,2022,industrial,discharge,MGD,0.3636022756005055
Forsyth,2022,industrial,losses,MGD,0.22533120249838534
Forsyth,2022,industrial,wastewater,MGD,1.1797820395992205
Forsyth,2022,publicWatSup,agricultural,MGD,0
Forsyth,2022,publicWatSup,commercial,MGD,3.070493656814022
Forsyth,2022,publicWatSup,industrial,MGD,1.4051132420976058
Forsyth,2022,publicWatSup,losses,MGD,6.279787041
Forsyth,2022,publicWatSup,residential,MGD,16.30241647808837
Forsyth,2022,residential,losses,MGD,5.262471870979464
Forsyth,2022,residential,septic,MGD,5.061144101369863
Forsyth,2022,residential,wastewater,MGD,6.3288966607390424
Forsyth,2022,subsurface,wastewater,MGD,1.8979014834169865
Forsyth,2022,wastewater,Cumming Bethelview Rd AWRF,MGD,4.238243715228143
Forsyth,2022,wastewater,Forsyth Dick Creek,MGD,1.282340406145951
Forsyth,2022,wastewater,Forsyth Fowler WRF + Shakerag WRF,MGD,1.73876665240129
Forsyth,2022,wastewater,Forsyth James Creek,MGD,0.6520374946504836
Forsyth,2022,wastewater,Forsyth Manor,MGD,0.19561124839514507
Forsyth,2022,wastewater,Forsyth Parkstone,MGD,0.08693833262006449
Forsyth,2022,wastewater,Forsyth Windermere,MGD,0.6737720778054997
Forsyth,2022,wastewater,Fowler and James Creek,MGD,0
Forsyth,2022,wastewater,Hampton Creek WRF,MGD,0.45642624625533856
Forsyth,2022,wastewater,Johns Creek Environmental Campus,MGD,2.063272727
Forsyth,2022,wastewater,Small Permits,MGD,0
Forsyth,2023,Chattahoochee Basin,industrial,MGD,0.23634147914032863
Forsyth,2023,Cumming Bethelview Rd AWRF,Big Creek_ds,MGD,4.427756716100622
Forsyth,2023,Forsyth Dick Creek,Dick Creek_ds,MGD,1.3396802371791623
Forsyth,2023,Forsyth Fowler WRF + Shakerag WRF,"Big Creek, Chattahoochee River, Land Application, Reuse_ds",MGD,1.0380089004778015
Forsyth,2023,Forsyth Fowler WRF + Shakerag WRF,Chattahoochee River_ds,MGD,0.778506675358351
Forsyth,2023,Forsyth James Creek,"James Creek, Reuse_ds",MGD,0.6811933409385571
Forsyth,2023,Forsyth Manor,Reuse,MGD,0.20435800228156714
Forsyth,2023,Forsyth Parkstone,Land Application,MGD,0.09082577879180763
Forsyth,2023,Forsyth Windermere,Chattahoochee River_ds,MGD,0.703899785636509
Forsyth,2023,Fowler and James Creek,Lake Lanier_ds,MGD,0
Forsyth,2023,Hampton Creek WRF,Land Application,MGD,0.47683533865699
Forsyth,2023,Lake Lanier,publicWatSup,MGD,27.515947234000006
Forsyth,2023,Small Permits,Lake Lanier_ds,MGD,0
Forsyth,2023,agricultural,losses,MGD,0.393
Forsyth,2023,agricultural,wastewater,MGD,0
Forsyth,2023,commercial,losses,MGD,1.11005912916798
Forsyth,2023,commercial,wastewater,MGD,2.014693022348355
Forsyth,2023,groundwater,agricultural,MGD,0.393
Forsyth,2023,groundwater,industrial,MGD,0.12726079646017693
Forsyth,2023,groundwater,publicWatSup,MGD,0.02
Forsyth,2023,groundwater,residential,MGD,0.356282682
Forsyth,2023,industrial,discharge,MGD,0.3636022756005055
Forsyth,2023,industrial,losses,MGD,0.2293217625652888
Forsyth,2023,industrial,wastewater,MGD,1.20062114476668
Forsyth,2023,publicWatSup,agricultural,MGD,0
Forsyth,2023,publicWatSup,commercial,MGD,3.124752151516335
Forsyth,2023,publicWatSup,industrial,MGD,1.4299429073319687
Forsyth,2023,publicWatSup,losses,MGD,6.390756752
Forsyth,2023,publicWatSup,residential,MGD,16.590495423151697
Forsyth,2023,residential,losses,MGD,5.377367421653034
Forsyth,2023,residential,septic,MGD,5.076867841095891
Forsyth,2023,residential,wastewater,MGD,6.492542842402772
Forsyth,2023,subsurface,wastewater,MGD,1.9415714019035615
Forsyth,2023,wastewater,Cumming Bethelview Rd AWRF,MGD,4.427756716100622
Forsyth,2023,wastewater,Forsyth Dick Creek,MGD,1.3396802371791623
Forsyth,2023,wastewater,Forsyth Fowler WRF + Shakerag WRF,MGD,1.8165155758361526
Forsyth,2023,wastewater,Forsyth James Creek,MGD,0.6811933409385571
Forsyth,2023,wastewater,Forsyth Manor,MGD,0.20435800228156714
Forsyth,2023,wastewater,Forsyth Parkstone,MGD,0.09082577879180763
Forsyth,2023,wastewater,Forsyth Windermere,MGD,0.703899785636509
Forsyth,2023,wastewater,Fowler and James Creek,MGD,0
Forsyth,2023,wastewater,Hampton Creek WRF,MGD,0.47683533865699
Forsyth,2023,wastewater,Johns Creek Environmental Campus,MGD,1.908363636
Forsyth,2023,wastewater,Small Permits,MGD,0
Forsyth,2024,Chattahoochee Basin,industrial,MGD,0.23634147914032863
Forsyth,2024,Cumming Bethelview Rd AWRF,Big Creek_ds,MGD,4.61492983153051
Forsyth,2024,Forsyth Dick Creek,Dick Creek_ds,MGD,1.3963121028733336
Forsyth,2024,Forsyth Fowler WRF + Shakerag WRF,"Big Creek, Chattahoochee River, Land Application, Reuse_ds",MGD,1.0818883121536729
Forsyth,2024,Forsyth Fowler WRF + Shakerag WRF,Chattahoochee River_ds,MGD,0.8114162341152547
Forsyth,2024,Forsyth James Creek,"James Creek, Reuse_ds",MGD,0.7099892048508477
Forsyth,2024,Forsyth Manor,Reuse,MGD,0.2129967614552543
Forsyth,2024,Forsyth Parkstone,Land Application,MGD,0.09466522731344637
Forsyth,2024,Forsyth Windermere,Chattahoochee River_ds,MGD,0.7336555116792093
Forsyth,2024,Fowler and James Creek,Lake Lanier_ds,MGD,0
Forsyth,2024,Hampton Creek WRF,Land Application,MGD,0.49699244339559345
Forsyth,2024,Lake Lanier,publicWatSup,MGD,27.989674545000003
Forsyth,2024,Small Permits,Lake Lanier_ds,MGD,0
Forsyth,2024,agricultural,losses,MGD,0.393
Forsyth,2024,agricultural,wastewater,MGD,0
Forsyth,2024,commercial,losses,MGD,1.1303928505950869
Forsyth,2024,commercial,wastewater,MGD,2.0481174095515575
Forsyth,2024,groundwater,agricultural,MGD,0.393
Forsyth,2024,groundwater,industrial,MGD,0.12726079646017693
Forsyth,2024,groundwater,publicWatSup,MGD,0.02
Forsyth,2024,groundwater,residential,MGD,0.362412155
Forsyth,2024,industrial,discharge,MGD,0.3636022756005055
Forsyth,2024,industrial,losses,MGD,0.23327504629320295
Forsyth,2024,industrial,wastewater,MGD,1.221268539654799
Forsyth,2024,publicWatSup,agricultural,MGD,0
Forsyth,2024,publicWatSup,commercial,MGD,3.1785102601466444
Forsyth,2024,publicWatSup,industrial,MGD,1.454543585948002
Forsyth,2024,publicWatSup,losses,MGD,6.500703069
Forsyth,2024,publicWatSup,residential,MGD,16.875917629905356
Forsyth,2024,residential,losses,MGD,5.493564776933631
Forsyth,2024,residential,septic,MGD,5.09223414520548
Forsyth,2024,residential,wastewater,MGD,6.6525308627662465
Forsyth,2024,subsurface,wastewater,MGD,1.9843833623945208
Forsyth,2024,wastewater,Cumming Bethelview Rd AWRF,MGD,4.61492983153051
Forsyth,2024,wastewater,Forsyth Dick Creek,MGD,1.3963121028733336
Forsyth,2024,wastewater,Forsyth Fowler WRF + Shakerag WRF,MGD,1.8933045462689275
Forsyth,2024,wastewater,Forsyth James Creek,MGD,0.7099892048508477
Forsyth,2024,wastewater,Forsyth Manor,MGD,0.2129967614552543
Forsyth,2024,wastewater,Forsyth Parkstone,MGD,0.09466522731344637
Forsyth,2024,wastewater,Forsyth Windermere,MGD,0.7336555116792093
Forsyth,2024,wastewater,Fowler and James Creek,MGD,0
Forsyth,2024,wastewater,Hampton Creek WRF,MGD,0.49699244339559345
Forsyth,2024,wastewater,Johns Creek Environmental Campus,MGD,1.753454545
Forsyth,2024,wastewater,Small Permits,MGD,0
Fulton,2020,Atlanta RM Clayton WRC,Chattahoochee River_ds,MGD,92.81047075914454
Fulton,2020,Atlanta South River WRC,Chattahoochee River_ds,MGD,24.377104209118333
Fulton,2020,Atlanta Utoy Creek WRC,Chattahoochee River_ds,MGD,17.623091482066624
Fulton,2020,Big Creek,publicWatSup,MGD,1.8443548995090127
Fulton,2020,Camp Creek WRF,Chattahoochee River_ds,MGD,11.858970407503278
Fulton,2020,Cedar Creek Reservoirs,publicWatSup,MGD,0.43396585870800297
Fulton,2020,Chattahoochee Basin,industrial,MGD,1.3601893426042981
Fulton,2020,Chattahoochee River,publicWatSup,MGD,142.34080165622495
Fulton,2020,Fulton Big Creek WRF,Chattahoochee River_ds,MGD,17.83274379106133
Fulton,2020,Fulton Cauley Creek,Chattahoochee River_ds,MGD,0
Fulton,2020,Johns Creek Environmental Campus,Chattahoochee River_ds,MGD,6.428449315284322
Fulton,2020,Little Bear WRF,Little Bear Creek_ds,MGD,0.01574896468459931
Fulton,2020,Little River WRF (SEE CHEROKEE CO),Little River_ds,MGD,0
Fulton,2020,Sweetwater Creek,publicWatSup,MGD,5.858539092558041
Fulton,2020,agricultural,losses,MGD,0.624
Fulton,2020,agricultural,wastewater,MGD,0
Fulton,2020,commercial,losses,MGD,11.104929558016863
Fulton,2020,commercial,wastewater,MGD,32.66021089471055
Fulton,2020,groundwater,agricultural,MGD,0.624
Fulton,2020,groundwater,industrial,MGD,0.7324096460176989
Fulton,2020,groundwater,publicWatSup,MGD,0.29
Fulton,2020,groundwater,residential,MGD,0.477720363
Fulton,2020,inFrom_Cherokee_Cherokee to Fulton County,Fulton Big Creek WRF,MGD,0.021384897
Fulton,2020,inFrom_Clayton_Clayton County to City of Atlanta,Atlanta South River WRC,MGD,0
Fulton,2020,inFrom_Cobb_Cobb,Fulton Big Creek WRF,MGD,2.53486315
Fulton,2020,inFrom_DeKalb_DeKalb County to City of Atlanta,Atlanta RM Clayton WRC,MGD,32.18660062
Fulton,2020,inFrom_DeKalb_DeKalb County to City of Atlanta,Atlanta South River WRC,MGD,4.659400424
Fulton,2020,inFrom_DeKalb_DeKalb County to Fulton County,Atlanta RM Clayton WRC,MGD,0.6714139
Fulton,2020,inFrom_DeKalb_DeKalb to Fulton County,Atlanta RM Clayton WRC,MGD,1.5424
Fulton,2020,inFrom_Fayette_Fayette,Atlanta RM Clayton WRC,MGD,0.32
Fulton,2020,inFrom_Forsyth_Forsyth to Fulton County,Johns Creek Environmental Campus,MGD,2.373090909
Fulton,2020,industrial,discharge,MGD,2.092598988621997
Fulton,2020,industrial,losses,MGD,0.33845142523476923
Fulton,2020,industrial,wastewater,MGD,1.6587304952000728
Fulton,2020,publicWatSup,agricultural,MGD,0
Fulton,2020,publicWatSup,commercial,MGD,43.765140452727415
Fulton,2020,publicWatSup,industrial,MGD,1.997181920434842
Fulton,2020,publicWatSup,losses,MGD,37.62464842
Fulton,2020,publicWatSup,residential,MGD,67.38069071383775
Fulton,2020,residential,losses,MGD,10.204749727022353
Fulton,2020,residential,septic,MGD,4.156164383561644
Fulton,2020,residential,wastewater,MGD,53.497496966253756
Fulton,2020,subsurface,wastewater,MGD,52.689863013698634
Fulton,2020,wastewater,Atlanta RM Clayton WRC,MGD,58.090056239144545
Fulton,2020,wastewater,Atlanta South River WRC,MGD,19.71770378511833
Fulton,2020,wastewater,Atlanta Utoy Creek WRC,MGD,17.623091482066624
Fulton,2020,wastewater,CLAYTON W.B. CASEY WRF,MGD,5.818181818
Fulton,2020,wastewater,COBB RL SUTTON WRF,MGD,5.871334591
Fulton,2020,wastewater,Camp Creek WRF,MGD,11.858970407503278
Fulton,2020,wastewater,Fulton Big Creek WRF,MGD,15.276495744061327
Fulton,2020,wastewater,Fulton Cauley Creek,MGD,0
Fulton,2020,wastewater,Johns Creek Environmental Campus,MGD,4.055358406284322
Fulton,2020,wastewater,Little Bear WRF,MGD,0.01574896468459931
Fulton,2020,wastewater,Little River WRF (SEE CHEROKEE CO),MGD,0.907359932
Fulton,2020,wastewater,Pole Bridge Creek,MGD,1.272
Fulton,2021,Atlanta RM Clayton WRC,Chattahoochee River_ds,MGD,93.88675730397371
Fulton,2021,Atlanta South River WRC,Chattahoochee River_ds,MGD,24.718732745321432
Fulton,2021,Atlanta Utoy Creek WRC,Chattahoochee River_ds,MGD,17.898811453799265
Fulton,2021,Big Creek,publicWatSup,MGD,1.8725408916034612
Fulton,2021,Camp Creek WRF,Chattahoochee River_ds,MGD,12.04450851180594
Fulton,2021,Cedar Creek Reservoirs,publicWatSup,MGD,0.4405978568478732
Fulton,2021,Chattahoochee Basin,industrial,MGD,1.3601893426042981
Fulton,2021,Chattahoochee River,publicWatSup,MGD,144.51609704610237
Fulton,2021,Fulton Big Creek WRF,Chattahoochee River_ds,MGD,18.103210943605262
Fulton,2021,Fulton Cauley Creek,Chattahoochee River_ds,MGD,0
Fulton,2021,Johns Creek Environmental Campus,Chattahoochee River_ds,MGD,6.336987849593665
Fulton,2021,Little Bear WRF,Little Bear Creek_ds,MGD,0.01599536322948996
Fulton,2021,Little River WRF (SEE CHEROKEE CO),Little River_ds,MGD,0
Fulton,2021,Sweetwater Creek,publicWatSup,MGD,5.948071067446288
Fulton,2021,agricultural,losses,MGD,0.624
Fulton,2021,agricultural,wastewater,MGD,0
Fulton,2021,commercial,losses,MGD,11.290999564711356
Fulton,2021,commercial,wastewater,MGD,33.141686574598296
Fulton,2021,groundwater,agricultural,MGD,0.624
Fulton,2021,groundwater,industrial,MGD,0.7324096460176989
Fulton,2021,groundwater,publicWatSup,MGD,0.29
Fulton,2021,groundwater,residential,MGD,0.48500698800000003
Fulton,2021,inFrom_Cherokee_Cherokee to Fulton County,Fulton Big Creek WRF,MGD,0.022111894
Fulton,2021,inFrom_Clayton_Clayton County to City of Atlanta,Atlanta South River WRC,MGD,0
Fulton,2021,inFrom_Cobb_Cobb,Fulton Big Creek WRF,MGD,2.565596717
Fulton,2021,inFrom_DeKalb_DeKalb County to City of Atlanta,Atlanta RM Clayton WRC,MGD,32.41551105
Fulton,2021,inFrom_DeKalb_DeKalb County to City of Atlanta,Atlanta South River WRC,MGD,4.692537982
Fulton,2021,inFrom_DeKalb_DeKalb County to Fulton County,Atlanta RM Clayton WRC,MGD,0.676188982
Fulton,2021,inFrom_DeKalb_DeKalb to Fulton County,Atlanta RM Clayton WRC,MGD,1.47616
Fulton,2021,inFrom_Fayette_Fayette,Atlanta RM Clayton WRC,MGD,0.32
Fulton,2021,inFrom_Forsyth_Forsyth to Fulton County,Johns Creek Environmental Campus,MGD,2.218181818
Fulton,2021,industrial,discharge,MGD,2.0925989886219964
Fulton,2021,industrial,losses,MGD,0.34415270647123464
Fulton,2021,industrial,wastewater,MGD,1.683492047116049
Fulton,2021,publicWatSup,agricultural,MGD,0
Fulton,2021,publicWatSup,commercial,MGD,44.43268613930965
Fulton,2021,publicWatSup,industrial,MGD,2.0276447535872837
Fulton,2021,publicWatSup,losses,MGD,38.19853374
Fulton,2021,publicWatSup,residential,MGD,68.40844222910306
Fulton,2021,residential,losses,MGD,10.406299071694114
Fulton,2021,residential,septic,MGD,4.191780821917808
Fulton,2021,residential,wastewater,MGD,54.29536932349113
Fulton,2021,subsurface,wastewater,MGD,53.47232876712328
Fulton,2021,wastewater,Atlanta RM Clayton WRC,MGD,58.99889727197372
Fulton,2021,wastewater,Atlanta South River WRC,MGD,20.02619476332143
Fulton,2021,wastewater,Atlanta Utoy Creek WRC,MGD,17.898811453799265
Fulton,2021,wastewater,CLAYTON W.B. CASEY WRF,MGD,5.87107438
Fulton,2021,wastewater,COBB RL SUTTON WRF,MGD,5.916713747
Fulton,2021,wastewater,Camp Creek WRF,MGD,12.04450851180594
Fulton,2021,wastewater,Fulton Big Creek WRF,MGD,15.51550233260526
Fulton,2021,wastewater,Fulton Cauley Creek,MGD,0
Fulton,2021,wastewater,Johns Creek Environmental Campus,MGD,4.118806031593665
Fulton,2021,wastewater,Little Bear WRF,MGD,0.01599536322948996
Fulton,2021,wastewater,Little River WRF (SEE CHEROKEE CO),MGD,0.914372857
Fulton,2021,wastewater,Pole Bridge Creek,MGD,1.272
Fulton,2022,Atlanta RM Clayton WRC,Chattahoochee River_ds,MGD,94.97264135594367
Fulton,2022,Atlanta South River WRC,Chattahoochee River_ds,MGD,25.06003340086132
Fulton,2022,Atlanta Utoy Creek WRC,Chattahoochee River_ds,MGD,18.177162366436754
Fulton,2022,Big Creek,publicWatSup,MGD,1.9011388605212693
Fulton,2022,Camp Creek WRF,Chattahoochee River_ds,MGD,12.231817034787198
Fulton,2022,Cedar Creek Reservoirs,publicWatSup,MGD,0.44732679071088693
Fulton,2022,Chattahoochee Basin,industrial,MGD,1.3601893426042981
Fulton,2022,Chattahoochee River,publicWatSup,MGD,146.72318735317089
Fulton,2022,Fulton Big Creek WRF,Chattahoochee River_ds,MGD,18.37367183316412
Fulton,2022,Fulton Cauley Creek,Chattahoochee River_ds,MGD,0
Fulton,2022,Johns Creek Environmental Campus,Chattahoochee River_ds,MGD,6.246131805961094
Fulton,2022,Little Bear WRF,Little Bear Creek_ds,MGD,0.01624411292800425
Fulton,2022,Little River WRF (SEE CHEROKEE CO),Little River_ds,MGD,0
Fulton,2022,Sweetwater Creek,publicWatSup,MGD,6.0389116745969735
Fulton,2022,agricultural,losses,MGD,0.624
Fulton,2022,agricultural,wastewater,MGD,0
Fulton,2022,commercial,losses,MGD,11.481333304257333
Fulton,2022,commercial,wastewater,MGD,33.62865561408816
Fulton,2022,groundwater,agricultural,MGD,0.624
Fulton,2022,groundwater,industrial,MGD,0.7324096460176989
Fulton,2022,groundwater,publicWatSup,MGD,0.29
Fulton,2022,groundwater,residential,MGD,0.492400117
Fulton,2022,inFrom_Cherokee_Cherokee to Fulton County,Fulton Big Creek WRF,MGD,0.022853191
Fulton,2022,inFrom_Clayton_Clayton County to City of Atlanta,Atlanta South River WRC,MGD,0
Fulton,2022,inFrom_Cobb_Cobb,Fulton Big Creek WRF,MGD,2.594029102
Fulton,2022,inFrom_DeKalb_DeKalb County to City of Atlanta,Atlanta RM Clayton WRC,MGD,32.64581818
Fulton,2022,inFrom_DeKalb_DeKalb County to City of Atlanta,Atlanta South River WRC,MGD,4.722404015
Fulton,2022,inFrom_DeKalb_DeKalb County to Fulton County,Atlanta RM Clayton WRC,MGD,0.680492641
Fulton,2022,inFrom_DeKalb_DeKalb to Fulton County,Atlanta RM Clayton WRC,MGD,1.40992
Fulton,2022,inFrom_Fayette_Fayette,Atlanta RM Clayton WRC,MGD,0.32
Fulton,2022,inFrom_Forsyth_Forsyth to Fulton County,Johns Creek Environmental Campus,MGD,2.063272727
Fulton,2022,industrial,discharge,MGD,2.0925989886219964
Fulton,2022,industrial,losses,MGD,0.3502996619979646
Fulton,2022,industrial,wastewater,MGD,1.7082531808874233
Fulton,2022,publicWatSup,agricultural,MGD,0
Fulton,2022,publicWatSup,commercial,MGD,45.10998891834549
Fulton,2022,publicWatSup,industrial,MGD,2.058552842885388
Fulton,2022,publicWatSup,losses,MGD,38.78080718
Fulton,2022,publicWatSup,residential,MGD,69.45121573776912
Fulton,2022,residential,losses,MGD,10.617510951114575
Fulton,2022,residential,septic,MGD,4.232876712328767
Fulton,2022,residential,wastewater,MGD,55.09322819132578
Fulton,2022,subsurface,wastewater,MGD,54.25808219178081
Fulton,2022,wastewater,Atlanta RM Clayton WRC,MGD,59.91641053494367
Fulton,2022,wastewater,Atlanta South River WRC,MGD,20.33762938586132
Fulton,2022,wastewater,Atlanta Utoy Creek WRC,MGD,18.177162366436754
Fulton,2022,wastewater,CLAYTON W.B. CASEY WRF,MGD,5.919158528
Fulton,2022,wastewater,COBB RL SUTTON WRF,MGD,5.957476271
Fulton,2022,wastewater,Camp Creek WRF,MGD,12.231817034787198
Fulton,2022,wastewater,Fulton Big Creek WRF,MGD,15.756789540164121
Fulton,2022,wastewater,Fulton Cauley Creek,MGD,0
Fulton,2022,wastewater,Johns Creek Environmental Campus,MGD,4.182859078961094
Fulton,2022,wastewater,Little Bear WRF,MGD,0.01624411292800425
Fulton,2022,wastewater,Little River WRF (SEE CHEROKEE CO),MGD,0.920672325
Fulton,2022,wastewater,Pole Bridge Creek,MGD,1.272
Fulton,2023,Atlanta RM Clayton WRC,Chattahoochee River_ds,MGD,96.21848005951337
Fulton,2023,Atlanta South River WRC,Chattahoochee River_ds,MGD,25.410015457150536
Fulton,2023,Atlanta Utoy Creek WRC,Chattahoochee River_ds,MGD,18.464999044531506
Fulton,2023,Big Creek,publicWatSup,MGD,1.9303727040699354
Fulton,2023,Camp Creek WRF,Chattahoochee River_ds,MGD,12.425508740422005
Fulton,2023,Cedar Creek Reservoirs,publicWatSup,MGD,0.45420534213410246
Fulton,2023,Chattahoochee Basin,industrial,MGD,1.3601893426042981
Fulton,2023,Chattahoochee River,publicWatSup,MGD,148.9793522199856
Fulton,2023,Fulton Big Creek WRF,Chattahoochee River_ds,MGD,18.65174097685305
Fulton,2023,Fulton Cauley Creek,Chattahoochee River_ds,MGD,0
Fulton,2023,Johns Creek Environmental Campus,Chattahoochee River_ds,MGD,6.157458590393979
Fulton,2023,Little Bear WRF,Little Bear Creek_ds,MGD,0.016501339628714484
Fulton,2023,Little River WRF (SEE CHEROKEE CO),Little River_ds,MGD,0
Fulton,2023,Sweetwater Creek,publicWatSup,MGD,6.1317721188103835
Fulton,2023,agricultural,losses,MGD,0.624
Fulton,2023,agricultural,wastewater,MGD,0
Fulton,2023,commercial,losses,MGD,11.674762575902967
Fulton,2023,commercial,wastewater,MGD,34.12758891956386
Fulton,2023,groundwater,agricultural,MGD,0.624
Fulton,2023,groundwater,industrial,MGD,0.7324096460176989
Fulton,2023,groundwater,publicWatSup,MGD,0.29
Fulton,2023,groundwater,residential,MGD,0.499957632
Fulton,2023,inFrom_Cherokee_Cherokee to Fulton County,Fulton Big Creek WRF,MGD,0.023556692
Fulton,2023,inFrom_Clayton_Clayton County to City of Atlanta,Atlanta South River WRC,MGD,0
Fulton,2023,inFrom_Cobb_Cobb,Fulton Big Creek WRF,MGD,2.621884845
Fulton,2023,inFrom_DeKalb_DeKalb County to City of Atlanta,Atlanta RM Clayton WRC,MGD,33.00509091
Fulton,2023,inFrom_DeKalb_DeKalb County to City of Atlanta,Atlanta South River WRC,MGD,4.750338242
Fulton,2023,inFrom_DeKalb_DeKalb County to Fulton County,Atlanta RM Clayton WRC,MGD,0.684517929
Fulton,2023,inFrom_DeKalb_DeKalb to Fulton County,Atlanta RM Clayton WRC,MGD,1.34368
Fulton,2023,inFrom_Fayette_Fayette,Atlanta RM Clayton WRC,MGD,0.32
Fulton,2023,inFrom_Forsyth_Forsyth to Fulton County,Johns Creek Environmental Campus,MGD,1.908363636
Fulton,2023,industrial,discharge,MGD,2.0925989886219964
Fulton,2023,industrial,losses,MGD,0.35433416201615064
Fulton,2023,industrial,wastewater,MGD,1.7358140100148958
Fulton,2023,publicWatSup,agricultural,MGD,0
Fulton,2023,publicWatSup,commercial,MGD,45.80235149546683
Fulton,2023,publicWatSup,industrial,MGD,2.0901481720310464
Fulton,2023,publicWatSup,losses,MGD,39.37602745
Fulton,2023,publicWatSup,residential,MGD,70.51717526750213
Fulton,2023,residential,losses,MGD,10.82848103456034
Fulton,2023,residential,septic,MGD,4.271232876712329
Fulton,2023,residential,wastewater,MGD,55.91741898822946
Fulton,2023,subsurface,wastewater,MGD,55.06849315068493
Fulton,2023,wastewater,Atlanta RM Clayton WRC,MGD,60.865191220513374
Fulton,2023,wastewater,Atlanta South River WRC,MGD,20.659677215150534
Fulton,2023,wastewater,Atlanta Utoy Creek WRC,MGD,18.464999044531506
Fulton,2023,wastewater,CLAYTON W.B. CASEY WRF,MGD,5.962871388
Fulton,2023,wastewater,COBB RL SUTTON WRF,MGD,5.999937426
Fulton,2023,wastewater,Camp Creek WRF,MGD,12.425508740422005
Fulton,2023,wastewater,Fulton Big Creek WRF,MGD,16.00629943985305
Fulton,2023,wastewater,Fulton Cauley Creek,MGD,0
Fulton,2023,wastewater,Johns Creek Environmental Campus,MGD,4.249094954393979
Fulton,2023,wastewater,Little Bear WRF,MGD,0.016501339628714484
Fulton,2023,wastewater,Little River WRF (SEE CHEROKEE CO),MGD,0.9272343
Fulton,2023,wastewater,Pole Bridge Creek,MGD,1.272
Fulton,2024,Atlanta RM Clayton WRC,Chattahoochee River_ds,MGD,97.50205103258136
Fulton,2024,Atlanta South River WRC,Chattahoochee River_ds,MGD,25.766006882662293
Fulton,2024,Atlanta Utoy Creek WRC,Chattahoochee River_ds,MGD,18.764595238411427
Fulton,2024,Big Creek,publicWatSup,MGD,1.9609004649538573
Fulton,2024,Camp Creek WRF,Chattahoochee River_ds,MGD,12.627113685901524
Fulton,2024,Cedar Creek Reservoirs,publicWatSup,MGD,0.46138834469502527
Fulton,2024,Chattahoochee Basin,industrial,MGD,1.3601893426042981
Fulton,2024,Chattahoochee River,publicWatSup,MGD,151.33537705996827
Fulton,2024,Fulton Big Creek WRF,Chattahoochee River_ds,MGD,18.93782806067925
Fulton,2024,Fulton Cauley Creek,Chattahoochee River_ds,MGD,0
Fulton,2024,Johns Creek Environmental Campus,Chattahoochee River_ds,MGD,6.071491429621039
Fulton,2024,Little Bear WRF,Little Bear Creek_ds,MGD,0.016769075280081706
Fulton,2024,Little River WRF (SEE CHEROKEE CO),Little River_ds,MGD,0
Fulton,2024,Sweetwater Creek,publicWatSup,MGD,6.228742653382842
Fulton,2024,agricultural,losses,MGD,0.624
Fulton,2024,agricultural,wastewater,MGD,0
Fulton,2024,commercial,losses,MGD,11.875180307513446
Fulton,2024,commercial,wastewater,MGD,34.65017838063864
Fulton,2024,groundwater,agricultural,MGD,0.624
Fulton,2024,groundwater,industrial,MGD,0.7324096460176989
Fulton,2024,groundwater,publicWatSup,MGD,0.29
Fulton,2024,groundwater,residential,MGD,0.50784965
Fulton,2024,inFrom_Cherokee_Cherokee to Fulton County,Fulton Big Creek WRF,MGD,0.024240596
Fulton,2024,inFrom_Clayton_Clayton County to City of Atlanta,Atlanta South River WRC,MGD,0
Fulton,2024,inFrom_Cobb_Cobb,Fulton Big Creek WRF,MGD,2.647584443
Fulton,2024,inFrom_DeKalb_DeKalb County to City of Atlanta,Atlanta RM Clayton WRC,MGD,33.36436364
Fulton,2024,inFrom_DeKalb_DeKalb County to City of Atlanta,Atlanta South River WRC,MGD,4.771124632
Fulton,2024,inFrom_DeKalb_DeKalb County to Fulton County,Atlanta RM Clayton WRC,MGD,0.687513222
Fulton,2024,inFrom_DeKalb_DeKalb to Fulton County,Atlanta RM Clayton WRC,MGD,1.27744
Fulton,2024,inFrom_Fayette_Fayette,Atlanta RM Clayton WRC,MGD,0.32
Fulton,2024,inFrom_Forsyth_Forsyth to Fulton County,Johns Creek Environmental Campus,MGD,1.753454545
Fulton,2024,industrial,discharge,MGD,2.0925989886219964
Fulton,2024,industrial,losses,MGD,0.35982308168446075
Fulton,2024,industrial,wastewater,MGD,1.7633188585256725
Fulton,2024,publicWatSup,agricultural,MGD,0
Fulton,2024,publicWatSup,commercial,MGD,46.52535868815209
Fulton,2024,publicWatSup,industrial,MGD,2.1231419402101332
Fulton,2024,publicWatSup,losses,MGD,39.99759272
Fulton,2024,publicWatSup,residential,MGD,71.63031517463777
Fulton,2024,residential,losses,MGD,11.055771652843184
Fulton,2024,residential,septic,MGD,4.3123287671232875
Fulton,2024,residential,wastewater,MGD,56.770064404671295
Fulton,2024,subsurface,wastewater,MGD,55.91013698630137
Fulton,2024,wastewater,Atlanta RM Clayton WRC,MGD,61.852734170581364
Fulton,2024,wastewater,Atlanta South River WRC,MGD,20.994882250662293
Fulton,2024,wastewater,Atlanta Utoy Creek WRC,MGD,18.764595238411427
Fulton,2024,wastewater,CLAYTON W.B. CASEY WRF,MGD,6.002610354
Fulton,2024,wastewater,COBB RL SUTTON WRF,MGD,6.044788357
Fulton,2024,wastewater,Camp Creek WRF,MGD,12.627113685901524
Fulton,2024,wastewater,Fulton Big Creek WRF,MGD,16.266003021679253
Fulton,2024,wastewater,Fulton Cauley Creek,MGD,0
Fulton,2024,wastewater,Johns Creek Environmental Campus,MGD,4.318036884621039
Fulton,2024,wastewater,Little Bear WRF,MGD,0.016769075280081706
Fulton,2024,wastewater,Little River WRF (SEE CHEROKEE CO),MGD,0.934165592
Fulton,2024,wastewater,Pole Bridge Creek,MGD,1.272
Gwinnett,2020,Buford Southside WPCP,Little Suwanee Creek_ds,MGD,1.6161888160013562
Gwinnett,2020,Buford Westside WPCP,Richland Creek_ds,MGD,0.14692625600012332
Gwinnett,2020,Chattahoochee Basin,industrial,MGD,0.7639419595448796
Gwinnett,2020,Gwinnett  F.W. Hill,"Lake Lanier, Chattahoochee River_ds",MGD,33.46399144248921
Gwinnett,2020,Gwinnett Crooked Creek,Chattahoochee River_ds,MGD,9.798851073238993
Gwinnett,2020,Gwinnett Jack's Creek,Jack's Creek_ds,MGD,0.46338280738500426
Gwinnett,2020,Gwinnett Jackson Creek,Yellow River_ds,MGD,3.1193574350795408
Gwinnett,2020,Gwinnett Yellow River,Yellow River_ds,MGD,12.262691366164137
Gwinnett,2020,Lake Lanier,publicWatSup,MGD,90.045008885
Gwinnett,2020,Oconee Basin,industrial,MGD,0
Gwinnett,2020,Rock Creek,publicWatSup,MGD,0
Gwinnett,2020,agricultural,losses,MGD,0
Gwinnett,2020,agricultural,wastewater,MGD,0
Gwinnett,2020,commercial,losses,MGD,4.431617140309468
Gwinnett,2020,commercial,wastewater,MGD,8.70025862223553
Gwinnett,2020,groundwater,agricultural,MGD,0
Gwinnett,2020,groundwater,industrial,MGD,0.41135336283185825
Gwinnett,2020,groundwater,residential,MGD,0
Gwinnett,2020,inFrom_DeKalb_DeKalb County to Gwinnett County,Gwinnett  F.W. Hill,MGD,0.496
Gwinnett,2020,industrial,discharge,MGD,1.175295322376738
Gwinnett,2020,industrial,losses,MGD,0.14302468745591645
Gwinnett,2020,industrial,wastewater,MGD,0.5036446825403985
Gwinnett,2020,publicWatSup,agricultural,MGD,0
Gwinnett,2020,publicWatSup,commercial,MGD,13.131875762544999
Gwinnett,2020,publicWatSup,industrial,MGD,0.646669369996315
Gwinnett,2020,publicWatSup,losses,MGD,14.54430175
Gwinnett,2020,publicWatSup,residential,MGD,61.72216200245869
Gwinnett,2020,residential,losses,MGD,10.228749357757906
Gwinnett,2020,residential,septic,MGD,10.384491619178082
Gwinnett,2020,residential,wastewater,MGD,41.108921025522704
Gwinnett,2020,subsurface,wastewater,MGD,10.062564866059727
Gwinnett,2020,wastewater,Buford Southside WPCP,MGD,1.6161888160013562
Gwinnett,2020,wastewater,Buford Westside WPCP,MGD,0.14692625600012332
Gwinnett,2020,wastewater,Gwinnett  F.W. Hill,MGD,32.96799144248921
Gwinnett,2020,wastewater,Gwinnett Crooked Creek,MGD,9.798851073238993
Gwinnett,2020,wastewater,Gwinnett Jack's Creek,MGD,0.46338280738500426
Gwinnett,2020,wastewater,Gwinnett Jackson Creek,MGD,3.1193574350795408
Gwinnett,2020,wastewater,Gwinnett Yellow River,MGD,12.262691366164137
Gwinnett,2020,wastewater,Pole Bridge Creek,MGD,0
Gwinnett,2021,Buford Southside WPCP,Little Suwanee Creek_ds,MGD,1.6513642883648538
Gwinnett,2021,Buford Westside WPCP,Richland Creek_ds,MGD,0.15012402621498672
Gwinnett,2021,Chattahoochee Basin,industrial,MGD,0.7639419595448796
Gwinnett,2021,Gwinnett  F.W. Hill,"Lake Lanier, Chattahoochee River_ds",MGD,34.181521882239714
Gwinnett,2021,Gwinnett Crooked Creek,Chattahoochee River_ds,MGD,10.01211774833796
Gwinnett,2021,Gwinnett Jack's Creek,Jack's Creek_ds,MGD,0.47346808267803503
Gwinnett,2021,Gwinnett Jackson Creek,Yellow River_ds,MGD,3.187248556564333
Gwinnett,2021,Gwinnett Yellow River,Yellow River_ds,MGD,12.529582187943122
Gwinnett,2021,Lake Lanier,publicWatSup,MGD,91.805258386
Gwinnett,2021,Oconee Basin,industrial,MGD,0
Gwinnett,2021,Rock Creek,publicWatSup,MGD,0
Gwinnett,2021,agricultural,losses,MGD,0
Gwinnett,2021,agricultural,wastewater,MGD,0
Gwinnett,2021,commercial,losses,MGD,4.527663170607756
Gwinnett,2021,commercial,wastewater,MGD,8.860921746823069
Gwinnett,2021,groundwater,agricultural,MGD,0
Gwinnett,2021,groundwater,industrial,MGD,0.41135336283185825
Gwinnett,2021,groundwater,residential,MGD,0
Gwinnett,2021,inFrom_DeKalb_DeKalb County to Gwinnett County,Gwinnett  F.W. Hill,MGD,0.496
Gwinnett,2021,industrial,discharge,MGD,1.1752953223767377
Gwinnett,2021,industrial,losses,MGD,0.14589844235904603
Gwinnett,2021,industrial,wastewater,MGD,0.5134123771730913
Gwinnett,2021,publicWatSup,agricultural,MGD,0
Gwinnett,2021,publicWatSup,commercial,MGD,13.388584917430824
Gwinnett,2021,publicWatSup,industrial,MGD,0.6593108195321373
Gwinnett,2021,publicWatSup,losses,MGD,14.82862178
Gwinnett,2021,publicWatSup,residential,MGD,62.928740869037036
Gwinnett,2021,residential,losses,MGD,10.460791497359224
Gwinnett,2021,residential,septic,MGD,10.434427852054794
Gwinnett,2021,residential,wastewater,MGD,42.033521519623015
Gwinnett,2021,subsurface,wastewater,MGD,10.281571128723835
Gwinnett,2021,wastewater,Buford Southside WPCP,MGD,1.6513642883648538
Gwinnett,2021,wastewater,Buford Westside WPCP,MGD,0.15012402621498672
Gwinnett,2021,wastewater,Gwinnett  F.W. Hill,MGD,33.68552188223971
Gwinnett,2021,wastewater,Gwinnett Crooked Creek,MGD,10.01211774833796
Gwinnett,2021,wastewater,Gwinnett Jack's Creek,MGD,0.47346808267803503
Gwinnett,2021,wastewater,Gwinnett Jackson Creek,MGD,3.187248556564333
Gwinnett,2021,wastewater,Gwinnett Yellow River,MGD,12.529582187943122
Gwinnett,2021,wastewater,Pole Bridge Creek,MGD,0
Gwinnett,2022,Buford Southside WPCP,Little Suwanee Creek_ds,MGD,1.6864711918210382
Gwinnett,2022,Buford Westside WPCP,Richland Creek_ds,MGD,0.15331556289282167
Gwinnett,2022,Chattahoochee Basin,industrial,MGD,0.7639419595448796
Gwinnett,2022,Gwinnett  F.W. Hill,"Lake Lanier, Chattahoochee River_ds",MGD,34.8976536121816
Gwinnett,2022,Gwinnett Crooked Creek,Chattahoochee River_ds,MGD,10.224968694467414
Gwinnett,2022,Gwinnett Jack's Creek,Jack's Creek_ds,MGD,0.48353369835428367
Gwinnett,2022,Gwinnett Jackson Creek,Yellow River_ds,MGD,3.2550073352629822
Gwinnett,2022,Gwinnett Yellow River,Yellow River_ds,MGD,12.795952749131652
Gwinnett,2022,Lake Lanier,publicWatSup,MGD,93.566004343
Gwinnett,2022,Oconee Basin,industrial,MGD,0
Gwinnett,2022,Rock Creek,publicWatSup,MGD,0
Gwinnett,2022,agricultural,losses,MGD,0
Gwinnett,2022,agricultural,wastewater,MGD,0
Gwinnett,2022,commercial,losses,MGD,4.623292517273862
Gwinnett,2022,commercial,wastewater,MGD,9.022073949790814
Gwinnett,2022,groundwater,agricultural,MGD,0
Gwinnett,2022,groundwater,industrial,MGD,0.41135336283185825
Gwinnett,2022,groundwater,residential,MGD,0
Gwinnett,2022,inFrom_DeKalb_DeKalb County to Gwinnett County,Gwinnett  F.W. Hill,MGD,0.496
Gwinnett,2022,industrial,discharge,MGD,1.1752953223767377
Gwinnett,2022,industrial,losses,MGD,0.14877096616390661
Gwinnett,2022,industrial,wastewater,MGD,0.523184868069344
Gwinnett,2022,publicWatSup,agricultural,MGD,0
Gwinnett,2022,publicWatSup,commercial,MGD,13.645366467064676
Gwinnett,2022,publicWatSup,industrial,MGD,0.6719558342332506
Gwinnett,2022,publicWatSup,losses,MGD,15.113022
Gwinnett,2022,publicWatSup,residential,MGD,64.13566004170208
Gwinnett,2022,residential,losses,MGD,10.695965886729354
Gwinnett,2022,residential,septic,MGD,10.484200602739726
Gwinnett,2022,residential,wastewater,MGD,42.955493552233
Gwinnett,2022,subsurface,wastewater,MGD,10.50015047401863
Gwinnett,2022,wastewater,Buford Southside WPCP,MGD,1.6864711918210382
Gwinnett,2022,wastewater,Buford Westside WPCP,MGD,0.15331556289282167
Gwinnett,2022,wastewater,Gwinnett  F.W. Hill,MGD,34.4016536121816
Gwinnett,2022,wastewater,Gwinnett Crooked Creek,MGD,10.224968694467414
Gwinnett,2022,wastewater,Gwinnett Jack's Creek,MGD,0.48353369835428367
Gwinnett,2022,wastewater,Gwinnett Jackson Creek,MGD,3.2550073352629822
Gwinnett,2022,wastewater,Gwinnett Yellow River,MGD,12.795952749131652
Gwinnett,2022,wastewater,Pole Bridge Creek,MGD,0
Gwinnett,2023,Buford Southside WPCP,Little Suwanee Creek_ds,MGD,1.7215767222426812
Gwinnett,2023,Buford Westside WPCP,Richland Creek_ds,MGD,0.15650697474933467
Gwinnett,2023,Chattahoochee Basin,industrial,MGD,0.7639419595448796
Gwinnett,2023,Gwinnett  F.W. Hill,"Lake Lanier, Chattahoochee River_ds",MGD,35.61375733413917
Gwinnett,2023,Gwinnett Crooked Creek,Chattahoochee River_ds,MGD,10.437811315974857
Gwinnett,2023,Gwinnett Jack's Creek,Jack's Creek_ds,MGD,0.4935989203632862
Gwinnett,2023,Gwinnett Jackson Creek,Yellow River_ds,MGD,3.322763463908951
Gwinnett,2023,Gwinnett Yellow River,Yellow River_ds,MGD,13.062312892540623
Gwinnett,2023,Lake Lanier,publicWatSup,MGD,95.33074086299999
Gwinnett,2023,Oconee Basin,industrial,MGD,0
Gwinnett,2023,Rock Creek,publicWatSup,MGD,0
Gwinnett,2023,agricultural,losses,MGD,0
Gwinnett,2023,agricultural,wastewater,MGD,0
Gwinnett,2023,commercial,losses,MGD,4.718926479590683
Gwinnett,2023,commercial,wastewater,MGD,9.183803509298459
Gwinnett,2023,groundwater,agricultural,MGD,0
Gwinnett,2023,groundwater,industrial,MGD,0.41135336283185825
Gwinnett,2023,groundwater,residential,MGD,0
Gwinnett,2023,inFrom_DeKalb_DeKalb County to Gwinnett County,Gwinnett  F.W. Hill,MGD,0.496
Gwinnett,2023,industrial,discharge,MGD,1.175295322376738
Gwinnett,2023,industrial,losses,MGD,0.15164794889000244
Gwinnett,2023,industrial,wastewater,MGD,0.5329815596239524
Gwinnett,2023,publicWatSup,agricultural,MGD,0
Gwinnett,2023,publicWatSup,commercial,MGD,13.902729988889142
Gwinnett,2023,publicWatSup,industrial,MGD,0.6846295085139549
Gwinnett,2023,publicWatSup,losses,MGD,15.39806679
Gwinnett,2023,publicWatSup,residential,MGD,65.3453145755969
Gwinnett,2023,residential,losses,MGD,10.93457584193849
Gwinnett,2023,residential,septic,MGD,10.533917449315068
Gwinnett,2023,residential,wastewater,MGD,43.87682128434334
Gwinnett,2023,subsurface,wastewater,MGD,10.71872127065315
Gwinnett,2023,wastewater,Buford Southside WPCP,MGD,1.7215767222426812
Gwinnett,2023,wastewater,Buford Westside WPCP,MGD,0.15650697474933467
Gwinnett,2023,wastewater,Gwinnett  F.W. Hill,MGD,35.11775733413917
Gwinnett,2023,wastewater,Gwinnett Crooked Creek,MGD,10.437811315974857
Gwinnett,2023,wastewater,Gwinnett Jack's Creek,MGD,0.4935989203632862
Gwinnett,2023,wastewater,Gwinnett Jackson Creek,MGD,3.322763463908951
Gwinnett,2023,wastewater,Gwinnett Yellow River,MGD,13.062312892540623
Gwinnett,2023,wastewater,Pole Bridge Creek,MGD,0
Gwinnett,2024,Buford Southside WPCP,Little Suwanee Creek_ds,MGD,1.7557957231514003
Gwinnett,2024,Buford Westside WPCP,Richland Creek_ds,MGD,0.15961779301376366
Gwinnett,2024,Chattahoochee Basin,industrial,MGD,0.7639419595448796
Gwinnett,2024,Gwinnett  F.W. Hill,"Lake Lanier, Chattahoochee River_ds",MGD,36.31177709393451
Gwinnett,2024,Gwinnett Crooked Creek,Chattahoochee River_ds,MGD,10.645278964841008
Gwinnett,2024,Gwinnett Jack's Creek,Jack's Creek_ds,MGD,0.50340996258187
Gwinnett,2024,Gwinnett Jackson Creek,Yellow River_ds,MGD,3.3888085285999052
Gwinnett,2024,Gwinnett Yellow River,Yellow River_ds,MGD,13.321946570764121
Gwinnett,2024,Lake Lanier,publicWatSup,MGD,97.05742085699998
Gwinnett,2024,Oconee Basin,industrial,MGD,0
Gwinnett,2024,Rock Creek,publicWatSup,MGD,0
Gwinnett,2024,agricultural,losses,MGD,0
Gwinnett,2024,agricultural,wastewater,MGD,0
Gwinnett,2024,commercial,losses,MGD,4.8125977486543725
Gwinnett,2024,commercial,wastewater,MGD,9.3419457248137725
Gwinnett,2024,groundwater,agricultural,MGD,0
Gwinnett,2024,groundwater,industrial,MGD,0.41135336283185825
Gwinnett,2024,groundwater,residential,MGD,0
Gwinnett,2024,inFrom_DeKalb_DeKalb County to Gwinnett County,Gwinnett  F.W. Hill,MGD,0.496
Gwinnett,2024,industrial,discharge,MGD,1.1752953223767377
Gwinnett,2024,industrial,losses,MGD,0.15445984393006662
Gwinnett,2024,industrial,wastewater,MGD,0.5425700296021418
Gwinnett,2024,publicWatSup,agricultural,MGD,0
Gwinnett,2024,publicWatSup,commercial,MGD,14.154543473468145
Gwinnett,2024,publicWatSup,industrial,MGD,0.6970298735322085
Gwinnett,2024,publicWatSup,losses,MGD,15.67696459
Gwinnett,2024,publicWatSup,residential,MGD,66.52888291999965
Gwinnett,2024,residential,losses,MGD,11.172218953722414
Gwinnett,2024,residential,septic,MGD,10.58231752328767
Gwinnett,2024,residential,wastewater,MGD,44.77434644298956
Gwinnett,2024,subsurface,wastewater,MGD,10.931772439481096
Gwinnett,2024,wastewater,Buford Southside WPCP,MGD,1.7557957231514003
Gwinnett,2024,wastewater,Buford Westside WPCP,MGD,0.15961779301376366
Gwinnett,2024,wastewater,Gwinnett  F.W. Hill,MGD,35.81577709393451
Gwinnett,2024,wastewater,Gwinnett Crooked Creek,MGD,10.645278964841008
Gwinnett,2024,wastewater,Gwinnett Jack's Creek,MGD,0.50340996258187
Gwinnett,2024,wastewater,Gwinnett Jackson Creek,MGD,3.3888085285999052
Gwinnett,2024,wastewater,Gwinnett Yellow River,MGD,13.321946570764121
Gwinnett,2024,wastewater,Pole Bridge Creek,MGD,0
Hall,2020,Cedar Creek Reservoir,publicWatSup,MGD,0
Hall,2020,Chattahoochee Basin,industrial,MGD,0.1882886472819216
Hall,2020,FLOWERY BRANCH WPCP,Lake Lanier_ds,MGD,0.31044155645922333
Hall,2020,GAINESVILLE FLAT CREEK WRF,Flat Creek_ds,MGD,8.65187120392879
Hall,2020,GAINESVILLE LINWOOD WRF,Lake Lanier_ds,MGD,2.8074714671094982
Hall,2020,HALL COUNTY SPOUT SPRINGS,Lollis Creek_ds,MGD,0.2834466385062474
Hall,2020,LULA FACULTATIVE POND,Hagen Creek_ds,MGD,0
Hall,2020,LULA WRF,Hagen Creek_ds,MGD,0.0944822128354158
Hall,2020,Lake Lanier,publicWatSup,MGD,24.653000454196157
Hall,2020,North Oconee River,publicWatSup,MGD,0
Hall,2020,Oconee Basin,industrial,MGD,0
Hall,2020,agricultural,losses,MGD,0
Hall,2020,agricultural,wastewater,MGD,0
Hall,2020,commercial,losses,MGD,6.319698152259869
Hall,2020,commercial,wastewater,MGD,1.5934143157508975
Hall,2020,groundwater,agricultural,MGD,0
Hall,2020,groundwater,industrial,MGD,0.10138619469026547
Hall,2020,groundwater,publicWatSup,MGD,0.42
Hall,2020,groundwater,residential,MGD,0.906072586
Hall,2020,industrial,discharge,MGD,0.28967484197218685
Hall,2020,industrial,losses,MGD,0
Hall,2020,industrial,wastewater,MGD,4.883312156780886
Hall,2020,publicWatSup,agricultural,MGD,0
Hall,2020,publicWatSup,commercial,MGD,7.913112468010767
Hall,2020,publicWatSup,industrial,MGD,4.883312156780886
Hall,2020,publicWatSup,losses,MGD,3.110877804
Hall,2020,publicWatSup,residential,MGD,9.165698025404506
Hall,2020,residential,losses,MGD,2.1231963531116333
Hall,2020,residential,septic,MGD,5.080906054794521
Hall,2020,residential,wastewater,MGD,2.8676682034983525
Hall,2020,subsurface,wastewater,MGD,2.8033184028090408
Hall,2020,wastewater,FLOWERY BRANCH WPCP,MGD,0.31044155645922333
Hall,2020,wastewater,GAINESVILLE FLAT CREEK WRF,MGD,8.65187120392879
Hall,2020,wastewater,GAINESVILLE LINWOOD WRF,MGD,2.8074714671094982
Hall,2020,wastewater,HALL COUNTY SPOUT SPRINGS,MGD,0.2834466385062474
Hall,2020,wastewater,LULA FACULTATIVE POND,MGD,0
Hall,2020,wastewater,LULA WRF,MGD,0.0944822128354158
Hall,2021,Cedar Creek Reservoir,publicWatSup,MGD,0
Hall,2021,Chattahoochee Basin,industrial,MGD,0.1882886472819216
Hall,2021,FLOWERY BRANCH WPCP,Lake Lanier_ds,MGD,0.3180088808611375
Hall,2021,GAINESVILLE FLAT CREEK WRF,Flat Creek_ds,MGD,8.862769244869092
Hall,2021,GAINESVILLE LINWOOD WRF,Lake Lanier_ds,MGD,2.8759064008311563
Hall,2021,HALL COUNTY SPOUT SPRINGS,Lollis Creek_ds,MGD,0.29035593469929943
Hall,2021,LULA FACULTATIVE POND,Hagen Creek_ds,MGD,0
Hall,2021,LULA WRF,Hagen Creek_ds,MGD,0.09678531156643315
Hall,2021,Lake Lanier,publicWatSup,MGD,25.24093905690133
Hall,2021,North Oconee River,publicWatSup,MGD,0
Hall,2021,Oconee Basin,industrial,MGD,0
Hall,2021,agricultural,losses,MGD,0
Hall,2021,agricultural,wastewater,MGD,0
Hall,2021,commercial,losses,MGD,6.517716206317859
Hall,2021,commercial,wastewater,MGD,1.6197142129145692
Hall,2021,groundwater,agricultural,MGD,0
Hall,2021,groundwater,industrial,MGD,0.10138619469026547
Hall,2021,groundwater,publicWatSup,MGD,0.42
Hall,2021,groundwater,residential,MGD,0.921407109
Hall,2021,industrial,discharge,MGD,0.28967484197218685
Hall,2021,industrial,losses,MGD,0
Hall,2021,industrial,wastewater,MGD,5.039412935351104
Hall,2021,publicWatSup,agricultural,MGD,0
Hall,2021,publicWatSup,commercial,MGD,8.137430419232428
Hall,2021,publicWatSup,industrial,MGD,5.039412935351104
Hall,2021,publicWatSup,losses,MGD,3.163526815
Hall,2021,publicWatSup,residential,MGD,9.320568887317796
Hall,2021,residential,losses,MGD,2.1696183334519628
Hall,2021,residential,septic,MGD,5.159311139726028
Hall,2021,residential,wastewater,MGD,2.9130465231398053
Hall,2021,subsurface,wastewater,MGD,2.871652101421643
Hall,2021,wastewater,FLOWERY BRANCH WPCP,MGD,0.3180088808611375
Hall,2021,wastewater,GAINESVILLE FLAT CREEK WRF,MGD,8.862769244869092
Hall,2021,wastewater,GAINESVILLE LINWOOD WRF,MGD,2.8759064008311563
Hall,2021,wastewater,HALL COUNTY SPOUT SPRINGS,MGD,0.29035593469929943
Hall,2021,wastewater,LULA FACULTATIVE POND,MGD,0
Hall,2021,wastewater,LULA WRF,MGD,0.09678531156643315
Hall,2022,Cedar Creek Reservoir,publicWatSup,MGD,0
Hall,2022,Chattahoochee Basin,industrial,MGD,0.1882886472819216
Hall,2022,FLOWERY BRANCH WPCP,Lake Lanier_ds,MGD,0.32554082771639575
Hall,2022,GAINESVILLE FLAT CREEK WRF,Flat Creek_ds,MGD,9.07268132896564
Hall,2022,GAINESVILLE LINWOOD WRF,Lake Lanier_ds,MGD,2.94402139847871
Hall,2022,HALL COUNTY SPOUT SPRINGS,Lollis Creek_ds,MGD,0.2972329296541005
Hall,2022,LULA FACULTATIVE POND,Hagen Creek_ds,MGD,0
Hall,2022,LULA WRF,Hagen Creek_ds,MGD,0.0990776432180335
Hall,2022,Lake Lanier,publicWatSup,MGD,25.825843825048665
Hall,2022,North Oconee River,publicWatSup,MGD,0
Hall,2022,Oconee Basin,industrial,MGD,0
Hall,2022,agricultural,losses,MGD,0
Hall,2022,agricultural,wastewater,MGD,0
Hall,2022,commercial,losses,MGD,6.715813124033854
Hall,2022,commercial,wastewater,MGD,1.6456636824814885
Hall,2022,groundwater,agricultural,MGD,0
Hall,2022,groundwater,industrial,MGD,0.10138619469026547
Hall,2022,groundwater,publicWatSup,MGD,0.42
Hall,2022,groundwater,residential,MGD,0.936527058
Hall,2022,industrial,discharge,MGD,0.28967484197218685
Hall,2022,industrial,losses,MGD,0
Hall,2022,industrial,wastewater,MGD,5.195660664233052
Hall,2022,publicWatSup,agricultural,MGD,0
Hall,2022,publicWatSup,commercial,MGD,8.361476806515343
Hall,2022,publicWatSup,industrial,MGD,5.195660664233052
Hall,2022,publicWatSup,losses,MGD,3.215439119
Hall,2022,publicWatSup,residential,MGD,9.473267235300272
Hall,2022,residential,losses,MGD,2.216138476617548
Hall,2022,residential,septic,MGD,5.236092372602739
Hall,2022,residential,wastewater,MGD,2.9575634440799834
Hall,2022,subsurface,wastewater,MGD,2.939666337238357
Hall,2022,wastewater,FLOWERY BRANCH WPCP,MGD,0.32554082771639575
Hall,2022,wastewater,GAINESVILLE FLAT CREEK WRF,MGD,9.07268132896564
Hall,2022,wastewater,GAINESVILLE LINWOOD WRF,MGD,2.94402139847871
Hall,2022,wastewater,HALL COUNTY SPOUT SPRINGS,MGD,0.2972329296541005
Hall,2022,wastewater,LULA FACULTATIVE POND,MGD,0
Hall,2022,wastewater,LULA WRF,MGD,0.0990776432180335
Hall,2023,Cedar Creek Reservoir,publicWatSup,MGD,0
Hall,2023,Chattahoochee Basin,industrial,MGD,0.1882886472819216
Hall,2023,FLOWERY BRANCH WPCP,Lake Lanier_ds,MGD,0.33317911965116737
Hall,2023,GAINESVILLE FLAT CREEK WRF,Flat Creek_ds,MGD,9.28555720419123
Hall,2023,GAINESVILLE LINWOOD WRF,Lake Lanier_ds,MGD,3.013098125540992
Hall,2023,HALL COUNTY SPOUT SPRINGS,Lollis Creek_ds,MGD,0.3042070222901963
Hall,2023,LULA FACULTATIVE POND,Hagen Creek_ds,MGD,0
Hall,2023,LULA WRF,Hagen Creek_ds,MGD,0.10140234076339877
Hall,2023,Lake Lanier,publicWatSup,MGD,26.420723477375198
Hall,2023,North Oconee River,publicWatSup,MGD,0
Hall,2023,Oconee Basin,industrial,MGD,0
Hall,2023,agricultural,losses,MGD,0
Hall,2023,agricultural,wastewater,MGD,0
Hall,2023,commercial,losses,MGD,6.915292804425841
Hall,2023,commercial,wastewater,MGD,1.672467960702509
Hall,2023,groundwater,agricultural,MGD,0
Hall,2023,groundwater,industrial,MGD,0.10138619469026547
Hall,2023,groundwater,publicWatSup,MGD,0.42
Hall,2023,groundwater,residential,MGD,0.952146042
Hall,2023,industrial,discharge,MGD,0.28967484197218685
Hall,2023,industrial,losses,MGD,0
Hall,2023,industrial,wastewater,MGD,5.3528760495681
Hall,2023,publicWatSup,agricultural,MGD,0
Hall,2023,publicWatSup,commercial,MGD,8.58776076512835
Hall,2023,publicWatSup,industrial,MGD,5.3528760495681
Hall,2023,publicWatSup,losses,MGD,3.269064791
Hall,2023,publicWatSup,residential,MGD,9.631021871678753
Hall,2023,residential,losses,MGD,2.264515218702785
Hall,2023,residential,septic,MGD,5.31519377260274
Hall,2023,residential,wastewater,MGD,3.003458922373228
Hall,2023,subsurface,wastewater,MGD,3.008640879793151
Hall,2023,wastewater,FLOWERY BRANCH WPCP,MGD,0.33317911965116737
Hall,2023,wastewater,GAINESVILLE FLAT CREEK WRF,MGD,9.28555720419123
Hall,2023,wastewater,GAINESVILLE LINWOOD WRF,MGD,3.013098125540992
Hall,2023,wastewater,HALL COUNTY SPOUT SPRINGS,MGD,0.3042070222901963
Hall,2023,wastewater,LULA FACULTATIVE POND,MGD,0
Hall,2023,wastewater,LULA WRF,MGD,0.10140234076339877
Hall,2024,Cedar Creek Reservoir,publicWatSup,MGD,0
Hall,2024,Chattahoochee Basin,industrial,MGD,0.1882886472819216
Hall,2024,FLOWERY BRANCH WPCP,Lake Lanier_ds,MGD,0.34081344760113014
Hall,2024,GAINESVILLE FLAT CREEK WRF,Flat Creek_ds,MGD,9.498322604883672
Hall,2024,GAINESVILLE LINWOOD WRF,Lake Lanier_ds,MGD,3.0821390043928294
Hall,2024,HALL COUNTY SPOUT SPRINGS,Lollis Creek_ds,MGD,0.3111774956358145
Hall,2024,LULA FACULTATIVE POND,Hagen Creek_ds,MGD,0
Hall,2024,LULA WRF,Hagen Creek_ds,MGD,0.10372583187860485
Hall,2024,Lake Lanier,publicWatSup,MGD,27.013899315418605
Hall,2024,North Oconee River,publicWatSup,MGD,0
Hall,2024,Oconee Basin,industrial,MGD,0
Hall,2024,agricultural,losses,MGD,0
Hall,2024,agricultural,wastewater,MGD,0
Hall,2024,commercial,losses,MGD,7.117060657162989
Hall,2024,commercial,wastewater,MGD,1.6986022594006425
Hall,2024,groundwater,agricultural,MGD,0
Hall,2024,groundwater,industrial,MGD,0.10138619469026547
Hall,2024,groundwater,publicWatSup,MGD,0.42
Hall,2024,groundwater,residential,MGD,0.967374313
Hall,2024,industrial,discharge,MGD,0.28967484197218685
Hall,2024,industrial,losses,MGD,0
Hall,2024,industrial,wastewater,MGD,5.512074647403594
Hall,2024,publicWatSup,agricultural,MGD,0
Hall,2024,publicWatSup,commercial,MGD,8.815662916563632
Hall,2024,publicWatSup,industrial,MGD,5.512074647403594
Hall,2024,publicWatSup,losses,MGD,3.321349002
Hall,2024,publicWatSup,residential,MGD,9.78481274945138
Hall,2024,residential,losses,MGD,2.3126083818939733
Hall,2024,residential,septic,MGD,5.391656830136986
Hall,2024,residential,wastewater,MGD,3.04792185042042
Hall,2024,subsurface,wastewater,MGD,3.0775796271673967
Hall,2024,wastewater,FLOWERY BRANCH WPCP,MGD,0.34081344760113014
Hall,2024,wastewater,GAINESVILLE FLAT CREEK WRF,MGD,9.498322604883672
Hall,2024,wastewater,GAINESVILLE LINWOOD WRF,MGD,3.0821390043928294
Hall,2024,wastewater,HALL COUNTY SPOUT SPRINGS,MGD,0.3111774956358145
Hall,2024,wastewater,LULA FACULTATIVE POND,MGD,0
Hall,2024,wastewater,LULA WRF,MGD,0.10372583187860485
Henry,2020,Brown Branch,publicWatSup,MGD,0.23975115953349876
Henry,2020,HAMPTON WPCP,Bear Creek Tributary_ds,MGD,0.49236556914708557
Henry,2020,HENRY COUNTY BEAR CREEK,Land Application,MGD,0.24017832641321246
Henry,2020,HENRY COUNTY INDIAN CREEK,Indian Creek_ds,MGD,1.0087489709354922
Henry,2020,HENRY COUNTY SPRINGDALE,Land Application,MGD,0.22816941009255184
Henry,2020,HENRY COUNTY SPRINGDALE LAS,Land Application,MGD,0.49236556914708557
Henry,2020,HENRY COUNTY SPRINGDALE WALNUT,Land Application,MGD,0.24017832641321246
Henry,2020,HENRY COUNTY WALNUT CREEK,Land Application,MGD,4.191111795910558
Henry,2020,John Fargason (Walnut Creek) Reservoir,publicWatSup,MGD,1.558382536967742
Henry,2020,LOCUST GROVE INDIAN CREEK WPCP,Indian Creek to Towaliga River_ds,MGD,0.4083031549024613
Henry,2020,MCDONOUGH WALNUT CREEK WPCP,Walnut Creek_ds,MGD,1.2249094647073835
Henry,2020,Ocmulgee Basin,industrial,MGD,0
Henry,2020,Rowland (Long Branch) Reservoir,publicWatSup,MGD,1.4984447470843671
Henry,2020,S. Howell Gardner (Indian Creek) Reservoir,publicWatSup,MGD,3.7161429727692306
Henry,2020,STOCKBRIDGE WPCP,Bush Creek Tributary_ds,MGD,0.7445528118809587
Henry,2020,Towaliga River Reservoir,publicWatSup,MGD,8.990668482506203
Henry,2020,Tussahaw Creek Reservoir,publicWatSup,MGD,8.151539424138958
Henry,2020,agricultural,losses,MGD,0.183
Henry,2020,agricultural,wastewater,MGD,0
Henry,2020,commercial,losses,MGD,0.4279600869628246
Henry,2020,commercial,wastewater,MGD,1.4253730835228866
Henry,2020,groundwater,agricultural,MGD,0.183
Henry,2020,groundwater,industrial,MGD,0
Henry,2020,groundwater,publicWatSup,MGD,0.68
Henry,2020,groundwater,residential,MGD,0.580657019
Henry,2020,industrial,discharge,MGD,0
Henry,2020,industrial,losses,MGD,0.08900564561844815
Henry,2020,industrial,wastewater,MGD,0.33565983542289607
Henry,2020,publicWatSup,agricultural,MGD,0
Henry,2020,publicWatSup,commercial,MGD,1.8533331704857112
Henry,2020,publicWatSup,industrial,MGD,0.4246654810413442
Henry,2020,publicWatSup,losses,MGD,6.351596967
Henry,2020,publicWatSup,residential,MGD,16.20533370447294
Henry,2020,residential,losses,MGD,3.9384694785694094
Henry,2020,residential,septic,MGD,6.066801106849315
Henry,2020,residential,wastewater,MGD,6.780720138054218
Henry,2020,subsurface,wastewater,MGD,1.2812629585500002
Henry,2020,wastewater,CLAYTON W.B. CASEY WRF,MGD,0.08
Henry,2020,wastewater,HAMPTON WPCP,MGD,0.49236556914708557
Henry,2020,wastewater,HENRY COUNTY BEAR CREEK,MGD,0.24017832641321246
Henry,2020,wastewater,HENRY COUNTY INDIAN CREEK,MGD,1.0087489709354922
Henry,2020,wastewater,HENRY COUNTY SPRINGDALE,MGD,0.22816941009255184
Henry,2020,wastewater,HENRY COUNTY SPRINGDALE LAS,MGD,0.49236556914708557
Henry,2020,wastewater,HENRY COUNTY SPRINGDALE WALNUT,MGD,0.24017832641321246
Henry,2020,wastewater,HENRY COUNTY WALNUT CREEK,MGD,4.191111795910558
Henry,2020,wastewater,LOCUST GROVE INDIAN CREEK WPCP,MGD,0.4083031549024613
Henry,2020,wastewater,MCDONOUGH WALNUT CREEK WPCP,MGD,1.2249094647073835
Henry,2020,wastewater,STOCKBRIDGE WPCP,MGD,0.7445528118809587
Henry,2020,wastewater,Snapfinger Creek,MGD,0.472132616
Henry,2021,Brown Branch,publicWatSup,MGD,0.24382938988585612
Henry,2021,HAMPTON WPCP,Bear Creek Tributary_ds,MGD,0.5047677550633609
Henry,2021,HENRY COUNTY BEAR CREEK,Land Application,MGD,0.24622817320163948
Henry,2021,HENRY COUNTY INDIAN CREEK,Indian Creek_ds,MGD,1.0341583274468857
Henry,2021,HENRY COUNTY SPRINGDALE,Land Application,MGD,0.2339167645415575
Henry,2021,HENRY COUNTY SPRINGDALE LAS,Land Application,MGD,0.5047677550633609
Henry,2021,HENRY COUNTY SPRINGDALE WALNUT,Land Application,MGD,0.24622817320163948
Henry,2021,HENRY COUNTY WALNUT CREEK,Land Application,MGD,4.2966816223686095
Henry,2021,John Fargason (Walnut Creek) Reservoir,publicWatSup,MGD,1.5848910342580647
Henry,2021,LOCUST GROVE INDIAN CREEK WPCP,Indian Creek to Towaliga River_ds,MGD,0.41858789444278716
Henry,2021,MCDONOUGH WALNUT CREEK WPCP,Walnut Creek_ds,MGD,1.2557636833283614
Henry,2021,Ocmulgee Basin,industrial,MGD,0
Henry,2021,Rowland (Long Branch) Reservoir,publicWatSup,MGD,1.5239336867866005
Henry,2021,S. Howell Gardner (Indian Creek) Reservoir,publicWatSup,MGD,3.7793555432307695
Henry,2021,STOCKBRIDGE WPCP,Bush Creek Tributary_ds,MGD,0.7633073369250823
Henry,2021,Towaliga River Reservoir,publicWatSup,MGD,9.143602120719603
Henry,2021,Tussahaw Creek Reservoir,publicWatSup,MGD,8.290199256119108
Henry,2021,agricultural,losses,MGD,0.183
Henry,2021,agricultural,wastewater,MGD,0
Henry,2021,commercial,losses,MGD,0.43613583765832353
Henry,2021,commercial,wastewater,MGD,1.4478598197940933
Henry,2021,groundwater,agricultural,MGD,0.183
Henry,2021,groundwater,industrial,MGD,0
Henry,2021,groundwater,publicWatSup,MGD,0.68
Henry,2021,groundwater,residential,MGD,0.590263704
Henry,2021,industrial,discharge,MGD,0
Henry,2021,industrial,losses,MGD,0.09058046079751114
Henry,2021,industrial,wastewater,MGD,0.3411109020534526
Henry,2021,publicWatSup,agricultural,MGD,0
Henry,2021,publicWatSup,commercial,MGD,1.8839956574524168
Henry,2021,publicWatSup,industrial,MGD,0.43169136285096377
Henry,2021,publicWatSup,losses,MGD,6.45668102
Henry,2021,publicWatSup,residential,MGD,16.47344299069662
Henry,2021,residential,losses,MGD,4.015434312856495
Henry,2021,residential,septic,MGD,6.091100630136987
Henry,2021,residential,wastewater,MGD,6.957171751703138
Henry,2021,subsurface,wastewater,MGD,1.3119213710326025
Henry,2021,wastewater,CLAYTON W.B. CASEY WRF,MGD,0.08
Henry,2021,wastewater,HAMPTON WPCP,MGD,0.5047677550633609
Henry,2021,wastewater,HENRY COUNTY BEAR CREEK,MGD,0.24622817320163948
Henry,2021,wastewater,HENRY COUNTY INDIAN CREEK,MGD,1.0341583274468857
Henry,2021,wastewater,HENRY COUNTY SPRINGDALE,MGD,0.2339167645415575
Henry,2021,wastewater,HENRY COUNTY SPRINGDALE LAS,MGD,0.5047677550633609
Henry,2021,wastewater,HENRY COUNTY SPRINGDALE WALNUT,MGD,0.24622817320163948
Henry,2021,wastewater,HENRY COUNTY WALNUT CREEK,MGD,4.2966816223686095
Henry,2021,wastewater,LOCUST GROVE INDIAN CREEK WPCP,MGD,0.41858789444278716
Henry,2021,wastewater,MCDONOUGH WALNUT CREEK WPCP,MGD,1.2557636833283614
Henry,2021,wastewater,STOCKBRIDGE WPCP,MGD,0.7633073369250823
Henry,2021,wastewater,Snapfinger Creek,MGD,0.473656359
Henry,2022,Brown Branch,publicWatSup,MGD,0.248199761528536
Henry,2022,HAMPTON WPCP,Bear Creek Tributary_ds,MGD,0.5183069559035313
Henry,2022,HENRY COUNTY BEAR CREEK,Land Application,MGD,0.25283266141635674
Henry,2022,HENRY COUNTY INDIAN CREEK,Indian Creek_ds,MGD,1.0618971779486983
Henry,2022,HENRY COUNTY SPRINGDALE,Land Application,MGD,0.2401910283455389
Henry,2022,HENRY COUNTY SPRINGDALE LAS,Land Application,MGD,0.5183069559035313
Henry,2022,HENRY COUNTY SPRINGDALE WALNUT,Land Application,MGD,0.25283266141635674
Henry,2022,HENRY COUNTY WALNUT CREEK,Land Application,MGD,4.411929941715425
Henry,2022,John Fargason (Walnut Creek) Reservoir,publicWatSup,MGD,1.613298449935484
Henry,2022,LOCUST GROVE INDIAN CREEK WPCP,Indian Creek to Towaliga River_ds,MGD,0.4298155244078065
Henry,2022,MCDONOUGH WALNUT CREEK WPCP,Walnut Creek_ds,MGD,1.2894465732234193
Henry,2022,Ocmulgee Basin,industrial,MGD,0
Henry,2022,Rowland (Long Branch) Reservoir,publicWatSup,MGD,1.55124850955335
Henry,2022,S. Howell Gardner (Indian Creek) Reservoir,publicWatSup,MGD,3.847096303692308
Henry,2022,STOCKBRIDGE WPCP,Bush Creek Tributary_ds,MGD,0.7837812503907059
Henry,2022,Towaliga River Reservoir,publicWatSup,MGD,9.3074910573201
Henry,2022,Tussahaw Creek Reservoir,publicWatSup,MGD,8.438791891970224
Henry,2022,agricultural,losses,MGD,0.183
Henry,2022,agricultural,wastewater,MGD,0
Henry,2022,commercial,losses,MGD,0.4448603478444846
Henry,2022,commercial,wastewater,MGD,1.4719942822553034
Henry,2022,groundwater,agricultural,MGD,0.183
Henry,2022,groundwater,industrial,MGD,0
Henry,2022,groundwater,publicWatSup,MGD,0.68
Henry,2022,groundwater,residential,MGD,0.600558558
Henry,2022,industrial,discharge,MGD,0
Henry,2022,industrial,losses,MGD,0.09227263620769183
Henry,2022,industrial,wastewater,MGD,0.346947903295406
Henry,2022,publicWatSup,agricultural,MGD,0
Henry,2022,publicWatSup,commercial,MGD,1.916854630099788
Henry,2022,publicWatSup,industrial,MGD,0.4392205395030978
Henry,2022,publicWatSup,losses,MGD,6.569292697
Henry,2022,publicWatSup,residential,MGD,16.760758107397113
Henry,2022,residential,losses,MGD,4.098017621394394
Henry,2022,residential,septic,MGD,6.113163060273974
Henry,2022,residential,wastewater,MGD,7.150135983728743
Henry,2022,subsurface,wastewater,MGD,1.345361725391918
Henry,2022,wastewater,CLAYTON W.B. CASEY WRF,MGD,0.08
Henry,2022,wastewater,HAMPTON WPCP,MGD,0.5183069559035313
Henry,2022,wastewater,HENRY COUNTY BEAR CREEK,MGD,0.25283266141635674
Henry,2022,wastewater,HENRY COUNTY INDIAN CREEK,MGD,1.0618971779486983
Henry,2022,wastewater,HENRY COUNTY SPRINGDALE,MGD,0.2401910283455389
Henry,2022,wastewater,HENRY COUNTY SPRINGDALE LAS,MGD,0.5183069559035313
Henry,2022,wastewater,HENRY COUNTY SPRINGDALE WALNUT,MGD,0.25283266141635674
Henry,2022,wastewater,HENRY COUNTY WALNUT CREEK,MGD,4.411929941715425
Henry,2022,wastewater,LOCUST GROVE INDIAN CREEK WPCP,MGD,0.4298155244078065
Henry,2022,wastewater,MCDONOUGH WALNUT CREEK WPCP,MGD,1.2894465732234193
Henry,2022,wastewater,STOCKBRIDGE WPCP,MGD,0.7837812503907059
Henry,2022,wastewater,Snapfinger Creek,MGD,0.475099164
Henry,2023,Brown Branch,publicWatSup,MGD,0.2526625791166254
Henry,2023,HAMPTON WPCP,Bear Creek Tributary_ds,MGD,0.5322196886419327
Henry,2023,HENRY COUNTY BEAR CREEK,Land Application,MGD,0.2596193603131379
Henry,2023,HENRY COUNTY INDIAN CREEK,Indian Creek_ds,MGD,1.090401313315179
Henry,2023,HENRY COUNTY SPRINGDALE,Land Application,MGD,0.24663839229748102
Henry,2023,HENRY COUNTY SPRINGDALE LAS,Land Application,MGD,0.5322196886419327
Henry,2023,HENRY COUNTY SPRINGDALE WALNUT,Land Application,MGD,0.2596193603131379
Henry,2023,HENRY COUNTY WALNUT CREEK,Land Application,MGD,4.5303578374642575
Henry,2023,John Fargason (Walnut Creek) Reservoir,publicWatSup,MGD,1.6423067642580649
Henry,2023,LOCUST GROVE INDIAN CREEK WPCP,Indian Creek to Towaliga River_ds,MGD,0.4413529125323345
Henry,2023,MCDONOUGH WALNUT CREEK WPCP,Walnut Creek_ds,MGD,1.3240587375970034
Henry,2023,Ocmulgee Basin,industrial,MGD,0
Henry,2023,Rowland (Long Branch) Reservoir,publicWatSup,MGD,1.5791411194789082
Henry,2023,S. Howell Gardner (Indian Creek) Reservoir,publicWatSup,MGD,3.9162699763076927
Henry,2023,STOCKBRIDGE WPCP,Bush Creek Tributary_ds,MGD,0.8048200169707275
Henry,2023,Towaliga River Reservoir,publicWatSup,MGD,9.47484671687345
Henry,2023,Tussahaw Creek Reservoir,publicWatSup,MGD,8.590527689965262
Henry,2023,agricultural,losses,MGD,0.183
Henry,2023,agricultural,wastewater,MGD,0
Henry,2023,commercial,losses,MGD,0.4537407607271198
Henry,2023,commercial,wastewater,MGD,1.4966679048605147
Henry,2023,groundwater,agricultural,MGD,0.183
Henry,2023,groundwater,industrial,MGD,0
Henry,2023,groundwater,publicWatSup,MGD,0.68
Henry,2023,groundwater,residential,MGD,0.611071177
Henry,2023,industrial,discharge,MGD,0
Henry,2023,industrial,losses,MGD,0.09400088527212658
Henry,2023,industrial,wastewater,MGD,0.35290809340477425
Henry,2023,publicWatSup,agricultural,MGD,0
Henry,2023,publicWatSup,commercial,MGD,1.9504086655876345
Henry,2023,publicWatSup,industrial,MGD,0.4469089786769008
Henry,2023,publicWatSup,losses,MGD,6.684286436
Henry,2023,publicWatSup,residential,MGD,17.054150765735464
Henry,2023,residential,losses,MGD,4.183058044748698
Henry,2023,residential,septic,MGD,6.133664810958904
Henry,2023,residential,wastewater,MGD,7.348499087027863
Henry,2023,subsurface,wastewater,MGD,1.3797112627939727
Henry,2023,wastewater,CLAYTON W.B. CASEY WRF,MGD,0.08
Henry,2023,wastewater,HAMPTON WPCP,MGD,0.5322196886419327
Henry,2023,wastewater,HENRY COUNTY BEAR CREEK,MGD,0.2596193603131379
Henry,2023,wastewater,HENRY COUNTY INDIAN CREEK,MGD,1.090401313315179
Henry,2023,wastewater,HENRY COUNTY SPRINGDALE,MGD,0.24663839229748102
Henry,2023,wastewater,HENRY COUNTY SPRINGDALE LAS,MGD,0.5322196886419327
Henry,2023,wastewater,HENRY COUNTY SPRINGDALE WALNUT,MGD,0.2596193603131379
Henry,2023,wastewater,HENRY COUNTY WALNUT CREEK,MGD,4.5303578374642575
Henry,2023,wastewater,LOCUST GROVE INDIAN CREEK WPCP,MGD,0.4413529125323345
Henry,2023,wastewater,MCDONOUGH WALNUT CREEK WPCP,MGD,1.3240587375970034
Henry,2023,wastewater,STOCKBRIDGE WPCP,MGD,0.8048200169707275
Henry,2023,wastewater,Snapfinger Creek,MGD,0.47647904
Henry,2024,Brown Branch,publicWatSup,MGD,0.25700016929032266
Henry,2024,HAMPTON WPCP,Bear Creek Tributary_ds,MGD,0.5456238231265784
Henry,2024,HENRY COUNTY BEAR CREEK,Land Application,MGD,0.26615796250076995
Henry,2024,HENRY COUNTY INDIAN CREEK,Indian Creek_ds,MGD,1.1178634425032339
Henry,2024,HENRY COUNTY SPRINGDALE,Land Application,MGD,0.2528500643757315
Henry,2024,HENRY COUNTY SPRINGDALE LAS,Land Application,MGD,0.5456238231265784
Henry,2024,HENRY COUNTY SPRINGDALE WALNUT,Land Application,MGD,0.26615796250076995
Henry,2024,HENRY COUNTY WALNUT CREEK,Land Application,MGD,4.644456445638436
Henry,2024,John Fargason (Walnut Creek) Reservoir,publicWatSup,MGD,1.670501100387097
Henry,2024,LOCUST GROVE INDIAN CREEK WPCP,Indian Creek to Towaliga River_ds,MGD,0.452468536251309
Henry,2024,MCDONOUGH WALNUT CREEK WPCP,Walnut Creek_ds,MGD,1.3574056087539268
Henry,2024,Ocmulgee Basin,industrial,MGD,0
Henry,2024,Rowland (Long Branch) Reservoir,publicWatSup,MGD,1.6062510580645162
Henry,2024,S. Howell Gardner (Indian Creek) Reservoir,publicWatSup,MGD,3.983502624
Henry,2024,STOCKBRIDGE WPCP,Bush Creek Tributary_ds,MGD,0.8250896837523869
Henry,2024,Towaliga River Reservoir,publicWatSup,MGD,9.637506348387097
Henry,2024,Tussahaw Creek Reservoir,publicWatSup,MGD,8.738005755870969
Henry,2024,agricultural,losses,MGD,0.183
Henry,2024,agricultural,wastewater,MGD,0
Henry,2024,commercial,losses,MGD,0.46239272114118446
Henry,2024,commercial,wastewater,MGD,1.520628448368741
Henry,2024,groundwater,agricultural,MGD,0.183
Henry,2024,groundwater,industrial,MGD,0
Henry,2024,groundwater,publicWatSup,MGD,0.68
Henry,2024,groundwater,residential,MGD,0.621288811
Henry,2024,industrial,discharge,MGD,0
Henry,2024,industrial,losses,MGD,0.09567599426947682
Henry,2024,industrial,wastewater,MGD,0.35870568621172805
Henry,2024,publicWatSup,agricultural,MGD,0
Henry,2024,publicWatSup,commercial,MGD,1.9830211695099254
Henry,2024,publicWatSup,industrial,MGD,0.45438168048120486
Henry,2024,publicWatSup,losses,MGD,6.796053431
Henry,2024,publicWatSup,residential,MGD,17.33931077500887
Henry,2024,residential,losses,MGD,4.267307982975641
Henry,2024,residential,septic,MGD,6.15390470410959
Henry,2024,residential,wastewater,MGD,7.539386898923638
Henry,2024,subsurface,wastewater,MGD,1.412808155025616
Henry,2024,wastewater,CLAYTON W.B. CASEY WRF,MGD,0.08
Henry,2024,wastewater,HAMPTON WPCP,MGD,0.5456238231265784
Henry,2024,wastewater,HENRY COUNTY BEAR CREEK,MGD,0.26615796250076995
Henry,2024,wastewater,HENRY COUNTY INDIAN CREEK,MGD,1.1178634425032339
Henry,2024,wastewater,HENRY COUNTY SPRINGDALE,MGD,0.2528500643757315
Henry,2024,wastewater,HENRY COUNTY SPRINGDALE LAS,MGD,0.5456238231265784
Henry,2024,wastewater,HENRY COUNTY SPRINGDALE WALNUT,MGD,0.26615796250076995
Henry,2024,wastewater,HENRY COUNTY WALNUT CREEK,MGD,4.644456445638436
Henry,2024,wastewater,LOCUST GROVE INDIAN CREEK WPCP,MGD,0.452468536251309
Henry,2024,wastewater,MCDONOUGH WALNUT CREEK WPCP,MGD,1.3574056087539268
Henry,2024,wastewater,STOCKBRIDGE WPCP,MGD,0.8250896837523869
Henry,2024,wastewater,Snapfinger Creek,MGD,0.477831836
Paulding,2020,Coosa_Etowah Basin,industrial,MGD,8.31712357911373e-6
Paulding,2020,Dallas North WPCP,Trinity River_ds,MGD,0.41961545039112086
Paulding,2020,Dallas Pumpkinvine Ck WPCP,Pumpkinvine Creek_ds,MGD,0
Paulding,2020,Dallas West WPCP,Trinity River_ds,MGD,0.5035385404693451
Paulding,2020,Etowah River/Richland Creek Reservoir,publicWatSup,MGD,14.011994537
Paulding,2020,Paulding Coppermine LAS,Land Application,MGD,1.019066093807008
Paulding,2020,Paulding Coppermine WRF,Mill Creek_ds,MGD,0.6354176820208403
Paulding,2020,Paulding Pumpkinvine LAS,Land Application,MGD,0.6833737334941111
Paulding,2020,Paulding Pumpkinvine WRF,"Pumpkinvine Creek, Reuse_ds",MGD,0.6787484621525225
Paulding,2020,Paulding Upper Sweetwater,Reuse,MGD,0.047956051473270964
Paulding,2020,agricultural,losses,MGD,0
Paulding,2020,agricultural,wastewater,MGD,0
Paulding,2020,commercial,losses,MGD,0.9326758654273172
Paulding,2020,commercial,wastewater,MGD,0.9534246575342465
Paulding,2020,groundwater,agricultural,MGD,0
Paulding,2020,groundwater,industrial,MGD,4.478451157984316e-6
Paulding,2020,groundwater,publicWatSup,MGD,0.03
Paulding,2020,groundwater,residential,MGD,0.163767781
Paulding,2020,inFrom_Cobb_Cobb,Paulding Pumpkinvine WRF,MGD,0.055319793
Paulding,2020,industrial,discharge,MGD,1.2795574737098048e-5
Paulding,2020,industrial,losses,MGD,0
Paulding,2020,industrial,wastewater,MGD,0
Paulding,2020,publicWatSup,agricultural,MGD,0
Paulding,2020,publicWatSup,commercial,MGD,1.8861005229615637
Paulding,2020,publicWatSup,industrial,MGD,0
Paulding,2020,publicWatSup,losses,MGD,3.409470286
Paulding,2020,publicWatSup,residential,MGD,8.746423728038437
Paulding,2020,residential,losses,MGD,1.79786274191515
Paulding,2020,residential,septic,MGD,4.715068493150685
Paulding,2020,residential,wastewater,MGD,2.3972602739726026
Paulding,2020,subsurface,wastewater,MGD,0.6701369863013699
Paulding,2020,wastewater,COBB SOUTH COBB WRF,MGD,0.088425697
Paulding,2020,wastewater,Dallas North WPCP,MGD,0.41961545039112086
Paulding,2020,wastewater,Dallas Pumpkinvine Ck WPCP,MGD,0
Paulding,2020,wastewater,Dallas West WPCP,MGD,0.5035385404693451
Paulding,2020,wastewater,Paulding Coppermine LAS,MGD,1.019066093807008
Paulding,2020,wastewater,Paulding Coppermine WRF,MGD,0.6354176820208403
Paulding,2020,wastewater,Paulding Pumpkinvine LAS,MGD,0.6833737334941111
Paulding,2020,wastewater,Paulding Pumpkinvine WRF,MGD,0.6234286691525225
Paulding,2020,wastewater,Paulding Upper Sweetwater,MGD,0.047956051473270964
Paulding,2021,Coosa_Etowah Basin,industrial,MGD,8.31712357911373e-6
Paulding,2021,Dallas North WPCP,Trinity River_ds,MGD,0.4170775092002172
Paulding,2021,Dallas Pumpkinvine Ck WPCP,Pumpkinvine Creek_ds,MGD,0
Paulding,2021,Dallas West WPCP,Trinity River_ds,MGD,0.5004930110402607
Paulding,2021,Etowah River/Richland Creek Reservoir,publicWatSup,MGD,14.270953469000002
Paulding,2021,Paulding Coppermine LAS,Land Application,MGD,1.0129025223433847
Paulding,2021,Paulding Coppermine WRF,Mill Creek_ds,MGD,0.6315745139317575
Paulding,2021,Paulding Pumpkinvine LAS,Land Application,MGD,0.6792405149832108
Paulding,2021,Paulding Pumpkinvine WRF,"Pumpkinvine Creek, Reuse_ds",MGD,0.6756485236688942
Paulding,2021,Paulding Upper Sweetwater,Reuse,MGD,0.0476660010514534
Paulding,2021,agricultural,losses,MGD,0
Paulding,2021,agricultural,wastewater,MGD,0
Paulding,2021,commercial,losses,MGD,0.9510205002264565
Paulding,2021,commercial,wastewater,MGD,0.9698630136986301
Paulding,2021,groundwater,agricultural,MGD,0
Paulding,2021,groundwater,industrial,MGD,4.478451157984316e-6
Paulding,2021,groundwater,publicWatSup,MGD,0.03
Paulding,2021,groundwater,residential,MGD,0.166787946
Paulding,2021,inFrom_Cobb_Cobb,Paulding Pumpkinvine WRF,MGD,0.05599051
Paulding,2021,industrial,discharge,MGD,1.2795574737098048e-5
Paulding,2021,industrial,losses,MGD,0
Paulding,2021,industrial,wastewater,MGD,0
Paulding,2021,publicWatSup,agricultural,MGD,0
Paulding,2021,publicWatSup,commercial,MGD,1.9208835139250866
Paulding,2021,publicWatSup,industrial,MGD,0
Paulding,2021,publicWatSup,losses,MGD,3.47234688
Paulding,2021,publicWatSup,residential,MGD,8.907723075074914
Paulding,2021,residential,losses,MGD,1.8388945827187495
Paulding,2021,residential,septic,MGD,4.720547945205479
Paulding,2021,residential,wastewater,MGD,2.515068493150685
Paulding,2021,subsurface,wastewater,MGD,0.6969863013698631
Paulding,2021,wastewater,COBB NORTHWEST WRF,MGD,0.16
Paulding,2021,wastewater,COBB SOUTH COBB WRF,MGD,0.113305722
Paulding,2021,wastewater,Dallas North WPCP,MGD,0.4170775092002172
Paulding,2021,wastewater,Dallas Pumpkinvine Ck WPCP,MGD,0
Paulding,2021,wastewater,Dallas West WPCP,MGD,0.5004930110402607
Paulding,2021,wastewater,Paulding Coppermine LAS,MGD,1.0129025223433847
Paulding,2021,wastewater,Paulding Coppermine WRF,MGD,0.6315745139317575
Paulding,2021,wastewater,Paulding Pumpkinvine LAS,MGD,0.6792405149832108
Paulding,2021,wastewater,Paulding Pumpkinvine WRF,MGD,0.6196580136688942
Paulding,2021,wastewater,Paulding Upper Sweetwater,MGD,0.0476660010514534
Paulding,2022,Coosa_Etowah Basin,industrial,MGD,8.31712357911373e-6
Paulding,2022,Dallas North WPCP,Trinity River_ds,MGD,0.41388130652668736
Paulding,2022,Dallas Pumpkinvine Ck WPCP,Pumpkinvine Creek_ds,MGD,0
Paulding,2022,Dallas West WPCP,Trinity River_ds,MGD,0.4966575678320248
Paulding,2022,Etowah River/Richland Creek Reservoir,publicWatSup,MGD,14.522643106
Paulding,2022,Paulding Coppermine LAS,Land Application,MGD,1.0051403158505265
Paulding,2022,Paulding Coppermine WRF,Mill Creek_ds,MGD,0.6267345498832694
Paulding,2022,Paulding Pumpkinvine LAS,Land Application,MGD,0.6740352706291765
Paulding,2022,Paulding Pumpkinvine WRF,"Pumpkinvine Creek, Reuse_ds",MGD,0.6715203756967927
Paulding,2022,Paulding Upper Sweetwater,Reuse,MGD,0.047300720745907125
Paulding,2022,agricultural,losses,MGD,0
Paulding,2022,agricultural,wastewater,MGD,0
Paulding,2022,commercial,losses,MGD,0.9683887340359387
Paulding,2022,commercial,wastewater,MGD,0.9863013698630136
Paulding,2022,groundwater,agricultural,MGD,0
Paulding,2022,groundwater,industrial,MGD,4.478451157984316e-6
Paulding,2022,groundwater,publicWatSup,MGD,0.03
Paulding,2022,groundwater,residential,MGD,0.16972333
Paulding,2022,inFrom_Cobb_Cobb,Paulding Pumpkinvine WRF,MGD,0.056611006
Paulding,2022,industrial,discharge,MGD,1.2795574737098048e-5
Paulding,2022,industrial,losses,MGD,0
Paulding,2022,industrial,wastewater,MGD,0
Paulding,2022,publicWatSup,agricultural,MGD,0
Paulding,2022,publicWatSup,commercial,MGD,1.9546901038989524
Paulding,2022,publicWatSup,industrial,MGD,0
Paulding,2022,publicWatSup,losses,MGD,3.53345845
Paulding,2022,publicWatSup,residential,MGD,9.064494552101047
Paulding,2022,residential,losses,MGD,1.8807932245668013
Paulding,2022,residential,septic,MGD,4.726027397260274
Paulding,2022,residential,wastewater,MGD,2.627397260273973
Paulding,2022,subsurface,wastewater,MGD,0.7227397260273973
Paulding,2022,wastewater,COBB NORTHWEST WRF,MGD,0.32
Paulding,2022,wastewater,COBB SOUTH COBB WRF,MGD,0.137779255
Paulding,2022,wastewater,Dallas North WPCP,MGD,0.41388130652668736
Paulding,2022,wastewater,Dallas Pumpkinvine Ck WPCP,MGD,0
Paulding,2022,wastewater,Dallas West WPCP,MGD,0.4966575678320248
Paulding,2022,wastewater,Paulding Coppermine LAS,MGD,1.0051403158505265
Paulding,2022,wastewater,Paulding Coppermine WRF,MGD,0.6267345498832694
Paulding,2022,wastewater,Paulding Pumpkinvine LAS,MGD,0.6740352706291765
Paulding,2022,wastewater,Paulding Pumpkinvine WRF,MGD,0.6149093696967927
Paulding,2022,wastewater,Paulding Upper Sweetwater,MGD,0.047300720745907125
Paulding,2023,Coosa_Etowah Basin,industrial,MGD,8.31712357911373e-6
Paulding,2023,Dallas North WPCP,Trinity River_ds,MGD,0.41072874874645005
Paulding,2023,Dallas Pumpkinvine Ck WPCP,Pumpkinvine Creek_ds,MGD,0
Paulding,2023,Dallas West WPCP,Trinity River_ds,MGD,0.4928744984957401
Paulding,2023,Etowah River/Richland Creek Reservoir,publicWatSup,MGD,14.768537603000002
Paulding,2023,Paulding Coppermine LAS,Land Application,MGD,0.9974841040985216
Paulding,2023,Paulding Coppermine WRF,Mill Creek_ds,MGD,0.6219606766731959
Paulding,2023,Paulding Pumpkinvine LAS,Land Application,MGD,0.6689011051013615
Paulding,2023,Paulding Pumpkinvine WRF,"Pumpkinvine Creek, Reuse_ds",MGD,0.6674444885661543
Paulding,2023,Paulding Upper Sweetwater,Reuse,MGD,0.046940428428165724
Paulding,2023,agricultural,losses,MGD,0
Paulding,2023,agricultural,wastewater,MGD,0
Paulding,2023,commercial,losses,MGD,0.9849785739980297
Paulding,2023,commercial,wastewater,MGD,1.0027397260273974
Paulding,2023,groundwater,agricultural,MGD,0
Paulding,2023,groundwater,industrial,MGD,4.478451157984316e-6
Paulding,2023,groundwater,publicWatSup,MGD,0.03
Paulding,2023,groundwater,residential,MGD,0.172591128
Paulding,2023,inFrom_Cobb_Cobb,Paulding Pumpkinvine WRF,MGD,0.057218919
Paulding,2023,industrial,discharge,MGD,1.2795574737098048e-5
Paulding,2023,industrial,losses,MGD,0
Paulding,2023,industrial,wastewater,MGD,0
Paulding,2023,publicWatSup,agricultural,MGD,0
Paulding,2023,publicWatSup,commercial,MGD,1.987718300025427
Paulding,2023,publicWatSup,industrial,MGD,0
Paulding,2023,publicWatSup,losses,MGD,3.59316293
Paulding,2023,publicWatSup,residential,MGD,9.217656372974574
Paulding,2023,residential,losses,MGD,1.9217543502896426
Paulding,2023,residential,septic,MGD,4.728767123287671
Paulding,2023,residential,wastewater,MGD,2.73972602739726
Paulding,2023,subsurface,wastewater,MGD,0.7484931506849315
Paulding,2023,wastewater,COBB NORTHWEST WRF,MGD,0.48
Paulding,2023,wastewater,COBB SOUTH COBB WRF,MGD,0.161843773
Paulding,2023,wastewater,Dallas North WPCP,MGD,0.41072874874645005
Paulding,2023,wastewater,Dallas Pumpkinvine Ck WPCP,MGD,0
Paulding,2023,wastewater,Dallas West WPCP,MGD,0.4928744984957401
Paulding,2023,wastewater,Paulding Coppermine LAS,MGD,0.9974841040985216
Paulding,2023,wastewater,Paulding Coppermine WRF,MGD,0.6219606766731959
Paulding,2023,wastewater,Paulding Pumpkinvine LAS,MGD,0.6689011051013615
Paulding,2023,wastewater,Paulding Pumpkinvine WRF,MGD,0.6102255695661544
Paulding,2023,wastewater,Paulding Upper Sweetwater,MGD,0.046940428428165724
Paulding,2024,Coosa_Etowah Basin,industrial,MGD,8.31712357911373e-6
Paulding,2024,Dallas North WPCP,Trinity River_ds,MGD,0.4068695751695623
Paulding,2024,Dallas Pumpkinvine Ck WPCP,Pumpkinvine Creek_ds,MGD,0
Paulding,2024,Dallas West WPCP,Trinity River_ds,MGD,0.4882434902034748
Paulding,2024,Etowah River/Richland Creek Reservoir,publicWatSup,MGD,15.011435458
Paulding,2024,Paulding Coppermine LAS,Land Application,MGD,0.9881118254117942
Paulding,2024,Paulding Coppermine WRF,Mill Creek_ds,MGD,0.6161167852567658
Paulding,2024,Paulding Pumpkinvine LAS,Land Application,MGD,0.6626161652761443
Paulding,2024,Paulding Pumpkinvine WRF,"Pumpkinvine Creek, Reuse_ds",MGD,0.662271716251921
Paulding,2024,Paulding Upper Sweetwater,Reuse,MGD,0.04649938001937855
Paulding,2024,agricultural,losses,MGD,0
Paulding,2024,agricultural,wastewater,MGD,0
Paulding,2024,commercial,losses,MGD,1.0011659083585231
Paulding,2024,commercial,wastewater,MGD,1.0191780821917809
Paulding,2024,groundwater,agricultural,MGD,0
Paulding,2024,groundwater,industrial,MGD,4.478451157984316e-6
Paulding,2024,groundwater,publicWatSup,MGD,0.03
Paulding,2024,groundwater,residential,MGD,0.175423976
Paulding,2024,inFrom_Cobb_Cobb,Paulding Pumpkinvine WRF,MGD,0.057779776
Paulding,2024,industrial,discharge,MGD,1.2795574737098048e-5
Paulding,2024,industrial,losses,MGD,0
Paulding,2024,industrial,wastewater,MGD,0
Paulding,2024,publicWatSup,agricultural,MGD,0
Paulding,2024,publicWatSup,commercial,MGD,2.020343990550304
Paulding,2024,publicWatSup,industrial,MGD,0
Paulding,2024,publicWatSup,losses,MGD,3.65213981
Paulding,2024,publicWatSup,residential,MGD,9.368951657449696
Paulding,2024,residential,losses,MGD,1.963553715641476
Paulding,2024,residential,septic,MGD,4.734246575342466
Paulding,2024,residential,wastewater,MGD,2.8465753424657536
Paulding,2024,subsurface,wastewater,MGD,0.7731506849315068
Paulding,2024,wastewater,COBB NORTHWEST WRF,MGD,0.64
Paulding,2024,wastewater,COBB SOUTH COBB WRF,MGD,0.185954948
Paulding,2024,wastewater,Dallas North WPCP,MGD,0.4068695751695623
Paulding,2024,wastewater,Dallas Pumpkinvine Ck WPCP,MGD,0
Paulding,2024,wastewater,Dallas West WPCP,MGD,0.4882434902034748
Paulding,2024,wastewater,Paulding Coppermine LAS,MGD,0.9881118254117942
Paulding,2024,wastewater,Paulding Coppermine WRF,MGD,0.6161167852567658
Paulding,2024,wastewater,Paulding Pumpkinvine LAS,MGD,0.6626161652761443
Paulding,2024,wastewater,Paulding Pumpkinvine WRF,MGD,0.6044919402519211
Paulding,2024,wastewater,Paulding Upper Sweetwater,MGD,0.04649938001937855
Rockdale,2020,Big Haynes Creek (Randy Poynter Lake),publicWatSup,MGD,13.123905758
Rockdale,2020,Ocmulgee Basin,industrial,MGD,0
Rockdale,2020,ROCKDALE ALMAND BRANCH,Almand Creek to South River_ds,MGD,0.8083960153011016
Rockdale,2020,ROCKDALE HONEY CREEK,McClains Branch_ds,MGD,0.1908712813905379
Rockdale,2020,ROCKDALE QUIGG BRANCH,Yellow River_ds,MGD,5.018791928327673
Rockdale,2020,ROCKDALE SCOTT CREEK,Scott Creek to South River_ds,MGD,0.11227722434737525
Rockdale,2020,ROCKDALE SNAPPING SHOALS,Snapping Shoals Creek_ds,MGD,0.2919207833031756
Rockdale,2020,agricultural,losses,MGD,0
Rockdale,2020,agricultural,wastewater,MGD,0
Rockdale,2020,commercial,losses,MGD,0.20300939716983923
Rockdale,2020,commercial,wastewater,MGD,1.6346171352618195
Rockdale,2020,groundwater,agricultural,MGD,0
Rockdale,2020,groundwater,industrial,MGD,0
Rockdale,2020,groundwater,publicWatSup,MGD,0.08
Rockdale,2020,groundwater,residential,MGD,0.437156827
Rockdale,2020,industrial,discharge,MGD,0
Rockdale,2020,industrial,losses,MGD,0.025915545676044982
Rockdale,2020,industrial,wastewater,MGD,0.2622755062332097
Rockdale,2020,publicWatSup,agricultural,MGD,0
Rockdale,2020,publicWatSup,commercial,MGD,1.8376265324316587
Rockdale,2020,publicWatSup,industrial,MGD,0.2881910519092547
Rockdale,2020,publicWatSup,losses,MGD,3.994202686
Rockdale,2020,publicWatSup,residential,MGD,7.083885487659086
Rockdale,2020,residential,losses,MGD,1.6722071011815132
Rockdale,2020,residential,septic,MGD,2.6593761375342466
Rockdale,2020,residential,wastewater,MGD,3.1894590759433266
Rockdale,2020,subsurface,wastewater,MGD,1.5259055152315066
Rockdale,2020,wastewater,Pole Bridge Creek,MGD,0.19
Rockdale,2020,wastewater,ROCKDALE ALMAND BRANCH,MGD,0.8083960153011016
Rockdale,2020,wastewater,ROCKDALE HONEY CREEK,MGD,0.1908712813905379
Rockdale,2020,wastewater,ROCKDALE QUIGG BRANCH,MGD,5.018791928327673
Rockdale,2020,wastewater,ROCKDALE SCOTT CREEK,MGD,0.11227722434737525
Rockdale,2020,wastewater,ROCKDALE SNAPPING SHOALS,MGD,0.2919207833031756
Rockdale,2021,Big Haynes Creek (Randy Poynter Lake),publicWatSup,MGD,13.309690677
Rockdale,2021,Ocmulgee Basin,industrial,MGD,0
Rockdale,2021,ROCKDALE ALMAND BRANCH,Almand Creek to South River_ds,MGD,0.820627903561874
Rockdale,2021,ROCKDALE HONEY CREEK,McClains Branch_ds,MGD,0.19375936611877584
Rockdale,2021,ROCKDALE QUIGG BRANCH,Yellow River_ds,MGD,5.094731567946635
Rockdale,2021,ROCKDALE SCOTT CREEK,Scott Creek to South River_ds,MGD,0.11397609771692696
Rockdale,2021,ROCKDALE SNAPPING SHOALS,Snapping Shoals Creek_ds,MGD,0.2963378540640101
Rockdale,2021,agricultural,losses,MGD,0
Rockdale,2021,agricultural,wastewater,MGD,0
Rockdale,2021,commercial,losses,MGD,0.2067105823372073
Rockdale,2021,commercial,wastewater,MGD,1.6567721872639731
Rockdale,2021,groundwater,agricultural,MGD,0
Rockdale,2021,groundwater,industrial,MGD,0
Rockdale,2021,groundwater,publicWatSup,MGD,0.08
Rockdale,2021,groundwater,residential,MGD,0.443307821
Rockdale,2021,industrial,discharge,MGD,0
Rockdale,2021,industrial,losses,MGD,0.02631320961105721
Rockdale,2021,industrial,wastewater,MGD,0.26593281980134265
Rockdale,2021,publicWatSup,agricultural,MGD,0
Rockdale,2021,publicWatSup,commercial,MGD,1.8634827696011804
Rockdale,2021,publicWatSup,industrial,MGD,0.29224602941239985
Rockdale,2021,publicWatSup,losses,MGD,4.050402922
Rockdale,2021,publicWatSup,residential,MGD,7.1835589559864195
Rockdale,2021,residential,losses,MGD,1.7006926586270765
Rockdale,2021,residential,septic,MGD,2.6877769797260274
Rockdale,2021,residential,wastewater,MGD,3.2383971386333155
Rockdale,2021,subsurface,wastewater,MGD,1.5483306437095894
Rockdale,2021,wastewater,Pole Bridge Creek,MGD,0.19
Rockdale,2021,wastewater,ROCKDALE ALMAND BRANCH,MGD,0.820627903561874
Rockdale,2021,wastewater,ROCKDALE HONEY CREEK,MGD,0.19375936611877584
Rockdale,2021,wastewater,ROCKDALE QUIGG BRANCH,MGD,5.094731567946635
Rockdale,2021,wastewater,ROCKDALE SCOTT CREEK,MGD,0.11397609771692696
Rockdale,2021,wastewater,ROCKDALE SNAPPING SHOALS,MGD,0.2963378540640101
Rockdale,2022,Big Haynes Creek (Randy Poynter Lake),publicWatSup,MGD,13.487712843
Rockdale,2022,Ocmulgee Basin,industrial,MGD,0
Rockdale,2022,ROCKDALE ALMAND BRANCH,Almand Creek to South River_ds,MGD,0.8322956915858836
Rockdale,2022,ROCKDALE HONEY CREEK,McClains Branch_ds,MGD,0.19651426051333365
Rockdale,2022,ROCKDALE QUIGG BRANCH,Yellow River_ds,MGD,5.167169085262361
Rockdale,2022,ROCKDALE SCOTT CREEK,Scott Creek to South River_ds,MGD,0.11559662383137274
Rockdale,2022,ROCKDALE SNAPPING SHOALS,Snapping Shoals Creek_ds,MGD,0.30055122196156914
Rockdale,2022,agricultural,losses,MGD,0
Rockdale,2022,agricultural,wastewater,MGD,0
Rockdale,2022,commercial,losses,MGD,0.21021935090580568
Rockdale,2022,commercial,wastewater,MGD,1.678039288756887
Rockdale,2022,groundwater,agricultural,MGD,0
Rockdale,2022,groundwater,industrial,MGD,0
Rockdale,2022,groundwater,publicWatSup,MGD,0.08
Rockdale,2022,groundwater,residential,MGD,0.449201805
Rockdale,2022,industrial,discharge,MGD,0
Rockdale,2022,industrial,losses,MGD,0.026690860112665193
Rockdale,2022,industrial,wastewater,MGD,0.26944071611736087
Rockdale,2022,publicWatSup,agricultural,MGD,0
Rockdale,2022,publicWatSup,commercial,MGD,1.8882586396626926
Rockdale,2022,publicWatSup,industrial,MGD,0.29613157623002606
Rockdale,2022,publicWatSup,losses,MGD,4.104254913
Rockdale,2022,publicWatSup,residential,MGD,7.279067714107282
Rockdale,2022,residential,losses,MGD,1.7286052325349548
Rockdale,2022,residential,septic,MGD,2.7147389967123288
Rockdale,2022,residential,wastewater,MGD,3.2849252898599985
Rockdale,2022,subsurface,wastewater,MGD,1.5697215884202738
Rockdale,2022,wastewater,Pole Bridge Creek,MGD,0.19
Rockdale,2022,wastewater,ROCKDALE ALMAND BRANCH,MGD,0.8322956915858836
Rockdale,2022,wastewater,ROCKDALE HONEY CREEK,MGD,0.19651426051333365
Rockdale,2022,wastewater,ROCKDALE QUIGG BRANCH,MGD,5.167169085262361
Rockdale,2022,wastewater,ROCKDALE SCOTT CREEK,MGD,0.11559662383137274
Rockdale,2022,wastewater,ROCKDALE SNAPPING SHOALS,MGD,0.30055122196156914
Rockdale,2023,Big Haynes Creek (Randy Poynter Lake),publicWatSup,MGD,13.662084798
Rockdale,2023,Ocmulgee Basin,industrial,MGD,0
Rockdale,2023,ROCKDALE ALMAND BRANCH,Almand Creek to South River_ds,MGD,0.843678514859109
Rockdale,2023,ROCKDALE HONEY CREEK,McClains Branch_ds,MGD,0.19920187156395633
Rockdale,2023,ROCKDALE QUIGG BRANCH,Yellow River_ds,MGD,5.237837446416969
Rockdale,2023,ROCKDALE SCOTT CREEK,Scott Creek to South River_ds,MGD,0.11717757150820961
Rockdale,2023,ROCKDALE SNAPPING SHOALS,Snapping Shoals Creek_ds,MGD,0.30466168592134496
Rockdale,2023,agricultural,losses,MGD,0
Rockdale,2023,agricultural,wastewater,MGD,0
Rockdale,2023,commercial,losses,MGD,0.2136485032849047
Rockdale,2023,commercial,wastewater,MGD,1.6988779958208795
Rockdale,2023,groundwater,agricultural,MGD,0
Rockdale,2023,groundwater,industrial,MGD,0
Rockdale,2023,groundwater,publicWatSup,MGD,0.08
Rockdale,2023,groundwater,residential,MGD,0.454974937
Rockdale,2023,industrial,discharge,MGD,0
Rockdale,2023,industrial,losses,MGD,0.027057845896980515
Rockdale,2023,industrial,wastewater,MGD,0.2728796077778734
Rockdale,2023,publicWatSup,agricultural,MGD,0
Rockdale,2023,publicWatSup,commercial,MGD,1.9125264991057842
Rockdale,2023,publicWatSup,industrial,MGD,0.2999374536748539
Rockdale,2023,publicWatSup,losses,MGD,4.157002709
Rockdale,2023,publicWatSup,residential,MGD,7.372618136219362
Rockdale,2023,residential,losses,MGD,1.7564362897824983
Rockdale,2023,residential,septic,MGD,2.740947394520548
Rockdale,2023,residential,wastewater,MGD,3.3302093889163156
Rockdale,2023,subsurface,wastewater,MGD,1.5905900977545204
Rockdale,2023,wastewater,Pole Bridge Creek,MGD,0.19
Rockdale,2023,wastewater,ROCKDALE ALMAND BRANCH,MGD,0.843678514859109
Rockdale,2023,wastewater,ROCKDALE HONEY CREEK,MGD,0.19920187156395633
Rockdale,2023,wastewater,ROCKDALE QUIGG BRANCH,MGD,5.237837446416969
Rockdale,2023,wastewater,ROCKDALE SCOTT CREEK,MGD,0.11717757150820961
Rockdale,2023,wastewater,ROCKDALE SNAPPING SHOALS,MGD,0.30466168592134496
Rockdale,2024,Big Haynes Creek (Randy Poynter Lake),publicWatSup,MGD,13.832298795000002
Rockdale,2024,Ocmulgee Basin,industrial,MGD,0
Rockdale,2024,ROCKDALE ALMAND BRANCH,Almand Creek to South River_ds,MGD,0.8547423123572411
Rockdale,2024,ROCKDALE HONEY CREEK,McClains Branch_ds,MGD,0.20181415708434863
Rockdale,2024,ROCKDALE QUIGG BRANCH,Yellow River_ds,MGD,5.306525189217872
Rockdale,2024,ROCKDALE SCOTT CREEK,Scott Creek to South River_ds,MGD,0.11871421004961684
Rockdale,2024,ROCKDALE SNAPPING SHOALS,Snapping Shoals Creek_ds,MGD,0.30865694612900374
Rockdale,2024,agricultural,losses,MGD,0
Rockdale,2024,agricultural,wastewater,MGD,0
Rockdale,2024,commercial,losses,MGD,0.21698413350355716
Rockdale,2024,commercial,wastewater,MGD,1.7192315492398023
Rockdale,2024,groundwater,agricultural,MGD,0
Rockdale,2024,groundwater,industrial,MGD,0
Rockdale,2024,groundwater,publicWatSup,MGD,0.08
Rockdale,2024,groundwater,residential,MGD,0.460610407
Rockdale,2024,industrial,discharge,MGD,0
Rockdale,2024,industrial,losses,MGD,0.027413050532403394
Rockdale,2024,industrial,wastewater,MGD,0.276239527180629
Rockdale,2024,publicWatSup,agricultural,MGD,0
Rockdale,2024,publicWatSup,commercial,MGD,1.9362156827433594
Rockdale,2024,publicWatSup,industrial,MGD,0.3036525777130324
Rockdale,2024,publicWatSup,losses,MGD,4.208492717
Rockdale,2024,publicWatSup,residential,MGD,7.463937817543608
Rockdale,2024,residential,losses,MGD,1.7841214400243137
Rockdale,2024,residential,septic,MGD,2.7663187726027396
Rockdale,2024,residential,wastewater,MGD,3.374108011916555
Rockdale,2024,subsurface,wastewater,MGD,1.6108737265010957
Rockdale,2024,wastewater,Pole Bridge Creek,MGD,0.19
Rockdale,2024,wastewater,ROCKDALE ALMAND BRANCH,MGD,0.8547423123572411
Rockdale,2024,wastewater,ROCKDALE HONEY CREEK,MGD,0.20181415708434863
Rockdale,2024,wastewater,ROCKDALE QUIGG BRANCH,MGD,5.306525189217872
Rockdale,2024,wastewater,ROCKDALE SCOTT CREEK,MGD,0.11871421004961684
Rockdale,2024,wastewater,ROCKDALE SNAPPING SHOALS,MGD,0.30865694612900374
