county,geoid,geoidfq,tract,pop,median_age,land_km2,water_km2,water_share,pop_density,housing_units,housing_occupied,housing_vacant,hu_density,vacancy_rate,persons_per_hh,median_hh_income,income_per_capita,poverty_universe,poverty_below,poverty_rate,commuters,commute_drove_alone,commute_transit,commute_wfh,mean_commute_min,drove_alone_share,transit_share,wfh_share
Bartow,13015960101,1400000US13015960101,960101,1678,42.8,93.408641,0,0,17.964076792424375,674,596,78,7.215606530449362,0.11572700296735905,2.82,73929,32144,1678,105,0.06257449344457688,726,666,0,37,35.703918722786646,0.9173553719008265,0,0.05096418732782369
Bartow,13015960103,1400000US13015960103,960103,3588,32,44.548535,0.349952,0.007794293825535814,80.54136909328219,1140,1096,44,25.59006710321675,0.03859649122807018,3.27,93676,30671,3588,187,0.05211817168338907,1425,1226,0,104,35.034065102195306,0.8603508771929824,0,0.07298245614035087
Bartow,13015960104,1400000US13015960104,960104,2677,39.4,100.036632,0.046511,4.6472361484490947e-4,26.760197204560026,1076,946,130,10.756059840159352,0.120817843866171,2.83,61207,35017,2633,220,0.08355488036460311,1310,922,0,203,28.346883468834687,0.7038167938931298,0,0.1549618320610687
Bartow,13015960105,1400000US13015960105,960105,3870,47.2,75.624073,0.074465,9.837045994204009e-4,51.17418100450633,1439,1361,78,19.028332420021865,0.054204308547602505,2.84,101472,37007,3870,294,0.07596899224806201,1785,1461,0,302,33.8671611598112,0.8184873949579832,0,0.16918767507002802
Bartow,13015960201,1400000US13015960201,960201,2768,38.6,77.056635,0.213115,0.0027580650901549444,35.921630888761236,1214,913,301,15.75464591725294,0.24794069192751236,3.03,88342,27709,2768,53,0.019147398843930637,1247,967,0,206,30.182516810758887,0.7754611066559743,0,0.16519647153167602
Bartow,13015960202,1400000US13015960202,960202,3755,43.5,10.384952,0,0,361.5808720155856,1256,1051,205,120.94422776340228,0.16321656050955413,3.57,73621,23138,3755,392,0.10439414114513981,1669,877,0,129,22.75,0.5254643499101258,0,0.07729179149191133
Bartow,13015960203,1400000US13015960203,960203,4190,38,88.374467,0.07217,8.159722341958576e-4,47.41188424932736,1557,1454,103,17.61821092510804,0.06615285806037251,2.88,76932,30785,4189,378,0.09023633325375985,1917,1586,0,146,28.743647656691135,0.8273343766301513,0,0.07616066770996348
Bartow,13015960301,1400000US13015960301,960301,3553,44.5,85.90432,0.107255,0.0012469833275346952,41.35996885837639,1468,1148,320,17.08877970281355,0.21798365122615804,3.09,86728,33227,3550,133,0.037464788732394366,1412,1194,0,100,34.66082317073171,0.8456090651558074,0,0.0708215297450425
Bartow,13015960302,1400000US13015960302,960302,3313,44.5,71.8711,0.637137,0.008787098216165426,46.09641427500066,1311,1175,136,18.240989771966756,0.10373760488176964,2.82,61756,28136,3310,483,0.1459214501510574,1515,1224,0,98,29.661256175017645,0.807920792079208,0,0.06468646864686468
Bartow,13015960403,1400000US13015960403,960403,4296,31,7.954386,0,0,540.0793977058694,1952,1638,314,245.3992049166334,0.16086065573770492,2.57,57900,24372,4204,752,0.17887725975261656,2269,2032,18,86,25.297755382501144,0.8955486998677832,0.007933010136624064,0.0379021595416483
Bartow,13015960404,1400000US13015960404,960404,5535,31.8,9.455702,0,0,585.3610868870444,2209,2007,202,233.61565328518176,0.09144409234947941,2.76,73729,29140,5450,697,0.12788990825688074,2866,1956,158,72,34.56692913385827,0.6824842986741103,0.05512909979064899,0.02512212142358688
Bartow,13015960405,1400000US13015960405,960405,4942,38.9,18.926097,0,0,261.12092736288946,1998,1710,288,105.56851737576956,0.14414414414414414,2.54,99921,34678,4339,352,0.08112468310670662,2452,1726,70,527,33.516883116883115,0.7039151712887439,0.028548123980424143,0.21492659053833604
Bartow,13015960406,1400000US13015960406,960406,2709,50.2,12.855996,0,0,210.71879611661362,1198,1089,109,93.18608997700373,0.09098497495826377,2.49,41738,34434,2709,194,0.07161314138058324,1262,625,0,274,23.39068825910931,0.49524564183835185,0,0.21711568938193343
Bartow,13015960407,1400000US13015960407,960407,2892,32.5,19.804833,0.422945,0.020909118144365635,146.02496269471195,976,963,13,49.2809002731808,0.01331967213114754,3,102548,29514,2890,404,0.1397923875432526,1358,1002,0,99,24.59491660047657,0.7378497790868925,0,0.07290132547864507
Bartow,13015960501,1400000US13015960501,960501,6613,32.5,7.534014,0,0,877.7525499687152,2208,2013,195,293.07086501299307,0.08831521739130435,3.29,67176,25286,6613,749,0.11326175714501739,3265,2320,0,192,26.810933940774486,0.7105666156202144,0,0.05880551301684533
Bartow,13015960502,1400000US13015960502,960502,3112,36.1,16.6605,0,0,186.78911197142943,1156,1068,88,69.3856726988986,0.07612456747404844,2.9,57821,24989,3092,277,0.08958602846054334,1304,961,0,105,31.46788990825688,0.7369631901840491,0,0.08052147239263803
Bartow,13015960601,1400000US13015960601,960601,5785,41.2,16.888502,0.346055,0.020079135193321187,342.5407416240943,2406,2255,151,142.46378986129145,0.0627597672485453,2.56,76271,38520,5749,1001,0.17411723778048357,2180,1637,0,298,22.67268862911796,0.7509174311926605,0,0.13669724770642203
Bartow,13015960602,1400000US13015960602,960602,3660,32.8,7.597225,0,0,481.7548512779337,1495,1262,233,196.78237777609587,0.15585284280936454,2.88,75898,39313,3639,674,0.1852157186040121,1582,1374,0,72,23.612582781456954,0.8685208596713021,0,0.045512010113780026
Bartow,13015960701,1400000US13015960701,960701,4014,36.8,5.166646,0,0,776.9063334317854,1984,1750,234,384.001536006144,0.11794354838709678,2.14,73117,39148,3771,583,0.15460090161760806,2178,1822,4,124,19.513145082765337,0.8365472910927456,0.0018365472910927456,0.05693296602387511
Bartow,13015960702,1400000US13015960702,960702,3429,46.1,60.506667,7.424607,0.1092958598126689,56.67144085130321,1718,1602,116,28.393565290912488,0.06752037252619325,2.14,62206,44225,3429,67,0.019539224263633713,1872,1564,0,108,28.452380952380953,0.8354700854700855,0,0.057692307692307696
Bartow,13015960801,1400000US13015960801,960801,4728,35.1,19.439405,4.684977,0.19420091258710792,243.21732069474348,1557,1425,132,80.09504406127657,0.08477842003853564,3.32,60045,25892,4662,944,0.20248820248820248,2158,1706,11,178,30.964646464646464,0.7905468025949953,0.005097312326227989,0.082483781278962
Bartow,13015960802,1400000US13015960802,960802,3391,34.7,13.851421,4.25863,0.23515284413058804,244.81242754804722,1305,1176,129,94.21416040996804,0.09885057471264368,2.88,50774,21228,3391,917,0.27042170451194336,1353,1086,0,74,27.525410476935104,0.802660753880266,0,0.05469327420546933
Bartow,13015960804,1400000US13015960804,960804,3977,39.8,48.000981,0.177187,0.0036777446581198357,82.85247336924218,1480,1405,75,30.832703189961887,0.05067567567567568,2.83,105020,44430,3977,245,0.061604224289665575,2043,1588,0,322,30.32539221382917,0.7772883015173764,0,0.15761135584924132
Bartow,13015960805,1400000US13015960805,960805,1809,50.5,29.219835,5.20436,0.15118320123389958,61.91000051848342,935,834,101,31.998811766048647,0.10802139037433155,2.15,51250,34221,1785,286,0.16022408963585436,761,655,0,59,23.78205128205128,0.8607095926412615,0,0.07752956636005257
Bartow,13015960901,1400000US13015960901,960901,2744,37.8,33.41314,0.737846,0.021605408406070618,82.1233802031177,993,923,70,29.718847136186543,0.07049345417925479,2.97,84688,30390,2740,149,0.05437956204379562,1504,1379,7,10,28.49397590361446,0.9168882978723404,0.004654255319148936,0.006648936170212766
Bartow,13015960902,1400000US13015960902,960902,7677,37.1,36.656198,0.172819,0.0046924684413922856,209.43252216173644,2705,2459,246,73.79379607235862,0.09094269870609982,3.12,85792,35050,7661,477,0.06226341208719488,3763,2971,16,401,32.00773349196906,0.7895296306138719,0.004251926654265214,0.10656391177252192
Bartow,13015961001,1400000US13015961001,961001,5426,35.7,84.072208,2.165215,0.02510760322696563,64.53975848951177,1965,1851,114,23.372765468464916,0.05801526717557252,2.93,97993,33133,5403,252,0.046640755136035536,2748,2032,0,236,29.599920382165607,0.7394468704512372,0,0.0858806404657933
Bartow,13015961002,1400000US13015961002,961002,3279,50.9,93.355771,0.274959,0.002936632022414009,35.123698994462806,1356,1259,97,14.525079547572908,0.0715339233038348,2.6,63147,32248,3279,435,0.13266239707227814,1348,1159,0,51,36.491904394757135,0.8597922848664689,0,0.037833827893175076
Cherokee,13057090101,1400000US13057090101,090101,4968,39,83.602201,0.546159,0.006490429522334125,59.42427281310453,1771,1760,11,21.183652808375225,0.006211180124223602,2.82,87750,42330,4962,214,0.04312777106005643,2717,2298,0,174,33.80652772316162,0.8457857931542142,0,0.06404122193595878
Cherokee,13057090102,1400000US13057090102,090102,4964,42.1,75.343447,0.739355,0.009717767755188617,65.88496010807683,1775,1775,0,23.55878408377042,0,2.8,98750,38902,4964,465,0.09367445608380338,2495,1770,0,405,32.11244019138756,0.7094188376753507,0,0.1623246492985972
Cherokee,13057090103,1400000US13057090103,090103,2067,38.7,19.881952,0.241766,0.01201398270438892,103.9636349589819,901,882,19,45.31748190519724,0.021087680355160933,2.34,107572,46262,2059,19,0.009227780475959204,1269,1095,0,61,29.27980132450331,0.8628841607565012,0,0.04806934594168637
Cherokee,13057090201,1400000US13057090201,090201,2226,46.5,37.118378,0.185085,0.004961603698830856,59.97029288294871,873,841,32,23.519346669727863,0.03665521191294387,2.65,78474,44881,2226,387,0.1738544474393531,1326,1060,0,146,26.271186440677965,0.799396681749623,0,0.11010558069381599
Cherokee,13057090202,1400000US13057090202,090202,7129,48.5,181.948404,2.214077,0.012022410797126478,39.181437392547835,2673,2439,234,14.690977998356061,0.08754208754208755,2.7,105282,44409,6591,306,0.04642694583522986,2969,2335,7,490,35.36304961678096,0.7864600875715729,0.0023576961940047153,0.16503873358033008
Cherokee,13057090301,1400000US13057090301,090301,5308,46.8,10.569242,1.946331,0.1555127360129656,502.21198454912854,1965,1875,90,185.9168330141367,0.04580152671755725,2.83,145139,55848,5308,202,0.038055764883195176,2478,1680,0,778,31.279411764705884,0.6779661016949152,0,0.3139628732849072
Cherokee,13057090302,1400000US13057090302,090302,2366,38.9,54.126558,7.932924,0.12782775080204503,43.71236759595908,649,649,0,11.990416977927914,0,3.65,104509,36152,2366,7,0.0029585798816568047,853,624,0,219,37.70504731861199,0.731535756154748,0,0.2567409144196952
Cherokee,13057090303,1400000US13057090303,090303,6345,52,44.841085,0.832345,0.0182238338570149,141.49969832353523,2856,2799,57,63.691589978253205,0.01995798319327731,2.26,104621,51939,6329,124,0.019592352662347923,2611,1665,0,832,40.12085441259134,0.637686710072769,0,0.3186518575258522
Cherokee,13057090401,1400000US13057090401,090401,5754,29.4,5.108078,0.142531,0.02714561301365232,1126.4510839497752,2741,2500,241,536.6010464209826,0.08792411528639182,2.23,38913,24688,5603,1816,0.32411208281277887,2731,1705,0,66,19.76172607879925,0.6243134383009886,0,0.024166971805199562
Cherokee,13057090402,1400000US13057090402,090402,5904,38.8,39.224565,1.899632,0.04619256152284262,150.51792161366225,2566,2385,181,65.41818883141215,0.0705378020265004,2.48,74440,39600,5904,91,0.015413279132791328,2970,1944,0,414,29.176447574334897,0.6545454545454545,0,0.1393939393939394
Cherokee,13057090503,1400000US13057090503,090503,4370,55.9,39.92754,0.575039,0.014197589738668246,109.44826553301306,1829,1785,44,45.807981157867474,0.02405686167304538,2.45,148007,80037,4360,407,0.09334862385321101,2588,1453,0,1042,34.07826649417853,0.5614374034003091,0,0.4026275115919629
Cherokee,13057090504,1400000US13057090504,090504,5385,42.8,15.986888,0.08498,0.005287499872447932,336.83853918286036,1809,1747,62,113.15523071156812,0.03427307904919845,3.08,150511,50013,5360,29,0.00541044776119403,2720,1861,0,594,34.82596425211665,0.6841911764705882,0,0.21838235294117647
Cherokee,13057090505,1400000US13057090505,090505,5029,43.9,24.270775,0.481294,0.019444596732499413,207.2039314772602,1773,1719,54,73.05081934960873,0.030456852791878174,2.92,121191,49923,5029,40,0.007953867568104992,2660,1926,1,490,35.046082949308754,0.7240601503759398,0.00037593984962406017,0.18421052631578946
Cherokee,13057090506,1400000US13057090506,090506,4381,42,71.161485,0.895787,0.012431597465971235,61.564201477807835,1569,1569,0,22.048443761397053,0,2.79,106625,47712,4381,233,0.053184204519516096,2271,1851,0,282,37.870789341377574,0.8150594451783355,0,0.12417437252311757
Cherokee,13057090507,1400000US13057090507,090507,2918,41.1,24.820154,0.213707,0.008536717528310955,117.56574918914686,988,904,84,39.806360589060006,0.08502024291497975,3.23,140893,46051,2918,39,0.013365318711446196,1346,1065,0,249,26.572470373746583,0.7912332838038633,0,0.1849925705794948
Cherokee,13057090603,1400000US13057090603,090603,7004,34.1,23.016643,0.121067,0.0052324538599541615,304.3015438871777,2060,1974,86,89.50045408446402,0.04174757281553398,3.55,111753,39002,6968,515,0.0739092996555683,3721,2822,0,385,30.01199040767386,0.7583982800322494,0,0.10346680999731254
Cherokee,13057090604,1400000US13057090604,090604,3336,34.8,13.262077,0.160221,0.011936927640855537,251.54430938683285,1212,1153,59,91.38840017291409,0.04867986798679868,2.81,69917,32111,3236,571,0.17645241038318912,1428,778,0,29,31.14724803431022,0.5448179271708683,0,0.02030812324929972
Cherokee,13057090605,1400000US13057090605,090605,4145,33.4,6.759946,0.15255,0.0220687288643639,613.1705785815449,1384,1229,155,204.73536327065335,0.1119942196531792,3.36,69315,27915,4112,636,0.1546692607003891,1663,926,10,30,24.43661971830986,0.5568250150330728,0.006013229104028864,0.01803968731208659
Cherokee,13057090606,1400000US13057090606,090606,4365,37.5,14.987581,0.10361,0.00686559463729536,291.24112823810594,1492,1441,51,99.5490866738268,0.03418230563002681,2.63,91304,42949,3788,203,0.053590285110876455,1838,1470,0,172,28.073229291716686,0.7997823721436343,0,0.09357997823721437
Cherokee,13057090703,1400000US13057090703,090703,5402,31.6,8.466955,0.047114,0.0055336643384027075,638.0097685649681,2217,2137,80,261.8414766583736,0.03608479927830401,2.53,60245,28374,5389,574,0.10651326776767489,2530,2017,0,370,31.13888888888889,0.7972332015810276,0,0.14624505928853754
Cherokee,13057090704,1400000US13057090704,090704,4459,42.2,7.219794,0.030424,0.00419628761507585,617.607649193315,1699,1598,101,235.32527382360217,0.0594467333725721,2.79,77959,30180,4459,80,0.01794124243103835,2075,1761,0,179,36.18407172995781,0.8486746987951808,0,0.08626506024096385
Cherokee,13057090705,1400000US13057090705,090705,2724,60.1,7.897412,0.655102,0.07659759457862332,344.923121650485,1014,1014,0,128.39649242055498,0,2.69,111250,64241,2724,10,0.003671071953010279,1380,1091,0,283,27.976298997265268,0.7905797101449276,0,0.20507246376811594
Cherokee,13057090706,1400000US13057090706,090706,4841,49,7.435755,2.78296,0.2723395260558691,651.0435053333522,1774,1755,19,238.57698377636163,0.010710259301014656,2.76,147817,69162,4841,152,0.031398471390208633,2672,1723,49,739,39.14381789963787,0.6448353293413174,0.018338323353293412,0.27657185628742514
Cherokee,13057090707,1400000US13057090707,090707,4318,31.2,2.256814,0.025043,0.010974833216980732,1913.3167376664626,1315,1315,0,582.6798309475216,0,3.26,109219,36381,4199,826,0.1967135032150512,2180,1235,0,734,39.22890733056708,0.5665137614678899,0,0.336697247706422
Cherokee,13057090708,1400000US13057090708,090708,6123,34.5,6.456849,0.038305,0.00589747371655853,948.2953682206289,2183,2026,157,338.0906073535249,0.07191937700412276,3.01,121263,40287,6114,259,0.042361792607131174,3400,2252,0,886,25.904932378679394,0.6623529411764706,0,0.2605882352941176
Cherokee,13057090709,1400000US13057090709,090709,2131,41.5,3.517282,0.042741,0.012005821310705015,605.8655518664697,1108,944,164,315.0159697175262,0.148014440433213,2.26,113474,42282,2131,187,0.08775222900046926,1317,736,0,581,30.876358695652176,0.5588458618071375,0,0.4411541381928626
Cherokee,13057090710,1400000US13057090710,090710,4109,42.6,8.999307,0.480072,0.05064382382010467,456.59071304045966,1512,1341,171,168.0129369961487,0.1130952380952381,3.06,136776,51742,4109,17,0.0041372596738865905,1963,1230,0,493,30.42517006802721,0.6265919510952623,0,0.2511462047885889
Cherokee,13057090805,1400000US13057090805,090805,4416,49.4,19.379735,0.174774,0.008937785142035528,227.8668929167504,1947,1710,237,100.46577004277923,0.12172573189522343,2.58,79561,46501,4416,475,0.10756340579710146,2091,1706,0,277,41.477398015435504,0.8158775705404113,0,0.1324725011956002
Cherokee,13057090806,1400000US13057090806,090806,4936,42.4,7.36689,0.031792,0.004296981543469499,670.0249358956086,1747,1747,0,237.14213189011917,0,2.83,110174,41547,4810,142,0.029521829521829523,2470,1801,0,480,37.24120603015076,0.7291497975708502,0,0.19433198380566802
Cherokee,13057090807,1400000US13057090807,090807,7800,39.2,8.98201,0.242519,0.02629066481334711,868.4025067885696,2688,2596,92,299.26486387790703,0.03422619047619048,3,129087,51727,7800,282,0.036153846153846154,4270,3455,0,554,32.973627556512376,0.8091334894613583,0,0.1297423887587822
Cherokee,13057090808,1400000US13057090808,090808,6789,38.3,14.843579,0.191399,0.012730248092148854,457.3694794227187,2094,2094,0,141.07109882326898,0,3.24,143500,51361,6789,73,0.010752688172043012,3501,2374,0,736,30.50632911392405,0.6780919737217938,0,0.21022564981433875
Cherokee,13057090809,1400000US13057090809,090809,4083,51.6,24.740521,0.472661,0.018746582640778938,165.03290290451037,1701,1545,156,68.75360466337794,0.09171075837742504,2.64,108036,59367,4083,250,0.061229488121479304,2152,1429,0,478,33.44982078853047,0.6640334572490706,0,0.22211895910780668
Cherokee,13057090810,1400000US13057090810,090810,4653,42,19.493849,0.283375,0.014328350632019943,238.6906762230486,1572,1493,79,80.64082162532397,0.05025445292620865,3.12,153363,49486,4606,229,0.049717759444203216,2198,1260,0,619,36.28879037365421,0.5732484076433121,0,0.2816196542311192
Cherokee,13057090905,1400000US13057090905,090905,4787,38.5,4.148337,0.047693,0.011366219974595033,1153.956392646017,2284,2213,71,550.5820766249223,0.031085814360770576,2.16,82235,50711,4787,507,0.10591184457906831,2703,2006,0,593,32.552132701421804,0.7421383647798742,0,0.219385867554569
Cherokee,13057090906,1400000US13057090906,090906,6362,36.2,9.100452,0.177749,0.01915770093792967,699.0861552810783,2473,2337,136,271.74474410721575,0.05499393449251921,2.72,118893,50396,6352,136,0.021410579345088162,2592,1833,0,600,35.97640562248996,0.7071759259259259,0,0.23148148148148148
Cherokee,13057090907,1400000US13057090907,090907,4287,39.3,5.873205,0.04085,0.006907274281351797,729.9251430862706,1865,1782,83,317.54382828455675,0.04450402144772118,2.41,96100,45415,4287,268,0.06251457895964543,2205,1584,0,414,36.627582356225574,0.7183673469387755,0,0.18775510204081633
Cherokee,13057090908,1400000US13057090908,090908,6117,37.5,3.800654,0.008716,0.002288042379711081,1609.459845594995,2366,2310,56,622.5244392149351,0.023668639053254437,2.64,107990,43024,6117,367,0.059996730423410166,3708,2892,110,480,36.55978934324659,0.7799352750809061,0.0296655879180151,0.12944983818770225
Cherokee,13057090909,1400000US13057090909,090909,6556,34.1,4.668361,0.069053,0.014576095734930492,1404.3472644896142,2388,2223,165,511.5285643076874,0.06909547738693467,2.93,85625,34957,6547,374,0.057125400946998625,3459,2439,0,524,27.943781942078363,0.7051170858629662,0,0.15148886961549582
Cherokee,13057090910,1400000US13057090910,090910,4647,42,7.760859,0.050079,0.006411393868444482,598.7739243813088,1649,1623,26,212.47647972988557,0.015767131594906003,2.78,137670,59323,4418,314,0.0710728836577637,2726,1614,8,835,34.317821258593334,0.5920763022743947,0.00293470286133529,0.3063096111518709
Cherokee,13057090911,1400000US13057090911,090911,4816,44.3,14.018247,0.146683,0.010355363563392124,343.55222874871583,1690,1690,0,120.55715668300037,0,2.85,117917,53974,4816,139,0.028862126245847178,2621,1575,25,858,37.101531480431085,0.6009156810377718,0.009538344143456695,0.3273559710034338
Cherokee,13057090912,1400000US13057090912,090912,4076,39.4,8.473076,0.092848,0.010839227618643359,481.05316180334034,1561,1501,60,184.23061471418407,0.03843689942344651,2.72,103125,49280,4076,689,0.16903827281648676,1890,1151,0,436,30.367950481430537,0.608994708994709,0,0.2306878306878307
Cherokee,13057091001,1400000US13057091001,091001,5471,33,8.892371,0.05743,0.0064169024540322184,615.2464848801292,2423,2371,52,272.4807590686443,0.021460998761865455,2.3,69740,43681,5442,605,0.11117236310180081,3215,2399,0,547,28.339580209895054,0.7461897356143079,0,0.17013996889580094
Cherokee,13057091006,1400000US13057091006,091006,4594,43.6,4.847515,0.005491,0.0011314636742670418,947.7020700296957,1704,1647,57,351.5203150480195,0.03345070422535211,2.79,144125,54816,4586,144,0.03139991277802006,2520,2011,0,416,34.69344106463878,0.7980158730158731,0,0.16507936507936508
Cherokee,13057091007,1400000US13057091007,091007,7087,44.8,8.733106,0.95376,0.09845908883223944,811.5096736487569,2859,2738,121,327.37493395820456,0.04232249038125219,2.59,133418,59083,7087,141,0.019895583462678144,4025,2794,0,628,31.68972622902561,0.6941614906832299,0,0.1560248447204969
Cherokee,13057091009,1400000US13057091009,091009,5783,38,5.559589,0.173931,0.030335814647895185,1040.1848050278536,2385,2270,115,428.9885457360247,0.04821802935010482,2.54,103825,51146,5747,139,0.02418653210370628,3239,2310,0,575,29.498873873873872,0.7131830811979006,0,0.17752392713800555
Cherokee,13057091010,1400000US13057091010,091010,3232,46.6,4.151479,0.102482,0.02409095899092634,778.5177282602176,1024,1024,0,246.65908222105904,0,3.16,151250,69873,3232,112,0.034653465346534656,1722,1021,0,545,24.231096006796943,0.5929152148664344,0,0.3164924506387921
Cherokee,13057091011,1400000US13057091011,091011,4463,36.1,3.156546,0,0,1413.8872045584003,1762,1762,0,558.2050760546496,0,2.53,86227,37095,4459,622,0.13949315990132316,2357,1562,0,617,35.270114942528735,0.6627068307170132,0,0.2617734408145948
Cherokee,13057091012,1400000US13057091012,091012,3992,38.8,4.320072,0.00381,8.811526308997331e-4,924.0586730961892,1555,1538,17,359.94770457529415,0.010932475884244373,2.6,74661,34604,3951,741,0.18754745634016703,2100,1516,0,305,29.119777158774372,0.7219047619047619,0,0.14523809523809525
Cherokee,13057091013,1400000US13057091013,091013,5040,37.4,5.704367,0.136368,0.02334774647368867,883.5336155615513,1993,1908,85,349.3814475821769,0.04264927245358756,2.64,94479,38764,5040,515,0.10218253968253968,3280,2486,0,490,32.799283154121866,0.7579268292682927,0,0.14939024390243902
Cherokee,13057091014,1400000US13057091014,091014,4591,33.5,4.277458,0.01702,0.00396322905833957,1073.3010119561663,1844,1743,101,431.0971609773842,0.05477223427331887,2.63,74339,28142,4591,857,0.18666957089958613,2368,1805,0,326,36.34916748285994,0.7622466216216216,0,0.13766891891891891
Cherokee,13057091101,1400000US13057091101,091101,6599,40.3,13.900077,4.4985290000000004,0.244503795559294,474.74557155330865,2383,2383,0,171.43789922890355,0,2.77,100055,44921,6584,219,0.03326245443499393,3785,2927,0,536,39.05817174515236,0.7733157199471599,0,0.1416116248348745
Cherokee,13057091104,1400000US13057091104,091104,5632,38.5,14.253586,2.518462,0.15015828716922347,395.1286364006924,1935,1901,34,135.75531097928618,0.01757105943152455,2.96,98194,45401,5617,220,0.03916681502581449,3249,2544,67,510,37.99379335523914,0.7830101569713758,0.020621729763004002,0.1569713758079409
Cherokee,13057091105,1400000US13057091105,091105,5137,36,5.421817,0.062959,0.01147886440576607,947.4683487104047,1632,1554,78,301.0061018289625,0.04779411764705882,3.31,68824,28557,5137,226,0.04399454934786841,2652,2192,0,139,30.1591723040191,0.8265460030165912,0,0.0524132730015083
Cherokee,13057091106,1400000US13057091106,091106,5360,36.6,5.508568,0.02021,0.00365541897323423,973.0296512632683,1742,1700,42,316.2346366605622,0.024110218140068886,3.15,100529,37988,5347,256,0.047877314381896394,2804,1993,0,348,33.045602605863195,0.7107703281027105,0,0.12410841654778887
Cherokee,13057091107,1400000US13057091107,091107,3695,29.1,4.6296,0.125023,0.02629503958568324,798.1251080006912,1508,1467,41,325.7300846725419,0.027188328912466843,2.52,65672,34396,3695,105,0.028416779431664412,2016,1562,0,371,33.57142857142857,0.7748015873015873,0,0.1840277777777778
Cherokee,13057091108,1400000US13057091108,091108,1495,35.8,6.384258,0.151846,0.023231882479226158,234.16973436850452,677,597,80,106.04208037958365,0.11816838995568685,2.5,97278,40244,1495,106,0.07090301003344482,1022,847,0,146,29.263698630136986,0.8287671232876712,0,0.14285714285714285
Clayton,13063040202,1400000US13063040202,040202,2848,30.2,10.260764,0.101257,0.009771935416845807,277.5621776312173,1084,1001,83,105.64515468828637,0.07656826568265683,2.83,40287,19334,2841,445,0.15663498768039422,1419,837,411,16,33.94868139700642,0.5898520084566596,0.28964059196617337,0.01127554615926709
Clayton,13063040203,1400000US13063040203,040203,3933,30.8,2.819594,0.003884,0.0013756083808692684,1394.8816744538399,1899,1695,204,673.5012203884673,0.10742496050552923,2.32,48977,28736,3837,240,0.06254886630179828,2224,1553,67,165,26.338028169014084,0.6982913669064749,0.03012589928057554,0.07419064748201439
Clayton,13063040204,1400000US13063040204,040204,5297,32.8,2.731116,0.020884,0.007588662790697674,1939.5001896660558,2396,2318,78,877.2970463356371,0.0325542570951586,2.29,45956,30345,5297,585,0.11043987162544837,2800,1987,279,187,32.08955223880597,0.7096428571428571,0.09964285714285714,0.06678571428571428
Clayton,13063040302,1400000US13063040302,040302,5560,28.8,5.721249,0.060788,0.010513249915211543,971.8157695985614,2046,1872,174,357.61422025155696,0.08504398826979472,2.97,43438,19033,5528,1314,0.23769898697539799,2475,1975,59,96,29.529213955443463,0.797979797979798,0.02383838383838384,0.03878787878787879
Clayton,13063040306,1400000US13063040306,040306,4600,30,4.372987,0.006166,0.0014080348414407993,1051.9125714300087,1888,1817,71,431.7415075782297,0.03760593220338983,2.53,41517,18908,4546,1149,0.25274967003959525,1887,1260,86,39,31.011904761904763,0.6677265500794912,0.04557498675145734,0.02066772655007949
Clayton,13063040307,1400000US13063040307,040307,4281,29,3.064918,0.031797,0.010267977518111935,1396.7747261101276,1441,1306,135,470.1593974129161,0.0936849410131853,3.28,59537,22040,4235,541,0.12774498229043685,1851,1130,144,39,31.514900662251655,0.6104808211777417,0.07779578606158834,0.02106969205834684
Clayton,13063040308,1400000US13063040308,040308,4361,42.4,9.195538,0.009369,0.001017826687439645,474.2517512297812,1816,1678,138,197.48708558433447,0.07599118942731277,2.35,28913,18055,3953,595,0.1505185934733114,1388,1051,73,0,26.469740634005763,0.7572046109510087,0.05259365994236311,0
Clayton,13063040309,1400000US13063040309,040309,2972,47.5,2.68777,0.022678,0.008366882522741629,1105.7493758766561,1387,1343,44,516.041179118749,0.03172314347512617,2.19,37672,22579,2972,746,0.2510094212651413,1375,1000,113,64,33.53165522501907,0.7272727272727273,0.08218181818181818,0.04654545454545454
Clayton,13063040310,1400000US13063040310,040310,3539,32.1,3.746944,0,0,944.5030403443446,1400,1320,80,373.63782325009396,0.05714285714285714,2.68,56993,24637,3538,534,0.15093273035613342,1694,863,64,429,23.26482213438735,0.5094451003541912,0.03778040141676505,0.2532467532467532
Clayton,13063040407,1400000US13063040407,040407,4343,35.9,9.118216,0.123937,0.013409970598842066,476.2993111810468,1692,1559,133,185.56261444124596,0.07860520094562648,2.79,56042,25031,4343,668,0.1538107299102003,2080,1502,28,184,24.944620253164558,0.7221153846153846,0.013461538461538462,0.08846153846153847
Clayton,13063040409,1400000US13063040409,040409,5773,34.8,3.735985,0.003151,8.4270804806244e-4,1545.2417501676266,2378,2043,335,636.5121915639384,0.14087468460891506,2.83,59750,28514,5773,527,0.09128702580980426,2640,2051,19,96,27.85180817610063,0.7768939393939394,0.007196969696969697,0.03636363636363636
Clayton,13063040410,1400000US13063040410,040410,7901,32.3,21.946271,0.060215,0.002736238761608737,360.01560356199013,3276,2990,286,149.27365109088464,0.0873015873015873,2.64,50811,23417,7776,776,0.09979423868312758,3472,2669,17,228,27.338162762022193,0.768721198156682,0.004896313364055299,0.06566820276497695
Clayton,13063040414,1400000US13063040414,040414,1501,29.9,2.153429,0.002891,0.0013407100986866512,697.0278565023505,652,548,104,302.7729263421269,0.15950920245398773,2.74,46686,19406,1501,508,0.3384410393071286,648,469,25,0,33.973765432098766,0.7237654320987654,0.038580246913580245,0
Clayton,13063040416,1400000US13063040416,040416,3263,37.2,3.836996,0.005456,0.0014199266510030574,850.4048479591847,1147,1063,84,298.9317684980646,0.07323452484742807,3.06,66405,20555,3263,864,0.2647870058228624,1103,835,4,113,29.974747474747474,0.757026291931097,0.003626473254759746,0.10244786944696282
Clayton,13063040417,1400000US13063040417,040417,6710,26.3,5.173234,0.0155,0.0029872412037310063,1297.0609873823607,2493,2275,218,481.9035829425075,0.08744484556758925,2.95,48608,17969,6599,1092,0.16547961812395817,2927,2015,147,207,33.935661764705884,0.6884181756064229,0.05022207037922788,0.07072087461564742
Clayton,13063040418,1400000US13063040418,040418,3037,23.2,2.789045,0.018625,0.006633614349264693,1088.903190877164,531,531,0,190.3877492116477,0,4.29,100083,18607,2276,662,0.29086115992970124,1182,735,23,179,24.810568295114656,0.6218274111675127,0.0194585448392555,0.15143824027072758
Clayton,13063040419,1400000US13063040419,040419,7603,25.8,3.733853,0.100189,0.02613142996346936,2036.2344205837778,2438,2221,217,652.9448266977838,0.08900738310090238,3.2,52760,18039,7117,1268,0.1781649571448644,2649,1615,96,104,32.06090373280943,0.6096640241600604,0.0362400906002265,0.03926009815024538
Clayton,13063040420,1400000US13063040420,040420,7852,37.3,7.404226,0.015429,0.002079476741169232,1060.4754636068644,2642,2563,79,356.82325201850944,0.029901589704769114,3.06,67302,25996,7767,1264,0.16273979657525428,3685,2543,0,283,34.36654908877131,0.6900949796472184,0,0.07679782903663501
Clayton,13063040421,1400000US13063040421,040421,5321,47.6,10.809087,0.066819,0.0061437640229696725,492.27099384064536,2232,2142,90,206.49292581325324,0.04032258064516129,2.48,73301,34500,5316,912,0.17155756207674944,3018,2590,0,191,32.71312345242306,0.8581842279655401,0,0.06328694499668655
Clayton,13063040422,1400000US13063040422,040422,2981,24,1.495781,0,0,1992.9388058813422,1163,1095,68,777.5202385910771,0.058469475494411005,2.72,36263,15223,2981,718,0.2408587722240859,1319,1061,100,84,31.072874493927124,0.8043972706595905,0.0758150113722517,0.06368460955269144
Clayton,13063040423,1400000US13063040423,040423,5138,32.7,2.509754,0.017647,0.006982271511327249,2047.2125953380291,1761,1626,135,701.6623940035557,0.07666098807495741,3.15,54466,21339,5124,1388,0.27088212334113976,2560,1826,4,87,26.41932875050546,0.71328125,0.0015625,0.033984375
Clayton,13063040424,1400000US13063040424,040424,3373,36.1,3.799806,0.03585,0.009346510740274936,887.6768971889618,1470,1420,50,386.8618555789427,0.034013605442176874,2.38,61414,27265,3373,522,0.15475837533353098,1511,1097,0,212,33.10623556581986,0.7260092653871608,0,0.14030443414956983
Clayton,13063040425,1400000US13063040425,040425,5587,30.5,4.165424,0.008125,0.001946784379433427,1341.2800233541652,1947,1595,352,467.4194031627993,0.1807909604519774,3.5,45892,16659,5587,1634,0.2924646500805441,1915,1108,27,272,19.96956786366403,0.5785900783289817,0.014099216710182768,0.14203655352480418
Clayton,13063040426,1400000US13063040426,040426,2430,28.9,1.87157,0.036472,0.01911488321535899,1298.3751609611181,932,766,166,497.97763375134247,0.1781115879828326,3.17,78125,26803,2430,703,0.28930041152263375,1042,873,0,41,32.55244755244755,0.8378119001919386,0,0.03934740882917467
Clayton,13063040427,1400000US13063040427,040427,4598,36.2,3.865924,0.005812,0.0015011354079926937,1189.366371403059,1979,1890,89,511.9086665956185,0.0449722081859525,2.43,54244,25627,4598,228,0.049586776859504134,2224,1770,70,63,32.40166589541879,0.795863309352518,0.03147482014388489,0.028327338129496404
Clayton,13063040509,1400000US13063040509,040509,4548,37.7,5.143758,0.023956,0.004635705458932131,884.1784547406779,1890,1742,148,367.43563752416037,0.07830687830687831,2.61,60912,31000,4548,455,0.10004397537379067,2139,1566,23,129,30.733830845771145,0.7321178120617111,0.010752688172043012,0.06030855539971949
Clayton,13063040510,1400000US13063040510,040510,4218,31,3.046844,0.007729,0.0025303045630273037,1384.3833159820456,1688,1598,90,554.015893166831,0.0533175355450237,2.63,72000,27305,4142,963,0.2324963785610816,1605,1091,330,74,36.18876551273677,0.6797507788161994,0.205607476635514,0.04610591900311527
Clayton,13063040512,1400000US13063040512,040512,4849,37.7,4.517085,0.02605,0.005733926022449255,1073.4799101633023,2245,1901,344,497.00193819686814,0.15322939866369711,2.55,55288,28504,4794,779,0.16249478514810178,2459,1774,65,347,28.368844696969695,0.7214314762098414,0.026433509556730378,0.14111427409516064
Clayton,13063040513,1400000US13063040513,040513,5554,41.6,6.909341,0.113774,0.016199934074837163,803.8393241844627,2115,2076,39,306.1073407724412,0.018439716312056736,2.67,51657,23917,5546,630,0.1135953840605842,2919,2466,87,23,29.138466850828728,0.8448098663926003,0.029804727646454265,0.0078794107571086
Clayton,13063040518,1400000US13063040518,040518,5496,28.5,3.535573,0.001665,4.7070624029256725e-4,1554.4863590710756,2067,1628,439,584.6294221615562,0.212385099177552,3.37,37356,17121,5496,1778,0.3235080058224163,2007,1625,79,95,32.0005230125523,0.809666168410563,0.0393622321873443,0.04733432984554061
Clayton,13063040519,1400000US13063040519,040519,5031,28,1.596802,0.018939,0.011721556858432137,3150.6724064724367,2600,2512,88,1628.2544736291663,0.033846153846153845,2,34869,21411,5031,1741,0.3460544623335321,2655,1695,377,169,37.59251810136766,0.6384180790960452,0.14199623352165724,0.06365348399246705
Clayton,13063040521,1400000US13063040521,040521,3935,26.9,2.623911,0,0,1499.6697677627023,1173,1075,98,447.0426016736086,0.08354646206308611,3.66,48105,17734,3919,1096,0.2796631793824955,1392,967,117,71,29.735049205147615,0.694683908045977,0.08405172413793104,0.05100574712643678
Clayton,13063040522,1400000US13063040522,040522,4992,34.4,4.97583,0.002207,4.433474480000852e-4,1003.2497090937592,2042,1742,300,410.38379526631735,0.14691478942213515,2.78,48333,22046,4845,1189,0.2454076367389061,2247,1839,80,77,26.612903225806452,0.8184245660881175,0.035603026257231864,0.03426791277258567
Clayton,13063040523,1400000US13063040523,040523,3031,32.3,2.665218,0.001216,4.560397894716314e-4,1137.242807154987,1112,1112,0,417.22665838216614,0,2.72,45536,21713,3031,657,0.21676014516661168,1431,1063,80,180,29.05275779376499,0.742837176799441,0.055904961565338925,0.12578616352201258
Clayton,13063040525,1400000US13063040525,040525,2885,38.3,2.32031,0.020086,0.008582308293126463,1243.3683430231306,1039,972,67,447.78499424645844,0.06448508180943215,2.96,57679,25048,2882,527,0.1828591256072172,1550,1037,0,100,41.141379310344824,0.6690322580645162,0,0.06451612903225806
Clayton,13063040527,1400000US13063040527,040527,3351,34.4,2.241254,0.075749,0.03269266375572237,1495.1451285753421,1456,1340,116,649.6363196674719,0.07967032967032966,2.5,56126,25962,3345,95,0.028400597907324365,1358,941,59,107,29.25259792166267,0.6929307805596465,0.04344624447717231,0.07879234167893961
Clayton,13063040528,1400000US13063040528,040528,2746,32.9,2.513753,0.048002,0.018737935516862463,1092.3905411549981,1364,1154,210,542.614966546037,0.15395894428152493,2.38,52600,24815,2746,530,0.1930080116533139,1489,1211,70,48,38.004857737682165,0.8132975151108126,0.04701141705842848,0.03223640026863667
Clayton,13063040529,1400000US13063040529,040529,3088,37.4,2.650969,0.046845,0.017364058456216774,1164.857076789657,1170,1129,41,441.34805046758373,0.03504273504273504,2.73,57756,24478,3088,457,0.1479922279792746,1521,935,28,166,35.40590405904059,0.6147271531886916,0.018408941485864562,0.1091387245233399
Clayton,13063040530,1400000US13063040530,040530,3772,40.6,3.273565,0.040322,0.012167584471045633,1152.26060884693,1810,1772,38,552.914024923898,0.020994475138121547,2.13,54246,30497,3769,293,0.07773945343592464,2268,1655,0,243,33.00246913580247,0.7297178130511464,0,0.10714285714285714
Clayton,13063040531,1400000US13063040531,040531,2597,28.3,0.763008,0.00843,0.010927644217681784,3403.6340379131016,1217,1096,121,1595.0029357490353,0.09942481511914544,2.37,39853,17226,2597,971,0.37389295340777823,1282,851,134,54,28.526058631921824,0.6638065522620905,0.10452418096723869,0.0421216848673947
Clayton,13063040532,1400000US13063040532,040532,1625,35.7,1.091123,0.005784,0.005273008559522366,1489.291308129331,804,725,79,736.8555149144505,0.09825870646766169,2.24,60871,30460,1625,458,0.28184615384615386,1024,763,103,4,34.740196078431374,0.7451171875,0.1005859375,0.00390625
Clayton,13063040533,1400000US13063040533,040533,4497,37.6,3.219649,0.025508,0.007860328483336862,1396.7361038423753,1972,1896,76,612.4891253673925,0.038539553752535496,2.37,49310,24969,4495,743,0.16529477196885428,2217,1569,82,120,31.940867906533143,0.7077131258457375,0.03698691926026162,0.05412719891745602
Clayton,13063040534,1400000US13063040534,040534,2976,35.8,2.147893,0,0,1385.5438795135512,1141,1141,0,531.2182683215598,0,2.61,53303,22345,2976,365,0.1226478494623656,1336,1006,55,121,28.954732510288064,0.7529940119760479,0.04116766467065868,0.09056886227544911
Clayton,13063040535,1400000US13063040535,040535,3954,30.5,2.078765,0,0,1902.0909049363443,1602,1428,174,770.6498810591866,0.10861423220973783,2.77,66190,29860,3954,684,0.17298937784522003,2005,1304,162,243,39.35868331441544,0.6503740648379053,0.08079800498753117,0.12119700748129676
Clayton,13063040536,1400000US13063040536,040536,4540,23.1,2.330276,0.021795,0.009266301910103905,1948.2670722266375,1232,1138,94,528.6927385425589,0.0762987012987013,3.99,57674,15880,4540,1741,0.38348017621145375,1398,1331,0,11,37.959625090122564,0.952074391988555,0,0.007868383404864092
Clayton,13063040537,1400000US13063040537,040537,5891,26,3.535125,0.013948,0.003930040323205524,1666.4191506665254,1791,1761,30,506.62989286093136,0.01675041876046901,3.35,68962,25281,5891,340,0.05771515871668647,3193,1688,90,182,37.91431418133511,0.5286564359536486,0.028186658315064204,0.05699968681490761
Clayton,13063040538,1400000US13063040538,040538,2428,39.2,1.499262,0.002113,0.001407376571476147,1619.4634426804653,977,838,139,651.6539470752944,0.14227226202661208,2.9,58306,22601,2428,247,0.10172981878088962,894,683,0,14,34.98295454545455,0.7639821029082774,0,0.015659955257270694
Clayton,13063040606,1400000US13063040606,040606,5070,32.9,24.144779,0.765332,0.030723749083253784,209.98328458504426,1799,1553,246,74.50886172948611,0.13674263479710952,2.79,56450,23481,4327,768,0.17749017795239197,2030,1380,20,423,33.61854387056627,0.6798029556650246,0.009852216748768473,0.20837438423645321
Clayton,13063040609,1400000US13063040609,040609,7868,28.4,9.303784,0.100557,0.010692615250765578,845.6774146949241,2583,2376,207,277.6289733295614,0.08013937282229965,3.29,80774,31096,7868,283,0.035968479918657856,4017,3180,154,226,32.14191506198892,0.7916355489171023,0.038337067463281055,0.05626089121234752
Clayton,13063040614,1400000US13063040614,040614,5511,50.8,11.875108000000001,2.051394,0.1473014544499401,464.07998984093445,2231,2125,106,187.87197556434853,0.047512326311071267,2.52,115083,60918,5331,125,0.023447758394297503,2483,2114,0,219,33.032243816254415,0.851389448248087,0,0.08819975835682642
Clayton,13063040615,1400000US13063040615,040615,2204,30.3,3.200026,0.043938,0.01354453995173806,688.7444039517179,683,605,78,213.43576583440262,0.11420204978038068,3.63,75694,27881,2204,138,0.06261343012704174,983,731,23,49,31.62740899357602,0.7436419125127162,0.023397761953204477,0.04984740590030519
Clayton,13063040617,1400000US13063040617,040617,1460,21.8,1.080667,0.005687,0.005234941832956845,1351.0174734677748,500,418,82,462.6772169410188,0.164,3.49,39500,14494,1460,364,0.2493150684931507,586,254,0,81,32.54455445544554,0.4334470989761092,0,0.13822525597269625
Clayton,13063040623,1400000US13063040623,040623,5569,33.6,3.386998,0.030787,0.009007880835102266,1644.2289012275767,2159,1882,277,637.4376365146953,0.1283001389532191,2.96,45300,19038,5569,999,0.1793858861555037,2191,1515,0,120,37.03042008691453,0.6914650844363305,0,0.05476951163852122
Clayton,13063040624,1400000US13063040624,040624,2736,32.7,4.859716,0.087578,0.017702202456534824,562.9958623096494,873,873,0,179.64012711853945,0,3.13,71435,22674,2736,820,0.2997076023391813,1010,615,0,203,31.87112763320942,0.6089108910891089,0,0.200990099009901
Clayton,13063040625,1400000US13063040625,040625,4132,35.4,3.231637,0,0,1278.6089526763062,1830,1663,167,566.2764722646757,0.0912568306010929,2.48,77917,42960,4123,199,0.04826582585495998,1982,1675,24,151,29.554888039322776,0.8451059535822402,0.012108980827447022,0.07618567103935418
Clayton,13063040626,1400000US13063040626,040626,6095,38.6,4.80795,0,0,1267.6920517060287,1902,1902,0,395.594796118928,0,3.2,72967,27986,6095,982,0.16111566858080395,2829,2443,0,238,33.130065611732924,0.8635560268646165,0,0.08412866737363026
Clayton,13063040627,1400000US13063040627,040627,5775,42.1,7.518504,0.144794,0.018894475981489953,768.1049315129712,2034,1907,127,270.532542112101,0.0624385447394297,3.02,77424,31384,5697,961,0.16868527295067579,2756,2081,29,65,35.286138981791154,0.7550798258345428,0.010522496371552975,0.02358490566037736
Clayton,13063040628,1400000US13063040628,040628,3338,48.5,6.004562,0.017703,0.002939591665262156,555.9106559312736,1145,1091,54,190.68834662711453,0.04716157205240175,3.06,90787,43600,3338,136,0.04074295985620132,2000,1619,45,138,36.9656283566058,0.8095,0.0225,0.069
Clayton,13063040629,1400000US13063040629,040629,2454,28.5,2.221366,0,0,1104.7256507932505,1027,873,154,462.3281350304272,0.14995131450827653,2.81,57905,19897,2454,382,0.1556642216788916,1099,851,0,38,29.015080113100847,0.7743403093721565,0,0.034576888080072796
Clayton,13063040630,1400000US13063040630,040630,3429,34.3,3.935371,0.029072,0.007333186528347109,871.3282686689514,1870,1556,314,475.17756267452296,0.1679144385026738,2.2,50657,25462,3429,760,0.2216389617964421,1542,1255,79,140,24.657631954350926,0.8138780804150454,0.051232166018158234,0.0907911802853437
Clayton,13063040631,1400000US13063040631,040631,6457,39.2,12.752854,0.156605,0.012131027334298052,506.318036731229,2384,2326,58,186.93854724597335,0.024328859060402684,2.77,81218,31272,6457,548,0.08486913427288215,3159,2580,7,326,36.53547476173667,0.8167141500474834,0.0022158911047799935,0.10319721430832542
Clayton,13063040632,1400000US13063040632,040632,5391,33.9,2.895522,0.003053,0.0010532761788120024,1861.8404557105764,2957,2333,624,1021.2320956290437,0.2110246871829557,2.31,54072,25605,5391,288,0.05342237061769616,2602,2273,38,144,30.750610252237593,0.8735588009223674,0.014604150653343582,0.05534204458109147
Clayton,13063040633,1400000US13063040633,040633,2913,43.4,3.364165,0.02339,0.006904684942384699,865.8909417344274,1062,1062,0,315.6801167600281,0,2.74,46057,23143,2913,931,0.3196017851012702,1273,1012,0,48,43.289795918367346,0.7949725058915946,0,0.037706205813040065
Clayton,13063040634,1400000US13063040634,040634,4306,24.8,2.579908,0,0,1669.0517646365684,1471,1416,55,570.1753705946103,0.037389530931339225,3.04,28066,13596,4306,1604,0.37250348351137946,1652,1357,0,33,26.38665843113033,0.8214285714285714,0,0.019975786924939468
Clayton,13063040635,1400000US13063040635,040635,2975,35,4.493261,0.019577,0.00433806841725761,662.1026466078868,840,693,147,186.94662963046213,0.175,2.65,49469,27037,1839,274,0.14899401848830887,966,754,18,80,33.16591422121896,0.7805383022774327,0.018633540372670808,0.08281573498964803
Clayton,13063040636,1400000US13063040636,040636,6340,34.4,27.016185,1.78662,0.06202937526397169,234.6741407049145,2104,1961,143,77.87924164718298,0.0679657794676806,3.23,111125,34283,6326,954,0.1508061966487512,2170,1685,32,368,37.87180910099889,0.7764976958525346,0.014746543778801843,0.1695852534562212
Clayton,13063040637,1400000US13063040637,040637,3936,26.6,2.153811,0.024649,0.011314873809939131,1827.458398160284,1182,1182,0,548.7946713987438,0,3.33,59583,21566,3936,801,0.2035060975609756,1534,1411,0,44,42.43624161073826,0.9198174706649282,0,0.028683181225554105
Clayton,13063040638,1400000US13063040638,040638,4046,29.7,4.101218,0.236152,0.054445896937545105,986.536194857235,1437,1437,0,350.38371527677873,0,2.82,81163,35192,4046,197,0.04869006426099852,2373,1465,28,562,34.46990612921038,0.617361989043405,0.011799410029498525,0.23683101559207753
Clayton,13063040639,1400000US13063040639,040639,3501,47.4,9.64475,0.124097,0.012703341550952738,362.9954120117162,1156,1133,23,119.85795380906711,0.019896193771626297,3.09,99754,37164,3501,177,0.050556983718937444,2048,1728,0,199,41.21146565711195,0.84375,0,0.09716796875
Clayton,13063980000,1400000US13063980000,980000,0,-666666666,14.884255,0,0,0,0,0,0,0,0,-666666666,-666666666,-666666666,0,0,0,0,0,0,0,-666666666,0,0,0
Cobb,13067030104,1400000US13067030104,030104,3620,43.5,4.037208,0.0068,0.0016815001355091285,896.6592754200428,1651,1564,87,408.94598445262176,0.052695336159903086,2.31,59167,33473,3620,566,0.156353591160221,1702,1367,0,86,32.17512376237624,0.8031727379553466,0,0.05052878965922444
Cobb,13067030107,1400000US13067030107,030107,4801,40.5,4.112774,0.001899,4.61519056313831e-4,1167.3386381065432,1637,1552,85,398.0281921642181,0.05192425167990226,3.09,124167,41775,4792,175,0.036519198664440734,2677,1974,5,458,30.365029292474087,0.7373926036608144,0.0018677624206200972,0.1710870377288009
Cobb,13067030108,1400000US13067030108,030108,4976,40.1,16.152947,0.927486,0.0543010824140114,308.0552421796468,1542,1498,44,95.46245647930374,0.028534370946822308,3.32,116591,54246,4951,147,0.029690971520904868,2147,1484,0,337,31.638121546961326,0.6911970190964136,0,0.15696320447135537
Cobb,13067030109,1400000US13067030109,030109,4629,29,11.812749,1.851386,0.13549236742757592,391.8647556127706,1378,1378,0,116.65362567172129,0,3.36,99471,31227,4629,347,0.07496219485850075,2009,1381,0,328,35.34205829863177,0.6874066699850672,0,0.16326530612244897
Cobb,13067030110,1400000US13067030110,030110,4456,41.3,6.224462,0.08346,0.013230981613279302,715.885164051126,1621,1559,62,260.42411376276374,0.03824799506477483,2.85,79261,33961,4444,349,0.07853285328532854,2299,1833,10,349,35.47179487179487,0.797303175293606,0.004349717268377556,0.15180513266637669
Cobb,13067030111,1400000US13067030111,030111,4837,44,8.505397,1.276229,0.13047207079886308,568.6977339211796,1986,1771,215,233.49880082023213,0.10825780463242698,2.72,92756,38899,4757,188,0.03952070632751734,2393,1766,37,240,29.600557361820716,0.7379857918930213,0.015461763476807356,0.10029251984956122
Cobb,13067030112,1400000US13067030112,030112,3090,30.1,1.4289,0.001293,9.040737858456865e-4,2162.502624396389,1349,1279,70,944.0828609419833,0.05189028910303929,2.42,71734,47008,3090,170,0.05501618122977346,1816,1358,0,137,23.877307921381774,0.7477973568281938,0,0.07544052863436124
Cobb,13067030113,1400000US13067030113,030113,3903,33.7,2.187821,0.030698,0.01383715893350474,1783.9667870451924,1307,1187,120,597.3980503889486,0.09181331293037491,3.29,82171,30284,3883,370,0.09528714911151172,1850,1338,39,264,32.98234552332913,0.7232432432432433,0.02108108108108108,0.14270270270270272
Cobb,13067030220,1400000US13067030220,030220,1554,43.2,1.815759,0.004162,0.0022869124538922292,855.8404501919033,612,593,19,337.0491348246106,0.03104575163398693,2.62,95250,40220,1549,113,0.07295029051000645,711,565,10,101,33.76229508196721,0.7946554149085795,0.014064697609001406,0.1420534458509142
Cobb,13067030233,1400000US13067030233,030233,4855,38.7,7.063689,0.038153,0.005372268208726693,687.3179156103843,1634,1620,14,231.3238875607349,0.008567931456548347,3,116118,47779,4789,151,0.03153059093756525,2561,1827,0,473,31.103927203065133,0.7133932057789926,0,0.18469347910972275
Cobb,13067030235,1400000US13067030235,030235,4829,47.3,12.441271,0.070098,0.005602744192102399,388.1436229465623,1682,1522,160,135.1951902663321,0.09512485136741974,3.17,121935,50256,4829,656,0.1358459308345413,2095,1315,0,614,31.367319378798108,0.6276849642004774,0,0.29307875894988067
Cobb,13067030236,1400000US13067030236,030236,4643,41.1,5.237191,0.105198,0.019691190589079154,886.5439507552808,1462,1434,28,279.15728106918385,0.019151846785225718,3.24,185426,63120,4628,309,0.06676750216076059,2144,1509,0,530,41.37546468401487,0.7038246268656716,0,0.24720149253731344
Cobb,13067030240,1400000US13067030240,030240,4879,43.3,5.829381,0.00609,0.0010436175588911332,836.967081067441,1907,1773,134,327.1359343299057,0.0702674357629785,2.75,106491,49252,4852,182,0.03751030502885408,2613,1860,0,511,38.51094196003806,0.711825487944891,0,0.1955606582472254
Cobb,13067030241,1400000US13067030241,030241,2711,46.2,4.800802,0.053605,0.011042543404374622,564.6973151569258,962,962,0,200.38318597600986,0,2.82,125893,50047,2711,432,0.15935079306528957,1140,856,0,222,29.787581699346404,0.7508771929824561,0,0.19473684210526315
Cobb,13067030242,1400000US13067030242,030242,4049,36.1,3.629031,0.005678,0.0015621608222281343,1115.7248312290526,1392,1298,94,383.57346630546834,0.06752873563218391,3.12,108688,36808,4009,282,0.07034173110501372,1965,1357,0,386,29.518682710576314,0.6905852417302799,0,0.1964376590330789
Cobb,13067030243,1400000US13067030243,030243,5854,38.3,3.570835,0.01422,0.00396646634430992,1639.39246702802,2180,2060,120,610.5014653435401,0.05504587155963303,2.84,89760,37757,5842,702,0.12016432728517631,3206,2324,12,452,29.553376906318082,0.7248908296943232,0.0037429819089207735,0.14098565190268247
Cobb,13067030244,1400000US13067030244,030244,4621,42,7.96171,0.033413,0.004179172728174413,580.4029536368444,1564,1516,48,196.44021196451516,0.030690537084398978,3.05,149167,57896,4621,124,0.026834018610690326,2286,1586,0,597,32.24393132030787,0.6937882764654418,0,0.26115485564304464
Cobb,13067030245,1400000US13067030245,030245,4095,33.8,2.305552,0.031663,0.013547320208025364,1776.1473174320076,1393,1366,27,604.1937028529393,0.019382627422828428,3,120893,53654,4095,24,0.005860805860805861,2058,1587,0,347,37.64757451782583,0.7711370262390671,0,0.1686103012633625
Cobb,13067030246,1400000US13067030246,030246,1614,32.5,1.913023,0,0,843.6908495088663,706,658,48,369.0494050515859,0.0679886685552408,2.45,51900,24118,1605,442,0.2753894080996885,797,585,0,137,27.757575757575758,0.7340025094102886,0,0.17189460476787954
Cobb,13067030247,1400000US13067030247,030247,3259,31.9,2.757692,0.010879,0.003929463972569242,1181.7853480374167,1729,1672,57,626.9735706525602,0.03296703296703297,1.84,58333,31609,3070,503,0.16384364820846906,1972,1495,0,185,20.38612199216564,0.7581135902636917,0,0.0938133874239351
Cobb,13067030248,1400000US13067030248,030248,6757,29.1,6.806089,0.136876,0.019714343943833795,992.7874877921814,3105,3023,82,456.209138611029,0.02640901771336554,2.18,72083,36002,6583,1137,0.17271760595473187,4094,3158,8,408,16.14758545849159,0.7713727405959941,0.0019540791402051783,0.09965803615046409
Cobb,13067030249,1400000US13067030249,030249,3643,40.5,4.932304,0.265715,0.051118512648761,738.6000538490733,1692,1683,9,343.0445487544969,0.005319148936170213,2.16,72933,48794,3643,584,0.16030743892396376,1787,1218,23,338,36.28019323671498,0.6815892557358701,0.012870733072188025,0.18914381645215445
Cobb,13067030250,1400000US13067030250,030250,5547,45.4,9.203963,0.104859,0.011264475784368849,602.6751737267957,1813,1813,0,196.9803659575772,0,3.06,157098,66928,5547,106,0.019109428519920677,2343,1700,0,484,36.791285637439486,0.7255655142979086,0,0.20657276995305165
Cobb,13067030251,1400000US13067030251,030251,3145,38.5,5.248612,0.036775,0.006957863255803217,599.2060377105414,1042,1042,0,198.52867767706968,0,3.02,127344,53958,3145,126,0.04006359300476948,1583,1155,0,303,32.05859375,0.7296272899557802,0,0.1914087176247631
Cobb,13067030252,1400000US13067030252,030252,4895,44.1,9.64883,0.081983,0.008425092538516565,507.3153947162506,1608,1608,0,166.65232986797363,0,3.04,153702,58922,4895,33,0.006741573033707865,2456,1871,0,510,40.01541623843782,0.7618078175895765,0,0.20765472312703584
Cobb,13067030253,1400000US13067030253,030253,3497,46.2,9.789494,0.015753,0.0016065887988339304,357.21968878064587,1360,1272,88,138.92444287723146,0.06470588235294118,2.75,117969,60545,3497,65,0.01858736059479554,1329,936,0,371,32.406054279749476,0.7042889390519187,0,0.27915726109857036
Cobb,13067030254,1400000US13067030254,030254,1815,36.3,1.263808,0.012541,0.009825682473994181,1436.1358687395552,694,694,0,549.1340456778245,0,2.62,73409,37798,1815,116,0.06391184573002755,975,809,0,132,34.86951364175563,0.8297435897435897,0,0.13538461538461538
Cobb,13067030255,1400000US13067030255,030255,5631,26.7,3.185907,0.006439,0.002017011940435028,1767.4715551960558,2084,1982,102,654.1308330720263,0.04894433781190019,2.84,72407,32614,5631,764,0.13567749955602912,3231,2456,20,235,27.087783711615486,0.7601361807489941,0.0061900340451872485,0.07273290003095018
Cobb,13067030256,1400000US13067030256,030256,5636,45.3,8.156096,0.069736,0.008477683473234075,691.0168786635174,1794,1794,0,219.95817606855044,0,3.14,177194,72463,5636,152,0.0269694819020582,3615,2770,0,801,26.33262260127932,0.7662517289073306,0,0.22157676348547717
Cobb,13067030257,1400000US13067030257,030257,4499,41.5,2.291852,0.055109,0.023481003732060312,1963.0412435008893,2201,2082,119,960.3586968093925,0.05406633348477965,2.09,66111,40737,4353,54,0.012405237767057202,2308,1475,71,648,28.16867469879518,0.6390814558058926,0.03076256499133449,0.2807625649913345
Cobb,13067030258,1400000US13067030258,030258,3712,36.3,3.698289,0.048274,0.012884876085094525,1003.7073900930944,1654,1514,140,447.23384246066223,0.08464328899637243,2.45,92083,48749,3707,469,0.12651739951443217,1824,1378,0,228,27.25877192982456,0.7554824561403509,0,0.125
Cobb,13067030259,1400000US13067030259,030259,3590,39.1,3.038794,0.009772,0.0032054415092210567,1181.3897223701244,1369,1338,31,450.507668502702,0.022644265887509132,2.68,82212,40169,3590,552,0.15376044568245126,2008,1609,0,106,26.311777076761302,0.8012948207171314,0,0.052788844621513946
Cobb,13067030260,1400000US13067030260,030260,2624,50,2.557589,0.003487,0.0013615371039360019,1025.9662518098098,1191,1154,37,465.67294432373615,0.031066330814441646,2.27,84625,37947,2624,265,0.10099085365853659,1920,1569,34,251,27.81306171360096,0.8171875,0.017708333333333333,0.13072916666666667
Cobb,13067030261,1400000US13067030261,030261,3588,37.1,2.018151,0.001544,7.644718633258983e-4,1777.864986316683,1226,1168,58,607.4867539643961,0.04730831973898858,3.07,146875,52792,3588,79,0.02201783723522854,2173,1346,0,626,31.18939883645766,0.6194201564657156,0,0.2880809940174873
Cobb,13067030262,1400000US13067030262,030262,4828,40.5,7.053139,0.027791,0.003924766944455036,684.5179146476484,1534,1510,24,217.491814637426,0.01564537157757497,3.2,142622,49191,4798,80,0.016673614005835766,2569,1855,0,658,31.63526949241235,0.7220708446866485,0,0.2561307901907357
Cobb,13067030263,1400000US13067030263,030263,2818,48.1,6.335753,0.068311,0.010666820319097374,444.7774400296223,1165,1088,77,183.87711768435415,0.06609442060085836,2.57,101879,45406,2786,161,0.05778894472361809,1645,1180,0,257,27.590057636887607,0.7173252279635258,0,0.15623100303951368
Cobb,13067030264,1400000US13067030264,030264,2725,42.7,4.596692,0.081272,0.017373370124267738,592.8176175388736,971,940,31,211.238864818439,0.03192584963954686,2.89,162292,69591,2725,13,0.0047706422018348625,1505,952,2,470,26.806763285024154,0.6325581395348837,0.00132890365448505,0.3122923588039867
Cobb,13067030265,1400000US13067030265,030265,4229,41.9,4.365424,0.034746,0.007896513089267006,968.7489691722958,1259,1243,16,288.402684366971,0.012708498808578236,3.4,180438,57231,4229,0,0,2150,1685,0,398,32.95091324200913,0.7837209302325582,0,0.18511627906976744
Cobb,13067030266,1400000US13067030266,030266,2301,51.9,6.945114,0.064015,0.009133089147025259,331.31205621678777,844,844,0,121.52428311471921,0,2.73,140027,55489,2301,23,0.009995654063450673,1161,835,0,295,33.827944572748265,0.719207579672696,0,0.2540913006029285
Cobb,13067030267,1400000US13067030267,030267,3442,36.9,3.652613,0.069506,0.01867377158011337,942.3390871138005,1080,1064,16,295.67873738608495,0.014814814814814815,3.23,163214,53038,3442,0,0,1659,830,16,282,34.72403776325345,0.5003013863773358,0.009644364074743821,0.16998191681735986
Cobb,13067030268,1400000US13067030268,030268,3176,41.5,6.729814,0.009953,0.0014767572825588778,471.92983342481676,1060,1049,11,157.5080678307008,0.010377358490566037,3.03,140653,62185,3176,9,0.0028337531486146094,1533,1065,0,285,32.6161858974359,0.6947162426614482,0,0.18590998043052837
Cobb,13067030269,1400000US13067030269,030269,3035,43.7,5.067932,0.017214,0.0033851535432807634,598.8635995905233,1234,1201,33,243.49182270006781,0.02674230145867099,2.5,111198,67054,3015,132,0.04378109452736319,1398,994,2,310,33.86029411764706,0.7110157367668097,0.001430615164520744,0.2217453505007153
Cobb,13067030270,1400000US13067030270,030270,2962,42.9,4.227537,0,0,700.6443704691408,1090,1090,0,257.83334362301264,0,2.72,97992,41266,2917,114,0.03908124785738773,1408,950,0,322,37.601289134438304,0.6747159090909091,0,0.22869318181818182
Cobb,13067030271,1400000US13067030271,030271,2835,40.9,6.189092,0,0,458.06396156334404,920,858,62,148.64862244736386,0.06739130434782609,3.3,116393,41092,2835,244,0.08606701940035273,1416,1034,0,290,30.905861456483127,0.730225988700565,0,0.20480225988700565
Cobb,13067030272,1400000US13067030272,030272,2570,33.7,1.818429,0.033931,0.018317713619382843,1413.3078607963246,850,796,54,467.4364520143486,0.06352941176470588,3.23,104500,39723,2559,303,0.11840562719812427,1309,1108,0,167,27.228546409807354,0.8464476699770818,0,0.12757830404889228
Cobb,13067030273,1400000US13067030273,030273,2841,41.4,2.691068,0.043569,0.01593227912882039,1055.7146827950835,1087,1077,10,403.92884906661595,0.00919963201471941,2.64,115586,52901,2841,130,0.04575853572685674,1578,1168,60,185,27.86073223259153,0.7401774397972116,0.03802281368821293,0.11723700887198986
Cobb,13067030274,1400000US13067030274,030274,3743,31.9,3.407317,0.076152,0.021860966754691947,1098.518276990371,1451,1359,92,425.84825538686306,0.06340454858718125,2.75,102411,36211,3743,285,0.07614213197969544,2230,1921,38,144,33.00575263662512,0.8614349775784753,0.017040358744394617,0.06457399103139014
Cobb,13067030275,1400000US13067030275,030275,2745,42.9,1.176831,0.036309,0.029929769029131015,2332.5354277717024,1377,1313,64,1170.0915424559687,0.04647785039941903,2.09,68125,37738,2745,684,0.24918032786885247,1294,1011,0,98,29.046822742474916,0.7812982998454405,0,0.07573415765069552
Cobb,13067030276,1400000US13067030276,030276,2841,48.5,7.15648,0.092993,0.012827553120068176,396.98287426220713,1007,997,10,140.71163477016634,0.009930486593843098,2.85,143953,63050,2841,21,0.007391763463569166,1404,1199,0,164,39.354838709677416,0.853988603988604,0,0.1168091168091168
Cobb,13067030277,1400000US13067030277,030277,2881,40.2,3.733893,0.044087,0.011669463575773297,771.5807603485156,889,846,43,238.08930786179465,0.048368953880764905,3.41,118611,39031,2866,144,0.05024424284717376,1458,1074,0,277,39.41151566469094,0.7366255144032922,0,0.18998628257887518
Cobb,13067030278,1400000US13067030278,030278,5721,22,13.019295,0.112553,0.008570994729759284,439.42471539357547,1608,1449,159,123.50899184633269,0.09888059701492537,2.12,83250,25909,3079,485,0.15751867489444624,2413,1648,64,283,24.239436619718308,0.6829672606713635,0.02652300041442188,0.11728139245752175
Cobb,13067030319,1400000US13067030319,030319,4486,43.9,6.90318,0.644892,0.08543797674425999,649.8454335538114,1728,1709,19,250.31941800735314,0.01099537037037037,2.62,111622,71912,4464,355,0.07952508960573476,2142,1439,25,536,26.519302615193027,0.6718020541549953,0.011671335200746966,0.25023342670401494
Cobb,13067030322,1400000US13067030322,030322,3891,35.2,3.679046,0.052252,0.014003705948975397,1057.611130711603,1243,1243,0,337.85932548818363,0,3.13,148911,53014,3891,105,0.026985350809560524,1992,1277,0,464,35.22905759162304,0.6410642570281124,0,0.23293172690763053
Cobb,13067030324,1400000US13067030324,030324,4492,35.3,3.703148,0.040329,0.01077313951708532,1213.0220018211533,1413,1383,30,381.56725035024255,0.021231422505307854,3.24,127903,40998,4492,76,0.016918967052537846,2213,1707,0,338,31.082666666666668,0.7713511070944419,0,0.1527338454586534
Cobb,13067030326,1400000US13067030326,030326,4443,41.4,7.10318,0.082609,0.01149616277349641,625.4944968309968,1495,1444,51,210.46911383352244,0.03411371237458194,3.08,161458,62662,4443,131,0.029484582489309026,2118,1451,31,485,30.15309246785058,0.6850802644003777,0.014636449480642116,0.22898961284230407
Cobb,13067030327,1400000US13067030327,030327,4745,45,4.83174,0.021845,0.004500796833680671,982.0478750926168,1911,1785,126,395.50969216058814,0.06593406593406594,2.66,117888,50414,4736,686,0.14484797297297297,2169,1523,0,514,33.66465256797583,0.702166897187644,0,0.23697556477639464
Cobb,13067030329,1400000US13067030329,030329,4497,43.8,4.267367,0.034425,0.008002478966904956,1053.8114017378866,1684,1621,63,394.62272637905295,0.037410926365795724,2.77,130644,51327,4497,69,0.015343562374916611,2511,1779,9,602,29.787847040335254,0.7084826762246117,0.0035842293906810036,0.23974512146555157
Cobb,13067030331,1400000US13067030331,030331,5545,43.6,6.30266,0.084594,0.013244189130415042,879.7872644248619,2074,1985,89,329.06740963339286,0.0429122468659595,2.79,179276,68037,5545,49,0.008836789900811541,2616,1894,0,633,32.58194654563792,0.7240061162079511,0,0.24197247706422018
Cobb,13067030332,1400000US13067030332,030332,2956,44.9,3.5869780000000002,0.063948,0.017515556327353663,824.0920351337533,1143,1086,57,318.65263740117723,0.049868766404199474,2.72,132279,61503,2956,24,0.008119079837618403,1485,920,0,500,31.258883248730964,0.6195286195286195,0,0.3367003367003367
Cobb,13067030334,1400000US13067030334,030334,3460,43.2,3.953905,0.035363,0.008864533543497203,875.0842521507219,1225,1199,26,309.82029158515445,0.02122448979591837,2.89,126625,57598,3460,306,0.0884393063583815,1351,880,0,330,29.676787463271303,0.6513693560325685,0,0.24426350851221318
Cobb,13067030335,1400000US13067030335,030335,4975,42.8,5.168276,0.110396,0.020913593418950827,962.6033903762107,1712,1703,9,331.2516591606176,0.005257009345794392,2.92,158945,65707,4975,224,0.045025125628140705,2296,1566,0,593,30.739870816206693,0.6820557491289199,0,0.2582752613240418
Cobb,13067030337,1400000US13067030337,030337,5091,44.6,4.55557,0.123097,0.02631027170773214,1117.5330419684035,1909,1829,80,419.04745180076253,0.041906757464641176,2.78,182358,89896,5081,87,0.017122613658728598,2276,1391,0,768,28.362068965517242,0.6111599297012302,0,0.3374340949033392
Cobb,13067030340,1400000US13067030340,030340,4401,43.3,4.283249,0.009517,0.0022169855053827763,1027.4910470999935,1633,1605,28,381.2526425617563,0.017146356399265157,2.74,153029,69614,4401,66,0.014996591683708248,2142,1705,0,320,35.70252469813392,0.795985060690943,0,0.14939309056956115
Cobb,13067030341,1400000US13067030341,030341,4571,39.7,4.648553,0.002885,6.202383004997595e-4,983.3167439416094,1666,1618,48,358.39109503537986,0.028811524609843937,2.83,138125,62521,4571,366,0.08007000656311529,2495,1747,0,535,35.732142857142854,0.7002004008016032,0,0.21442885771543085
Cobb,13067030342,1400000US13067030342,030342,4843,42,4.661436,0.143492,0.029863506799685656,1038.9502290710416,1582,1556,26,339.3803969420582,0.01643489254108723,3.11,178654,75861,4819,86,0.017846026146503425,2317,1446,0,744,32.908455181182454,0.6240828657747087,0,0.3211048769961157
Cobb,13067030343,1400000US13067030343,030343,5124,42.8,4.535467,0.082317,0.017826082813747892,1129.762381690794,1838,1815,23,405.2504405830756,0.012513601741022852,2.82,177898,80486,5124,54,0.01053864168618267,2514,1817,9,609,35.506561679790025,0.7227525855210819,0.003579952267303103,0.24224343675417662
Cobb,13067030344,1400000US13067030344,030344,3785,29.9,2.315058,0.022644,0.00968643565347508,1634.9482388778165,2282,2023,259,985.720444153019,0.11349693251533742,1.87,59133,40248,3760,185,0.04920212765957447,2789,2037,12,521,24.168871252204585,0.7303693079956974,0.004302617425600574,0.18680530656149158
Cobb,13067030345,1400000US13067030345,030345,7360,31.3,4.281262,0.064352,0.01480849426571251,1719.1192690379612,4458,3959,499,1041.2817529037,0.11193360251233737,1.85,88482,59469,7251,350,0.048269204247689976,5137,3156,0,1511,25.54329840044126,0.6143663616897022,0,0.2941405489585361
Cobb,13067030346,1400000US13067030346,030346,5618,28.2,4.134538,0.052797,0.012608735627791901,1358.7975246569265,1639,1566,73,396.416721771574,0.044539353264185476,3.59,81230,28753,5618,620,0.11035955856176576,2253,1603,0,389,23.157188841201716,0.7114957833999113,0,0.17265867731913004
Cobb,13067030347,1400000US13067030347,030347,4464,38.9,4.539613,0.02193,0.004807583749621564,983.3437343667841,1508,1437,71,332.1869066812523,0.047082228116710874,3.1,103212,37175,4464,139,0.031137992831541218,2090,1513,0,304,29.81243001119821,0.7239234449760765,0,0.14545454545454545
Cobb,13067030348,1400000US13067030348,030348,5044,38.9,5.315108,0.041263,0.007703536592218873,948.9929461452147,1649,1579,70,310.2476939320894,0.04244996967859309,3.18,120429,36055,4874,443,0.09089043906442347,2638,1824,12,240,32.50625521267723,0.6914329037149356,0.004548900682335102,0.09097801364670205
Cobb,13067030349,1400000US13067030349,030349,3255,38.2,4.194696,0.019522,0.004632413415727426,775.9799518248759,1343,1221,122,320.1662289710625,0.09084139985107967,2.67,84712,41832,3255,443,0.13609831029185868,1634,1368,0,210,28.98876404494382,0.8372093023255814,0,0.12851897184822522
Cobb,13067030350,1400000US13067030350,030350,2281,36.7,2.440742,0.012455,0.005077048439240713,934.5518698821915,824,824,0,337.6022537408706,0,2.76,128152,49364,2281,45,0.01972818939061815,1235,938,4,108,33.23868677905945,0.7595141700404858,0.0032388663967611335,0.0874493927125506
Cobb,13067030351,1400000US13067030351,030351,3103,37,3.141385,0.047383,0.01485934379672651,987.7808673562776,1067,950,117,339.65909940997363,0.10965323336457357,3.27,227932,84770,3103,78,0.02513696422816629,1206,646,0,552,27.362385321100916,0.5356550580431177,0,0.4577114427860697
Cobb,13067030352,1400000US13067030352,030352,6218,48.6,8.360656,0.287677,0.03326386715220147,743.7215452950103,2154,2154,0,257.6352860349714,0,2.88,160192,93960,6212,453,0.07292337411461687,2228,1473,0,696,28.31266318537859,0.6611310592459605,0,0.3123877917414722
Cobb,13067030353,1400000US13067030353,030353,3197,40.6,2.96892,0.082643,0.02708218706282649,1076.8225482667099,1857,1577,280,625.4799725152582,0.15078082929456113,2.03,92575,72480,3197,176,0.05505161088520488,2056,1200,19,537,25.33903884134299,0.5836575875486382,0.00924124513618677,0.2611867704280156
Cobb,13067030354,1400000US13067030354,030354,4678,39.7,5.950587,0.228288,0.03694653152879772,786.140930298137,1883,1797,86,316.43936976301666,0.04567180031864047,2.6,118980,64444,4678,249,0.05322787516032493,2310,1596,10,601,26.784669397308367,0.6909090909090909,0.004329004329004329,0.26017316017316017
Cobb,13067030355,1400000US13067030355,030355,2332,29.9,1.60439,0.084433,0.04999517415383376,1453.5119266512506,1270,1184,86,791.578107567362,0.06771653543307087,1.97,92033,49085,2332,184,0.07890222984562607,1784,1469,10,228,20.97686375321337,0.8234304932735426,0.005605381165919282,0.12780269058295965
Cobb,13067030356,1400000US13067030356,030356,4741,30.1,2.506664,0.309704,0.1099657431131159,1891.3583950621226,2914,2687,227,1162.5012367034435,0.07789979409746053,1.76,99236,67061,4741,341,0.07192575406032482,3923,2974,16,844,25.99220526144852,0.7580932959469794,0.004078511343359674,0.21514147336222278
Cobb,13067030357,1400000US13067030357,030357,2175,41.1,2.176788,0.008847,0.0040477938905626966,999.178606276771,811,748,63,372.5672872140052,0.07768187422934648,2.91,152188,62713,2175,12,0.005517241379310344,1007,678,0,253,29.721485411140584,0.6732869910625621,0,0.2512413108242304
Cobb,13067030358,1400000US13067030358,030358,3601,46.3,3.868983,0.007228,0.0018647075713886577,930.7355447154976,1355,1323,32,350.22123384879177,0.023616236162361623,2.72,124362,54590,3583,201,0.056098241696902036,1647,1049,0,503,28.142482517482517,0.6369156041287188,0,0.3054037644201579
Cobb,13067030359,1400000US13067030359,030359,4318,44.5,4.046418,0.076041,0.018445544273454267,1067.1166448943238,1542,1499,43,381.0777828687002,0.027885862516212712,2.88,167681,62701,4318,201,0.04654932839277443,2345,1535,0,669,24.89558472553699,0.6545842217484008,0,0.28528784648187633
Cobb,13067030360,1400000US13067030360,030360,1913,53.2,2.559447,0.068212,0.025959228347361665,747.4270809280285,836,795,41,326.63305784413586,0.04904306220095694,2.41,186442,88264,1913,104,0.054364871928907474,1100,528,0,450,26.846153846153847,0.48,0,0.4090909090909091
Cobb,13067030361,1400000US13067030361,030361,4486,41.8,5.269697,0.042763,0.008049566490853578,851.2823412807226,1469,1469,0,278.7636556712843,0,3.05,95179,45421,4486,469,0.10454748105216229,2475,1718,0,375,26.754761904761907,0.6941414141414142,0,0.15151515151515152
Cobb,13067030362,1400000US13067030362,030362,3308,47.9,3.388888,0.013907,0.0040869344171482564,976.1314035754501,1285,1285,0,379.1804273260137,0,2.55,119393,53701,3293,151,0.045854843607652594,1964,1275,4,473,26.53252850435949,0.6491853360488798,0.002036659877800407,0.24083503054989816
Cobb,13067030363,1400000US13067030363,030363,3531,42.9,5.130239,0.019442,0.0037753794846709923,688.2720278723856,1421,1368,53,276.9851463060493,0.03729767769176636,2.58,83375,38061,3531,252,0.0713678844519966,1859,1439,0,271,25.358942065491185,0.7740720817643895,0,0.14577729962345348
Cobb,13067030364,1400000US13067030364,030364,2740,42.6,3.334856,0.136406,0.039295795016336996,821.624681845333,999,924,75,299.56315954871815,0.07507507507507508,2.97,107604,43953,2740,37,0.013503649635036497,1143,854,0,250,25.979843225083986,0.7471566054243219,0,0.21872265966754156
Cobb,13067030365,1400000US13067030365,030365,3021,49.2,4.140998,0.055046,0.013118546897982957,729.5342813495685,1197,1171,26,289.06075298756485,0.02172096908939014,2.58,167478,68404,3021,73,0.024164184045018206,1415,931,0,435,22.602040816326532,0.6579505300353357,0,0.30742049469964666
Cobb,13067030366,1400000US13067030366,030366,3235,39.8,3.511719,0.024149,0.006829723281525216,921.2012692359498,1096,1078,18,312.09786432228776,0.016423357664233577,3,206042,71044,3235,38,0.011746522411128285,1580,1109,15,382,29.12353923205342,0.7018987341772152,0.00949367088607595,0.2417721518987342
Cobb,13067030367,1400000US13067030367,030367,2535,44.3,2.811501,0.019457,0.006872938418726099,901.6536006922993,876,872,4,311.5773389374573,0.0045662100456621,2.91,177813,85269,2535,32,0.0126232741617357,1166,751,0,341,32.836363636363636,0.644082332761578,0,0.29245283018867924
Cobb,13067030368,1400000US13067030368,030368,2698,42.8,2.714367,0.015355,0.005625114938444281,993.9702332072266,967,948,19,356.25248907019574,0.01964839710444674,2.84,165341,61971,2698,167,0.06189770200148258,1340,934,11,317,37.87390029325513,0.6970149253731344,0.008208955223880597,0.23656716417910448
Cobb,13067030369,1400000US13067030369,030369,3494,45.7,3.147349,0.104853,0.03224061728023044,1110.1406294630815,1150,1150,0,365.3868700293485,0,3.04,204583,76249,3494,12,0.0034344590726960505,1827,1177,0,559,30.863564668769715,0.6442255062944718,0,0.30596606458675424
Cobb,13067030370,1400000US13067030370,030370,4009,52.4,4.306175,0.116718,0.02638951473616929,930.9886384087968,1560,1503,57,362.270460443433,0.03653846153846154,2.66,221118,79726,3997,0,0,1913,1104,5,660,36.00159616919393,0.5771040250914794,0.0026136957658128594,0.34500784108729743
Cobb,13067030405,1400000US13067030405,030405,6832,31.1,4.004928,0,0,1705.898333253432,3050,2912,138,761.5617559167107,0.04524590163934426,2.35,65378,37951,6606,984,0.14895549500454133,4110,2856,58,575,29.785007072135784,0.6948905109489051,0.014111922141119221,0.13990267639902676
Cobb,13067030407,1400000US13067030407,030407,4959,40.9,4.302686,0.020829,0.004817607895427679,1152.5358810752168,2391,2180,211,555.6993933556853,0.08824759514847344,2.27,101212,60067,4948,434,0.08771220695230396,2852,1650,0,702,25.1,0.5785413744740533,0,0.24614305750350632
Cobb,13067030408,1400000US13067030408,030408,2750,37.4,2.347935,0.014357,0.006077572120635383,1171.241963682981,1428,1236,192,608.1940087779261,0.13445378151260504,2.22,112250,60269,2723,55,0.020198310686742563,1571,1126,0,238,25.46511627906977,0.7167409293443666,0,0.1514958625079567
Cobb,13067030409,1400000US13067030409,030409,3390,46.7,3.663792,0.006456,0.0017590092004681973,925.2708669051082,1325,1259,66,361.647167743147,0.04981132075471698,2.69,129857,64551,3390,123,0.036283185840707964,1771,1273,0,426,27.773234200743495,0.7188029361942405,0,0.24054206662902314
Cobb,13067030410,1400000US13067030410,030410,4557,38.1,4.294326,0.01118,0.0025966750481824902,1061.1676896444285,2143,2039,104,499.0305812833027,0.0485300979934671,2.22,66829,40970,4541,502,0.11054833737062321,2679,2075,0,362,35.12300388433319,0.7745427398282941,0,0.1351250466592012
Cobb,13067030411,1400000US13067030411,030411,2208,26.7,1.997458,0.00316,0.0015795119308133787,1105.4049697165096,921,756,165,461.0860403572941,0.1791530944625407,2.92,55476,22515,2208,286,0.12952898550724637,963,549,0,117,29.905437352245862,0.5700934579439252,0,0.12149532710280374
Cobb,13067030412,1400000US13067030412,030412,4732,31.8,2.000219,0.005818,0.0029002456086303493,2365.7409513658254,2113,1862,251,1056.3843259163123,0.11878845243729295,2.47,49038,25785,4602,1019,0.22142546718817904,2853,1614,41,366,24.266184157619623,0.5657202944269191,0.014370837714686295,0.12828601472134596
Cobb,13067030413,1400000US13067030413,030413,5628,30.3,1.441817,0,0,3903.4079914441295,2669,2496,173,1851.136447968085,0.0648182840014987,2.25,57111,27814,5583,1136,0.20347483431846677,3311,2584,18,373,29.824710687542545,0.7804288734521293,0.005436424041075204,0.11265478707339173
Cobb,13067030414,1400000US13067030414,030414,3180,28.5,2.457349,0.01883,0.007604458320662601,1294.077479430069,1469,1359,110,597.7986846801167,0.07488087134104833,2.34,48484,24619,3156,789,0.25,1877,1186,29,171,31.15181711606096,0.6318593500266383,0.015450186467767715,0.09110282365476825
Cobb,13067030505,1400000US13067030505,030505,6100,29.6,5.226061,0.057159,0.010818970249204083,1167.2270951295825,2921,2609,312,558.9295647333623,0.10681273536460116,2.34,54679,29877,6029,997,0.16536739094377176,3354,2084,0,478,23.630041724617524,0.6213476446034586,0,0.14251639833035182
Cobb,13067030506,1400000US13067030506,030506,4470,37.9,8.003582,0.041211,0.0051226924048884785,558.4999316556012,2047,1859,188,255.76048324362768,0.09184171958964338,2.4,70046,34996,4468,960,0.21486123545210384,2141,1586,0,320,30.14277869302581,0.7407753386268099,0,0.14946286781877627
Cobb,13067030507,1400000US13067030507,030507,6207,37.1,6.091183,0.084766,0.013725178106231124,1019.0138762864291,2318,2205,113,380.5500507865221,0.04874892148403796,2.81,138542,46186,6207,500,0.08055421298533913,3324,2595,0,219,25.933977455716587,0.7806859205776173,0,0.06588447653429604
Cobb,13067030508,1400000US13067030508,030508,3610,36.8,6.060522,0.031619,0.00519012938144406,595.6582617800909,1311,1193,118,216.3180003306646,0.09000762776506484,3.01,82652,30808,3558,560,0.15739179314221471,1417,1041,0,194,26.95829926410466,0.7346506704304869,0,0.136908962597036
Cobb,13067030509,1400000US13067030509,030509,3630,50.2,3.522617,0.016597,0.0046894592980249285,1030.48387037251,1561,1509,52,443.136452245589,0.033311979500320305,2.41,134405,65576,3618,74,0.02045328911000553,1905,1270,0,560,30.888475836431226,0.6666666666666666,0,0.29396325459317585
Cobb,13067030510,1400000US13067030510,030510,1808,38.9,2.223021,0.031825,0.014114045925974546,813.3076565628485,827,814,13,372.0162787486038,0.015719467956469165,2.22,125335,76342,1760,113,0.06420454545454546,1027,619,0,220,30.576208178438662,0.6027263875365141,0,0.21421616358325218
Cobb,13067030511,1400000US13067030511,030511,4022,34.5,4.362601,0,0,921.9270797398158,1781,1723,58,408.24269741835207,0.03256597417181359,2.33,77146,43511,4011,357,0.08900523560209424,2422,1597,0,582,25.315217391304348,0.6593724194880264,0,0.2402972749793559
Cobb,13067030602,1400000US13067030602,030602,8030,43,15.96635,0.031474,0.001967392565388893,502.9327303986196,3541,3171,370,221.7789288096528,0.10449025698955097,2.39,114044,61844,7663,381,0.04971943103223281,3453,2541,6,755,24.566345441067458,0.735881841876629,0.0017376194613379669,0.21865044888502752
Cobb,13067030603,1400000US13067030603,030603,5583,32.4,5.788587,0.067644,0.011550773868039018,964.4840787570439,2774,2689,85,479.21884909046025,0.030641672674837778,2.08,88036,49606,5583,487,0.08722908830377933,3699,2834,31,619,29.420454545454547,0.7661530143281968,0.008380643417139767,0.16734252500675859
Cobb,13067030604,1400000US13067030604,030604,3141,42.3,3.399052,0.092007,0.026355040118199093,924.0811849892264,1752,1752,0,515.4378338430832,0,1.79,60934,44380,3141,476,0.15154409423750398,2239,1677,0,388,31.509994597514858,0.748995087092452,0,0.17329164805716837
Cobb,13067030700,1400000US13067030700,030700,4440,39.3,4.307269,0,0,1030.815581752614,2299,2037,262,533.7488789300135,0.11396259243149195,2.16,58055,42513,4413,1005,0.22773623385452074,1911,1362,0,319,21.746231155778894,0.7127158555729984,0,0.16692830978545264
Cobb,13067030800,1400000US13067030800,030800,6489,23.2,6.325712,0.003605,5.695717247216406e-4,1025.8133787943555,1787,1595,192,282.4978437209914,0.10744264129826525,2.75,69150,29848,4383,488,0.11133926534337212,3337,1831,76,253,23.19390402075227,0.5486964339226851,0.022774947557686546,0.0758166017380881
Cobb,13067030906,1400000US13067030906,030906,4499,37.9,4.98963,0.050605,0.010040206458627425,901.6700637121389,1817,1706,111,364.1552580051026,0.06108970831040176,2.63,94509,46240,4499,363,0.08068459657701711,2003,1520,16,178,29.04931506849315,0.7588617074388417,0.00798801797304044,0.08886669995007489
Cobb,13067030907,1400000US13067030907,030907,3594,41.1,5.67698,0,0,633.0830829067568,1634,1576,58,287.8290922286145,0.03549571603427173,2.28,113041,57194,3594,39,0.010851419031719533,1928,1272,0,490,35.20166898470097,0.6597510373443983,0,0.254149377593361
Cobb,13067030908,1400000US13067030908,030908,4124,32.3,2.600656,0,0,1585.7537482850482,1473,1431,42,566.3955555828991,0.028513238289205704,2.88,80956,31768,4124,403,0.09772065955383123,2080,1556,56,134,29.30883864337102,0.7480769230769231,0.026923076923076925,0.06442307692307692
Cobb,13067030909,1400000US13067030909,030909,4293,36.4,3.504509,0.027393,0.007755877711216223,1224.9932872194079,801,801,0,228.56268881032977,0,2.9,78394,22350,2325,204,0.08774193548387096,1175,1056,0,84,29.39963336388634,0.8987234042553192,0,0.07148936170212766
Cobb,13067030910,1400000US13067030910,030910,3595,32.1,1.824423,0,0,1970.4860111936762,1303,1276,27,714.198406838765,0.02072141212586339,2.82,70125,26285,3595,579,0.16105702364394994,1976,1278,145,107,27.685928303905833,0.6467611336032388,0.07338056680161943,0.0541497975708502
Cobb,13067030911,1400000US13067030911,030911,3753,38.8,1.591039,0,0,2358.835955623966,1435,1209,226,901.9263512710876,0.15749128919860628,3.1,65903,29604,3753,699,0.18625099920063948,1582,1144,0,245,27.520568436798804,0.7231352718078382,0,0.15486725663716813
Cobb,13067030912,1400000US13067030912,030912,6125,31.7,5.203821,0.002563,4.922802467124975e-4,1177.0197322313738,2526,2423,103,485.41254589656336,0.04077593032462391,2.52,58174,35290,6102,1649,0.27023926581448704,2819,1845,41,216,23.94736842105263,0.654487406881873,0.014544164597374955,0.07662291592763391
Cobb,13067031001,1400000US13067031001,031001,5773,28.9,14.358605,0.064594,0.004478479427483459,402.0585565241191,1996,1843,153,139.01071865964695,0.07665330661322645,3.11,60172,23297,5606,923,0.16464502318943988,2844,2003,26,216,22.97184170471842,0.7042897327707455,0.009142053445850914,0.0759493670886076
Cobb,13067031004,1400000US13067031004,031004,8837,29.7,4.166467,0.008814,0.00211099564316749,2120.981637440066,3354,3028,326,804.9985755317394,0.09719737626714371,2.92,51125,22287,8832,1252,0.14175724637681159,3844,2875,210,210,23.21133736929004,0.7479188345473465,0.05463059313215401,0.05463059313215401
Cobb,13067031005,1400000US13067031005,031005,5078,31.7,5.065794,0.008926,0.0017589147775640824,1002.4094939509976,1739,1668,71,343.2828101576969,0.04082806210465785,3.03,82979,30363,5042,407,0.0807219357397858,2425,1801,14,293,33.99624765478424,0.742680412371134,0.00577319587628866,0.12082474226804124
Cobb,13067031006,1400000US13067031006,031006,3814,36.4,1.995218,0,0,1911.5705652214444,1544,1304,240,773.8502760099398,0.15544041450777202,2.91,53110,24967,3814,245,0.06423702149973781,2162,1092,80,38,25.36723163841808,0.5050878815911193,0.03700277520814061,0.01757631822386679
Cobb,13067031007,1400000US13067031007,031007,5082,33.8,2.736218,0,0,1857.3081530784461,2311,2087,224,844.5964466281561,0.09692773691042839,2.32,47715,21630,4856,682,0.14044481054365734,1898,1311,0,241,29.375377187688592,0.69072708113804,0,0.12697576396206534
Cobb,13067031101,1400000US13067031101,031101,6966,33.5,3.328729,0,0,2092.6906335721533,2663,2564,99,800.0050469713816,0.037176117161096506,2.7,62292,36301,6887,1490,0.21634964425729636,3715,2752,0,474,31.09071274298056,0.7407806191117093,0,0.12759084791386271
Cobb,13067031110,1400000US13067031110,031110,3258,37.7,2.704162,0,0,1204.8094751719755,1327,1308,19,490.7250379230238,0.014318010550113038,2.49,88804,49623,3233,193,0.059696875966594495,1893,1052,0,443,25.958620689655174,0.5557316428948759,0,0.2340200739566825
Cobb,13067031111,1400000US13067031111,031111,3347,41.3,1.955352,0,0,1711.7122645948148,1994,1888,106,1019.7652391998986,0.05315947843530592,1.77,101250,70426,3337,182,0.054540005993407255,2206,1649,0,431,29.295774647887324,0.7475067996373527,0,0.19537624660018132
Cobb,13067031112,1400000US13067031112,031112,6662,35.2,4.085378,0,0,1630.6936591913893,2578,2445,133,631.030959681087,0.051590380139643136,2.71,112250,57122,6614,351,0.0530692470517085,3113,1952,0,867,28.047640249332147,0.6270478637969804,0,0.27850947638933504
Cobb,13067031113,1400000US13067031113,031113,1377,30.3,1.094201,0.004879,0.00443916730356298,1258.4525146659525,820,719,101,749.4052738025281,0.12317073170731707,1.92,57569,46773,1377,193,0.140159767610748,1002,599,64,131,31.257175660160733,0.5978043912175649,0.06387225548902195,0.13073852295409183
Cobb,13067031114,1400000US13067031114,031114,6601,30.3,2.815964,0.009701,0.003433174137769339,2344.135081272346,4064,3658,406,1443.2002681852466,0.09990157480314961,1.8,64440,44668,6601,796,0.12058778972882897,4689,3109,0,1098,27.479810637705373,0.6630411601620815,0,0.23416506717850288
Cobb,13067031115,1400000US13067031115,031115,3982,38.9,3.663348,0.011226999999999999,0.0030553193226427544,1086.9838191730623,1779,1606,173,485.62134965064746,0.09724564362001124,2.48,85053,43271,3982,436,0.10949271722752386,2102,1228,33,479,30.693160813308687,0.5842055185537584,0.01569933396764986,0.22787821122740248
Cobb,13067031116,1400000US13067031116,031116,3689,34.4,2.739122,0,0,1346.7819250110072,1855,1604,251,677.224307643106,0.1353099730458221,2.3,66379,38001,3633,210,0.057803468208092484,2145,1631,158,246,32.872564507635595,0.7603729603729604,0.07365967365967366,0.11468531468531469
Cobb,13067031117,1400000US13067031117,031117,6420,37.6,5.997324,0.094273,0.015475908862651289,1070.4774329350892,2314,2225,89,385.83875074950095,0.038461538461538464,2.88,123136,56486,6390,143,0.02237871674491393,3293,2253,0,879,26.217895608947803,0.6841785605830549,0,0.2669298511995141
Cobb,13067031118,1400000US13067031118,031118,5501,37.6,5.065714,0.046123,0.009022783785946226,1085.9278672266141,2496,2325,171,492.72422406792015,0.06850961538461539,2.32,104550,73386,5393,457,0.08473947709994437,2911,1927,1,731,30.504587155963304,0.6619718309859155,3.4352456200618345e-4,0.2511164548265201
Cobb,13067031119,1400000US13067031119,031119,3999,36.7,4.237039,0.0698,0.016206781818405566,943.8194928108993,1538,1521,17,362.9893423213711,0.011053315994798439,2.62,64728,29652,3999,290,0.0725181295323831,1635,1155,28,238,36.3528990694345,0.7064220183486238,0.01712538226299694,0.145565749235474
Cobb,13067031120,1400000US13067031120,031120,4179,41.2,4.705852,0.007212,0.001530214739286375,888.0432278788198,1936,1692,244,411.4026535471154,0.12603305785123967,2.43,84844,49328,4117,472,0.1146465873208647,2186,1336,0,578,37.44092039800995,0.6111619396157365,0,0.2644098810612992
Cobb,13067031121,1400000US13067031121,031121,2426,33.8,1.004613,0.006625,0.006551375640551482,2414.86024966828,1627,1504,123,1619.5291122053966,0.07559926244622003,1.61,66065,44038,2426,188,0.07749381698268755,1478,1182,0,217,25.654242664551944,0.7997293640054127,0,0.14682002706359945
Cobb,13067031122,1400000US13067031122,031122,2425,39,2.341763,0.006546,0.00278753775589158,1035.5445875607395,1192,1066,126,509.0182055143924,0.10570469798657718,2.27,97102,57041,2425,101,0.04164948453608248,1468,967,21,230,24.765751211631663,0.6587193460490464,0.01430517711171662,0.1566757493188011
Cobb,13067031207,1400000US13067031207,031207,5182,33.2,2.775451,0.049508,0.017525210100394376,1867.0839441950156,3851,3474,377,1387.5222441325752,0.09789665022072189,1.49,91925,71855,5182,117,0.02257815515245079,3909,2427,0,1228,22.78254382693025,0.6208749040675364,0,0.31414684062420056
Cobb,13067031209,1400000US13067031209,031209,4551,42.9,3.407092,0.004863,0.0014252825726013385,1335.7432085778723,1930,1824,106,566.4654784784209,0.054922279792746116,2.5,181379,81647,4551,106,0.023291584267194024,2695,1817,0,743,24.19313524590164,0.6742115027829314,0,0.27569573283859
Cobb,13067031212,1400000US13067031212,031212,2550,48.6,3.992991,0.200958,0.047916176376965956,638.6190201781071,1046,1026,20,261.9590176887451,0.019120458891013385,2.49,219797,141266,2550,1,3.92156862745098e-4,1156,674,0,455,27.75320970042796,0.583044982698962,0,0.393598615916955
Cobb,13067031213,1400000US13067031213,031213,3023,32,2.596045,0.151909,0.05528076525298459,1164.4636360309623,1477,1393,84,568.9423719542611,0.05687203791469194,2.17,96635,69725,3018,604,0.2001325381047051,1850,1465,0,307,25.434219053791317,0.7918918918918919,0,0.16594594594594594
Cobb,13067031214,1400000US13067031214,031214,4049,41.4,4.653268,0.166563,0.03455785067982674,870.1411567096501,2146,1960,186,461.18126013803635,0.08667287977632805,2.07,120167,67066,4047,102,0.025203854707190512,2549,1496,0,904,24.231003039513677,0.5868968222832484,0,0.35464888191447624
Cobb,13067031215,1400000US13067031215,031215,5028,40.5,2.662589,0,0,1888.3875806592755,2671,2563,108,1003.1589554377337,0.040434294271808315,1.96,134358,83626,5001,78,0.015596880623875225,3304,1746,22,1161,25.902939804013066,0.5284503631961259,0.006658595641646489,0.3513922518159806
Cobb,13067031216,1400000US13067031216,031216,3074,37,1.40936,0.00851,0.006001960687510139,2181.131861270364,1898,1740,158,1346.7105636601011,0.08324552160168598,1.77,95274,93829,3074,54,0.01756668835393624,1990,997,0,931,23.135033050047216,0.5010050251256282,0,0.4678391959798995
Cobb,13067031217,1400000US13067031217,031217,3962,28.9,2.220705,0.015387,0.006881201667909907,1784.1181066373065,2073,1959,114,933.4873384803474,0.05499276410998553,2.02,71013,47899,3962,359,0.0906108026249369,2415,1777,29,542,23.262146289375334,0.7358178053830228,0.012008281573498964,0.22443064182194616
Cobb,13067031218,1400000US13067031218,031218,2303,33.7,0.912636,0.017356,0.018662526129257027,2523.4595172664676,1531,1321,210,1677.5581940664185,0.13716525146962769,1.74,98424,73342,2303,70,0.030395136778115502,1729,1296,0,327,26.16262482168331,0.7495662232504338,0,0.18912666281087334
Cobb,13067031219,1400000US13067031219,031219,1997,29,0.572921,0.003809,0.006604476964957606,3485.646363111144,1230,1145,85,2146.892852592242,0.06910569105691057,1.74,83398,61435,1997,82,0.041061592388582875,1438,1154,0,265,25.59676044330776,0.8025034770514604,0,0.18428372739916551
Cobb,13067031220,1400000US13067031220,031220,2415,44.7,1.972918,0.036928,0.01837354702798125,1224.0752023145412,1788,1348,440,906.2718268067907,0.24608501118568232,1.79,66433,54479,2415,326,0.1349896480331263,1582,1021,0,300,26.723868954758192,0.645385587863464,0,0.18963337547408343
Cobb,13067031221,1400000US13067031221,031221,2833,38.3,4.595615,0,0,616.4572097532105,1384,1290,94,301.15664606369336,0.06791907514450866,2.2,147622,81017,2833,125,0.04412283798093893,1794,1110,0,489,33.23754789272031,0.6187290969899666,0,0.2725752508361204
Cobb,13067031306,1400000US13067031306,031306,4542,33,5.539411,0.002515,4.5381334936626727e-4,819.9427700887333,1687,1527,160,304.5450139012974,0.0948429164196799,2.97,81477,34297,4485,363,0.08093645484949832,2347,1771,0,296,32.081911262798634,0.7545803152961227,0,0.12611844908393693
Cobb,13067031308,1400000US13067031308,031308,4734,36,6.403618,0.016824,0.0026203803414157466,739.2695816646152,1812,1617,195,282.9650363279009,0.1076158940397351,2.92,64321,31844,4727,618,0.13073831182568224,2053,1260,0,205,36.996753246753244,0.6137359961032636,0,0.09985387238188018
Cobb,13067031314,1400000US13067031314,031314,5850,36.4,8.247215,0.174967,0.020774545123817083,709.3303618251737,2448,2383,65,296.8274744868419,0.026552287581699346,2.45,124534,57641,5850,160,0.02735042735042735,3869,2646,10,1075,29.346814602720116,0.6838976479710519,0.0025846471956577927,0.2778495735332127
Cobb,13067031315,1400000US13067031315,031315,5277,42.3,7.206713,0.019392,0.0026836034073681463,732.2339601979432,1867,1842,25,259.06401434329354,0.01339046598821639,2.86,179387,80683,5277,119,0.022550691680879288,2793,1949,32,761,37.123523622047244,0.6978159684926603,0.011457214464733263,0.2724668814894379
Cobb,13067031316,1400000US13067031316,031316,6238,36.9,6.438016,0.190747,0.028775655427717057,968.9320436606557,2401,2276,125,372.94098057538224,0.05206164098292378,2.74,117650,48100,6143,435,0.07081230669054209,3578,2354,79,420,29.385687143761874,0.6579094466182225,0.022079373951928452,0.11738401341531582
Cobb,13067031317,1400000US13067031317,031317,5537,35.8,6.17643,0,0,896.4725577720463,2013,1934,79,325.91642745080895,0.039244908097367116,2.86,68592,32798,5537,488,0.08813436879176449,2323,1736,53,151,30.303867403314918,0.7473095135600517,0.022815325010761944,0.06500215238915195
Cobb,13067031318,1400000US13067031318,031318,4875,31.9,2.788606,0.015098,0.005385019245968904,1748.185294014285,2021,1837,184,724.7348675287939,0.09104403760514597,2.65,58843,26861,4875,1182,0.24246153846153845,2622,1948,0,536,33.66251198465964,0.7429443173150267,0,0.2044241037376049
Cobb,13067031319,1400000US13067031319,031319,4799,36.3,5.411565,0.077307,0.014084314591413318,886.8044641429974,2230,1941,289,412.080424054779,0.1295964125560538,2.47,42105,25381,4781,1375,0.287596737084292,2669,1927,77,174,30.190380761523045,0.7219932559010865,0.028849756463094792,0.06519295616335706
Cobb,13067031320,1400000US13067031320,031320,4863,30.3,2.009061,0,0,2420.5337717470998,2012,1849,163,1001.4628724563365,0.08101391650099403,2.63,55169,31456,4863,753,0.15484268969771744,2441,1889,43,91,28.22553191489362,0.7738631708316264,0.017615731257681278,0.03727980335927898
Cobb,13067031321,1400000US13067031321,031321,2177,28.2,9.652904,0.201035,0.020401486146808905,225.52798618944104,737,692,45,76.35008076326046,0.06105834464043419,3.15,52125,21378,2164,444,0.20517560073937152,1193,679,0,176,25.64896755162242,0.5691533948030176,0,0.14752724224643754
Cobb,13067031322,1400000US13067031322,031322,4015,38.4,4.113011,0,0,976.1704989361808,1823,1555,268,443.22760138497074,0.14701042238069117,2.58,69530,31921,4004,219,0.054695304695304696,2438,1656,0,331,28.915519696250595,0.6792452830188679,0,0.1357670221493027
Cobb,13067031323,1400000US13067031323,031323,2988,40.1,3.856335,0.002518,6.525255043402793e-4,774.8289502856987,1082,899,183,280.5772838718628,0.16913123844731978,3.3,84981,37455,2988,119,0.03982597054886212,1333,806,0,427,39.790286975717436,0.6046511627906976,0,0.32033008252063017
Cobb,13067031324,1400000US13067031324,031324,4212,39.6,6.565833,0.00575,8.749794379832074e-4,641.5027613404118,1826,1701,125,278.10637279382524,0.06845564074479737,2.48,69347,41149,4201,368,0.08759819090692693,1767,1439,0,290,30.233581584292484,0.8143746462931523,0,0.16411997736276174
Cobb,13067031325,1400000US13067031325,031325,1861,42.9,3.787122,0.020374,0.005351023349729061,491.4021782239917,782,748,34,206.48925490121522,0.043478260869565216,2.49,130490,61757,1861,55,0.02955400322407308,1078,772,0,239,34.24910607866508,0.7161410018552876,0,0.22170686456400743
Cobb,13067031409,1400000US13067031409,031409,6015,36.7,13.498218,0.011929,8.829659662474435e-4,445.6143766532738,2480,2325,155,183.7279557938685,0.0625,2.59,68878,31521,6015,401,0.06666666666666667,2948,2327,10,285,28.834021779947427,0.7893487109905021,0.0033921302578018998,0.09667571234735414
Cobb,13067031410,1400000US13067031410,031410,4898,40.7,4.17977,0,0,1171.8348138773185,1815,1815,0,434.2344195972505,0,2.67,125193,44414,4844,313,0.06461601981833195,2465,1475,36,853,30.82196029776675,0.5983772819472617,0.01460446247464503,0.3460446247464503
Cobb,13067031411,1400000US13067031411,031411,4197,34.9,5.948299,0,0,705.5798640922388,1630,1607,23,274.0279195783534,0.01411042944785276,2.61,66430,28685,4197,812,0.19347152728139147,2184,1623,35,342,31.411509229098804,0.7431318681318682,0.016025641025641024,0.1565934065934066
Cobb,13067031412,1400000US13067031412,031412,4552,38.6,4.040315,0,0,1126.6448284354067,2057,1902,155,509.11871970378553,0.07535245503159942,2.26,65046,25006,4286,906,0.21138590760615958,2179,1716,0,112,27.77697145621674,0.7875172097292336,0,0.05139972464433226
Cobb,13067031413,1400000US13067031413,031413,3954,28.3,2.195006,0,0,1801.3618186009517,1516,1503,13,690.6587043497832,0.008575197889182058,2.55,63433,30369,3839,295,0.07684292784579318,2431,1877,1,201,35.237668161434975,0.7721102426984779,4.1135335252982314e-4,0.08268202385849445
Cobb,13067031414,1400000US13067031414,031414,4039,46.3,5.74375,0.043856,0.00757757179738911,703.1991294885745,1634,1479,155,284.48313384113163,0.094859241126071,2.73,109214,53788,4039,269,0.06660064372369398,2078,1507,0,494,33.00189393939394,0.7252165543792107,0,0.2377285851780558
Cobb,13067031415,1400000US13067031415,031415,2051,33.1,3.039467,0.012326,0.004038937110085776,674.7893627402435,702,683,19,230.96154687647538,0.027065527065527065,2.97,64289,28374,2051,310,0.15114578254509994,757,598,0,69,39.3531976744186,0.7899603698811096,0,0.09114927344782034
Cobb,13067031416,1400000US13067031416,031416,4377,33.7,9.867798,0.031387,0.0031706650598003774,443.5640048570106,1397,1397,0,141.57160493151562,0,3.12,91696,30111,4358,290,0.06654428636989444,2105,1630,6,253,31.95194384449244,0.7743467933491687,0.0028503562945368173,0.12019002375296912
Cobb,13067031417,1400000US13067031417,031417,3273,36.9,4.722939,0,0,693.000693000693,1215,1077,138,257.2550693540611,0.11358024691358025,3.04,51502,27320,3273,153,0.04674610449129239,1658,1239,0,134,25.71194225721785,0.747285886610374,0,0.08082026537997587
Cobb,13067031506,1400000US13067031506,031506,6458,42,9.308895,0.01476,0.0015830701586448661,693.745068560769,2282,2239,43,245.14187774166538,0.018843120070113933,2.88,81399,35007,6458,887,0.13734902446577887,3030,2113,0,527,35.64123052337195,0.69735973597359735,0,0.17392739273927393
Cobb,13067031507,1400000US13067031507,031507,3208,37.7,3.969782,0,0,808.1048279225408,1234,1081,153,310.84830350885767,0.1239870340356564,2.77,93977,42730,2956,244,0.08254397834912043,1602,1334,30,147,33.233676975945016,0.83270911360799,0.018726591760299626,0.09176029962546817
Cobb,13067031510,1400000US13067031510,031510,3242,28.4,3.933175,0.033296,0.008394363654744986,824.2704685146224,1056,1011,45,268.4853839455402,0.04261363636363636,3.2,78731,33313,3229,274,0.08485599256735832,1631,1170,0,318,34.24219345011424,0.7173513182096873,0,0.19497240956468423
Cobb,13067031511,1400000US13067031511,031511,6578,39.6,12.082317,0.021515,0.001777536238110377,544.4319992597447,2428,2362,66,200.95483341481605,0.027182866556836903,2.78,98848,42054,6578,582,0.0884767406506537,3206,2431,17,534,36.319236526946106,0.7582657517155333,0.005302557704304429,0.16656269494697443
Cobb,13067031512,1400000US13067031512,031512,5334,42.7,12.634607,0.028338,0.0022378680472828396,422.1737961457764,1877,1689,188,148.56022035351,0.1001598295151838,3.15,85308,32716,5334,832,0.15598050243719536,2862,2197,36,149,33.28234426833763,0.7676450034940601,0.012578616352201259,0.052061495457721874
Cobb,13067031513,1400000US13067031513,031513,5559,39.3,6.756905,0.005541,8.193780771040538e-4,822.7139496559446,1984,1984,0,293.6255578552607,0,2.78,99605,43487,5494,168,0.030578813250819074,3202,2238,0,496,37.75868440502587,0.6989381636477202,0,0.15490318550905685
Cobb,13067031514,1400000US13067031514,031514,3459,31.4,2.957538,0,0,1169.5538654110276,986,979,7,333.3854036702149,0.007099391480730223,3.53,93079,29599,3459,154,0.04452153801676785,1628,1160,0,262,34.13616398243045,0.7125307125307125,0,0.16093366093366093
Cobb,13067031515,1400000US13067031515,031515,3649,48.8,8.85315,0.032599,0.0036686834165583567,412.1696797185183,1593,1593,0,179.93595499906814,0,2.29,113423,51463,3649,27,0.007399287476020828,2032,1689,18,185,34.01461829994586,0.8312007874015748,0.008858267716535433,0.09104330708661418
Cobb,13067031516,1400000US13067031516,031516,2880,38.9,3.347393,0.069858,0.020442747693979753,860.3710409862242,924,924,0,276.03570898308027,0,3.12,93750,44850,2880,100,0.034722222222222224,1547,1153,0,351,42.625418060200666,0.7453135100193924,0,0.226890756302521
Cobb,13067031517,1400000US13067031517,031517,3204,37.6,3.750741,0.033058,0.008736722008753636,854.2312039141066,1217,1184,33,324.4692182158139,0.027115858668857847,2.7,122188,49262,3204,127,0.039637952559300874,1605,1082,0,358,35.55733761026463,0.6741433021806854,0,0.22305295950155762
Cobb,13067031518,1400000US13067031518,031518,2579,36.7,3.843181,0,0,671.0586881023819,991,936,55,257.85930977489744,0.055499495459132187,2.74,73333,29233,2579,296,0.11477316789453276,1343,1023,0,223,40.142857142857146,0.7617274758004468,0,0.16604616530156366
Coweta,13077170101,1400000US13077170101,170101,1707,44.1,50.910419,0.616158,0.011958061953154776,33.529482442483925,718,718,0,14.103203511249829,0,2.38,79667,34790,1707,121,0.07088459285295841,821,700,0,25,23.806532663316585,0.8526187576126675,0,0.030450669914738125
Coweta,13077170102,1400000US13077170102,170102,5747,50.1,170.873735,1.022784,0.005949998324282529,33.63302148220731,2409,2283,126,14.098129241454222,0.052303860523038606,2.52,81555,38512,5747,304,0.052897163737602226,3132,2588,34,266,29.72784368457781,0.8263090676883781,0.010855683269476373,0.08492975734355045
Coweta,13077170200,1400000US13077170200,170200,8164,34.2,38.323131,0.505391,0.01301597315499158,213.03061067740003,3002,2730,272,78.33389187329189,0.09060626249167222,2.97,76071,28957,8112,1340,0.16518737672583828,3778,3005,0,313,26.327561327561327,0.7953943885653785,0,0.08284806776071996
Coweta,13077170303,1400000US13077170303,170303,6746,47.5,59.292784,0.870127,0.01446284738449574,113.77438441750348,2346,2285,61,39.566366119695104,0.02600170502983802,2.95,138906,55586,6746,121,0.017936554995552922,3338,2464,0,618,36.57720588235294,0.738166566806471,0,0.18514080287597365
Coweta,13077170304,1400000US13077170304,170304,7919,39.6,29.573612,0.310427,0.010387719009468567,267.7724993484056,2451,2451,0,82.87793861635839,0,3.19,92739,36663,7844,617,0.07865884752677206,3591,3078,54,215,30.499111374407583,0.8571428571428571,0.015037593984962405,0.05987190197716513
Coweta,13077170307,1400000US13077170307,170307,6824,31.3,7.329948,0.045026,0.006105241862547583,930.975226563681,3173,3081,92,432.88165209357555,0.02899464229435865,2.11,49964,31189,6498,808,0.12434595260080025,3621,2942,0,67,26.852841868317388,0.8124827395747031,0,0.018503175918254625
Coweta,13077170308,1400000US13077170308,170308,4985,29.8,19.885347,0.149747,0.007474234959915836,250.687101411909,2219,2039,180,111.58970472076751,0.08111762054979721,2.44,47134,37810,4979,354,0.07109861417955413,2468,2088,0,25,32.146950470732705,0.8460291734197731,0,0.01012965964343598
Coweta,13077170309,1400000US13077170309,170309,4455,35.4,3.678822,0.022456,0.006067093582270772,1210.9854730671939,2202,2039,163,598.5611698527409,0.0740236148955495,2.18,73909,44218,4441,544,0.12249493357351948,2464,1720,19,279,26.723112128146454,0.698051948051948,0.007711038961038961,0.11323051948051949
Coweta,13077170310,1400000US13077170310,170310,4432,41.3,14.059019,0.129378,0.009118577665961842,315.24247886712436,1810,1719,91,128.7429798622507,0.05027624309392265,2.58,81094,40820,4432,487,0.1098826714801444,2028,1371,0,226,32.07269700332964,0.6760355029585798,0,0.11143984220907298
Coweta,13077170403,1400000US13077170403,170403,5721,38.4,41.995769,0.421297,0.009932252268461944,136.22800906443695,1903,1808,95,45.314088664503316,0.049921177088807146,3.16,122877,46699,5721,438,0.07656004195070792,2700,1920,42,251,34.728460596161696,0.7111111111111111,0.015555555555555555,0.09296296296296297
Coweta,13077170404,1400000US13077170404,170404,5361,45.1,18.954687,0.329417,0.017082307790914217,282.8324202873938,2111,1984,127,111.37087096188927,0.060161061108479394,2.7,119077,54437,5303,107,0.02017725815576089,2792,2157,20,449,28.84763124199744,0.7725644699140402,0.0071633237822349575,0.1608166189111748
Coweta,13077170405,1400000US13077170405,170405,7518,43.6,19.615263,0.257636,0.012964188063352006,383.2729645276742,2824,2741,83,143.9695200620048,0.029390934844192633,2.74,100110,41146,7518,401,0.05333865389731311,3932,3286,0,449,27.616996841803044,0.8357070193285859,0,0.1141912512716175
Coweta,13077170406,1400000US13077170406,170406,4273,37.9,12.513756,0.204951,0.01611413801733148,341.46422544917766,1540,1504,36,123.06456990211412,0.023376623376623377,2.84,124449,57108,4196,302,0.07197330791229743,1963,1449,71,264,35.05002942907593,0.7381558838512481,0.03616912888436067,0.13448802852776362
Coweta,13077170407,1400000US13077170407,170407,1067,52.9,11.033295,0.017754,0.0016065443199102638,96.70728463255989,587,466,121,53.20260176130521,0.2061328790459966,2.29,71250,28548,1067,136,0.1274601686972821,452,179,0,41,16.05839416058394,0.39601769911504425,0,0.09070796460176991
Coweta,13077170408,1400000US13077170408,170408,8139,44.5,29.542438,0.445451,0.014854363373160411,275.5019744815915,2981,2878,103,100.90568693078073,0.034552163703455215,2.83,140750,50652,8139,179,0.02199287381742229,4226,3183,12,774,29.587195828505216,0.7531945101751065,0.002839564600094652,0.18315191670610506
Coweta,13077170501,1400000US13077170501,170501,6717,45.9,104.232815,1.434893,0.013579295199627119,64.44227760710483,2787,2600,187,26.73822058820919,0.067097237172587,2.58,98750,42564,6717,304,0.045258299836236415,3220,2677,21,263,33.36489685492053,0.8313664596273292,0.006521739130434782,0.08167701863354038
Coweta,13077170502,1400000US13077170502,170502,7873,37.8,79.167064,0.713121,0.008927382929821707,99.44792192874553,2819,2744,75,35.60824233673741,0.026605179141539554,2.87,93109,36448,7850,378,0.04815286624203822,3880,3174,0,474,36.228714034057546,0.818041237113402,0,0.12216494845360824
Coweta,13077170503,1400000US13077170503,170503,7739,39,70.821177,1.405051,0.01945347332827626,109.27522427366604,2904,2715,189,41.004684234491044,0.06508264462809918,2.85,105688,43036,7739,526,0.0679674376534436,3849,2994,0,435,30.804042179261863,0.7778643803585347,0,0.11301636788776305
Coweta,13077170603,1400000US13077170603,170603,7117,39.7,31.800007,0.559445,0.017288457171648026,223.8049821812932,2449,2382,67,77.01256166390152,0.02735810534912209,2.99,109559,39582,7042,504,0.07157057654075547,3288,2527,17,329,28.514700912470428,0.7685523114355232,0.005170316301703163,0.10006082725060828
Coweta,13077170604,1400000US13077170604,170604,4076,34.8,5.241021,0.041472,0.007850838609724613,777.7110604975634,1474,1407,67,281.24291049396675,0.045454545454545456,2.9,55839,23630,4076,662,0.16241413150147202,1650,1200,0,201,17.646652864044167,0.7272727272727273,0,0.12181818181818181
Coweta,13077170605,1400000US13077170605,170605,3458,34.2,18.642506,0.65335,0.033859601771489174,185.4900837902372,1502,1227,275,80.56856733745988,0.18308921438082557,2.82,50664,43285,3458,1161,0.3357432041642568,1306,1080,0,138,34.653253424657535,0.8269525267993875,0,0.10566615620214395
Coweta,13077170606,1400000US13077170606,170606,4985,34.3,4.991134,0.018368,0.003666631932675144,998.7710207740366,1952,1915,37,391.09348697109715,0.018954918032786885,2.6,121792,52937,4963,408,0.08220834172879307,2708,2145,0,437,30.61206516952884,0.7920974889217134,0,0.16137370753323485
Coweta,13077170607,1400000US13077170607,170607,4160,48.3,4.638204,0.376546,0.07508769131063363,896.8988858618552,1635,1601,34,352.5071342269551,0.020795107033639144,2.6,114279,50540,4160,103,0.024759615384615383,1825,1222,0,381,25.346260387811633,0.6695890410958905,0,0.20876712328767122
Coweta,13077170701,1400000US13077170701,170701,4324,34.5,5.213516,0.017344,0.0033157071686108976,829.3827044934742,1763,1713,50,338.1595069431071,0.02836074872376631,2.48,78882,36209,4240,723,0.1705188679245283,1963,1594,0,185,31.006749156355454,0.8120224146714213,0,0.09424350483953133
Coweta,13077170702,1400000US13077170702,170702,2882,40.4,32.292377,0.108558,0.0033504588679308172,89.24706905286037,1179,1092,87,36.510164612533785,0.0737913486005089,2.63,65217,29857,2876,446,0.15507649513212796,1531,1004,31,32,30.823882588392262,0.6557805355976486,0.020248203788373612,0.020901371652514697
Coweta,13077170801,1400000US13077170801,170801,5121,37.9,138.927675,0.976247,0.006977981646575998,36.86090622332807,2135,1871,264,15.367708413748378,0.12365339578454333,2.74,85609,33655,5097,437,0.08573670786737296,2756,2337,0,90,31.69542385596399,0.8479680696661829,0,0.03265602322206096
Coweta,13077170802,1400000US13077170802,170802,5939,39.7,118.81795,1.028342,0.008580507438644826,49.98403019072455,2192,2184,8,18.448391004894464,0.0036496350364963502,2.72,92419,43927,5939,298,0.05017679744064658,2802,2193,7,321,34.53244659411528,0.7826552462526767,0.0024982155603140615,0.1145610278372591
DeKalb,13089020100,1400000US13089020100,020100,2198,34,1.076423,0.010515,0.009673964844360948,2041.9481932288702,773,730,43,718.1191780554672,0.055627425614489,3.01,160500,75696,2198,205,0.09326660600545951,1020,574,89,256,27.964659685863875,0.5627450980392157,0.08725490196078431,0.25098039215686274
DeKalb,13089020200,1400000US13089020200,020200,1960,42,1.528193,0,0,1282.5605142805916,1166,1080,86,762.9926324750867,0.07375643224699828,1.78,105000,89635,1960,194,0.09897959183673469,1296,718,12,378,23.15904139433551,0.5540123456790124,0.009259259259259259,0.2916666666666667
DeKalb,13089020300,1400000US13089020300,020300,4504,36.2,1.917766,0,0,2348.5659877169583,1633,1556,77,851.5116025625649,0.04715248009797918,2.87,161855,82473,4504,288,0.06394316163410302,2372,1317,205,648,26.36890951276102,0.5552276559865092,0.08642495784148398,0.27318718381112983
DeKalb,13089020400,1400000US13089020400,020400,2709,37.4,1.012309,0,0,2676.060372870339,1349,1204,145,1332.5970627545544,0.10748702742772424,2.25,176250,89082,2700,66,0.024444444444444446,1688,1031,29,462,30.456769983686787,0.610781990521327,0.017180094786729858,0.273696682464455
DeKalb,13089020500,1400000US13089020500,020500,3688,36.3,1.686258,0,0,2187.091180590396,1894,1763,131,1123.1970433943086,0.06916578669482576,2.09,83594,61096,3688,255,0.06914316702819957,2527,1652,114,559,27.89380081300813,0.6537396121883656,0.045112781954887216,0.22121092204194698
DeKalb,13089020600,1400000US13089020600,020600,2439,33.7,1.107279,0,0,2202.6968812738255,1311,1182,129,1183.9834404878989,0.09839816933638444,2.06,83205,51045,2439,795,0.32595325953259535,1329,646,93,458,23.73134328358209,0.4860797592174567,0.06997742663656885,0.34462001504890893
DeKalb,13089020700,1400000US13089020700,020700,2909,34.3,1.264891,0,0,2299.802907918548,1566,1367,199,1238.05134197334,0.12707535121328226,2.1,93133,58836,2876,379,0.13178025034770516,1544,795,140,512,25.213178294573645,0.5148963730569949,0.09067357512953368,0.3316062176165803
DeKalb,13089020801,1400000US13089020801,020801,3152,34.9,1.381487,0,0,2281.5994649243894,1081,1053,28,782.4901718221018,0.025901942645698426,2.98,167910,71334,3152,140,0.044416243654822336,1753,1068,91,460,29.071925754060324,0.6092413006274957,0.05191100969766115,0.26240730176839705
DeKalb,13089020802,1400000US13089020802,020802,4253,38.7,2.697929,0,0,1576.394338027428,2033,1814,219,753.540956785742,0.10772257747171668,2.34,112500,67398,4239,279,0.06581740976645435,2323,1289,31,789,26.0625814863103,0.5548859233749462,0.01334481274214378,0.3396470081790788
DeKalb,13089020901,1400000US13089020901,020901,3027,36.3,2.502874,0,0,1209.4096626518156,1642,1518,124,656.0458097371262,0.07551766138855055,1.98,99773,64580,3011,382,0.12686815011624045,1750,938,55,675,27.162790697674417,0.536,0.03142857142857143,0.38571428571428573
DeKalb,13089020902,1400000US13089020902,020902,2738,33.1,1.835644,0,0,1491.5746190437796,1341,1153,188,730.5338072088052,0.1401938851603281,2.35,92583,51859,2709,491,0.18124769287559986,1243,823,32,311,30.976394849785407,0.6621078037007241,0.02574416733708769,0.250201126307321
DeKalb,13089021101,1400000US13089021101,021101,5097,42.1,3.157775,0.11759,0.03590134229314901,1614.1112017163985,1606,1524,82,508.58595055062506,0.05105853051058531,3.34,250001,88895,5097,242,0.04747890916225231,2628,1497,36,965,23.2291040288635,0.569634703196347,0.0136986301369863,0.3671993911719939
DeKalb,13089021103,1400000US13089021103,021103,4981,32.4,2.410441,0.016674,0.0068698846160977125,2066.426848862926,2374,2082,292,984.8820195142714,0.12299915754001685,2.14,137933,88407,4450,144,0.032359550561797755,2894,1911,116,594,24.980434782608697,0.6603317208016586,0.04008293020041465,0.20525224602626124
DeKalb,13089021104,1400000US13089021104,021104,1912,36.9,1.175667,0,0,1626.3108516272039,1416,1065,351,1204.4226809121972,0.2478813559322034,1.8,112514,97313,1912,314,0.16422594142259414,1120,642,20,375,24.02013422818792,0.5732142857142857,0.017857142857142856,0.33482142857142855
DeKalb,13089021204,1400000US13089021204,021204,2973,19.9,4.68369,0,0,634.7559296195948,853,733,120,182.1213615760223,0.1406799531066823,4.06,35268,12407,2926,1277,0.436431989063568,1168,303,324,32,25.12323943661972,0.2594178082191781,0.2773972602739726,0.0273972602739726
DeKalb,13089021208,1400000US13089021208,021208,4839,38.3,3.612957,0,0,1339.3461366963404,2549,2349,200,705.5162848602959,0.07846214201647705,2.06,80960,51584,4839,238,0.049183715643728046,2838,1867,203,582,25.70700354609929,0.6578576462297393,0.0715292459478506,0.20507399577167018
DeKalb,13089021210,1400000US13089021210,021210,5892,44.4,6.303364,0.059636,0.009372308659437372,934.7389743000721,2098,1997,101,332.8381480111255,0.048141086749285036,2.95,213750,96775,5892,81,0.01374745417515275,2803,1804,78,860,23.574369531652085,0.6435961469853728,0.027827327863003924,0.3068141277202997
DeKalb,13089021211,1400000US13089021211,021211,4787,49.4,4.992911,0.12011,0.02349100463307309,958.759328976623,2038,1969,69,408.17871578323746,0.033856722276741906,2.43,151458,73001,4787,57,0.011907248798830166,2091,1353,34,563,27.411649214659686,0.6470588235294118,0.016260162601626018,0.26924916307986607
DeKalb,13089021213,1400000US13089021213,021213,3593,44.1,3.019727,0,0,1189.842657962127,1234,1222,12,408.6462120582423,0.009724473257698542,2.94,220429,87446,3593,40,0.011132758140829391,1578,925,25,478,21.71818181818182,0.5861850443599493,0.015842839036755388,0.302915082382763
DeKalb,13089021217,1400000US13089021217,021217,2919,33.5,1.648612,0,0,1770.5803427367991,1080,983,97,655.0965296867911,0.08981481481481482,2.94,119531,49995,2894,214,0.07394609536973047,1369,844,44,367,25.144710578842314,0.6165084002921841,0.03214024835646457,0.2680788897005113
DeKalb,13089021219,1400000US13089021219,021219,4827,39.3,4.635637,0.084415,0.01788433686747519,1041.2808423092663,1830,1749,81,394.76775252246887,0.04426229508196721,2.68,177946,78268,4686,0,0,2551,1981,30,419,22.593808630393998,0.7765582124656997,0.011760094080752646,0.16424931399451195
DeKalb,13089021220,1400000US13089021220,021220,3655,39,2.503689,0,0,1459.8458514615832,1631,1525,106,651.4387369996832,0.06499080318822809,2.4,114836,68745,3655,102,0.027906976744186046,1894,1068,22,786,25.69494584837545,0.5638859556494192,0.011615628299894404,0.4149947201689546
DeKalb,13089021221,1400000US13089021221,021221,2900,37.7,1.769855,0.011215,0.00629677665672882,1638.5523107825218,1548,1348,200,874.6479231349462,0.12919896640826872,2.15,117831,76610,2900,122,0.04206896551724138,1997,1409,50,495,24.370838881491345,0.7055583375062594,0.02503755633450175,0.24787180771156736
DeKalb,13089021222,1400000US13089021222,021222,5045,38.4,3.020898,0.003273,0.001082280069480198,1670.033215288964,2919,2667,252,966.2689703525243,0.08633093525179857,1.84,84503,68610,4901,1189,0.24260355029585798,2512,1689,13,748,25.83049886621315,0.6723726114649682,0.0051751592356687895,0.29777070063694266
DeKalb,13089021223,1400000US13089021223,021223,1876,33.9,0.731887,0,0,2563.2372210464187,827,747,80,1129.9558538408253,0.09673518742442563,2.46,125824,51545,1848,50,0.027056277056277056,826,539,0,234,29.43412162162162,0.652542372881356,0,0.28329297820823246
DeKalb,13089021224,1400000US13089021224,021224,3983,40.2,2.219183,0.005766,0.0025915200752916136,1794.8046645995394,2696,2425,271,1214.861505337775,0.1005192878338279,1.64,58178,43047,3918,633,0.16156202143950996,2146,1621,78,403,22.521514629948364,0.755358807082945,0.036346691519105315,0.18779123951537743
DeKalb,13089021225,1400000US13089021225,021225,2523,33.9,0.572116,0,0,4409.944836361857,1707,1536,171,2983.6606562305547,0.10017574692442882,1.64,66591,56717,2519,190,0.07542675664946408,1854,1242,19,380,28.402306648575305,0.6699029126213593,0.010248112189859764,0.20496224379719524
DeKalb,13089021226,1400000US13089021226,021226,3148,33.2,1.302967,0,0,2416.0243505783337,2232,1978,254,1713.0134531419444,0.11379928315412187,1.59,59387,66360,3148,125,0.03970775095298602,2408,1425,57,532,22.001599147121535,0.5917774086378738,0.02367109634551495,0.22093023255813954
DeKalb,13089021227,1400000US13089021227,021227,5615,33.7,2.372894,0,0,2366.3088195258615,2843,2307,536,1198.1150443298352,0.18853323953570172,2.43,98525,63399,5615,64,0.011398040961709707,3095,1814,91,999,25.651240458015266,0.5861066235864297,0.02940226171243942,0.32277867528271403
DeKalb,13089021228,1400000US13089021228,021228,3486,46,2.609101,0.040292,0.015208011797419258,1336.092393510255,1129,1118,11,432.7160964638778,0.0097431355181576609,3.12,250001,90503,3486,20,0.005737234652897304,1790,987,71,578,24.79785478547855,0.5513966480446927,0.03966480446927374,0.3229050279329609
DeKalb,13089021229,1400000US13089021229,021229,3441,42,2.98167,0.009856,0.003294639591967444,1154.051253156788,1198,1198,0,401.7882595994862,0,2.87,169531,74227,3441,23,0.0066841034582970065,1420,881,83,405,26.36945812807882,0.6204225352112676,0.05845070422535211,0.2852112676056338
DeKalb,13089021230,1400000US13089021230,021230,3947,36.1,2.491859,0,0,1583.9580008339158,2098,1943,155,841.9416989484558,0.07387988560533841,2.03,112717,77850,3947,3,7.600709399543957e-4,2465,1211,128,798,22.984403119376125,0.4912778904665314,0.051926977687626774,0.3237322515212982
DeKalb,13089021301,1400000US13089021301,021301,3617,32.7,3.797708,0,0,952.4165628321082,1951,1756,195,513.7309134878195,0.0999487442337263,2.06,59913,46499,3569,837,0.23451947324180442,2195,1377,141,393,25.432852386237514,0.6273348519362186,0.0642369020501139,0.17904328018223234
DeKalb,13089021305,1400000US13089021305,021305,5436,25.9,2.194257,0.333334,0.1318781400946593,2477.376168789709,1659,1540,119,756.064581313857,0.07172995780590717,3.53,54100,29035,5364,1516,0.2826249067859806,2545,1289,135,218,27.668672110012892,0.506483300589391,0.05304518664047151,0.0856581532416503
DeKalb,13089021306,1400000US13089021306,021306,5182,34.3,5.275565,0.002936,5.562185173404343e-4,982.2644588778642,2631,2329,302,498.71435571355863,0.11478525275560623,2.22,60971,31491,5182,976,0.18834426862215362,2889,1723,16,651,26.95933869526363,0.5964001384562132,0.005538248528902735,0.22533748701973
DeKalb,13089021307,1400000US13089021307,021307,3813,36.1,3.61992,0,0,1053.3381953192336,1375,1261,114,379.84264845631947,0.0829090909090909,3.02,73310,33924,3797,856,0.22544113774032132,1902,1152,63,335,27.23356732610083,0.6056782334384858,0.033123028391167195,0.176130389064143
DeKalb,13089021308,1400000US13089021308,021308,3940,37.2,2.702337,0,0,1457.997281612175,1584,1477,107,586.1593132166713,0.06755050505050506,2.67,68162,36127,3906,1102,0.2821300563236047,2098,1228,90,327,25.945793337097683,0.5853193517635844,0.042897998093422304,0.15586272640610105
DeKalb,13089021309,1400000US13089021309,021309,1936,21.8,1.138392,0,0,1700.6444177401106,572,487,85,502.4631234232145,0.1486013986013986,3.98,34610,14867,1936,479,0.24741735537190082,821,295,195,46,25.929032258064517,0.35931790499390986,0.23751522533495736,0.05602923264311815
DeKalb,13089021310,1400000US13089021310,021310,5445,35.6,3.246547,0,0,1677.1665403273078,1729,1609,120,532.5658307118301,0.06940427993059572,3.38,37003,19266,5424,1230,0.22676991150442477,2287,1278,203,20,32.73048081164534,0.5588106689986883,0.08876257105378224,0.00874508089199825
DeKalb,13089021405,1400000US13089021405,021405,4992,34.8,2.403002,0,0,2077.4015169358995,2421,2362,59,1007.4897981774465,0.024370095002065262,2.11,153529,88074,4992,200,0.04006410256410257,2985,1630,113,983,23.90859140859141,0.5460636515912898,0.03785594639865997,0.32931323283082076
DeKalb,13089021409,1400000US13089021409,021409,4139,37.2,1.041466,0,0,3974.2055909650435,1620,1405,215,1555.499651452856,0.13271604938271606,2.94,76964,31389,4139,955,0.23073206088427156,2488,1622,116,99,27.829635830891586,0.6519292604501608,0.04662379421221865,0.039790996784565914
DeKalb,13089021410,1400000US13089021410,021410,5402,32.4,2.718356,0.019482,0.007115833734501457,1987.2305172685255,2362,2033,329,868.907530875279,0.1392887383573243,2.66,78192,40456,5402,562,0.10403554239170677,3614,1928,327,403,27.645593273123637,0.533480907581627,0.0904814609850581,0.11151079136690648
DeKalb,13089021411,1400000US13089021411,021411,4124,33,1.667279,0,0,2473.491239318674,2248,2045,203,1348.3046328778807,0.09030249110320285,2.02,127764,100117,4124,211,0.0511639185257032,2823,1939,70,767,27.607003891050585,0.6868579525327666,0.02479631597591215,0.27169677647892315
DeKalb,13089021412,1400000US13089021412,021412,3812,35.2,3.134986,0,0,1215.9543934167489,1679,1502,177,535.5685798915848,0.10541989279332936,2.54,163077,92160,3812,69,0.018100734522560336,2104,1415,49,584,26.07894736842105,0.6725285171102662,0.02328897338403042,0.27756653992395436
DeKalb,13089021415,1400000US13089021415,021415,4429,33.3,2.035088,0.020977,0.010202498461867694,2176.3186653353564,2106,2017,89,1034.844684849009,0.04226020892687559,2.18,106789,77814,4365,633,0.1450171821305842,2630,1558,19,926,21.745892018779344,0.5923954372623574,0.007224334600760456,0.3520912547528517
DeKalb,13089021416,1400000US13089021416,021416,2181,32.3,0.777683,0,0,2804.4846036238414,1134,953,181,1458.1776893670042,0.15961199294532627,2.29,123942,74726,2162,47,0.021739130434782608,1568,834,123,270,23.902157164869028,0.5318877551020408,0.0784438775510204,0.17219387755102042
DeKalb,13089021417,1400000US13089021417,021417,4465,27.4,1.88607,0.038908,0.020212179048280033,2367.356460788836,2138,1787,351,1133.5740455020227,0.16417212347988774,2.5,71540,39708,4381,1248,0.28486646884273,2689,1156,474,630,28.084021369596893,0.4298995909259948,0.176273707698029,0.23428783934548159
DeKalb,13089021418,1400000US13089021418,021418,2193,31.9,0.463887,0,0,4727.444399174799,1157,946,211,2494.141892314292,0.18236819360414866,2.32,50000,44980,2193,742,0.3383492932056544,1388,882,22,156,18.75,0.6354466858789626,0.01585014409221902,0.11239193083573487
DeKalb,13089021419,1400000US13089021419,021419,1988,32.7,0.617431,0.019744,0.030986777572880292,3219.7929809160864,1265,927,338,2048.811932021554,0.2671936758893281,2.14,81680,52203,1988,209,0.10513078470824949,1238,769,94,183,23.981042654028435,0.6211631663974152,0.07592891760904685,0.14781906300484654
DeKalb,13089021420,1400000US13089021420,021420,1370,29.6,0.332469,0,0,4120.68493603915,558,496,62,1678.3519666495222,0.1111111111111111,2.76,52419,21979,1370,229,0.16715328467153284,705,416,144,0,26.9645390070922,0.5900709219858156,0.20425531914893616,0
DeKalb,13089021421,1400000US13089021421,021421,1864,33,0.633672,0,0,2941.5849209054527,747,673,74,1178.8433132598568,0.09906291834002677,2.77,85494,42606,1836,447,0.2434640522875817,938,507,86,243,26.26618705035971,0.5405117270788913,0.09168443496801706,0.25906183368869934
DeKalb,13089021502,1400000US13089021502,021502,4484,32.2,3.591329,0.004067,0.0011311688615106652,1248.5628579280817,2751,2438,313,766.0116909366978,0.11377680843329699,1.84,105676,75650,4484,382,0.08519179304192685,3183,2316,133,655,25.124604430379748,0.7276154571159283,0.041784480050267046,0.20578071002199183
DeKalb,13089021503,1400000US13089021503,021503,3707,32,1.925779,0.011826,0.006103411169975304,1924.9353118919669,1912,1532,380,992.8449733847965,0.19874476987447698,2.34,74783,59838,3587,524,0.14608307778087537,2133,1315,113,381,20.947488584474886,0.616502578527895,0.05297702766057196,0.17862165963431786
DeKalb,13089021505,1400000US13089021505,021505,2944,29.8,1.842442,0.029663,0.015844730931224477,1597.879336228766,1589,1365,224,862.4423455392355,0.14096916299559473,2.09,101563,55571,2850,672,0.23578947368421052,1566,918,51,301,20.296442687747035,0.5862068965517241,0.032567049808429116,0.1922094508301405
DeKalb,13089021506,1400000US13089021506,021506,2774,40.3,1.852382,0.011278,0.006051533004947254,1497.5312867432312,1611,1280,331,869.691024853405,0.20546244568590938,1.96,109360,68771,2592,472,0.18209876543209877,1418,837,15,268,27.44782608695652,0.5902679830747531,0.010578279266572637,0.18899858956276447
DeKalb,13089021602,1400000US13089021602,021602,3803,48.9,3.18914,0,0,1192.484494252369,1903,1747,156,596.7125933637282,0.08197582764056753,2.18,122697,79345,3803,122,0.032079936891927424,1917,1311,19,465,23.285123966942148,0.6838810641627543,0.0099113197704747,0.24256651017214398
DeKalb,13089021604,1400000US13089021604,021604,3073,45.1,3.474049,0.006552,0.0018824335222566448,884.558623093687,1360,1252,108,391.47404080944165,0.07941176470588235,2.45,182105,102115,3073,50,0.016270745200130166,1648,1089,47,351,30.58982266769468,0.6608009708737864,0.028519417475728157,0.21298543689320387
DeKalb,13089021606,1400000US13089021606,021606,4248,30.6,2.633437,0,0,1613.1010538699047,1988,1644,344,754.9069903703792,0.17303822937625754,2.58,84865,45402,4247,472,0.11113727336943725,2063,1329,11,553,25.380794701986755,0.6442074648570043,0.005332040717401842,0.2680562287930199
DeKalb,13089021607,1400000US13089021607,021607,1667,45.5,1.21062,0,0,1376.9803902132792,1126,926,200,930.101931241843,0.17761989342806395,1.8,98306,69315,1667,131,0.07858428314337132,1091,744,59,225,23.516166281755197,0.6819431714023831,0.054078826764436295,0.20623281393217233
DeKalb,13089021608,1400000US13089021608,021608,3360,34.8,1.898265,0.057368,0.029334747368243427,1770.0373762356678,1984,1800,184,1045.1649269201087,0.09274193548387097,1.85,65385,58814,3360,566,0.16845238095238096,2191,1491,0,557,24.929620563035495,0.6805111821086262,0,0.254221816522136
DeKalb,13089021609,1400000US13089021609,021609,1738,38.9,1.74733,0,0,994.6604247623517,725,691,34,414.91876176795455,0.04689655172413793,2.52,143317,70498,1738,23,0.013233601841196778,921,538,114,183,28.624661246612465,0.5841476655808904,0.1237785016286645,0.1986970684039088
DeKalb,13089021703,1400000US13089021703,021703,4346,48.9,5.219066,0.045193,0.008584873958519139,832.7160453613732,1747,1645,102,334.7342225601286,0.05838580423583286,2.58,184583,83957,4221,184,0.04359156597962568,2106,1203,32,775,27.26145755071375,0.5712250712250713,0.015194681861348529,0.36799620132953464
DeKalb,13089021707,1400000US13089021707,021707,2748,45.8,2.688297,0,0,1022.2084836608456,1143,1053,90,425.1762361078408,0.07874015748031496,2.61,137708,75430,2748,129,0.04694323144104803,1453,989,0,386,28.898781630740395,0.6806607019958706,0,0.26565726083964214
DeKalb,13089021708,1400000US13089021708,021708,3903,38.8,4.458804,0.012335,0.0027588048593434468,875.3468418885424,1580,1538,42,354.3551140619772,0.026582278481012658,2.54,81739,53113,3903,351,0.08993082244427364,2180,1200,0,625,26.109324758842444,0.5504587155963303,0,0.286697247706422
DeKalb,13089021709,1400000US13089021709,021709,3006,43.9,2.370214,0.023798,0.009940635218202749,1268.23991420184,1792,1558,234,756.0498756652354,0.13058035714285715,1.93,66250,53453,3006,146,0.04856952761144378,1685,1328,66,236,28.07798481711525,0.7881305637982196,0.03916913946587537,0.1400593471810089
DeKalb,13089021710,1400000US13089021710,021710,2398,49,2.80346,0.016724,0.005930109524768597,855.3715765518324,1183,976,207,421.9785550712334,0.1749788672865596,2.45,164167,78566,2397,4,0.001668752607425949,1196,913,0,207,25.5005055611729,0.7633779264214047,0,0.17307692307692307
DeKalb,13089021711,1400000US13089021711,021711,2669,27.6,2.703129,0,0,987.3742614577402,982,819,163,363.2826994198205,0.1659877800407332,3.14,72112,34558,2576,456,0.17701863354037267,1058,714,4,182,21.96917808219178,0.6748582230623819,0.003780718336483932,0.1720226843100189
DeKalb,13089021712,1400000US13089021712,021712,2272,26.6,2.382032,0,0,953.8075055246949,1419,1276,143,595.7098813114181,0.10077519379844961,1.69,43102,36048,2153,330,0.1532745006967023,1348,1074,55,190,18.151986183074268,0.7967359050445104,0.04080118694362018,0.14094955489614244
DeKalb,13089021808,1400000US13089021808,021808,4875,37.4,3.007702,0.036131,0.011870230725535863,1620.838766606532,1648,1525,123,547.9266230497569,0.07463592233009708,3.2,122135,44495,4875,559,0.11466666666666667,2262,1434,72,421,30.143943508962522,0.6339522546419099,0.03183023872679045,0.1861184792219275
DeKalb,13089021812,1400000US13089021812,021812,2973,40.5,2.239828,0,0,1327.3340631512776,1180,1043,137,526.8261670092525,0.11610169491525424,2.85,76750,39259,2973,446,0.150016818028927,1452,935,27,222,24.70731707317073,0.6439393939393939,0.01859504132231405,0.15289256198347106
DeKalb,13089021813,1400000US13089021813,021813,2202,29.4,0.532409,0,0,4135.918062992924,1226,1037,189,2302.740937887977,0.15415986949429036,2.12,51199,25637,2202,421,0.19118982742960944,1187,934,36,83,34.06702898550725,0.7868576242628476,0.030328559393428812,0.06992417860151642
DeKalb,13089021815,1400000US13089021815,021815,4429,29.1,0.908992,0.002602,0.002854340857881908,4872.430120397099,2029,1896,133,2232.142857142857,0.06554953178905865,2.34,46745,24250,4429,541,0.1221494694061865,2453,1471,344,196,31.014621178555604,0.5996738687321647,0.1402364451691806,0.07990216061964941
DeKalb,13089021816,1400000US13089021816,021816,2376,40.6,1.521399,0.004256,0.0027896215068282148,1561.720495412446,1179,1035,144,774.9446397690547,0.12213740458015267,2.28,103086,48858,2364,207,0.087563451776649745,1462,861,241,99,35.0476889214967,0.5889192886456909,0.16484268125854992,0.0677154582763338
DeKalb,13089021817,1400000US13089021817,021817,2643,36.8,2.094927,0.006565,0.003123970969197123,1261.6191399509385,951,856,95,453.9537654534024,0.09989484752891693,3.09,91389,39134,2542,93,0.036585365853658534,1278,860,0,210,37.96816479400749,0.672926447574335,0,0.1643192488262911
DeKalb,13089021818,1400000US13089021818,021818,5167,46,4.219593,0,0,1224.5256829272398,1999,1921,78,473.7423727833467,0.03901950975487744,2.67,83133,37429,5158,169,0.03276463745637844,2548,1798,12,368,26.61467889908257,0.7056514913657771,0.004709576138147566,0.14442700156985872
DeKalb,13089021819,1400000US13089021819,021819,3181,49.8,4.961741,0.043019,0.008595616972642045,641.1056119212994,1538,1283,255,309.9718425447842,0.16579973992197658,2.47,126518,55806,3172,237,0.07471626733921816,1440,934,0,376,26.414473684210527,0.6486111111111111,0,0.2611111111111111
DeKalb,13089021820,1400000US13089021820,021820,2114,33,1.54054,0.060012,0.03749456437529052,1372.2460955249458,1398,1329,69,907.4740026224571,0.04935622317596566,1.59,58820,49641,2114,66,0.03122043519394513,1321,1075,54,145,29.8171768707483,0.813777441332324,0.0408781226343679,0.10976532929598788
DeKalb,13089021821,1400000US13089021821,021821,2961,50,3.47738,0.030274,0.008630839871891583,851.503143171008,1331,1279,52,382.7594338266166,0.03906836964688205,2.32,154125,74617,2961,33,0.011144883485309016,1531,761,0,671,25.191860465116278,0.4970607446113651,0,0.43827563683866755
DeKalb,13089021822,1400000US13089021822,021822,4005,51.7,5.011786,0.090338,0.017705959322039215,799.1163230034164,1843,1810,33,367.73317934963706,0.017905588714053174,2.12,101473,50877,3855,231,0.05992217898832685,1941,1516,0,242,33.440258975868154,0.7810407006697578,0,0.12467800103039671
DeKalb,13089021823,1400000US13089021823,021823,3829,45.3,9.071937,0.013262,0.0014597368753287627,422.0708322820143,1783,1531,252,196.54016556772825,0.14133482893998878,2.5,97614,53135,3829,162,0.042308696787673024,1858,994,9,436,34.56399437412096,0.534983853606028,0.004843918191603875,0.23466092572658773
DeKalb,13089021824,1400000US13089021824,021824,2868,34.2,2.465002,0,0,1163.4878998069778,992,902,90,402.4337505608514,0.0907258064516129,3.04,42037,21515,2745,622,0.22659380692167577,1259,798,18,201,26.512287334593573,0.6338363780778395,0.014297061159650517,0.1596505162827641
DeKalb,13089021906,1400000US13089021906,021906,5868,34.9,3.108257,0.0062,0.0019907161986824668,1887.874779981192,2095,1983,112,674.0111901943758,0.05346062052505966,2.95,46605,23123,5864,971,0.16558663028649387,2537,1654,337,220,39.93957703927492,0.6519511233740638,0.13283405597162,0.086716594402838
DeKalb,13089021908,1400000US13089021908,021908,5492,35.2,3.359285,0.096241,0.027851331461548834,1634.871706330365,2283,1974,309,679.6089048711259,0.13534822601839686,2.77,50422,23856,5486,459,0.08366751731680641,2508,1872,110,197,28.6607529208135,0.7464114832535885,0.043859649122807015,0.07854864433811802
DeKalb,13089021910,1400000US13089021910,021910,7857,31.5,3.691407,0.005115,0.0013837331415855229,2128.4567104087955,2545,2258,287,689.4390133626555,0.11277013752455796,3.47,46368,25989,7856,1201,0.15287678207739308,3512,2338,220,596,31.685528120713307,0.6657175398633257,0.06264236902050115,0.16970387243735763
DeKalb,13089021911,1400000US13089021911,021911,2949,27.3,0.907994,0.018594,0.020067171169926654,3247.8188181860232,1495,1178,317,1646.4866507928466,0.2120401337792642,2.5,43661,20325,2875,1119,0.38921739130434785,1481,987,160,132,33.93624907338769,0.6664415935178933,0.10803511141120864,0.08912896691424713
DeKalb,13089021912,1400000US13089021912,021912,3485,53.3,11.065305,0.081969,0.007353277581586314,314.948390487203,1329,1204,125,120.10513944260913,0.09405568096313018,2.89,148889,70640,3485,440,0.12625538020086083,1756,1385,10,262,29.03614457831325,0.7887243735763098,0.0056947608200455585,0.1492027334851936
DeKalb,13089021913,1400000US13089021913,021913,4189,31,2.962542,0.02829,0.00945890641801345,1413.9883924008504,2539,1928,611,857.0342631429361,0.24064592359196535,2.09,33772,21415,4035,1434,0.3553903345724907,1671,1066,56,269,31.276747503566334,0.6379413524835428,0.033512866546977854,0.16098144823459007
DeKalb,13089021914,1400000US13089021914,021914,3694,35.3,5.335425,0.131266,0.02401196628819884,692.3534676244161,1883,1534,349,352.9240875844005,0.1853425385023898,2.4,38675,28161,3647,270,0.07403345215245408,2081,1752,41,101,32.14141414141414,0.841902931283037,0.019702066314271984,0.04853435848149928
DeKalb,13089021915,1400000US13089021915,021915,4577,48.9,16.303573,1.60344,0.0895425719521173,280.7360079903957,2008,1740,268,123.1631863763851,0.13346613545816732,2.6,119615,49397,4546,144,0.03167619885613726,2273,1938,80,142,38.96058188643829,0.8526176858776947,0.03519577650681918,0.06247250329960405
DeKalb,13089021916,1400000US13089021916,021916,3003,32.8,1.593316,0.043791,0.026749015183491365,1884.7485370133734,1532,1098,434,961.5167361653307,0.283289817232376,2.73,56344,26046,2928,417,0.14241803278688525,1565,979,53,247,33.80880121396055,0.6255591054313099,0.03386581469648562,0.15782747603833866
DeKalb,13089021917,1400000US13089021917,021917,2979,30.9,1.819606,0.002792,0.0015320473354338625,1637.1676066137395,1467,1114,353,806.2184890575212,0.24062713019768234,2.67,52564,25291,2979,548,0.18395434709634106,1454,1017,88,234,38.73770491803279,0.6994497936726273,0.06052269601100413,0.1609353507565337
DeKalb,13089022001,1400000US13089022001,022001,4743,39.9,4.377268,0.028805,0.006537567580019668,1083.5525720609294,2088,1796,292,477.00986094522887,0.13984674329501914,2.64,98500,41198,4743,284,0.059877714526670886,2165,1511,131,290,33.656,0.6979214780600462,0.0605080831408776,0.13394919168591224
DeKalb,13089022005,1400000US13089022005,022005,4804,31.9,3.294064,0,0,1458.3808936316962,1771,1502,269,537.6337557497365,0.15189158667419536,3.19,54224,23122,4755,646,0.13585699263932702,1980,1149,162,190,29.868715083798882,0.5803030303030303,0.08181818181818182,0.09595959595959595
DeKalb,13089022007,1400000US13089022007,022007,4934,25.3,1.213432,0,0,4066.1528622947144,1299,1187,112,1070.517342545771,0.08622016936104696,4.14,50324,17577,4923,1617,0.3284582571602681,1910,1222,85,129,29.713644020213362,0.6397905759162303,0.04450261780104712,0.06753926701570681
DeKalb,13089022010,1400000US13089022010,022010,2284,34.5,1.244725,0.019837,0.015686854420740144,1834.943461407138,716,632,84,575.2274598806965,0.11731843575418995,3.6,84583,27975,2227,212,0.09519533004041311,1035,520,79,109,32.62419006479482,0.5024154589371981,0.07632850241545894,0.10531400966183575
DeKalb,13089022011,1400000US13089022011,022011,6572,22.9,1.380357,0.008855,0.006374117125391949,4761.08716802972,1585,1422,163,1148.2536764040026,0.1028391167192429,4.62,46250,16214,6572,1456,0.2215459525258673,2464,1039,161,88,53.48274410774411,0.42167207792207795,0.06534090909090909,0.03571428571428571
DeKalb,13089022012,1400000US13089022012,022012,3502,25.8,0.883012,0,0,3965.9710173814174,959,854,105,1086.055455644997,0.10948905109489052,4.1,37357,18832,3502,1329,0.37949743003997716,1636,803,51,283,33.45528455284553,0.4908312958435208,0.03117359413202934,0.17298288508557458
DeKalb,13089022013,1400000US13089022013,022013,3209,27.6,1.028997,0.01219,0.011707791203693477,3118.5708024416012,1554,1036,518,1510.2084845728414,0.3333333333333333,3.1,52379,18463,3209,816,0.2542848239326893,1405,912,310,98,42.796480489671005,0.6491103202846975,0.2206405693950178,0.06975088967971531
DeKalb,13089022014,1400000US13089022014,022014,2835,27.2,0.699176,0,0,4054.773047129764,954,728,226,1364.463311097635,0.23689727463312368,3.89,38292,12415,2835,1547,0.5456790123456791,872,522,11,19,27.19812426729191,0.5986238532110092,0.01261467889908257,0.021788990825688075
DeKalb,13089022015,1400000US13089022015,022015,2368,35.3,1.587332,0.023318,0.01447738490671468,1491.8114168932523,788,700,88,496.4304883918424,0.1116751269035533,3.37,90625,32838,2368,6,0.002533783783783784,1220,736,258,125,41.42922374429224,0.6032786885245902,0.21147540983606558,0.10245901639344263
DeKalb,13089022016,1400000US13089022016,022016,3839,35.5,2.088516,0.001543,7.382566712231569e-4,1838.1472777800125,1144,1024,120,547.7573549831556,0.1048951048951049,3.75,73118,26242,3839,449,0.11695754102630894,1679,1045,0,78,27.79200499687695,0.6223942823108993,0,0.04645622394282311
DeKalb,13089022100,1400000US13089022100,022100,3565,33,3.399069,0.018701,0.005471696457046554,1048.8166024284885,1697,1321,376,499.2543546482875,0.2215674720094284,2.7,58683,35728,3565,716,0.20084151472650771,1710,992,57,289,31.210415200562984,0.5801169590643275,0.03333333333333333,0.16900584795321638
DeKalb,13089022203,1400000US13089022203,022203,2370,35.5,2.86011,0,0,828.639457922947,1342,1019,323,469.21272258759274,0.2406855439642325,2.26,86250,50803,2347,358,0.15253515125692374,1375,821,130,225,25.982608695652175,0.5970909090909091,0.09454545454545454,0.16363636363636364
DeKalb,13089022205,1400000US13089022205,022205,4908,30.2,2.009795,0,0,2442.040108568287,1709,1600,109,850.3354819770176,0.06377998829724986,3.07,76638,33876,4357,230,0.05278861602019738,2444,1851,101,173,27.650814619110523,0.7573649754500819,0.04132569558101473,0.07078559738134206
DeKalb,13089022206,1400000US13089022206,022206,2945,46.1,2.119752,0,0,1389.313466858387,1736,1394,342,818.9637278323124,0.19700460829493088,2.03,73969,46653,2832,326,0.11511299435028248,1832,1073,38,381,26.40592694693315,0.5856986899563319,0.02074235807860262,0.20796943231441048
DeKalb,13089022302,1400000US13089022302,022302,3728,39.1,3.505639,0,0,1063.4295202672038,1900,1768,132,541.9839293207316,0.06947368421052631,2.1,100268,68907,3720,399,0.10725806451612903,2046,1216,59,350,25.57193396226415,0.5943304007820137,0.028836754643206255,0.1710654936461388
DeKalb,13089022303,1400000US13089022303,022303,3653,39.9,2.441485,0,0,1496.220537910329,2028,1761,267,830.6420068114282,0.13165680473372782,2.07,99669,65778,3653,157,0.04297837393922803,2026,1498,61,349,28.62552176505665,0.7393879565646594,0.030108588351431393,0.17226061204343535
DeKalb,13089022304,1400000US13089022304,022304,3013,34.9,1.878333,0,0,1604.0819173171103,1667,1464,203,887.4890661027624,0.1217756448710258,2.06,88472,52212,3013,587,0.19482243611018918,1639,914,230,318,22.520817562452688,0.5576571079926784,0.1403294691885296,0.19402074435631483
DeKalb,13089022401,1400000US13089022401,022401,4002,37.9,2.633645,0.001935,7.34183747031014e-4,1519.5669879577545,2041,1984,57,774.9715698205339,0.02792748652621264,1.93,120000,84648,3820,435,0.11387434554973822,2083,1282,62,603,25.554054054054053,0.6154584733557369,0.029764762361977917,0.2894863178108497
DeKalb,13089022403,1400000US13089022403,022403,4107,44.6,4.86113,0.008932,0.0018340628928338078,844.8652885234503,1565,1440,125,321.94160616975887,0.07987220447284345,2.85,250001,111760,4107,178,0.04334063793523253,1851,1061,8,492,28.56512141280353,0.5732036736898973,0.004321988114532685,0.26580226904376014
DeKalb,13089022404,1400000US13089022404,022404,3293,21.1,1.713289,0.01416,0.00819705820548103,1922.0341693666392,1038,745,293,605.8522525971975,0.28227360308285165,1.41,40191,12950,1067,462,0.4329896907216495,904,328,32,69,18.269461077844312,0.36283185840707965,0.035398230088495575,0.07632743362831858
DeKalb,13089022405,1400000US13089022405,022405,2550,21.2,1.439433,0.077251,0.0509341431702319,1771.5308736148193,506,424,82,351.5273027643524,0.16205533596837945,2.03,59519,17904,862,154,0.17865429234338748,1070,526,26,170,17.766666666666666,0.491588785046729,0.024299065420560748,0.1588785046728972
DeKalb,13089022501,1400000US13089022501,022501,4451,36.2,1.280522,0,0,3475.926223836842,2010,1777,233,1569.67236798743,0.11592039800995024,2.5,109943,57727,4423,883,0.1996382545783405,1707,807,119,521,25.75885328836425,0.4727592267135325,0.06971294669009959,0.30521382542472175
DeKalb,13089022502,1400000US13089022502,022502,2644,42,1.569022,0,0,1685.126148645462,1086,937,149,692.1509067431815,0.13720073664825047,2.82,205469,89948,2644,61,0.023071104387291982,1092,570,113,355,22.822252374491182,0.521978021978022,0.10347985347985347,0.3250915750915751
DeKalb,13089022601,1400000US13089022601,022601,4284,45.5,2.138019,0.002179,0.0010181300982432466,2003.72400806541,2466,2111,355,1153.4041559031982,0.14395782643957827,2.03,79550,71300,4282,201,0.046940681924334426,1866,1084,54,523,23.08265078183172,0.5809217577706324,0.028938906752411574,0.2802786709539121
DeKalb,13089022602,1400000US13089022602,022602,2513,39.1,0.980551,0,0,2562.8447678907064,891,891,0,908.6727768366969,0,2.82,154044,85107,2513,50,0.019896538002387585,1251,741,56,291,34.692708333333336,0.592326139088729,0.04476418864908074,0.23261390887290168
DeKalb,13089022700,1400000US13089022700,022700,5414,35.9,2.254201,0,0,2401.7379106832086,1751,1636,115,776.7719027717582,0.06567675613934894,3.16,174750,62037,5185,250,0.048216007714561235,2560,1376,136,763,25.022259321090708,0.5375,0.053125,0.298046875
DeKalb,13089022800,1400000US13089022800,022800,4178,38.1,2.440796,0,0,1711.736662957494,1500,1301,199,614.5536128377792,0.13266666666666665,2.81,159821,58401,3654,56,0.01532567049808429,1836,947,130,584,26.920926517571885,0.5157952069716776,0.07080610021786492,0.31808278867102396
DeKalb,13089022900,1400000US13089022900,022900,4198,43.9,3.892044,0.011142,0.002854591095581917,1078.6106220792983,2439,1940,499,626.6630079207738,0.2045920459204592,2.15,108895,63995,4180,194,0.046411483253588515,2599,1630,168,701,30.966807165437302,0.6271642939592151,0.06464024624855713,0.2697191227395152
DeKalb,13089023000,1400000US13089023000,023000,2403,48.3,1.76351,0.021244,0.011903040979317037,1362.6234044604228,1093,1069,24,619.7866754370546,0.021957913998170174,2.25,121776,70421,2386,101,0.04233025984911987,1183,718,33,322,27.328687572590013,0.6069315300084531,0.027895181741335588,0.27218934911242604
DeKalb,13089023101,1400000US13089023101,023101,4033,39.5,3.548612,0.004723,0.0013291738606126357,1136.50069379239,2100,1624,476,591.780673683119,0.22666666666666666,2.47,69179,36532,4025,299,0.07428571428571429,2118,1541,130,288,27.224043715846996,0.7275731822474032,0.061378659112370164,0.1359773371104816
DeKalb,13089023102,1400000US13089023102,023102,3131,43.2,2.507235,0.007655,0.0030438707060746195,1248.7860132775747,1645,1414,231,656.10124300275,0.14042553191489363,2.2,54056,49950,3108,464,0.1492921492921493,1516,955,282,268,34.475160256410255,0.6299472295514512,0.18601583113456466,0.17678100263852242
DeKalb,13089023107,1400000US13089023107,023107,4289,38.2,3.752697,0,0,1142.9113514893422,2033,1556,477,541.7437112561979,0.23462862764387604,2.75,66455,36389,4289,815,0.19002098391233388,2296,1411,299,290,36.52542372881356,0.6145470383275261,0.13022648083623695,0.12630662020905922
DeKalb,13089023108,1400000US13089023108,023108,4065,38.6,3.693806,0.014121,0.0038083274023463782,1100.4909299513836,1906,1473,433,515.9989452613376,0.22717733473242394,2.74,37245,23630,4065,980,0.24108241082410825,1614,1004,260,199,35.82332155477032,0.6220570012391574,0.161090458488228,0.12329615861214374
DeKalb,13089023111,1400000US13089023111,023111,2263,40.2,2.337613,0.014379,0.006113541202521097,968.0815430098993,781,702,79,334.1014958421261,0.10115236875800256,3.2,45795,38779,2259,498,0.2204515272244356,856,670,48,83,32.88486416558862,0.7827102803738317,0.056074766355140186,0.0969626168224299
DeKalb,13089023112,1400000US13089023112,023112,3978,36,2.469006,0.01154,0.004652201571750735,1611.1746994539503,2510,1767,743,1016.6034428429904,0.29601593625498007,2.25,37198,24293,3978,926,0.23278029160382102,2107,1157,377,142,39.03562340966921,0.5491219743711439,0.17892738490745136,0.06739439962031324
DeKalb,13089023113,1400000US13089023113,023113,3232,31.5,2.041377,0.008918,0.0043496179818026184,1583.2450350915092,1684,1484,200,824.9333660563433,0.1187648456057007,2.18,46000,34500,3232,609,0.18842821782178218,1890,1054,162,331,31.12892880051315,0.5576719576719577,0.08571428571428572,0.17513227513227514
DeKalb,13089023114,1400000US13089023114,023114,3855,41.1,2.384629,0.012704,0.005299222093885163,1616.603672940319,1404,1307,97,588.7708318568633,0.06908831908831908,2.94,50069,25142,3849,621,0.16134060795011693,1617,1074,164,176,35.83275503122832,0.6641929499072357,0.10142238713667286,0.10884353741496598
DeKalb,13089023115,1400000US13089023115,023115,1803,33.3,0.6627,0,0,2720.6880941602535,0,0,0,0,0,-666666666,-666666666,18470,14,5,0.35714285714285715,0,0,0,0,-666666666,0,0,0
DeKalb,13089023209,1400000US13089023209,023209,5608,35.6,4.671256,0.058945,0.012461415487417976,1200.5336466252331,1856,1707,149,397.3235463866678,0.08028017241379311,3.28,77917,30705,5544,607,0.10948773448773448,2697,1755,236,338,33.223823654090715,0.6507230255839822,0.0875046347793845,0.12532443455691508
DeKalb,13089023211,1400000US13089023211,023211,3850,36.6,2.484489,0.00719,0.0028856044458375257,1549.6144277555666,1504,1446,58,605.3558699595773,0.03856382978723404,2.66,67870,36709,3850,392,0.10181818181818182,2178,1533,51,306,30.494123931623932,0.7038567493112947,0.023415977961432508,0.14049586776859505
DeKalb,13089023212,1400000US13089023212,023212,3358,40.2,3.510984,0.036997,0.01042762066651428,956.4270301431166,1576,1327,249,448.8770099778296,0.157994923857868,2.52,64698,38249,3350,460,0.1373134328358209,1771,1314,9,180,32.04588309239472,0.7419536984754376,0.005081874647092038,0.10163749294184077
DeKalb,13089023213,1400000US13089023213,023213,7620,32.9,5.06605,0.01663,0.003271895928919389,1504.1304369281788,2172,2000,172,428.7363922582683,0.07918968692449356,3.78,64524,28708,7606,1769,0.23257954246647383,3633,2596,109,322,31.22319540924192,0.714560968896229,0.030002752546105148,0.08863198458574181
DeKalb,13089023214,1400000US13089023214,023214,5797,31.3,6.542127,0.078018,0.011784938245310336,886.1032505177598,2607,2067,540,398.4942511816111,0.20713463751438435,2.8,60647,25255,5797,767,0.1323098154217699,2617,1637,248,255,34.690939881456394,0.6255254107756973,0.09476499808941537,0.09743981658387467
DeKalb,13089023215,1400000US13089023215,023215,4233,32.8,3.393293,0.014482,0.0042496937151073645,1247.4607998778768,1779,1397,382,524.2694927906314,0.21472737492973581,3.02,48417,20820,4233,934,0.22064729506260336,2128,1133,372,89,34.17606669936243,0.5324248120300752,0.17481203007518797,0.04182330827067669
DeKalb,13089023216,1400000US13089023216,023216,4337,46.8,3.850844,0.00655,0.001698037587034148,1126.246609834104,1759,1632,127,456.78298056218324,0.07220011370096646,2.65,66105,31250,4328,238,0.05499075785582255,1530,1170,18,242,37.5194099378882,0.7647058823529411,0.011764705882352941,0.15816993464052287
DeKalb,13089023217,1400000US13089023217,023217,4231,42.1,3.008975,0.023951,0.007896994519483825,1406.1266710424647,1560,1305,255,518.4489734876495,0.16346153846153846,3.22,70018,39887,4227,841,0.19895907262834162,2009,1602,63,338,26.35547576301616,0.7974116475858636,0.0313588850174216,0.16824290691886512
DeKalb,13089023218,1400000US13089023218,023218,2906,27.4,1.029001,0,0,2824.098324491424,1317,1134,183,1279.8821381125965,0.13895216400911162,2.56,33899,21517,2906,970,0.33379215416379904,1264,693,195,86,33.183361629881155,0.5482594936708861,0.15427215189873417,0.0680379746835443
DeKalb,13089023219,1400000US13089023219,023219,4398,28.8,2.864373,0.025375,0.008781042499207543,1535.414556693559,1189,1017,172,415.0995697836839,0.14465937762825903,4.31,66094,22089,4394,720,0.16385980883022302,1963,1166,68,203,28.724431818181817,0.5939887926642894,0.034640855832908816,0.10341314314824249
DeKalb,13089023220,1400000US13089023220,023220,2967,38.8,3.820384,0.051074,0.0131924458434006,776.623501721293,1247,1080,167,326.40697898431154,0.1339214113873296,2.73,61795,29539,2938,520,0.17699115044247787,1583,1047,321,175,33.69318181818182,0.6614024005053696,0.20277953253316489,0.11054958938723942
DeKalb,13089023221,1400000US13089023221,023221,3568,40,2.348356,0.016934,0.007159375805926546,1519.3607783487682,1138,1007,131,484.59432896886165,0.11511423550087874,3.53,69761,35585,3563,253,0.07100757788380578,1924,1315,31,229,40.85840707964602,0.6834719334719335,0.016112266112266113,0.11902286902286903
DeKalb,13089023222,1400000US13089023222,023222,4192,27.3,2.313514,0.041953,0.017810905438284636,1811.9622358023335,1734,1601,133,749.5091881873202,0.07670126874279123,2.61,44357,21669,4192,1048,0.25,2020,1500,98,203,31.304347826086957,0.7425742574257426,0.048514851485148516,0.1004950495049505
DeKalb,13089023311,1400000US13089023311,023311,5205,37.8,4.915815,0.045642,0.009199313830594521,1058.8274782513174,1748,1691,57,355.5870186327191,0.03260869565217391,3.07,80233,31976,5205,880,0.1690682036503362,2434,1763,72,376,36.707968901846456,0.7243221035332785,0.029580936729663106,0.15447822514379622
DeKalb,13089023313,1400000US13089023313,023313,5589,34.1,4.873498,0.046475,0.00944619005022995,1146.814875065097,1831,1683,148,375.70549941746157,0.08083014746040415,3.32,59054,24017,5589,521,0.09321882268742172,2617,1482,275,507,37.05450236966825,0.5662972869698127,0.10508215513947268,0.19373328238440962
DeKalb,13089023315,1400000US13089023315,023315,7509,39.6,23.30612,0.363436,0.015354576148365436,322.19005136848176,2357,2289,68,101.13223479498089,0.028850233347475603,3.26,79380,29941,7506,479,0.0638156141753264,3108,2710,21,197,41.98728959120577,0.8719433719433719,0.006756756756756757,0.06338481338481339
DeKalb,13089023317,1400000US13089023317,023317,3410,38,11.671312,0.106382,0.009032498212298604,292.1693807859819,1906,1621,285,163.30640462700336,0.1495278069254984,2.1,27458,30084,3406,1341,0.3937169700528479,1395,1121,32,54,41.46532438478747,0.803584229390681,0.022939068100358423,0.03870967741935484
DeKalb,13089023318,1400000US13089023318,023318,3904,42.3,7.491525,0.515046,0.06432791266073828,521.122201420939,1244,1212,32,166.05430803474593,0.02572347266881029,3.21,87813,37415,3904,179,0.04585040983606557,1960,1616,40,163,42.462437395659435,0.8244897959183674,0.02040816326530612,0.08316326530612245
DeKalb,13089023319,1400000US13089023319,023319,2928,31.7,3.558993,0.031861,0.008872819669081506,822.7046245946536,1347,1282,65,378.477844716188,0.04825538233110616,2.28,71233,29922,2928,360,0.12295081967213115,1466,797,0,492,39.455852156057496,0.543656207366985,0,0.33560709413369716
DeKalb,13089023320,1400000US13089023320,023320,3960,27.5,3.062173,0.013312,0.004328422996698082,1293.1993065055435,1753,1593,160,572.4692889657116,0.09127210496292071,2.38,34663,25165,3789,863,0.22776458168382158,1888,1576,43,81,32.4792473713337,0.8347457627118644,0.022775423728813558,0.04290254237288135
DeKalb,13089023321,1400000US13089023321,023321,4466,31.5,1.00705,0.001478,0.0014655021972617517,4434.735117422174,1623,1602,21,1611.6379524353308,0.012939001848428836,2.79,61211,25370,4407,943,0.21397776265032903,2428,1591,133,93,39.03854389721627,0.6552718286655683,0.054777594728171335,0.03830313014827018
DeKalb,13089023322,1400000US13089023322,023322,3157,28.7,1.61514,0,0,1954.6293200589423,1088,984,104,673.6258157187613,0.09558823529411764,3.21,44280,25226,3154,161,0.051046290424857324,1505,985,99,400,42.90497737556561,0.654485049833887,0.06578073089700996,0.26578073089701
DeKalb,13089023323,1400000US13089023323,023323,3940,39.8,3.793232,0.018307,0.00480304674830823,1038.6920705087375,1229,1145,84,323.9981103185885,0.06834825061025224,3.43,71157,28153,3935,667,0.16950444726810673,2108,1706,42,222,39.589077412513255,0.8092979127134725,0.019924098671726755,0.10531309297912714
DeKalb,13089023324,1400000US13089023324,023324,3587,45.1,3.245708,0.171321,0.05013741469563179,1105.1517881460686,1385,1277,108,426.7173756850585,0.0779783393501805,2.81,100446,45487,3587,144,0.04014496793978255,1840,1402,101,196,38.85948905109489,0.7619565217391304,0.05489130434782609,0.10652173913043478
DeKalb,13089023325,1400000US13089023325,023325,4923,40.5,3.623966,0.60256,0.14256625890861668,1358.4564535097736,1764,1544,220,486.7595336159335,0.12471655328798185,3.18,97232,41612,4923,246,0.049969530773918344,2905,1802,8,651,37.224933451641526,0.6203098106712565,0.002753872633390706,0.22409638554216868
DeKalb,13089023326,1400000US13089023326,023326,4206,28.5,1.667079,0.096257,0.054588008184486676,2522.975815783175,1448,1273,175,868.5851120432806,0.12085635359116022,3.3,94904,32877,4148,256,0.06171648987463838,2015,1573,3,294,34.11969785008716,0.7806451612903226,0.001488833746898263,0.14590570719602977
DeKalb,13089023327,1400000US13089023327,023327,7251,28.3,2.629091,0.007442,0.002822646255518137,2757.9874565011255,2280,2103,177,867.2198870255918,0.07763157894736843,3.44,60462,24831,7251,1033,0.14246310853675356,3236,2348,222,409,44.58967102935974,0.7255871446229913,0.06860321384425216,0.12639060568603214
DeKalb,13089023328,1400000US13089023328,023328,4689,36.3,2.529237,0.023557,0.009227928301304375,1853.9187905285269,1726,1685,41,682.4192434319124,0.023754345307068367,2.78,68614,24156,4689,946,0.2017487737257411,2073,1715,111,180,38.14315900686741,0.8273034249879402,0.053545586107091175,0.08683068017366136
DeKalb,13089023329,1400000US13089023329,023329,3669,42.8,6.362662,0.232328,0.03522795334033865,576.6454355111115,1423,1351,72,223.648529499131,0.050597329585382995,2.71,68239,29278,3669,680,0.18533660397928592,1850,1434,3,380,51.48979591836735,0.7751351351351351,0.0016216216216216215,0.20540540540540542
DeKalb,13089023330,1400000US13089023330,023330,4252,33,5.714756,0.036401,0.006329335123349962,744.0387656095903,1133,1117,16,198.25868331036355,0.01412180052956752,3.79,73528,27291,4175,1682,0.402874251497006,1429,1221,26,153,38.307210031347964,0.85444366689993,0.01819454163750875,0.10706787963610917
DeKalb,13089023331,1400000US13089023331,023331,3256,35.3,3.067576,0,0,1061.4243950272137,1160,1142,18,378.1487402431105,0.015517241379310345,2.83,59375,21454,3253,560,0.17214878573624345,1690,1132,99,174,41.38522427440633,0.6698224852071006,0.058579881656804736,0.10295857988165681
DeKalb,13089023332,1400000US13089023332,023332,2671,49.2,2.17291,0,0,1229.227165414122,1067,952,115,491.0465688868844,0.1077788191190253,2.81,64902,32202,2671,145,0.054286783976038935,1526,1048,0,160,31.972913616398245,0.6867627785058977,0,0.10484927916120576
DeKalb,13089023410,1400000US13089023410,023410,3453,38.2,3.227503,0.014248,0.004395155581042467,1069.8673246779322,2149,1528,621,665.8398148661674,0.2889716147045137,2.25,39500,26268,3440,764,0.22209302325581395,1957,1447,199,103,35.82254584681769,0.7393970362800204,0.10168625447112928,0.05263157894736842
DeKalb,13089023411,1400000US13089023411,023411,3341,47.7,2.911637,0.005127,0.0017577699121355036,1147.4644675830127,1814,1491,323,623.0172236442936,0.17805953693495039,2.24,53783,37819,3292,234,0.07108140947752126,1398,1106,115,65,37.374343585896476,0.7911301859799714,0.08226037195994278,0.046494992846924176
DeKalb,13089023413,1400000US13089023413,023413,3852,42,4.002629,0.059664,0.014687271449892954,962.36748397116,1428,1304,124,356.76551586469793,0.08683473389355742,2.95,86458,35477,3820,189,0.049476439790575914,1705,1268,64,171,35.1890482398957,0.7436950146627566,0.0375366568914956,0.10029325513196481
DeKalb,13089023422,1400000US13089023422,023422,6199,35.5,9.034878,0.096541,0.010572398441030906,686.1188385720316,2021,1829,192,223.68868732925887,0.095002474022761,3.39,64028,24670,6181,1375,0.22245591328264036,2903,1994,113,433,29.034412955465587,0.6868756458835688,0.03892524974164657,0.14915604547020322
DeKalb,13089023424,1400000US13089023424,023424,5436,38.1,7.0159840000000004,0.101456,0.014254563438539699,774.8022230381368,1876,1485,391,267.38943532368376,0.2084221748400853,3.66,77284,27522,5434,900,0.16562384983437614,2231,1788,30,132,40.43353978084802,0.8014343343792022,0.01344688480502017,0.05916629314208875
DeKalb,13089023425,1400000US13089023425,023425,6246,45.8,5.001823,0.152537,0.029593780799168082,1248.74470767958,2627,2106,521,525.2085089776268,0.19832508564902931,2.96,66742,30236,6240,958,0.15352564102564104,2453,1680,34,393,35.50970873786408,0.6848756624541378,0.013860578883000407,0.16021198532409295
DeKalb,13089023426,1400000US13089023426,023426,4184,50,5.350197,0.151232,0.02748958497873916,782.0272786217031,1776,1572,204,331.95039360232903,0.11486486486486487,2.66,71192,36675,4184,245,0.05855640535372849,1948,1396,17,308,36.701219512195124,0.7166324435318275,0.008726899383983572,0.15811088295687886
DeKalb,13089023427,1400000US13089023427,023427,2994,44.1,4.546311,0.019477,0.0042658572846571065,658.5559148945156,1083,1008,75,238.215115507936,0.06925207756232687,2.96,66250,31512,2994,688,0.22979291917167669,1541,1054,38,248,36.74013921113689,0.6839714471122648,0.02465931213497729,0.1609344581440623
DeKalb,13089023429,1400000US13089023429,023429,4028,31.9,4.207312,0.185744,0.042281272990829163,957.380864551999,1674,1438,236,397.8787406305974,0.14097968936678615,2.8,50528,27748,4022,1049,0.26081551466931874,1723,1122,96,353,36.627737226277375,0.6511897852582704,0.05571677307022635,0.2048752176436448
DeKalb,13089023430,1400000US13089023430,023430,4437,28.9,1.886875,0.024301,0.012715207809223222,2351.5071215634316,2240,1786,454,1187.1480622722756,0.20267857142857143,2.48,42105,20519,4437,1017,0.22920892494929007,1931,1309,143,362,39.83110261312938,0.6778871051268772,0.07405489383738996,0.18746763335059555
DeKalb,13089023431,1400000US13089023431,023431,1823,37.2,1.518542,0.0079,0.005175434114103254,1200.4936313911633,843,677,166,555.137757138097,0.19691577698695137,2.68,51618,19350,1741,526,0.30212521539345205,632,353,0,229,36.09181141439206,0.5585443037974683,0,0.3623417721518987
DeKalb,13089023432,1400000US13089023432,023432,3656,48.3,9.77485,0.267653,0.02665202091550284,374.0210847225277,1246,1188,58,127.46998675171486,0.04654895666131621,3.07,90770,37828,3653,18,0.004927456884752259,1872,1561,0,100,42.74548532731377,0.8338675213675214,0,0.053418803418803416
DeKalb,13089023433,1400000US13089023433,023433,5275,45,11.864534,0.049096,0.004120994189008724,444.60237544938553,1599,1449,150,134.77141200825923,0.09380863039399624,3.64,61438,32130,5275,565,0.10710900473933649,2186,1398,13,304,42.18916046758767,0.6395242451967064,0.005946935041171089,0.13906678865507777
DeKalb,13089023434,1400000US13089023434,023434,4588,28.8,15.111682,0.245662,0.01599638583338369,303.6061769960485,1526,1406,120,100.98147909676766,0.07863695937090433,3.26,85105,33107,4582,126,0.02749890877346137,2733,2080,0,238,36.701402805611224,0.761068422978412,0,0.08708379070618368
DeKalb,13089023435,1400000US13089023435,023435,3040,31.9,3.795491,0.079965,0.02063370091158305,800.9503908716948,1341,843,498,353.3139717628101,0.3713646532438479,3.61,74839,28659,3040,398,0.13092105263157894,1290,1110,0,180,35.531531531531535,0.8604651162790697,0,0.13953488372093023
DeKalb,13089023436,1400000US13089023436,023436,3319,36.4,3.11909,0.037104,0.01175593135276222,1064.092411568759,1096,975,121,351.38453843909605,0.1104014598540146,3.4,80230,27291,3319,306,0.09219644471226272,1567,1194,40,39,32.08769633507853,0.7619655392469687,0.025526483726866625,0.02488832163369496
DeKalb,13089023437,1400000US13089023437,023437,7085,33.7,10.10789,0.115956,0.011341720131543453,700.9375844018881,2569,2324,245,254.1578905191885,0.09536784741144415,3.04,83710,36958,7070,1044,0.14766619519094767,3564,2632,211,308,31.22850122850123,0.7384960718294051,0.05920314253647587,0.08641975308641975
DeKalb,13089023438,1400000US13089023438,023438,3769,42.1,3.360326,0.100422,0.02901742629050136,1121.6173668864271,2284,1639,645,679.6959580707347,0.28239929947460596,2.3,59930,32673,3769,397,0.10533297957017776,2213,1532,3,406,33.6524626452684,0.6922729326705829,0.0013556258472661546,0.18346136466335292
DeKalb,13089023439,1400000US13089023439,023439,2812,30.2,2.763279,0.052043,0.018485629707720823,1017.631589137398,1332,963,369,482.0360159071886,0.27702702702702703,2.77,37602,18023,2671,752,0.28154249344814675,1152,713,163,16,32.117077464788736,0.6189236111111112,0.14149305555555555,0.013888888888888888
DeKalb,13089023440,1400000US13089023440,023440,3821,38.3,10.042421,0.041915,0.004156446195366755,380.4859405914172,1826,1413,413,181.82866462180783,0.2261774370208105,2.7,78415,39477,3821,217,0.05679141585972258,2348,1201,288,508,35.1875,0.5114991482112436,0.12265758091993186,0.21635434412265758
DeKalb,13089023441,1400000US13089023441,023441,3177,41.1,5.803672,0.018032,0.003097374926653777,547.4120522317595,1364,1230,134,235.02361952915328,0.09824046920821114,2.57,68793,40651,3160,245,0.07753164556962025,1696,1252,21,180,37.44722955145119,0.7382075471698113,0.012382075471698114,0.10613207547169812
DeKalb,13089023442,1400000US13089023442,023442,2928,49.1,3.7458649999999998,0.007498,0.00199767515159072,781.6619125355559,1443,1096,347,385.22477451803525,0.24047124047124047,2.66,73017,38170,2922,290,0.09924709103353867,1573,1075,22,267,36.512251148545175,0.6834075015893197,0.013986013986013986,0.16973935155753336
DeKalb,13089023443,1400000US13089023443,023443,6296,36.9,7.672797,0.088732,0.011432283510117658,820.5612633828316,2215,2103,112,288.6822106723272,0.05056433408577878,2.99,106194,34036,6283,414,0.06589208976603533,3252,2227,160,453,34.14076455877099,0.6848093480934809,0.04920049200492005,0.1392988929889299
DeKalb,13089023444,1400000US13089023444,023444,2072,36.3,15.021036,0.13423,0.008856987399627298,137.93988643659466,1534,845,689,102.12344874215067,0.4491525423728814,2.41,78605,40876,2037,615,0.3019145802650957,1033,663,39,154,38.640500568828216,0.6418199419167473,0.0377541142303969,0.14908034849951599
DeKalb,13089023445,1400000US13089023445,023445,3548,50.8,4.522347,0.006042,0.0013342493323784683,784.5483772032532,1706,1511,195,377.237748452297,0.11430246189917936,2.31,52313,31990,3541,191,0.05393956509460604,1295,862,137,176,38.72654155495979,0.6656370656370656,0.10579150579150579,0.13590733590733592
DeKalb,13089023446,1400000US13089023446,023446,2088,37.1,2.814775,0.033296,0.011690719788937846,741.7999662495226,1225,869,356,435.20352426037607,0.29061224489795917,2.4,39141,23107,2085,521,0.24988009592326138,898,410,133,132,31.43603133159269,0.45657015590200445,0.14810690423162584,0.14699331848552338
DeKalb,13089023447,1400000US13089023447,023447,2804,55.4,2.966864,0.003222,0.001084817072636954,945.105673869783,1298,1264,34,437.4989888313047,0.026194144838212634,2.2,44158,33569,2784,217,0.07794540229885058,1296,1081,0,131,31.472103004291846,0.8341049382716049,0,0.10108024691358025
DeKalb,13089023448,1400000US13089023448,023448,3276,47.7,3.875873,0.05016,0.012776255319300678,845.2289329397532,1303,1153,150,336.18232589148306,0.11511895625479662,2.84,90101,42505,3276,305,0.0931013431013431,1507,1249,0,90,38.18983768525053,0.8287989382879893,0,0.059721300597213006
DeKalb,13089023501,1400000US13089023501,023501,3582,36.8,2.298295,0,0,1558.546661764482,1756,1315,441,764.0446504909074,0.2511389521640091,2.69,53490,28877,3580,384,0.10726256983240223,1486,927,113,201,31.373540856031127,0.6238223418573351,0.07604306864064603,0.13526244952893673
DeKalb,13089023504,1400000US13089023504,023504,2882,41.1,2.196595,0,0,1312.0306656438715,1443,1127,316,656.9258329368864,0.218988218988219,2.55,49156,27771,2882,520,0.18043025676613464,1411,824,247,166,42.196787148594375,0.5839829907866761,0.17505315379163713,0.11764705882352941
DeKalb,13089023505,1400000US13089023505,023505,2991,39.9,2.178776,0,0,1372.789125637514,1098,937,161,503.9526780173822,0.14663023679417123,3.19,60625,29844,2991,350,0.1170177198261451,1246,869,121,125,39.964317573595004,0.6974317817014446,0.0971107544141252,0.10032102728731943
DeKalb,13089023506,1400000US13089023506,023506,6126,40.5,5.360667,0.003527,6.575079126519287e-4,1142.7682413401167,2338,1820,518,436.13975648925776,0.2215568862275449,3.22,65642,25546,5874,1477,0.25144705481784135,2721,1872,75,507,29.317976513098465,0.6879823594266814,0.027563395810363836,0.18632855567805953
DeKalb,13089023507,1400000US13089023507,023507,3502,41.4,3.583832,0.010948,0.0030455271254430033,977.1663403864912,1524,1133,391,425.24314755825606,0.25656167979002625,3.09,56467,24043,3502,689,0.1967447173043975,1327,959,127,85,37.31884057971015,0.7226827430293896,0.09570459683496609,0.0640542577241899
DeKalb,13089023601,1400000US13089023601,023601,2770,37.3,1.774514,0.030216,0.01674267064879511,1560.9907839554944,1287,1084,203,725.2690032313074,0.15773115773115773,2.55,87292,45427,2733,437,0.15989754848152213,1390,805,145,298,36.391941391941394,0.579136690647482,0.10431654676258993,0.2143884892086331
DeKalb,13089023602,1400000US13089023602,023602,2234,37.9,2.738624,0.011195,0.004071177048380275,815.7381225023953,971,738,233,354.557617255965,0.2399588053553038,3.03,54412,32588,2234,414,0.18531781557743957,864,595,36,61,30.902864259028643,0.6886574074074074,0.041666666666666664,0.07060185185185185
DeKalb,13089023603,1400000US13089023603,023603,4140,37.9,2.946173,0,0,1405.2127963972246,1701,1412,289,577.3591706936422,0.16990005878894768,2.93,44714,20900,4117,769,0.1867864950206461,1613,1068,160,160,35.50929112181693,0.662120272783633,0.09919404835709858,0.09919404835709858
DeKalb,13089023701,1400000US13089023701,023701,2590,38.1,2.669961,0.001516,5.674763436106693e-4,970.0516224768827,1348,1222,126,504.87628845514973,0.09347181008902077,2.12,36700,46399,2590,295,0.1138996138996139,1697,884,103,277,29.095070422535212,0.5209192692987625,0.06069534472598703,0.1632292280494991
DeKalb,13089023702,1400000US13089023702,023702,2992,32,2.151054,0.009682,0.004480880588836397,1390.9460199511498,1638,1428,210,761.4871593181762,0.1282051282051282,2.09,45147,31980,2987,643,0.21526615333110144,1397,988,137,202,27.673640167364017,0.7072297780959198,0.09806728704366499,0.14459556191839656
DeKalb,13089023801,1400000US13089023801,023801,4965,43.4,4.350745,0.026795,0.006121017740557482,1141.183866211419,2369,2041,328,544.5044469395472,0.13845504432249894,2.43,84329,46005,4961,529,0.10663172747429954,2839,1859,123,494,35.38379530916844,0.6548080309968298,0.043325114476928495,0.1740049313138429
DeKalb,13089023802,1400000US13089023802,023802,3357,37.8,9.577126,0.062861,0.0065208594160967226,350.5226933424495,1678,1354,324,175.20913894210017,0.19308700834326578,2.04,75658,40004,2768,142,0.05130057803468208,1428,992,42,336,27.934981684981686,0.6946778711484594,0.029411764705882353,0.23529411764705882
DeKalb,13089023803,1400000US13089023803,023803,5736,39.4,4.948413,0.004868,9.827829271143714e-4,1159.1595123527482,2355,2080,275,475.910155437713,0.11677282377919321,2.76,65357,37557,5736,1175,0.2048465829846583,2895,1881,69,471,32.508250825082506,0.649740932642487,0.02383419689119171,0.16269430051813472
DeKalb,13089980000,1400000US13089980000,980000,0,-666666666,0.644626,0.096243,0.12990555685283092,0,0,0,0,0,0,-666666666,-666666666,-666666666,0,0,0,0,0,0,0,-666666666,0,0,0
Douglas,13097080104,1400000US13097080104,080104,4713,39.8,7.956447,0.007552,9.482673214800756e-4,592.3498264991899,2513,2311,202,315.8444969218044,0.08038201352964584,2.04,43295,28873,4713,1416,0.30044557606619987,2439,2008,100,73,27.709213863060018,0.8232882328823288,0.04100041000410004,0.02993029930299303
Douglas,13097080105,1400000US13097080105,080105,4219,36.5,22.307046,0.196145,0.008716319387770384,189.13306584834228,1784,1774,10,79.97473085409875,0.005605381165919282,2.38,91162,42584,4219,422,0.10002370229912301,2369,1744,0,577,38.49609375,0.7361756015196286,0,0.24356268467707895
Douglas,13097080106,1400000US13097080106,080106,3395,41.6,7.050361,0.012942,0.0018322872457828866,481.53562633175807,1615,1451,164,229.06628469095412,0.10154798761609907,2.33,51741,29855,3274,487,0.1487477092241906,1754,1276,60,127,28.76459741856177,0.7274800456100342,0.03420752565564424,0.07240592930444698
Douglas,13097080107,1400000US13097080107,080107,3981,26.8,2.936025,0,0,1355.9148849209391,2096,1916,180,713.8903789988165,0.08587786259541985,2.08,47341,25997,3981,609,0.15297663903541825,2165,1719,0,303,28.547261009667025,0.7939953810623557,0,0.13995381062355658
Douglas,13097080201,1400000US13097080201,080201,6534,36.4,19.002233,0.036208,0.0019018363951123938,343.8543249101303,1937,1884,53,101.93538833041359,0.027361899845121322,3.46,75947,26626,6505,570,0.08762490392006149,2616,2129,0,211,21.983367983367984,0.8138379204892966,0,0.08065749235474007
Douglas,13097080203,1400000US13097080203,080203,6551,33.4,8.832642,0,0,741.680688518792,2167,2068,99,245.33995604033313,0.04568527918781726,3.17,76382,29425,6479,777,0.1199259144929773,3286,2424,35,242,28.850197109067018,0.7376749847839318,0.010651247717589775,0.0736457699330493
Douglas,13097080204,1400000US13097080204,080204,3700,28.7,6.223777,0.102983,0.016277367878661433,594.4943078776762,1466,1363,103,235.54828522937117,0.07025920873124147,2.71,54988,23295,3650,339,0.09287671232876712,1713,1149,0,270,46.822591822591825,0.670753064798599,0,0.15761821366024517
Douglas,13097080303,1400000US13097080303,080303,3171,37.6,5.182534,0,0,611.8628454728903,1425,1129,296,274.96201665054195,0.20771929824561403,2.77,45462,22148,3161,865,0.2736475798797849,1332,1008,14,157,28.88936170212766,0.7567567567567568,0.010510510510510511,0.11786786786786786
Douglas,13097080304,1400000US13097080304,080304,5943,39,10.295194,0,0,577.2596417318605,2734,2502,232,265.5608043908643,0.08485735186539868,2.01,49704,31383,5041,620,0.1229914699464392,2169,1727,0,170,21.575787893946973,0.7962194559704933,0,0.07837713231904103
Douglas,13097080305,1400000US13097080305,080305,5576,28.7,11.062659,0.003966,3.583748432787774e-4,504.03795326241186,1834,1677,157,165.78292795610892,0.08560523446019629,3.32,78692,24426,5576,837,0.15010760401721665,2319,2005,6,92,32.94117647058823,0.8645968089693834,0.00258732212160414,0.03967227253126347
Douglas,13097080306,1400000US13097080306,080306,3775,29.8,4.359506,0.029955,0.006824300295639943,865.9237996231684,1568,1341,227,359.6737795520869,0.1447704081632653,2.8,56552,24655,3775,534,0.14145695364238411,1887,1629,0,164,28.83052814857806,0.863275039745628,0,0.08691043985161633
Douglas,13097080307,1400000US13097080307,080307,3881,33.5,6.968105,0.023811,0.0034055042995367792,556.96634881363,1361,1211,150,195.31852634252783,0.11021307861866275,3.2,78379,32041,3881,283,0.0729193506828137,2050,1410,0,223,27.101806239737275,0.6878048780487804,0,0.10878048780487805
Douglas,13097080403,1400000US13097080403,080403,5317,38.6,42.342466,0.051659,0.0012185414842268828,125.57133540592557,1777,1708,69,41.9673242460654,0.038829487900956666,3.11,74669,32010,5251,485,0.09236335936012188,2547,2203,0,224,31.390443392165302,0.8649391440910875,0,0.08794660384766392
Douglas,13097080405,1400000US13097080405,080405,5241,40.6,63.633719,0.030682,4.8193338063449304e-4,82.36199427539353,1869,1718,151,29.37122062597033,0.08079186730872125,3.05,114821,53062,5241,152,0.02900209883609998,2629,2108,0,372,31.278245458573327,0.801825789273488,0,0.1414986686953214
Douglas,13097080406,1400000US13097080406,080406,3878,40.9,48.594413,0.277237,0.005672757109694475,79.80341279150753,1334,1334,0,27.451715488362826,0,2.91,97976,36726,3878,148,0.038164002062919034,2395,1904,15,310,40.95443645083933,0.7949895615866388,0.006263048016701462,0.12943632567849686
Douglas,13097080407,1400000US13097080407,080407,5053,39.5,16.060421,0.23411,0.014367397257398816,314.6243800209222,1996,1785,211,124.28067732471021,0.10571142284569138,2.83,87480,36950,5053,496,0.09815950920245399,2353,1857,0,273,32.64423076923077,0.7892052698682533,0,0.11602209944751381
Douglas,13097080408,1400000US13097080408,080408,2990,46.7,43.58833,0.054935,0.0012587280076318762,68.59634218608512,1110,1077,33,25.46553171456672,0.02972972972972973,2.76,62292,35368,2989,417,0.13951154232184676,1222,1010,10,142,44.18055555555556,0.8265139116202946,0.008183306055646482,0.11620294599018004
Douglas,13097080505,1400000US13097080505,080505,4686,36.4,9.911327,0,0,472.79239197738104,1645,1526,119,165.9717210419957,0.07234042553191489,3.07,62241,25250,4673,502,0.10742563663599401,1956,1488,17,123,34.57992362247681,0.7607361963190185,0.008691206543967281,0.06288343558282208
Douglas,13097080506,1400000US13097080506,080506,5161,43.6,18.380433,0.01449,7.87717350053599e-4,280.78772681796994,1853,1757,96,100.81372946981173,0.05180787911494873,2.79,77393,33595,4907,581,0.11840228245363767,2427,1814,0,353,33.21118611378978,0.7474248042851257,0,0.1454470539761022
Douglas,13097080507,1400000US13097080507,080507,3905,38.3,24.996921,0.212864,0.008443705489753284,156.21923996159367,1371,1306,65,54.84675492633673,0.04741064916119621,2.99,85174,41403,3905,370,0.09475032010243278,1721,1453,26,177,34.34585492227979,0.8442765833817548,0.015107495642068565,0.10284718187100524
Douglas,13097080508,1400000US13097080508,080508,5080,37.9,6.481344,0,0,783.7880538357476,2214,2118,96,341.59581716384747,0.04336043360433604,2.4,68224,35627,5071,1172,0.23111812265825282,2606,2146,83,282,33.77581755593804,0.8234842670759785,0.0318495778971604,0.10821181887950883
Douglas,13097080509,1400000US13097080509,080509,6254,39.6,8.634512,0.05609,0.006454098346696811,724.3026589111231,2395,2329,66,277.3752587291557,0.02755741127348643,2.69,123696,42363,6106,373,0.06108745496233213,3367,2537,8,359,36.672207446808514,0.7534897534897534,0.002376002376002376,0.10662310662310662
Douglas,13097080512,1400000US13097080512,080512,5214,40.7,10.807718,0.062121,0.005714988050880975,482.43301684962546,1625,1566,59,150.35551445735354,0.036307692307692305,3.33,82189,28960,5214,550,0.10548523206751055,2338,1582,0,398,30.412371134020617,0.6766467065868264,0,0.17023096663815226
Douglas,13097080513,1400000US13097080513,080513,4525,31,4.113099,0.037181,0.008958672667868192,1100.1437115907008,1296,1296,0,315.0908840268615,0,3.49,108150,29675,4525,765,0.16906077348066298,1707,1271,0,351,42.485250737463126,0.7445811364967779,0,0.2056239015817223
Douglas,13097080514,1400000US13097080514,080514,4378,38.2,31.211154,0.405551,0.012827111490587018,140.27036616460896,1318,1262,56,42.22849305732175,0.042488619119878605,3.4,123333,40696,4296,182,0.04236499068901303,2337,1994,0,171,34.32825484764543,0.8532306375695335,0,0.07317073170731707
Douglas,13097080515,1400000US13097080515,080515,5511,32.5,11.262562,0,0,489.32028076737777,1638,1638,0,145.43760114261744,0,3.36,107619,34822,5511,1130,0.20504445654146253,2709,1735,56,499,42.490950226244344,0.6404577334809893,0.020671834625323,0.18420081210778885
Douglas,13097080602,1400000US13097080602,080602,6764,39.1,24.268827,0.121335,0.004974751705216226,278.7114515258607,2492,2206,286,102.68316635163289,0.11476725521669343,3.06,84523,34365,6760,620,0.09171597633136094,3194,2289,11,574,33.034351145038165,0.7166562304320601,0.0034439574201628053,0.1797119599248591
Douglas,13097080605,1400000US13097080605,080605,3954,35,9.404735,0.07387,0.007793340897737589,420.42651919485235,1467,1292,175,155.98525636288528,0.11929107021131562,3.06,70677,32927,3954,264,0.06676783004552352,2009,1422,0,279,31.115606936416185,0.7078148332503733,0,0.13887506222000995
Douglas,13097080606,1400000US13097080606,080606,4857,33.9,18.27442,0.260222,0.014039764026734371,265.7813490113503,1670,1543,127,91.38456925035103,0.07604790419161676,3.13,109274,51764,4840,477,0.09855371900826446,2347,1728,1,304,33.38962310327949,0.7362590541116318,4.2607584149978694e-4,0.12952705581593524
Douglas,13097080607,1400000US13097080607,080607,3889,49.3,7.671498,0.056655,0.007330988400462569,506.94140831425625,1526,1330,196,198.91812524750708,0.12844036697247707,2.92,137552,48905,3889,87,0.022370789406016972,1916,1468,25,380,38.287760416666664,0.7661795407098121,0.013048016701461378,0.19832985386221294
Douglas,13097080608,1400000US13097080608,080608,2639,42.6,6.487972,0.060963,0.009308841819318714,406.7526801903584,1286,1134,152,198.21293926669227,0.1181959564541213,2.33,68919,36588,2639,49,0.01856763925729443,1458,1081,26,176,28.377535101404057,0.7414266117969822,0.01783264746227709,0.12071330589849108
Fayette,13113140102,1400000US13113140102,140102,6372,44.8,30.870355,0.40551,0.012965588641593126,206.4116204688932,2488,2284,204,80.59512111214788,0.0819935691318328,2.79,75682,38527,6307,489,0.0775328999524338,2468,2078,28,189,39.36156208863537,0.8419773095623987,0.011345218800648298,0.07658022690437602
Fayette,13113140103,1400000US13113140103,140103,1607,53.4,13.596859,0.355548,0.02548291488343194,118.18906116478813,738,683,55,54.277241530562314,0.07452574525745258,2.35,63438,36630,1607,404,0.25140012445550713,624,530,0,68,35.152877697841724,0.8493589743589743,0,0.10897435897435898
Fayette,13113140104,1400000US13113140104,140104,5891,41.6,28.088994,0.561542,0.01959970312597293,209.7262721477316,2272,2053,219,80.88577326763642,0.09639084507042253,2.87,100446,52694,5891,163,0.027669326090646748,2988,2122,104,490,31.757405924739793,0.7101740294511378,0.03480589022757698,0.1639892904953146
Fayette,13113140203,1400000US13113140203,140203,6490,47.2,26.217489,0.687268,0.025544478993064314,247.54468286417512,2492,2348,144,95.05105542334736,0.05778491171749599,2.76,106931,50934,6490,107,0.016486902927580895,3199,2305,0,607,31.467978395061728,0.7205376680212566,0,0.18974679587371054
Fayette,13113140204,1400000US13113140204,140204,6201,38.5,41.104329,0.915475,0.021786750837771637,150.86002255382883,2175,2109,66,52.91413466450213,0.030344827586206897,2.94,86027,46493,6201,287,0.046282857603612323,2924,2080,10,364,35.2421875,0.7113543091655267,0.003419972640218878,0.12448700410396717
Fayette,13113140206,1400000US13113140206,140206,4293,45.6,13.865549,0.522051,0.03628478689983041,309.6163015254571,1680,1530,150,121.16361205748146,0.08928571428571429,2.78,154750,79953,4251,72,0.016937191249117856,2032,1389,0,371,30.788681517158338,0.6835629921259843,0,0.18257874015748032
Fayette,13113140207,1400000US13113140207,140207,6357,48.5,7.352437,0.800327,0.09816633966100331,864.611284666567,2813,2689,124,382.5942337214178,0.04408105225737647,2.36,127260,66831,6357,453,0.07126002831524304,3051,2228,7,657,28.619465329991645,0.7302523762700753,0.0022943297279580466,0.2153392330383481
Fayette,13113140209,1400000US13113140209,140209,2222,44.6,3.034761,0.006792,0.0022330697508805533,732.1828638235432,1130,931,199,372.3522214764194,0.17610619469026548,2.24,81458,43333,2083,153,0.07345175228036485,1131,681,45,335,28.17211055276382,0.6021220159151194,0.03978779840848806,0.29619805481874445
Fayette,13113140210,1400000US13113140210,140210,6485,40.6,14.055501,0.490163,0.033698220995617666,461.38519004054,2660,2440,220,189.2497464160118,0.08270676691729323,2.66,110902,53029,6372,207,0.03248587570621469,2732,1832,0,667,32.68038740920097,0.6705710102489019,0,0.24414348462664714
Fayette,13113140303,1400000US13113140303,140303,5095,43.1,13.965156,0.948083,0.06357324522191322,364.8365976004851,1961,1803,158,140.4209161716489,0.08057113717491075,2.83,135099,60116,5095,353,0.06928361138370952,2514,1507,5,765,30.62607204116638,0.5994431185361973,0.001988862370723946,0.3042959427207637
Fayette,13113140304,1400000US13113140304,140304,5914,42.8,13.790418,0.12884,0.009256240526614277,428.84849465766735,2336,2109,227,169.39297996623452,0.09717465753424658,2.8,104842,51025,5856,597,0.1019467213114754,2449,1857,14,256,29.70816233470132,0.7582686810943242,0.0057166190281747655,0.10453246222948143
Fayette,13113140305,1400000US13113140305,140305,6226,38.8,25.574832,0.601718,0.022986910039711116,243.44245936786604,1905,1836,69,74.48729281975342,0.03622047244094488,3.39,132399,49845,6226,56,0.008994539029874718,2667,2066,0,340,36.697464546626556,0.7746531683539557,0,0.1274840644919385
Fayette,13113140307,1400000US13113140307,140307,5365,44.8,17.049383,0.379232,0.021759158716857307,314.6741439264987,1685,1685,0,98.83055592099727,0,3.18,210341,72900,5365,197,0.03671947809878844,2393,1894,0,353,34.50735294117647,0.7914751358127873,0,0.14751358127872963
Fayette,13113140308,1400000US13113140308,140308,2109,48.2,7.80475,0.030709,0.003919234342238278,270.22005829783143,896,810,86,114.80188346840065,0.09598214285714286,2.51,146897,58182,2036,50,0.02455795677799607,965,698,0,249,28.48463687150838,0.7233160621761658,0,0.25803108808290154
Fayette,13113140309,1400000US13113140309,140309,6260,41,5.481713,0.039652,0.007181557459070357,1141.9787938551326,2445,2445,0,446.0284586223321,0,2.56,78400,42194,6260,456,0.07284345047923323,2295,1612,0,397,22.72918861959958,0.7023965141612201,0,0.17298474945533768
Fayette,13113140403,1400000US13113140403,140403,5197,50.4,15.657589,0.270505,0.016982885711247057,331.9157247006547,2017,1926,91,128.8193220552666,0.0451165096678235,2.7,112341,52335,5197,11,0.0021166057340773524,2772,1783,66,381,33.335424508573816,0.6432178932178932,0.023809523809523808,0.13744588744588745
Fayette,13113140404,1400000US13113140404,140404,6748,43.4,13.789101,0.449621,0.03157734240474672,489.37200474490686,2698,2698,0,195.66177664519245,0,2.44,91558,46690,6512,306,0.04699017199017199,3020,2682,0,174,31.827125790583274,0.8880794701986755,0,0.0576158940397351
Fayette,13113140405,1400000US13113140405,140405,4233,45.1,19.913848,0.522731,0.02557820464961381,212.56564778439605,1409,1376,33,70.75478330456274,0.0234208658623137,3.08,129185,51355,4233,172,0.040633120718166785,2029,1543,0,336,26.287655050206734,0.7604731394775751,0,0.16559881715130606
Fayette,13113140406,1400000US13113140406,140406,3766,33.9,13.315857,0.234782,0.017326267787076313,282.82070016222013,1607,1493,114,120.68318246433557,0.07093963907902924,2.52,64226,32826,3766,324,0.08603292618162507,1867,1437,7,145,29.709639953542393,0.7696839850026781,0.003749330476700589,0.07766470273165506
Fayette,13113140408,1400000US13113140408,140408,3891,47.3,15.645077,0.231645,0.014590228385935081,248.70443271068592,1245,1223,22,79.57774832300282,0.017670682730923693,3.17,120638,42922,3867,45,0.011636927851047323,1601,1222,0,213,32.5,0.7632729544034978,0,0.1330418488444722
Fayette,13113140409,1400000US13113140409,140409,3960,41.8,9.012077,0.221697,0.024009359553309406,439.4103601200922,1245,1208,37,138.14795412866536,0.02971887550200803,3.05,88571,36330,3685,500,0.13568521031207598,1410,1141,0,176,35.29578606158833,0.8092198581560284,0,0.12482269503546099
Fayette,13113140410,1400000US13113140410,140410,3951,44.4,12.86224,0.263991,0.02011171371279387,307.1782209008695,1867,1791,76,145.1535657863638,0.040707016604177824,2.21,65068,39010,3951,372,0.09415337889141989,1725,1470,0,193,36.17819843342036,0.8521739130434782,0,0.11188405797101449
Fayette,13113140501,1400000US13113140501,140501,6706,40.5,71.525175,1.779712,0.02427821763097459,93.75719807746013,2182,2161,21,30.506741157920967,0.009624197983501375,3.1,131250,51682,6697,295,0.04404957443631477,3246,2233,36,402,33.37201125175809,0.6879235982747998,0.011090573012939002,0.12384473197781885
Fayette,13113140502,1400000US13113140502,140502,3920,44.1,70.352216,1.934343,0.026759373066851888,55.719637886033325,1361,1257,104,19.345517133390654,0.07641440117560618,3.12,125885,52232,3915,157,0.040102171136653895,1995,1595,14,284,35.7510227936879,0.7994987468671679,0.007017543859649123,0.14235588972431076
Forsyth,13117130101,1400000US13117130101,130101,5508,38.7,25.776556,0.356865,0.013655502660750003,213.68254160873937,1785,1750,35,69.24897181764702,0.0196078431372549,3.15,131818,54080,5453,263,0.048230331927379425,2673,1987,13,276,34.07801418439716,0.7433595211372989,0.004863449307893753,0.10325476992143659
Forsyth,13117130102,1400000US13117130102,130102,2362,47.9,13.75105,0.043885,0.003181240071084061,171.76870129917353,935,853,82,67.99480766923253,0.0877005347593583,2.77,99671,49509,2362,113,0.04784081287044877,1264,926,0,224,37.64903846153846,0.7325949367088608,0,0.17721518987341772
Forsyth,13117130103,1400000US13117130103,130103,4789,38.6,21.477882,2.480135,0.10352004508553442,222.973568809066,1713,1557,156,79.75646760700147,0.09106830122591944,3.08,78551,36098,4770,421,0.08825995807127883,2432,1867,13,361,35.08450024142926,0.7676809210526315,0.005345394736842105,0.1484375
Forsyth,13117130104,1400000US13117130104,130104,4188,43.7,20.871371,8.761027,0.2956570372738649,200.657637679863,1697,1549,148,81.30754802834946,0.08721272834413671,2.7,109801,53927,4188,227,0.05420248328557784,2237,1587,32,437,33.96666666666667,0.7094322753687975,0.014304872597228431,0.19535091640590077
Forsyth,13117130105,1400000US13117130105,130105,2766,38.8,10.010092,0.454659,0.04344670981660242,276.3211367088334,1039,951,88,103.79524983386766,0.0846968238691049,2.91,75662,36407,2762,344,0.12454742939898625,1249,883,0,138,32.11971197119712,0.7069655724579663,0,0.11048839071257005
Forsyth,13117130201,1400000US13117130201,130201,6345,37.5,37.680907,0.634942,0.01657126271689817,168.38766646461033,1988,1966,22,52.75881496164623,0.011066398390342052,3.23,140234,47373,6330,365,0.05766192733017378,3649,2682,0,765,33.61997226074896,0.7349958892847356,0,0.2096464784872568
Forsyth,13117130202,1400000US13117130202,130202,6404,36.4,15.292051,0.298483,0.01914514281550587,418.7796653307002,1861,1829,32,121.69721380081717,0.017195056421278884,3.5,143203,48935,6383,62,0.009713300955663482,3097,1898,0,940,30.73945294390357,0.6128511462705845,0,0.3035195350339038
Forsyth,13117130203,1400000US13117130203,130203,6255,34.8,31.249651,0.268415,0.008516226852244043,200.16223541184507,2117,2080,37,67.7447565734414,0.01747756258856873,3.01,102845,43615,6242,418,0.06696571611662928,3310,2528,16,591,35.612357484369255,0.7637462235649547,0.004833836858006042,0.17854984894259818
Forsyth,13117130204,1400000US13117130204,130204,7090,33.8,17.043598,0.244274,0.014129789947542416,415.9919754033157,2296,2296,0,134.71333928434595,0,3.08,122900,42151,7055,325,0.04606661941885188,3465,2397,11,728,31.812203142126418,0.6917748917748918,0.0031746031746031746,0.2101010101010101
Forsyth,13117130205,1400000US13117130205,130205,5773,36.6,16.793347,0.231732,0.013611214373807017,343.76708824036086,2077,1979,98,123.6799311060505,0.04718343765045739,2.91,113403,41759,5766,214,0.037114117238987165,3160,2356,42,662,29.923939151321058,0.7455696202531645,0.013291139240506329,0.20949367088607596
Forsyth,13117130301,1400000US13117130301,130301,7825,40.5,20.631633,0.331106,0.01579497793680492,379.27196552982497,2511,2484,27,121.70631379493808,0.010752688172043012,3.15,129375,50511,7783,485,0.06231530258255172,4046,2563,0,1179,33.311824206487614,0.6334651507661888,0,0.29139891250617894
Forsyth,13117130302,1400000US13117130302,130302,9203,37.6,11.977959,0.072288,0.005998881184759117,768.3278929239948,2903,2845,58,242.36182474827305,0.019979331725800895,3.23,156108,57886,9203,182,0.019776159947843094,4520,2974,0,1286,30.940012368583798,0.6579646017699115,0,0.2845132743362832
Forsyth,13117130303,1400000US13117130303,130303,3936,41.5,18.163835,0.152792,0.008341710512530501,216.6943269414196,1459,1372,87,80.32444690231992,0.05962988348183688,2.87,118636,48810,3936,66,0.01676829268292683,1974,1367,0,434,34.03896103896104,0.6925025329280649,0,0.2198581560283688
Forsyth,13117130304,1400000US13117130304,130304,6001,40,12.454512,0.128814,0.010236880138049352,481.8334110561699,2296,2226,70,184.35086015413532,0.03048780487804878,2.7,171417,62450,6001,29,0.004832527912014664,2718,1769,0,887,28.285090114691425,0.6508462104488595,0,0.3263428991905813
Forsyth,13117130305,1400000US13117130305,130305,6771,37.3,9.98761,0.09226,0.009152895821077058,677.939967619881,2060,2019,41,206.25555062722714,0.019902912621359223,3.35,140234,47618,6771,26,0.0038399054792497417,2893,1726,26,749,35.167910447761194,0.5966125129623229,0.008987210508123056,0.25890079502246804
Forsyth,13117130306,1400000US13117130306,130306,5274,42.4,8.079549,0.131659,0.01603405978754892,652.7592072280272,1855,1825,30,229.59202302009678,0.016172506738544475,2.89,159250,69233,5274,570,0.1080773606370876,2284,1410,41,657,37.00061462814997,0.617338003502627,0.01795096322241681,0.28765323992994746
Forsyth,13117130307,1400000US13117130307,130307,6646,40,12.219325,0.115524,0.009365659847153379,543.8925636236045,2365,2278,87,193.54587917090348,0.03678646934460888,2.91,151414,59058,6584,213,0.03235115431348724,3434,1895,0,1185,32.458870609159625,0.5518345952242283,0,0.34507862550960977
Forsyth,13117130406,1400000US13117130406,130406,7006,39.6,7.12928,0.045175,0.006296645529172599,982.7079312356929,2595,2535,60,363.99187575743974,0.023121387283236993,2.76,108760,44527,6981,209,0.029938404240080218,4037,2882,0,687,27.108955223880596,0.7138964577656676,0,0.1701758731731484
Forsyth,13117130409,1400000US13117130409,130409,3572,46.6,8.855825,0.031795,0.003577448180727799,403.35033720743127,1493,1386,107,168.58960063009377,0.07166778298727394,2.54,78750,40374,3555,518,0.14571026722925456,2098,1702,9,169,25.505443234836704,0.8112488083889419,0.004289799809342231,0.08055290753098189
Forsyth,13117130410,1400000US13117130410,130410,8799,36,11.68548,0.085888,0.007296348223927754,752.9857566826523,3170,3086,84,271.27683244505147,0.026498422712933754,2.72,92418,44211,8409,543,0.06457367106671423,4524,3216,61,910,27.689540675152188,0.7108753315649867,0.013483642793987621,0.20114942528735633
Forsyth,13117130411,1400000US13117130411,130411,1740,53.6,14.80785,0.029562,0.0019923959784900495,117.5052421519667,848,679,169,57.26692261199296,0.19929245283018868,2.56,115945,47603,1740,59,0.0339080459770115,870,666,0,126,27.45967741935484,0.7655172413793103,0,0.14482758620689656
Forsyth,13117130412,1400000US13117130412,130412,3641,39.3,14.290014,0.279938,0.01921337832821961,254.7933123088613,1235,1197,38,86.42398810805923,0.03076923076923077,3.04,122343,53043,3641,224,0.06152156001098599,2261,1559,0,591,28.634730538922156,0.6895179124281291,0,0.26138876603272887
Forsyth,13117130413,1400000US13117130413,130413,3138,43.8,5.084459,0.075259,0.014585874654390027,617.174806601843,1207,1182,25,237.39005467445014,0.020712510356255178,2.49,51638,33707,2955,529,0.1790186125211506,1365,918,8,273,30.98901098901099,0.6725274725274726,0.005860805860805861,0.2
Forsyth,13117130414,1400000US13117130414,130414,4961,37.4,6.59284,0.043153,0.006502870030152232,752.4829967055169,1499,1499,0,227.36787181245109,0,3.31,141375,51031,4956,91,0.018361581920903956,2257,1541,7,533,32.259280742459396,0.6827647319450598,0.0031014621178555605,0.2361541869738591
Forsyth,13117130415,1400000US13117130415,130415,3601,45.1,7.295325,0.025919,0.003540245346282681,493.6037805032675,1218,1181,37,166.95623567147453,0.030377668308702793,3.05,138713,51931,3601,488,0.1355179116911969,1769,968,0,533,29.065533980582526,0.5472018089315998,0,0.30130016958733746
Forsyth,13117130503,1400000US13117130503,130503,3378,48.2,13.723287,20.144166,0.5947942409486772,246.15094036873236,1416,1240,176,103.18227695740825,0.12429378531073447,2.72,125379,57783,3378,380,0.11249259917110717,1751,1190,17,427,34.15785498489426,0.6796116504854369,0.009708737864077669,0.24386065105653912
Forsyth,13117130504,1400000US13117130504,130504,3467,42.6,8.56521,6.450273,0.4295747928987699,404.77699904614127,1607,1360,247,187.61945124521174,0.1537025513378967,2.55,90032,55055,3456,217,0.06278935185185185,1756,1284,0,182,30.644853875476493,0.7312072892938497,0,0.10364464692482915
Forsyth,13117130505,1400000US13117130505,130505,2646,54.9,11.924224,10.09665,0.4585035998117059,221.90123231499172,1153,1111,42,96.69392322720539,0.03642671292281006,2.38,106250,63527,2646,42,0.015873015873015872,1262,1077,0,121,35.09640666082384,0.8534072900158478,0,0.09587955625990491
Forsyth,13117130506,1400000US13117130506,130506,3771,39,10.311063,0.365091,0.0341968652756414,365.72368920643777,1474,1376,98,142.95325321938193,0.06648575305291723,2.74,97237,46825,3771,169,0.04481569875364625,1981,1301,0,456,28.79016393442623,0.6567390206966178,0,0.23018677435638565
Forsyth,13117130507,1400000US13117130507,130507,3167,43.8,6.355498,3.596377,0.3613768259750047,498.3087084599822,1374,1220,154,216.19076900032067,0.11208151382823872,2.6,91691,53161,3167,40,0.012630249447426587,1869,1202,13,525,37.005208333333336,0.6431246655965757,0.006955591225254147,0.2808988764044944
Forsyth,13117130508,1400000US13117130508,130508,5358,38.3,11.342543,0.147926,0.012873800016343981,472.3808408749255,1896,1814,82,167.15828187735326,0.043248945147679324,2.95,153906,59788,5358,37,0.006905561776782382,2717,1681,7,940,26.494091164884637,0.6186970923813029,0.002576370997423629,0.3459698196540302
Forsyth,13117130509,1400000US13117130509,130509,4154,43.7,8.570521,1.239981,0.12639322636089367,484.68465336004664,1647,1552,95,192.17034763697563,0.05768063145112325,2.68,138571,54344,4154,151,0.036350505536831966,2101,1583,0,402,24.226015303119482,0.7534507377439315,0,0.19133745835316515
Forsyth,13117130511,1400000US13117130511,130511,6240,34.2,6.043795,0.021312,0.003513870406573206,1032.463874105591,1853,1804,49,306.5954421021891,0.02644360496492175,3.46,159375,53302,6240,177,0.028365384615384615,3101,2036,0,867,27.94762757385855,0.6565623992260561,0,0.2795872299258304
Forsyth,13117130512,1400000US13117130512,130512,3477,34.3,12.145074,0.056801,0.004655104236029299,286.2889102198966,1197,1131,66,98.55847728881686,0.05513784461152882,3.07,144313,51819,3477,40,0.011504170261719874,1705,1085,37,488,36.00657354149548,0.6363636363636364,0.021700879765395895,0.28621700879765394
Forsyth,13117130601,1400000US13117130601,130601,6144,35.7,17.293535,0.094884,0.0054567353133139936,355.27727558304304,2112,2034,78,122.12656348167106,0.036931818181818184,3.02,113268,44301,6144,380,0.061848958333333336,3016,1687,41,852,32.16035120147874,0.5593501326259946,0.013594164456233421,0.28249336870026526
Forsyth,13117130602,1400000US13117130602,130602,6130,32.4,5.56328,0.029195,0.005220407780097363,1101.8679627845445,2026,2002,24,364.1736529529343,0.011846001974333662,3.06,117687,46895,6130,790,0.12887438825448613,3315,1938,37,904,24.85690584819577,0.5846153846153846,0.011161387631975868,0.2726998491704374
Forsyth,13117130603,1400000US13117130603,130603,8828,38.7,15.338298,0.103817,0.006722978037658702,575.5527764553799,3434,3279,155,223.8840319832096,0.04513686662783926,2.68,153490,65686,8828,94,0.010647938377888537,5270,3417,82,1508,29.291600212652845,0.6483870967741936,0.01555977229601518,0.2861480075901328
Forsyth,13117130604,1400000US13117130604,130604,5330,40.2,6.35803,0.021984,0.003445760463848512,838.3099796635121,1749,1723,26,275.0852072104095,0.014865637507146942,3.09,179712,60279,5330,140,0.02626641651031895,2752,1684,0,923,28.843630399125207,0.6119186046511628,0,0.33539244186046513
Forsyth,13117130605,1400000US13117130605,130605,4734,42.4,7.31328,0.017136,0.0023376572352783254,647.3155683906538,1526,1506,20,208.6615034567253,0.01310615989515072,3.14,176818,61273,4734,243,0.051330798479087454,2428,1538,0,793,29.810397553516818,0.6334431630971994,0,0.3266062602965404
Forsyth,13117130606,1400000US13117130606,130606,5555,39.8,4.426234,0.03824,0.008565398745742499,1255.0172449084255,1839,1813,26,415.47735614520155,0.014138118542686243,3.04,150114,59835,5529,62,0.011213601012841383,2766,1641,0,956,30.552486187845304,0.5932754880694143,0,0.34562545191612437
Forsyth,13117130607,1400000US13117130607,130607,8691,40.8,7.704708,0.035755,0.004619232725484251,1128.0116001800457,2974,2912,62,385.9977561771322,0.020847343644922665,2.98,175938,59239,8673,272,0.031361697221261385,4091,1968,8,1888,36.311847480708124,0.4810559765338548,0.001955512099731117,0.46150085553654363
Forsyth,13117130608,1400000US13117130608,130608,6149,41.5,8.660788,0.055847,0.0064069448818265306,709.981585971161,1954,1919,35,225.61457456296125,0.01791197543500512,3.2,154010,64024,6149,119,0.01935274028297284,2894,1831,39,763,48.40685124354763,0.6326883206634416,0.013476157567380787,0.26364892881824464
Forsyth,13117130609,1400000US13117130609,130609,6937,39.5,6.811203,0.028838,0.004216056599660733,1018.4691309303217,1935,1919,16,284.09078396283303,0.008268733850129198,3.61,153105,50488,6937,298,0.042958051030704915,3448,2296,20,896,32.70376175548589,0.665893271461717,0.00580046403712297,0.25986078886310904
Forsyth,13117130610,1400000US13117130610,130610,6102,39.8,10.366116,0.206212,0.019504881044174943,588.6486317536867,1924,1864,60,185.60471443692123,0.031185031185031187,3.27,175672,62875,6102,355,0.058177646673221894,3347,2501,0,639,33.47858197932053,0.7472363310427248,0,0.19091723931879295
Forsyth,13117130611,1400000US13117130611,130611,5397,38.8,6.1645200000000004,0.17782800000000001,0.028038196579563277,875.4939557337797,1625,1625,0,263.60527664765465,0,3.32,186473,65071,5397,288,0.05336297943301834,2758,1518,19,1003,33.20797720797721,0.5503988397389412,0.006889050036258158,0.3636693255982596
Forsyth,13117130613,1400000US13117130613,130613,6553,38.9,8.05943,0.027922,0.0034525515891975517,813.0847963193426,2374,2216,158,294.5617742197649,0.06655433866891322,2.94,136667,57026,6543,42,0.006419073819348923,2817,1443,25,1166,28.737129012719564,0.5122470713525027,0.008874689385871494,0.4139155129570465
Forsyth,13117130614,1400000US13117130614,130614,4349,43.6,5.287147,0.046127,0.0086489087191095,822.56082533737,1961,1729,232,370.8994661960411,0.11830698623151453,2.51,126635,97430,4338,164,0.03780544029506685,1829,989,50,615,28.70675453047776,0.5407326407873154,0.02733734281027884,0.33624931656642976
Forsyth,13117130615,1400000US13117130615,130615,3074,46.7,4.228311,0.030092,0.00706649887293429,727.0042340783353,909,909,0,214.97945633611153,0,3.37,204271,84415,3050,107,0.035081967213114754,1570,1045,3,428,30.683012259194395,0.6656050955414012,0.001910828025477707,0.27261146496815286
Fulton,13121000100,1400000US13121000100,000100,5160,44.8,3.332105,0.015686,0.004685477677668648,1548.5706482838928,2520,2458,62,756.2786886967848,0.024603174603174603,2.09,154808,89698,5159,438,0.08490017445241325,2765,1959,17,526,20.906654756587763,0.708499095840868,0.006148282097649186,0.19023508137432188
Fulton,13121000201,1400000US13121000201,000201,2233,40.2,1.288363,0,0,1733.2071784116745,1331,1220,111,1033.0939339301115,0.08339594290007513,1.83,120982,119300,2233,44,0.019704433497536946,1502,1143,0,347,20.857142857142858,0.7609853528628495,0,0.2310252996005326
Fulton,13121000202,1400000US13121000202,000202,4106,41.6,1.590214,0,0,2582.042416932564,1681,1681,0,1057.0904293384413,0,2.37,182409,131205,3978,105,0.026395173453996983,2103,1136,37,802,22.359723289777094,0.5401806942463148,0.01759391345696624,0.38135996195910604
Fulton,13121000400,1400000US13121000400,000400,2014,43.1,1.555434,0.048284,0.03010753760947997,1294.8154662942948,1294,1064,230,831.9221516309917,0.1777434312210201,1.76,127500,130927,1890,55,0.0291005291005291,1127,510,96,305,18.753041362530414,0.4525288376220053,0.08518189884649512,0.2706299911268855
Fulton,13121000501,1400000US13121000501,000501,4385,30.4,1.253179,0,0,3499.101086117785,2973,2416,557,2372.366597269823,0.18735284224688867,1.72,103485,94804,4162,631,0.15160980297933685,3303,1510,216,1165,21.113189897100092,0.457160157432637,0.0653950953678474,0.3527096578867696
Fulton,13121000502,1400000US13121000502,000502,1779,48.4,2.044041,0.011397,0.005544803589307972,870.3347926974068,940,816,124,459.8733587046444,0.13191489361702127,2.15,120357,148731,1779,40,0.022484541877459248,1025,487,27,430,16.34453781512605,0.4751219512195122,0.026341463414634145,0.4195121951219512
Fulton,13121000601,1400000US13121000601,000601,4626,24.3,1.024389,0,0,4515.862626404618,2104,1814,290,2053.907255935001,0.13783269961977188,1.91,76346,36369,3581,1105,0.3085730242948897,2746,968,115,962,19.84865470852018,0.3525127458120903,0.041879096868171886,0.3503277494537509
Fulton,13121000602,1400000US13121000602,000602,2960,27.5,0.432421,0.002002,0.004608411617248626,6845.18096947188,1950,1664,286,4509.494219753435,0.14666666666666667,1.78,65391,53117,2960,835,0.28209459459459457,2005,1073,290,386,23.116121062384188,0.5351620947630923,0.14463840399002495,0.19251870324189527
Fulton,13121000700,1400000US13121000700,000700,2897,41.3,1.766998,0,0,1639.503836450296,456,392,64,258.0648082227597,0.14035087719298245,1.98,103167,28153,879,132,0.15017064846416384,511,307,32,109,25.37313432835821,0.6007827788649707,0.06262230919765166,0.21330724070450097
Fulton,13121001001,1400000US13121001001,001001,4800,25.5,0.935254,0,0,5132.295611673406,2653,2224,429,2836.662553701989,0.16170373162457596,1.71,100278,66762,3831,769,0.20073087966588357,3276,1057,49,1463,16.097628240485385,0.32264957264957267,0.014957264957264958,0.4465811965811966
Fulton,13121001002,1400000US13121001002,001002,7337,20.4,1.764444,0,0,4158.25041769532,738,685,53,418.26207009120156,0.07181571815718157,1.82,43938,8540,1267,412,0.32517758484609316,1932,476,76,590,16.136363636363637,0.2463768115942029,0.039337474120082816,0.3053830227743271
Fulton,13121001101,1400000US13121001101,001101,3405,39.8,0.210049,0,0,16210.503263524224,2595,2269,326,12354.260196430356,0.125626204238921,1.5,123250,111317,3405,282,0.0828193832599119,2473,1114,87,1013,31.910958904109588,0.4504650222401941,0.03517994338859685,0.40962393853619083
Fulton,13121001102,1400000US13121001102,001102,3488,33.8,0.275116,0,0,12678.288431061805,2846,2591,255,10344.72731502348,0.08959943780744906,1.35,113689,98862,3488,210,0.060206422018348624,2740,1000,212,773,22.32079308591764,0.36496350364963503,0.07737226277372262,0.2821167883211679
Fulton,13121001203,1400000US13121001203,001203,2717,29.5,0.260637,0,0,10424.460072821586,2032,1917,115,7796.283720269954,0.056594488188976375,1.42,73066,70791,2717,220,0.08097165991902834,2173,1324,74,460,18.330414477524812,0.6092959042797975,0.03405430280717901,0.2116889093419236
Fulton,13121001204,1400000US13121001204,001204,1939,43.1,0.30676,0,0,6320.90233407224,1497,1414,83,4880.036510627201,0.055444221776887105,1.37,104414,125410,1939,125,0.06446621970087674,1727,785,107,589,25.430579964850615,0.45454545454545453,0.06195715112912565,0.34105385060799076
Fulton,13121001205,1400000US13121001205,001205,1973,31.5,0.26449,0,0,7459.639305833869,1570,1495,75,5935.952209913418,0.04777070063694268,1.32,100245,84458,1973,183,0.0927521540800811,1595,684,235,429,20.25728987993139,0.4288401253918495,0.14733542319749215,0.2689655172413793
Fulton,13121001206,1400000US13121001206,001206,3319,34.7,0.202711,0,0,16373.063129282575,2773,2452,321,13679.573382796198,0.11575910566173819,1.35,126410,106365,3319,359,0.1081651099728834,2619,1518,225,508,23.981525343439127,0.579610538373425,0.0859106529209622,0.19396716303932798
Fulton,13121001301,1400000US13121001301,001301,3271,32,0.498832,0,0,6557.31789460179,1757,1661,96,3522.227924431472,0.05463858850313034,1.69,71086,54614,2812,273,0.09708392603129445,1975,847,95,838,23.95338610378188,0.42886075949367086,0.04810126582278481,0.42430379746835445
Fulton,13121001302,1400000US13121001302,001302,2050,36.4,0.818141,0,0,2505.680561174663,1175,1113,62,1436.1827606732825,0.05276595744680851,1.77,129750,80372,1965,426,0.216793893129771,1406,714,107,372,16.96808510638298,0.5078236130867709,0.07610241820768136,0.26458036984352773
Fulton,13121001400,1400000US13121001400,001400,2302,31.3,0.722972,0,0,3184.0790514708733,1552,1489,63,2146.6944777944377,0.04059278350515464,1.55,91943,95106,2302,166,0.07211120764552563,1707,889,83,507,25.7375,0.520796719390744,0.04862331575864089,0.29701230228471004
Fulton,13121001501,1400000US13121001501,001501,2334,38.6,0.536048,0,0,4354.087693639376,1570,1483,87,2928.8421932364267,0.055414012738853505,1.56,63867,74044,2334,228,0.09768637532133675,1577,960,60,161,26.09816384180791,0.6087507926442612,0.03804692454026633,0.10209258084971465
Fulton,13121001502,1400000US13121001502,001502,2127,37.1,0.596408,0,0,3566.3505519711334,1115,1034,81,1869.5255596839745,0.0726457399103139,2.06,87206,98399,2127,198,0.0930888575458392,1257,743,0,398,27.59022118742724,0.5910898965791567,0,0.3166268894192522
Fulton,13121001600,1400000US13121001600,001600,2318,34.4,0.921679,0.002683,0.002902542510401769,2514.9753873094646,1570,1435,135,1703.4130103864793,0.08598726114649681,1.62,116385,101256,2318,100,0.04314063848144953,1920,1006,131,498,23.966244725738395,0.5239583333333333,0.06822916666666666,0.259375
Fulton,13121001701,1400000US13121001701,001701,2169,28.2,0.573019,0,0,3785.2148009053803,1238,985,253,2160.486825044196,0.20436187399030695,2.2,98086,57020,2169,663,0.30567081604426005,1038,558,0,383,27.114503816793892,0.5375722543352601,0,0.36897880539499034
Fulton,13121001702,1400000US13121001702,001702,3653,30.9,0.67482,0,0,5413.29539729113,2513,2441,72,3723.95601790107,0.02865101472343812,1.5,120304,105726,3653,297,0.08130303859841226,2830,1667,8,994,21.57135076252723,0.5890459363957598,0.0028268551236749115,0.3512367491166078
Fulton,13121001801,1400000US13121001801,001801,2412,48,0.381213,0,0,6327.171423849659,1650,1650,0,4328.288909349891,0,1.46,34219,40030,2412,1190,0.49336650082918737,1015,397,20,299,20.691340782122904,0.39113300492610836,0.019704433497536946,0.29458128078817736
Fulton,13121001802,1400000US13121001802,001802,2577,31.4,0.535768,0,0,4809.917725582714,1669,1669,0,3115.154320526795,0,1.54,66875,76565,2577,199,0.07722157547535895,1918,1013,47,494,22.366573033707866,0.5281543274244004,0.024504692387904068,0.2575599582898853
Fulton,13121001901,1400000US13121001901,001901,3862,20.2,0.143488,0,0,26915.142729705618,247,238,9,1721.3983050847457,0.03643724696356275,6.68,56204,5984,1589,7,0.004405286343612335,1334,567,115,147,22.438921651221566,0.4250374812593703,0.08620689655172414,0.11019490254872563
Fulton,13121001902,1400000US13121001902,001902,2337,35.6,0.852779,0,0,2740.452098374843,1900,1724,176,2228.009836077108,0.09263157894736843,1.3,73618,71612,2337,305,0.1305091998288404,1951,979,298,371,20.95253164556962,0.5017939518195798,0.15274218349564325,0.1901588928754485
Fulton,13121002100,1400000US13121002100,002100,2578,42.7,0.802367,0,0,3212.993555318202,1617,1433,184,2015.2872687934573,0.11379097093382808,1.44,63455,57695,2578,739,0.28665632273079905,1699,572,132,566,25.58252427184466,0.3366686286050618,0.07769276044732196,0.3331371394938199
Fulton,13121002300,1400000US13121002300,002300,1129,39.8,1.129111,0,0,999.9016925705267,1020,579,441,903.3655681328054,0.4323529411764706,1.95,36050,26171,1129,365,0.3232949512843224,406,242,36,84,24.658385093167702,0.5960591133004927,0.08866995073891626,0.20689655172413793
Fulton,13121002400,1400000US13121002400,002400,2804,36.2,1.352246,0,0,2073.58720232857,1410,1068,342,1042.7096844804864,0.2425531914893617,2.52,32763,22611,2749,1172,0.4263368497635504,978,526,81,217,29.783180026281208,0.5378323108384458,0.08282208588957055,0.22188139059304704
Fulton,13121002500,1400000US13121002500,002500,3123,38.3,0.8722,0,0,3580.600779637698,1363,1197,166,1562.7149736299014,0.12179016874541453,2.5,32042,15639,3073,1319,0.4292222583794338,1071,495,344,70,34.02097902097902,0.46218487394957986,0.3211951447245565,0.06535947712418301
Fulton,13121002600,1400000US13121002600,002600,1071,30.1,0.956304,0,0,1119.9367565125733,530,469,61,554.2170690491727,0.11509433962264151,2.23,34688,19823,1048,329,0.3139312977099237,547,299,106,11,33.82462686567164,0.546617915904936,0.19378427787934185,0.02010968921389397
Fulton,13121002801,1400000US13121002801,002801,3945,20.7,0.329707,0,0,11965.169074359963,1072,975,97,3251.371672424304,0.09048507462686567,1.41,74375,20881,1370,332,0.24233576642335766,1309,646,19,341,22.453512396694215,0.4935064935064935,0.014514896867838044,0.2605042016806723
Fulton,13121002802,1400000US13121002802,002802,1715,25.5,0.418372,0,0,4099.222701328004,876,706,170,2093.8303710573364,0.19406392694063926,1.5,16658,21110,1107,472,0.42637759710930445,540,190,100,63,37.0020964360587,0.35185185185185186,0.18518518518518517,0.11666666666666667
Fulton,13121002900,1400000US13121002900,002900,2350,35.7,0.71488,0,0,3287.2649955237243,1474,1302,172,2061.8845120859446,0.11668928086838534,1.66,100718,71089,2216,267,0.12048736462093863,1755,1009,39,407,21.44287833827893,0.5749287749287749,0.022222222222222223,0.2319088319088319
Fulton,13121003000,1400000US13121003000,003000,3974,34,1.225601,0.001783,0.0014526831048799723,3242.490826949391,2263,2105,158,1846.4410521858256,0.06981882456915599,1.89,147067,101472,3926,178,0.04533876719307183,3088,1605,42,1029,23.783389995143274,0.5197538860103627,0.013601036269430052,0.3332253886010363
Fulton,13121003100,1400000US13121003100,003100,2710,32.6,0.813677,0,0,3330.5599150522876,1504,1473,31,1848.3993034090925,0.020611702127659573,1.84,135247,87880,2700,322,0.11925925925925926,1901,938,272,532,35.909422936449964,0.4934245134139926,0.14308258811152025,0.27985270910047344
Fulton,13121003200,1400000US13121003200,003200,2787,32.8,1.072686,0,0,2598.1508102091384,1773,1658,115,1652.8602032654476,0.06486181613085167,1.67,113214,107264,2784,148,0.05316091954022988,2193,1040,48,930,26.979414093428346,0.4742362061103511,0.02188782489740082,0.4240766073871409
Fulton,13121003500,1400000US13121003500,003500,2904,38.7,1.389853,0,0,2089.4296015477894,1386,1365,21,997.2277643750814,0.015151515151515152,1.34,53254,32046,2431,1087,0.4471410941999177,1539,645,332,358,25.131244707874682,0.4191033138401559,0.2157244964262508,0.23261858349577647
Fulton,13121003600,1400000US13121003600,003600,1133,36.7,0.393883,0,0,2876.488703498247,871,860,11,2211.316558470409,0.012629161882893225,1.32,77037,61409,1133,285,0.25154457193292146,778,365,70,153,30.624,0.4691516709511568,0.08997429305912596,0.19665809768637532
Fulton,13121003700,1400000US13121003700,003700,191,68.5,0.090578,0,0,2108.679811874848,177,177,0,1954.1168937269535,0,1.08,-666666666,27951,191,55,0.2879581151832461,49,21,0,0,NA,0.42857142857142855,0,0
Fulton,13121003800,1400000US13121003800,003800,3911,20,0.834768,0,0,4685.1340731796145,351,244,107,420.47610833189583,0.30484330484330485,1.98,40640,6631,487,71,0.1457905544147844,668,205,76,166,24.900398406374503,0.3068862275449102,0.11377245508982035,0.24850299401197604
Fulton,13121003900,1400000US13121003900,003900,1562,32.9,0.842141,0,0,1854.7962870825668,820,681,139,973.7086782379672,0.16951219512195123,2.29,33438,23329,1510,728,0.4821192052980132,791,256,120,182,29.392446633825944,0.32364096080910243,0.15170670037926676,0.23008849557522124
Fulton,13121004000,1400000US13121004000,004000,2770,36.9,1.610119,0,0,1720.3697366467943,1243,1124,119,771.9926291162329,0.09573612228479485,2.46,69333,43440,2770,646,0.2332129963898917,1490,992,146,83,29.733475479744136,0.6657718120805369,0.09798657718120805,0.05570469798657718
Fulton,13121004100,1400000US13121004100,004100,2137,37.4,1.260101,0,0,1695.8958051775217,1115,829,286,884.8497064917813,0.25650224215246636,2.56,74041,38873,2135,314,0.14707259953161592,971,603,73,231,28.89864864864865,0.6210092687950567,0.07518022657054584,0.23789907312049433
Fulton,13121004200,1400000US13121004200,004200,2274,51.6,1.23522,0,0,1840.9676009131977,1490,1428,62,1206.262851961594,0.04161073825503356,1.57,24464,23629,2253,667,0.2960497114957834,852,311,304,115,31.94708276797829,0.36502347417840375,0.3568075117370892,0.13497652582159625
Fulton,13121004300,1400000US13121004300,004300,2447,20.6,0.624002,0,0,3921.4617901865704,645,609,36,1033.6505331713681,0.05581395348837209,1.4,-666666666,24883,943,185,0.19618239660657477,820,328,46,239,34.672977624784856,0.4,0.05609756097560976,0.2914634146341463
Fulton,13121004400,1400000US13121004400,004400,3628,22.4,0.825905,0,0,4392.757036220873,1604,1477,127,1942.1119862453913,0.07917705735660847,2.46,29311,14832,3628,1344,0.37045203969129,1220,526,276,78,20.827495621716288,0.4311475409836066,0.2262295081967213,0.06393442622950819
Fulton,13121004800,1400000US13121004800,004800,1347,35.1,0.37705,0,0,3572.4704946293596,931,875,56,2469.168545285771,0.06015037593984962,1.54,17279,24723,1347,564,0.41870824053452116,554,450,71,15,20.426716141001855,0.8122743682310469,0.12815884476534295,0.02707581227436823
Fulton,13121004900,1400000US13121004900,004900,3082,32.2,1.110106,0,0,2776.311451338881,1489,1287,202,1341.313352058272,0.1356615177971793,2.39,87449,58321,3082,722,0.23426346528228423,1629,663,96,645,27.479674796747968,0.40699815837937386,0.058931860036832415,0.39594843462246776
Fulton,13121005000,1400000US13121005000,005000,3502,32,1.360647,0,0,2573.7755641250083,2089,1844,245,1535.2990158358486,0.11728099569171853,1.83,90188,77959,3368,236,0.07007125890736342,2379,1369,53,772,27.42688238954574,0.5754518705338377,0.022278268179907523,0.3245060949978983
Fulton,13121005200,1400000US13121005200,005200,4872,36.1,2.266702,0,0,2149.378259691834,2261,2183,78,997.4844509776759,0.03449800973020787,2.15,165815,87330,4733,390,0.08240016902598775,3330,1674,85,1357,31.46477445514445,0.5027027027027027,0.025525525525525526,0.4075075075075075
Fulton,13121005300,1400000US13121005300,005300,4031,35.6,2.215221,0,0,1819.6830022828422,1941,1741,200,876.2105451329686,0.10303967027305512,2.3,132979,69342,4023,303,0.07531692766592095,2440,1339,106,796,34.805352798053526,0.5487704918032786,0.04344262295081967,0.3262295081967213
Fulton,13121005501,1400000US13121005501,005501,3039,30.3,1.192738,0,0,2547.919157434407,1201,1043,158,1006.9269194072797,0.1315570358034971,2.91,60313,33162,3039,1444,0.47515630141493914,1536,924,79,413,24.345503116651827,0.6015625,0.051432291666666664,0.2688802083333333
Fulton,13121005503,1400000US13121005503,005503,1505,17.9,0.571702,0,0,2632.4903533659144,719,642,77,1257.648215328965,0.1070931849791377,2.34,19777,11329,1505,677,0.4498338870431894,456,311,89,0,NA,0.6820175438596491,0.19517543859649122,0
Fulton,13121005504,1400000US13121005504,005504,1344,40.5,1.130466,0,0,1188.8902452616885,622,567,55,550.2155748160493,0.08842443729903537,2.35,51534,29744,1344,330,0.24553571428571427,646,403,11,55,20.710659898477157,0.6238390092879257,0.017027863777089782,0.08513931888544891
Fulton,13121005700,1400000US13121005700,005700,1248,36.7,0.751986,0,0,1659.6053649934972,802,630,172,1066.5092169269108,0.2144638403990025,1.98,40652,28336,1248,192,0.15384615384615385,708,430,131,36,33.504464285714285,0.6073446327683616,0.1850282485875706,0.05084745762711865
Fulton,13121005800,1400000US13121005800,005800,1208,37.5,1.256443,0,0,961.4443313385486,700,568,132,557.1283376961788,0.18857142857142858,2.13,64917,36443,1208,212,0.17549668874172186,712,367,161,92,33.53225806451613,0.5154494382022472,0.22612359550561797,0.12921348314606743
Fulton,13121006000,1400000US13121006000,006000,3408,33.3,1.56621,0,0,2175.9534162085542,1703,1447,256,1087.338224120648,0.15032295948326482,2.35,58935,32478,3408,653,0.19160798122065728,1684,1008,197,335,30.37435137138621,0.5985748218527316,0.1169833729216152,0.1989311163895487
Fulton,13121006100,1400000US13121006100,006100,3360,35.2,2.24695,0,0,1495.3603774004762,1723,1455,268,766.8172411491132,0.1555426581543819,2.31,48627,27625,3360,1183,0.35208333333333336,1343,889,152,178,33.072961373390555,0.6619508562918839,0.11317944899478778,0.1325390915860015
Fulton,13121006200,1400000US13121006200,006200,1509,32,1.042904,0,0,1446.9212890160552,757,604,153,725.8577970743232,0.202113606340819,2.5,60750,52459,1509,184,0.1219350563286945,792,278,177,192,27.45,0.351010101010101,0.22348484848484848,0.24242424242424243
Fulton,13121006300,1400000US13121006300,006300,1750,35.5,1.325764,0,0,1319.9936036881377,973,784,189,733.9164436506045,0.19424460431654678,2.23,40075,23903,1750,683,0.3902857142857143,782,398,179,66,31.585195530726256,0.5089514066496164,0.2289002557544757,0.08439897698209718
Fulton,13121006400,1400000US13121006400,006400,772,32.8,1.256313,0,0,614.496546640845,418,382,36,332.7196327666752,0.0861244019138756,1.94,45781,46209,772,204,0.26424870466321243,532,231,92,126,57.943349753694584,0.4342105263157895,0.17293233082706766,0.23684210526315788
Fulton,13121006500,1400000US13121006500,006500,3420,37.3,3.289359,0,0,1039.7162486672935,1811,1568,243,550.5631948352247,0.13418001104362232,2.18,70234,42176,3363,475,0.14124293785310735,1828,1228,110,453,35.28,0.6717724288840262,0.060175054704595186,0.24781181619256018
Fulton,13121006601,1400000US13121006601,006601,1488,35.8,1.929137,0,0,771.3293560799466,928,739,189,481.0441145444828,0.2036637931034483,2.01,73304,37119,1483,226,0.1523937963587323,846,403,141,268,30.527681660899653,0.47635933806146574,0.16666666666666666,0.31678486997635935
Fulton,13121006602,1400000US13121006602,006602,829,34.8,0.632427,0,0,1310.823225447364,512,358,154,809.5796036538605,0.30078125,2.3,21346,16901,829,394,0.4752714113389626,304,67,164,8,36.79054054054054,0.22039473684210525,0.5394736842105263,0.02631578947368421
Fulton,13121006701,1400000US13121006701,006701,2816,22.4,0.890243,0,0,3163.18128870432,962,900,62,1080.6038351326547,0.06444906444906445,3.13,27946,15017,2816,771,0.27379261363636365,615,295,62,212,27.60545905707196,0.4796747967479675,0.1008130081300813,0.34471544715447155
Fulton,13121006702,1400000US13121006702,006702,1744,39.5,2.539108,0.030463,0.011855286349355593,686.8553838592135,1025,823,202,403.68507365578773,0.19707317073170733,2.11,55282,39555,1744,281,0.16112385321100917,925,441,153,236,28.02612481857765,0.47675675675675677,0.1654054054054054,0.25513513513513514
Fulton,13121006801,1400000US13121006801,006801,1758,41.4,0.660642,0,0,2661.0478897799417,0,0,0,0,0,-666666666,-666666666,35180,10,5,0.5,2,0,2,0,NA,0,1,0
Fulton,13121006802,1400000US13121006802,006802,1521,17.6,0.725838,0,0,2095.5089152124856,587,454,133,808.7204031753643,0.22657580919931858,3.35,16282,18653,1521,1288,0.8468113083497699,359,149,37,0,31.977715877437326,0.415041782729805,0.10306406685236769,0
Fulton,13121006900,1400000US13121006900,006900,3592,35.8,3.15078,0,0,1140.035165895429,1778,1633,145,564.3047118491294,0.08155230596175478,2.2,67425,51087,3592,1057,0.2942650334075724,2101,1079,444,442,41.39843279083785,0.5135649690623513,0.21132793907663017,0.21037601142313184
Fulton,13121007001,1400000US13121007001,007001,3284,35.6,4.513673,0.001209,2.6778108486556236e-4,727.5671055479651,1717,1344,373,380.3997321028794,0.2172393709959231,2.44,33796,23472,3284,1242,0.3781973203410475,1453,851,76,149,33.431748466257666,0.58568479008947,0.05230557467309016,0.10254645560908465
Fulton,13121007002,1400000US13121007002,007002,3067,32,4.372851,0.008153,0.0018609889422607237,701.3730858883598,1342,1143,199,306.8936032807887,0.1482861400894188,2.68,54217,28378,3067,472,0.15389631561786762,1371,714,0,298,30.726933830382105,0.5207877461706784,0,0.21735959153902262
Fulton,13121007100,1400000US13121007100,007100,2391,30.9,2.477926,0,0,964.9198563637493,1066,937,129,430.19848050345325,0.12101313320825516,2.54,29016,18898,2387,731,0.3062421449518224,675,367,69,153,30.028735632183906,0.5437037037037037,0.10222222222222223,0.22666666666666666
Fulton,13121007200,1400000US13121007200,007200,1833,38.7,8.722755,0.004884,5.596015142239499e-4,210.14003030006003,962,755,207,110.28625703691094,0.2151767151767152,2.42,53125,31604,1833,760,0.414620840152755,583,383,61,50,38.367729831144466,0.6569468267581475,0.10463121783876501,0.08576329331046312
Fulton,13121007301,1400000US13121007301,007301,3827,31.3,3.467135,0,0,1103.7931894777678,1924,1677,247,554.9250317625359,0.12837837837837837,2.28,43631,35718,3827,379,0.09903318526260779,2087,1539,222,191,35.92299578059072,0.7374221370388117,0.10637278390033542,0.09151892668902731
Fulton,13121007302,1400000US13121007302,007302,2447,50.2,4.122516,0.057176,0.013679476860974446,593.5695580077797,1138,1048,90,276.0450171691268,0.07908611599297012,2.33,22500,18790,2445,778,0.318200408997955,783,437,131,35,40.220588235294116,0.558109833971903,0.1673052362707535,0.04469987228607918
Fulton,13121007400,1400000US13121007400,007400,3173,44.9,2.330464,0,0,1361.5314375163057,1424,1045,379,611.0371153555686,0.26615168539325845,2.59,29162,17290,2707,863,0.31880310306612486,1103,555,121,33,38.19626168224299,0.5031731640979148,0.10970081595648232,0.029918404351767906
Fulton,13121007500,1400000US13121007500,007500,3072,32.7,3.32323,0.002277,6.847076250328146e-4,924.4018620438549,1721,1426,295,517.8696629483966,0.17141196978500872,2.1,21926,24204,3059,936,0.3059823471722785,1086,582,244,134,39.721638655462186,0.5359116022099447,0.22467771639042358,0.12338858195211787
Fulton,13121007602,1400000US13121007602,007602,2828,34.2,3.369941,0,0,839.1838314083244,1134,1092,42,336.50440764393204,0.037037037037037035,2.57,45028,28740,2825,327,0.11575221238938053,1099,777,155,149,33.33684210526316,0.7070063694267515,0.1410373066424022,0.13557779799818018
Fulton,13121007603,1400000US13121007603,007603,3454,49.1,3.155942,0,0,1094.4434340048074,2177,1927,250,689.8098887748888,0.1148369315571888,1.79,22250,20929,3396,1308,0.38515901060070673,1529,661,783,85,68.63227146814404,0.4323086984957489,0.5120994113799869,0.05559189012426422
Fulton,13121007604,1400000US13121007604,007604,3385,26.1,1.118927,0,0,3025.2196970847963,1680,1355,325,1501.4384316403125,0.19345238095238096,2.5,27215,13579,3385,1268,0.3745937961595273,982,538,135,115,30.565167243367934,0.5478615071283096,0.13747454175152748,0.11710794297352342
Fulton,13121007703,1400000US13121007703,007703,3459,44.6,4.526581,0.00509,0.001123205987371987,764.1529003899411,1644,1501,143,363.18802204135966,0.08698296836982969,2.3,56063,30800,3459,678,0.19601040763226366,1732,1107,230,269,33.91660970608339,0.6391454965357968,0.13279445727482678,0.15531177829099307
Fulton,13121007705,1400000US13121007705,007705,4250,43.3,3.297154,0.026322,0.007920021086356574,1288.9904444863662,2447,2221,226,742.155204154856,0.09235798937474458,1.91,35104,26980,4250,557,0.13105882352941176,1570,839,189,393,29.923534409515717,0.5343949044585987,0.12038216560509554,0.2503184713375796
Fulton,13121007707,1400000US13121007707,007707,1931,37.8,3.417192,0.049461,0.014267652401321967,565.083846620266,1077,1007,70,315.1710527239909,0.06499535747446611,1.92,70387,47169,1931,544,0.28171931641636455,843,550,27,231,28.03921568627451,0.6524317912218268,0.03202846975088968,0.27402135231316727
Fulton,13121007708,1400000US13121007708,007708,3152,37,3.348306,0.017919,0.005323173584653432,941.3715472839101,1621,1376,245,484.12540550355914,0.15114127082048118,2.29,69799,38675,3152,387,0.12277918781725888,1633,850,265,318,35.631178707224336,0.5205143906919779,0.16227801592161667,0.19473361910593998
Fulton,13121007709,1400000US13121007709,007709,4347,38.3,3.437164,0.060179,0.01720706261867938,1264.705437389662,2015,1901,114,586.2391203911131,0.05657568238213399,2.29,80851,41399,4347,496,0.11410167931907063,2584,1875,78,513,34.97344278126509,0.7256191950464397,0.03018575851393189,0.19852941176470587
Fulton,13121007710,1400000US13121007710,007710,2988,38.8,6.8272,0.671446,0.08954229870299252,437.6611202249824,1790,1636,154,262.1865479259433,0.08603351955307263,1.83,52657,37749,2988,471,0.1576305220883534,1031,570,328,110,42.40499457111835,0.5528612997090203,0.3181377303588749,0.1066925315227934
Fulton,13121007711,1400000US13121007711,007711,3037,42.4,2.339013,0.018178,0.00771172128181382,1298.4109109269593,1171,1171,0,500.6385171865227,0,2.59,39450,24316,3037,180,0.059269015475798485,1113,606,214,35,29.879406307977735,0.5444743935309974,0.19227313566936208,0.031446540880503145
Fulton,13121007805,1400000US13121007805,007805,4895,37.4,15.066112,0.163034,0.010705393460670743,324.90134150071367,1971,1889,82,130.82340022429145,0.041603247082699135,2.55,58028,26687,4817,755,0.15673655802366618,2039,1033,158,143,33.04061181434599,0.506620892594409,0.07748896517900931,0.07013241785188817
Fulton,13121007806,1400000US13121007806,007806,5770,33.3,4.932951,0.082299,0.01640975026170181,1169.6852452010976,2503,2316,187,507.4041886894883,0.07471034758290052,2.49,49652,28375,5770,780,0.13518197573656845,2956,1960,251,451,30.40319361277445,0.6630581867388363,0.08491204330175914,0.15257104194857915
Fulton,13121007807,1400000US13121007807,007807,3916,31.5,2.898746,0,0,1350.9289879140842,1259,989,270,434.3257394749316,0.21445591739475775,3.96,39668,15470,3892,550,0.14131551901336073,1090,365,525,71,63.969578017664375,0.3348623853211009,0.481651376146789,0.06513761467889909
Fulton,13121007808,1400000US13121007808,007808,3278,28.8,1.630896,0,0,2009.938095378246,1627,1180,447,997.6111290971344,0.27473878303626303,2.77,15625,10071,3278,2042,0.6229408175716901,1018,395,350,111,37.87210584343991,0.3880157170923379,0.343811394891945,0.10903732809430255
Fulton,13121007809,1400000US13121007809,007809,5009,42,7.216809,0.154396,0.020945829074079474,694.07407068692,1728,1625,103,239.4410050203629,0.05960648148148148,3.08,61958,30529,4979,468,0.09399477806788512,2025,1578,80,241,31.96188340807175,0.7792592592592592,0.03950617283950617,0.11901234567901235
Fulton,13121007810,1400000US13121007810,007810,4239,31.4,6.159819,0.086587,0.013861891141882228,688.1695712162972,2290,2069,221,371.76417034331695,0.0965065502183406,2.05,53887,31291,4221,968,0.22932954276237857,2276,1723,213,158,27.62275731822474,0.7570298769771528,0.09358523725834798,0.06942003514938488
Fulton,13121007900,1400000US13121007900,007900,4971,50.2,8.452054,0,0,588.1410601494027,2452,2331,121,290.1069964768327,0.04934747145187602,2.1,87911,64637,4900,376,0.07673469387755102,2515,1752,295,331,33.63095238095238,0.6966202783300198,0.1172962226640159,0.131610337972167
Fulton,13121008000,1400000US13121008000,008000,5628,38.5,5.912367,0,0,951.9030195520678,2728,2486,242,461.40572802737046,0.08870967741935484,2.26,45734,30599,5628,854,0.1517412935323383,2440,1568,312,341,34.84040019056694,0.6426229508196721,0.12786885245901639,0.13975409836065575
Fulton,13121008103,1400000US13121008103,008103,3498,49.1,2.571897,0,0,1360.0855710784685,1833,1509,324,712.7035025119591,0.176759410801964,2.32,32908,22117,3498,1129,0.32275586049170957,1387,862,233,34,30.465631929046562,0.6214852198990627,0.16798846431146358,0.024513338139870222
Fulton,13121008104,1400000US13121008104,008104,3215,48.9,5.54458,0.019991,0.0035925500815786157,579.8455428544632,1693,1582,111,305.3432360972337,0.06556408741878322,2.02,49167,34760,3215,1172,0.3645412130637636,1061,585,212,120,39.30393198724761,0.5513666352497644,0.1998114985862394,0.11310084825636192
Fulton,13121008202,1400000US13121008202,008202,2284,33.3,6.978661,0.09955,0.01406428827849297,327.28341439711716,977,879,98,139.99820309368803,0.10030706243602866,2.58,-666666666,15498,2256,1076,0.4769503546099291,717,495,119,65,33.627300613496935,0.6903765690376569,0.16596931659693165,0.09065550906555091
Fulton,13121008203,1400000US13121008203,008203,2535,45.7,2.038173,0,0,1243.7609565036923,1369,1225,144,671.6799800605738,0.10518626734842951,2.07,22088,33095,2446,825,0.3372853638593622,745,399,137,209,36.80037313432836,0.5355704697986577,0.18389261744966443,0.28053691275167786
Fulton,13121008204,1400000US13121008204,008204,2763,40.7,3.271262,0,0,844.6281587962077,1521,1332,189,464.9581721060557,0.1242603550295858,2.07,47771,27612,2762,865,0.3131788559015206,1259,917,117,17,24.64573268921095,0.7283558379666402,0.09293089753772836,0.013502779984114376
Fulton,13121008301,1400000US13121008301,008301,2997,31.9,2.628176,0,0,1140.3345894643282,1601,1124,477,609.1677269711009,0.29793878825733916,2.58,31543,16161,2997,1325,0.44210877544210875,927,611,47,202,30.93793103448276,0.6591154261057174,0.05070118662351672,0.21790722761596548
Fulton,13121008302,1400000US13121008302,008302,1831,43.5,1.89047,0,0,968.5422143699715,908,609,299,480.3038397858733,0.32929515418502203,2.57,-666666666,15799,1536,614,0.3997395833333333,445,314,57,21,31.839622641509433,0.7056179775280899,0.12808988764044943,0.04719101123595506
Fulton,13121008400,1400000US13121008400,008400,2805,49.7,1.778031,0,0,1577.5877923388289,2226,1633,593,1251.9466758453593,0.2663971248876909,1.65,-666666666,24607,2764,1321,0.47793053545586106,998,487,106,264,28.59673024523161,0.4879759519038076,0.1062124248496994,0.26452905811623245
Fulton,13121008500,1400000US13121008500,008500,2258,32.3,3.769244,0,0,599.0591216700219,1249,848,401,331.3661837758447,0.3210568454763811,2.66,47566,26825,2258,767,0.33968113374667847,873,546,0,98,23.335483870967742,0.6254295532646048,0,0.11225658648339061
Fulton,13121008601,1400000US13121008601,008601,5555,28.8,4.516355,0,0,1229.9741716494827,2482,2152,330,549.5582167477977,0.13295729250604352,2.52,32768,16067,5437,1647,0.30292440684200844,1436,1024,147,84,35.00739644970414,0.713091922005571,0.10236768802228412,0.0584958217270195
Fulton,13121008602,1400000US13121008602,008602,1298,30.4,4.477521,0.080678,0.017699534399441535,289.8925543844462,591,527,64,131.99268077134647,0.10829103214890017,2.46,40060,23461,1298,335,0.2580893682588598,586,364,62,129,33.89496717724289,0.621160409556314,0.10580204778156997,0.22013651877133106
Fulton,13121008701,1400000US13121008701,008701,3833,36.4,4.165398,0.016551,0.003957724018155171,920.2001825515833,1487,1381,106,356.9886959181332,0.07128446536650974,2.77,47228,22589,3833,967,0.2522828072006261,1362,843,229,77,43.75875486381323,0.6189427312775331,0.16813509544787078,0.0565345080763583
Fulton,13121008702,1400000US13121008702,008702,2290,33.2,3.689297,0,0,620.7144613187825,1147,1092,55,310.89933935923295,0.04795117698343505,2.01,77627,60538,2226,244,0.1096136567834681,1403,970,12,220,40.604395604395606,0.6913756236635781,0.008553100498930863,0.15680684248039914
Fulton,13121008801,1400000US13121008801,008801,1818,34,2.95499,0.128351,0.04162724784576211,615.2305083942755,976,755,221,330.2887657826253,0.22643442622950818,2.41,111157,66585,1818,63,0.034653465346534656,1127,769,37,262,45.664739884393065,0.6823425022182786,0.032830523513753325,0.23247559893522626
Fulton,13121008802,1400000US13121008802,008802,2815,34.1,6.602245,0.03058,0.004610403561076917,426.3701210724534,1272,1194,78,192.66173854499493,0.06132075471698113,2.36,198611,92283,2815,216,0.07673179396092362,1785,1123,0,542,22.337087691069993,0.6291316526610644,0,0.30364145658263303
Fulton,13121008903,1400000US13121008903,008903,2869,30.9,1.151118,0.008496,0.007326575912329447,2492.359601708947,1500,1347,153,1303.0810047275777,0.102,2.12,90492,50023,2869,610,0.2126176368072499,1830,1084,63,576,26.905901116427433,0.5923497267759563,0.03442622950819672,0.31475409836065577
Fulton,13121008905,1400000US13121008905,008905,5268,29.9,5.144123,0.20694,0.03867268989357815,1024.0812671081155,3516,3204,312,683.498431122273,0.08873720136518772,1.64,121589,96268,5268,91,0.01727410782080486,4388,2475,0,1489,23.99620558813384,0.5640382862351869,0,0.339334548769371
Fulton,13121008906,1400000US13121008906,008906,2432,44.9,2.065229,0.059995,0.028229965405999556,1177.5933806856285,992,911,81,480.33414212176956,0.08165322580645161,2.67,200236,100405,2432,0,0,1276,878,0,131,27.663755458515283,0.6880877742946708,0,0.10266457680250783
Fulton,13121008907,1400000US13121008907,008907,2858,29.9,0.918277,0.0248,0.0262968983444618,3112.3506305831465,1782,1598,184,1940.590911021402,0.10325476992143659,1.79,86111,67726,2858,163,0.05703289013296011,1768,1161,31,536,24.20048701298701,0.6566742081447964,0.01753393665158371,0.3031674208144796
Fulton,13121008908,1400000US13121008908,008908,2876,25.6,1.011888,9.79e-4,9.66563230907908e-4,2842.2117862846485,1353,1199,154,1337.104501683981,0.11382113821138211,2.4,48952,38880,2876,577,0.2006258692628651,2120,1286,199,291,28.30781848004374,0.6066037735849057,0.0938679245283019,0.13726415094339622
Fulton,13121008909,1400000US13121008909,008909,1635,35.7,0.777676,0,0,2102.4179735519674,796,796,0,1023.5625118944135,0,2.05,128585,79169,1635,49,0.02996941896024465,1115,660,33,347,22.252604166666668,0.5919282511210763,0.029596412556053813,0.3112107623318386
Fulton,13121009001,1400000US13121009001,009001,2264,27.7,0.989876,0,0,2287.1551588279744,1515,1382,133,1530.4947286326772,0.08778877887788779,1.64,80992,92939,2264,63,0.02782685512367491,1845,1448,0,370,19.471186440677965,0.7848238482384824,0,0.2005420054200542
Fulton,13121009002,1400000US13121009002,009002,2776,34,2.160912,0.033952,0.0154688399827962,1284.6427804556595,936,936,0,433.1504475887958,0,2.97,250001,113733,2776,25,0.009005763688760807,1385,862,0,507,20.569476082004556,0.6223826714801444,0,0.36606498194945847
Fulton,13121009103,1400000US13121009103,009103,3774,29.3,0.722375,0,0,5224.433292957259,2249,2249,0,3113.341408548192,0,1.67,92522,89802,3767,638,0.16936554287231217,2642,1963,113,368,23.49164467897977,0.742997728993187,0.04277062831188493,0.1392884178652536
Fulton,13121009104,1400000US13121009104,009104,2809,35.6,0.979259,0.018626,0.01866547748488052,2868.495464427695,1924,1792,132,1964.7508983833695,0.06860706860706861,1.57,94306,77412,2809,352,0.125311498754005,2088,1369,0,508,20.879746835443036,0.6556513409961686,0,0.24329501915708812
Fulton,13121009105,1400000US13121009105,009105,1169,41.3,0.695275,0.00729,0.010376264117910799,1681.3491064686636,486,435,51,699.0039912264931,0.10493827160493827,2.69,250001,144785,1169,0,0,614,374,9,195,16.56324582338902,0.6091205211726385,0.014657980456026058,0.31758957654723124
Fulton,13121009106,1400000US13121009106,009106,2500,30.2,0.876712,0.030346,0.033455412994538386,2851.5635693363383,1536,1447,89,1752.0006570002463,0.057942708333333336,1.64,96274,79655,2331,344,0.14757614757614756,1816,1380,38,398,20.691114245416077,0.7599118942731278,0.02092511013215859,0.21916299559471367
Fulton,13121009201,1400000US13121009201,009201,1504,35.4,0.643123,0.00407,0.006288695953139172,2338.588419322587,947,815,132,1472.502149666549,0.13938753959873285,1.85,58188,49695,1504,154,0.1023936170212766,1079,805,79,110,24.478844169246646,0.7460611677479148,0.0732159406858202,0.10194624652455977
Fulton,13121009202,1400000US13121009202,009202,2816,30.5,1.481637,0.015706,0.01048924661884418,1900.6004844641432,1740,1615,125,1174.3767198038386,0.07183908045977011,1.74,101993,89818,2816,221,0.07848011363636363,2209,1628,21,452,20.654524758110416,0.736985061113626,0.009506564056133997,0.20461747397012223
Fulton,13121009203,1400000US13121009203,009203,2768,35.1,1.362108,0.03337,0.023912953124305792,2032.144293991372,1990,1853,137,1460.970789394086,0.06884422110552764,1.49,81096,69744,2768,327,0.11813583815028902,1658,1098,159,256,28.095577746077034,0.6622436670687576,0.09589867310012062,0.15440289505428226
Fulton,13121009301,1400000US13121009301,009301,3871,33.8,1.283448,0.024222,0.01852302186331414,3016.0941463931536,1856,1661,195,1446.1045558526719,0.1050646551724138,2.33,129083,108575,3871,434,0.11211573236889692,2155,1399,167,335,22.096153846153847,0.6491879350348028,0.07749419953596287,0.1554524361948956
Fulton,13121009302,1400000US13121009302,009302,1967,44.8,1.146544,0.006022,0.005224863478533984,1715.5905050307708,1220,1113,107,1064.067318829456,0.08770491803278689,1.77,148662,106549,1967,82,0.041687849517031014,1230,759,99,289,26.20616365568544,0.6170731707317073,0.08048780487804878,0.23495934959349593
Fulton,13121009405,1400000US13121009405,009405,3769,32.1,0.732992,0.012881,0.017269696047450437,5141.938793329259,2538,2303,235,3462.5207369248233,0.09259259259259259,1.64,74424,54038,3769,414,0.10984345980366145,3149,1574,865,618,21.892532595811932,0.4998412194347412,0.2746903778977453,0.19625277865989202
Fulton,13121009406,1400000US13121009406,009406,1658,33.8,0.604078,0.009937,0.016183643722058907,2744.6786673244183,1432,1308,124,2370.5547959038404,0.08659217877094973,1.27,78365,73542,1658,225,0.13570566948130278,1311,909,102,215,21.78375912408759,0.6933638443935927,0.07780320366132723,0.16399694889397406
Fulton,13121009407,1400000US13121009407,009407,1090,32.1,0.145245,0,0,7504.561258563117,790,703,87,5439.0856828118,0.11012658227848102,1.55,93601,65306,1090,0,0,895,760,23,106,19.61343472750317,0.8491620111731844,0.02569832402234637,0.11843575418994413
Fulton,13121009408,1400000US13121009408,009408,1648,34.3,0.509349,0,0,3235.5025728920637,1235,1145,90,2424.6636392728756,0.0728744939271255,1.44,52031,50616,1648,312,0.18932038834951456,1229,809,50,241,23.11234817813765,0.6582587469487388,0.04068348250610252,0.19609438567941415
Fulton,13121009409,1400000US13121009409,009409,2075,33.2,0.523987,0,0,3960.021908940489,912,894,18,1740.50119564035,0.019736842105263157,2.3,84886,42738,2062,383,0.18574199806013578,1264,734,120,206,20.137051039697543,0.5806962025316456,0.0949367088607595,0.1629746835443038
Fulton,13121009410,1400000US13121009410,009410,3592,29,0.77191,0.004235,0.0054564546573127445,4653.392234846031,1467,1355,112,1900.4806259797126,0.076346284935242,2.6,91622,94148,3592,151,0.042037861915367486,1839,1074,50,687,25.533854166666668,0.5840130505709625,0.027188689505165852,0.3735725938009788
Fulton,13121009411,1400000US13121009411,009411,2485,53.7,1.277552,0.016106,0.012449967456623003,1945.126304056508,1473,1385,88,1152.9863363683044,0.05974202308214528,1.79,104779,98106,2485,345,0.13883299798792756,1504,961,15,477,21.066212268743914,0.6389627659574468,0.00997340425531915,0.3171542553191489
Fulton,13121009501,1400000US13121009501,009501,3491,58.5,4.504346,0.02506,0.005532734314389128,775.0292717300136,2020,1685,335,448.45578026199587,0.16584158415841585,2.07,151404,170908,3491,119,0.0340876539673446,1455,902,0,437,26.832023575638505,0.6199312714776632,0,0.30034364261168384
Fulton,13121009503,1400000US13121009503,009503,1633,68.9,0.33892,0,0,4818.246193792045,1298,1227,71,3829.812345096188,0.054699537750385205,1.12,42832,54487,1388,347,0.25,600,470,14,61,36.09461966604824,0.7833333333333333,0.023333333333333334,0.10166666666666667
Fulton,13121009504,1400000US13121009504,009504,2683,40.3,1.528087,0,0,1755.7900826327298,2006,1594,412,1312.7524807160848,0.2053838484546361,1.68,92109,95134,2683,232,0.08647036898993664,1465,1133,0,284,27.159187129551228,0.7733788395904437,0,0.19385665529010238
Fulton,13121009601,1400000US13121009601,009601,3190,35.2,0.822057,0,0,3880.509502382438,2008,1775,233,2442.653003380544,0.11603585657370517,1.8,126875,83472,3180,204,0.06415094339622641,2125,1517,0,341,22.6457399103139,0.7138823529411765,0,0.16047058823529411
Fulton,13121009604,1400000US13121009604,009604,2879,45.3,1.36196,0,0,2113.865311756586,2028,1806,222,1489.030514846251,0.10946745562130178,1.59,68302,81931,2879,300,0.10420284821118445,1752,1272,13,371,26.63287472845764,0.726027397260274,0.007420091324200913,0.2117579908675799
Fulton,13121009605,1400000US13121009605,009605,2625,29.7,0.504024,0,0,5208.085329270035,2114,1861,253,4194.244718505468,0.11967833491012299,1.41,99375,89658,2625,284,0.10819047619047618,2002,976,149,675,21.107761868877166,0.4875124875124875,0.07442557442557443,0.3371628371628372
Fulton,13121009606,1400000US13121009606,009606,1618,38.4,1.648224,0,0,981.662686625119,557,557,0,337.9395033684742,0,2.9,239511,111804,1618,64,0.03955500618046971,674,375,24,212,21.060606060606062,0.5563798219584569,0.03560830860534125,0.314540059347181
Fulton,13121009607,1400000US13121009607,009607,4716,38.8,0.727699,0,0,6480.701498833996,3057,2809,248,4200.912740020256,0.08112528622832843,1.62,104017,119628,4581,429,0.09364767518009168,2614,1460,125,756,23.807857911733045,0.558530986993114,0.047819433817903594,0.28921193573068094
Fulton,13121009700,1400000US13121009700,009700,3852,46.3,10.52423,0.345343,0.03177153325158219,366.0125253819044,1623,1544,79,154.21555781278062,0.04867529266789895,2.49,250001,179579,3811,100,0.026239832065074783,1858,1461,0,272,22.522068095838588,0.7863293864370291,0,0.14639397201291712
Fulton,13121009802,1400000US13121009802,009802,3936,44.9,10.557402,0.182453,0.016988404405832293,372.81899467312127,1840,1731,109,174.28530238784126,0.05923913043478261,2.27,178594,154602,3936,146,0.03709349593495935,2106,1518,0,497,22.893101305158485,0.7207977207977208,0,0.23599240265906932
Fulton,13121009803,1400000US13121009803,009803,2940,48.4,2.458748,0,0,1195.730509999398,1797,1601,196,730.8597709077953,0.10907067334446299,1.78,83015,103830,2845,209,0.0734622144112478,1507,1011,0,489,22.68664047151277,0.6708692767086928,0,0.32448573324485736
Fulton,13121009804,1400000US13121009804,009804,2436,36,3.192925,0.029806,0.00924867759673395,762.9368055936172,790,790,0,247.4220346547445,0,3.08,250001,121154,2436,0,0,1150,670,14,426,18.777624309392266,0.5826086956521739,0.01217391304347826,0.37043478260869567
Fulton,13121009900,1400000US13121009900,009900,4966,37.7,7.75991,0.05507,0.007046723088222875,639.9558757769098,2271,2084,187,292.65803340502663,0.08234258036107442,2.38,180500,150966,4966,208,0.041884816753926704,2333,1699,0,405,20.228215767634854,0.7282468924132018,0,0.17359622803257607
Fulton,13121010003,1400000US13121010003,010003,3698,32.5,2.085594,0.010785,0.005144585020170494,1773.1159564133768,2496,2214,282,1196.7813486229823,0.11298076923076923,1.67,137723,111324,3698,382,0.1032990805840995,2744,1831,25,401,20.78531796841656,0.6672740524781341,0.009110787172011662,0.14613702623906705
Fulton,13121010004,1400000US13121010004,010004,2221,38.6,1.727805,0.029178,0.016606876674390134,1285.4459849346424,845,806,39,489.05981867166724,0.046153846153846156,2.76,241607,119220,2185,148,0.06773455377574371,1467,1097,0,211,20.02786624203822,0.7477845944103613,0,0.1438309475119291
Fulton,13121010005,1400000US13121010005,010005,3154,41.7,4.356203,0.077373,0.017451601145441063,724.025028218382,1270,1135,135,291.538296080325,0.1062992125984252,2.78,250001,152739,3154,6,0.0019023462270133164,1515,964,8,535,21.596938775510203,0.6363036303630363,0.005280528052805281,0.35313531353135313
Fulton,13121010006,1400000US13121010006,010006,4057,33.5,0.672395,0,0,6033.655812431681,3194,2749,445,4750.184043605322,0.13932373199749531,1.48,102841,94227,4057,564,0.13901897954153317,2690,1404,116,827,22.026301663982824,0.5219330855018587,0.04312267657992565,0.30743494423791823
Fulton,13121010007,1400000US13121010007,010007,1850,50.9,1.485734,0,0,1245.1757851674658,894,764,130,601.7227848322782,0.14541387024608501,2.15,224000,147593,1643,10,0.006086427267194157,684,385,0,290,20.063451776649746,0.5628654970760234,0,0.4239766081871345
Fulton,13121010106,1400000US13121010106,010106,3674,41.7,6.662839,0.138258,0.02032877931310199,551.4165958385007,1888,1749,139,283.362692690008,0.0736228813559322,2.1,92321,94692,3674,336,0.0914534567229178,2173,1422,55,407,27.10928652321631,0.6543948458352508,0.025310630464795213,0.1872986654394846
Fulton,13121010107,1400000US13121010107,010107,1935,55.8,5.31777,0.046181,0.008609511906428675,363.8743307815118,767,740,27,144.2333910642995,0.035202086049543675,2.58,250001,161174,1935,95,0.04909560723514212,894,544,6,258,34.31603773584906,0.6085011185682326,0.006711409395973154,0.28859060402684567
Fulton,13121010108,1400000US13121010108,010108,4615,51.9,4.965945,0.02356,0.0047219112918014915,929.329664343846,1882,1841,41,378.9812412340451,0.021785334750265676,2.51,144047,87225,4615,173,0.037486457204767065,2071,1188,46,761,24.866412213740457,0.5736359246740705,0.02221149203283438,0.3674553355866731
Fulton,13121010115,1400000US13121010115,010115,2764,50.1,3.608603,0.036079,0.009899080358725398,765.9473763115533,1197,1092,105,331.7073116660381,0.08771929824561403,2.31,164881,114515,2525,54,0.021386138613861388,1371,912,64,316,21.312796208530806,0.6652078774617067,0.046681254558716266,0.23048869438366157
Fulton,13121010117,1400000US13121010117,010117,4354,32.1,1.397112,0,0,3116.4287473015765,2366,2292,74,1693.493435028831,0.03127641589180051,1.9,72000,45974,4354,202,0.04639412034910427,2846,1834,90,639,42.5736293611237,0.6444132115249473,0.03162333099086437,0.22452565003513703
Fulton,13121010120,1400000US13121010120,010120,2606,36.4,0.957774,0.027937,0.028341978531232784,2720.892402591843,1495,1400,95,1560.911029115428,0.06354515050167224,1.85,80515,55105,2606,212,0.08135072908672294,2064,1407,72,439,26.236923076923077,0.6816860465116279,0.03488372093023256,0.2126937984496124
Fulton,13121010121,1400000US13121010121,010121,2407,47,2.096656,0,0,1148.0185590769302,1495,1450,45,713.0401935272167,0.030100334448160536,1.63,111058,111190,2407,203,0.08433734939759036,1371,748,53,557,24.152334152334152,0.5455871626549964,0.03865791393143691,0.4062727935813275
Fulton,13121010124,1400000US13121010124,010124,2340,27.9,0.639704,0,0,3657.9417980816124,1290,1159,131,2016.5576579167864,0.10155038759689923,1.95,82743,37124,2340,248,0.10598290598290598,1563,863,0,593,25.4020618556701,0.5521433141394754,0,0.37939859245041585
Fulton,13121010125,1400000US13121010125,010125,4207,35.4,1.570737,0,0,2678.360540306875,1876,1831,45,1194.3438016676248,0.02398720682302772,2.29,75971,36892,4207,528,0.12550511053006894,2409,1104,890,130,41.417288284335235,0.45828144458281445,0.36944790369447905,0.053964300539643004
Fulton,13121010126,1400000US13121010126,010126,2399,38.3,0.72329,0,0,3316.7885633701558,1404,1311,93,1941.1301137856185,0.06623931623931624,1.83,86849,62142,2399,224,0.09337223843268028,1514,990,104,271,23.218020917135963,0.6538969616908851,0.06869220607661823,0.17899603698811095
Fulton,13121010127,1400000US13121010127,010127,2122,43.3,2.041148,0.016474,0.008006329636833199,1039.611042413387,1125,980,145,551.1604254076627,0.1288888888888889,2.16,130431,92757,2110,57,0.027014218009478674,1254,737,112,374,26.9375,0.5877192982456141,0.08931419457735247,0.2982456140350877
Fulton,13121010128,1400000US13121010128,010128,1699,29,0.238006,0.005714,0.023444936812735927,7138.475500617632,901,766,135,3785.6188499449595,0.14983351831298558,2.22,112941,39746,1699,108,0.06356680400235433,1468,930,0,538,16.188172043010752,0.6335149863760218,0,0.36648501362397823
Fulton,13121010129,1400000US13121010129,010129,4211,32.8,1.88721,0.004838,0.0025570175809493207,2231.3362052977677,2540,2366,174,1345.9021518537947,0.06850393700787402,1.76,92763,77687,4168,399,0.09572936660268715,2780,1843,0,612,20.207564575645755,0.6629496402877698,0,0.22014388489208633
Fulton,13121010130,1400000US13121010130,010130,3813,32.2,1.846251,0.003637,0.001966064972582124,2065.2663153601543,2197,2072,125,1189.9790440194752,0.05689576695493855,1.84,101123,75023,3813,73,0.01914503015997902,2555,1287,324,869,25.64946619217082,0.5037181996086105,0.12681017612524462,0.3401174168297456
Fulton,13121010131,1400000US13121010131,010131,2525,38.5,1.370723,0,0,1842.0935520889343,1270,1149,121,926.5183410506719,0.09527559055118111,2.19,65893,67174,2525,29,0.011485148514851485,1276,641,80,407,25.379746835443036,0.5023510971786834,0.06269592476489028,0.31896551724137934
Fulton,13121010132,1400000US13121010132,010132,3352,38.7,1.77804,0,0,1885.2219297653596,1995,1901,94,1122.022001754741,0.04711779448621554,1.74,68827,61406,3317,256,0.07717817304793488,2105,1297,184,300,22.75623268698061,0.6161520190023753,0.08741092636579573,0.14251781472684086
Fulton,13121010133,1400000US13121010133,010133,5257,36.5,3.557837,0.058868,0.016276693841493845,1477.5831495372047,3049,2700,349,856.9813625525845,0.11446375860938013,1.95,95581,61015,5257,472,0.0897850485067529,3177,1587,219,844,24.001285897985426,0.4995278564683664,0.06893295561850803,0.26565942713251495
Fulton,13121010134,1400000US13121010134,010134,2178,34.9,0.643025,0,0,3387.115586485751,1255,1168,87,1951.7126083744802,0.06932270916334661,1.86,72469,43303,2164,177,0.08179297597042513,1438,801,149,364,25.558659217877096,0.5570236439499304,0.10361613351877608,0.25312934631432543
Fulton,13121010135,1400000US13121010135,010135,2221,35.6,1.282671,0.013966,0.010770940517662229,1731.5430067414015,1088,980,108,848.2299825910152,0.09926470588235294,2.27,37264,37574,2221,192,0.0864475461503827,1112,800,90,30,24.48706099815157,0.7194244604316546,0.08093525179856115,0.02697841726618705
Fulton,13121010136,1400000US13121010136,010136,3417,31.2,1.85335,0.014144,0.007573786046969897,1843.6884560390642,1650,1605,45,890.2797636711899,0.02727272727272727,2.13,118953,87386,3417,337,0.09862452443664033,2179,1454,56,611,18.523596938775512,0.6672785681505278,0.02569986232216613,0.28040385497934833
Fulton,13121010137,1400000US13121010137,010137,3569,33.1,2.11028,0,0,1691.244763728036,1818,1781,37,861.4970525238357,0.02035203520352035,1.97,81425,68073,3516,47,0.013367463026166098,2397,1734,72,432,28.796437659033078,0.723404255319149,0.030037546933667083,0.1802252816020025
Fulton,13121010204,1400000US13121010204,010204,5278,49.2,9.419824,0.348484,0.03567496028994991,560.3077085092035,2025,1926,99,214.97216933140152,0.04888888888888889,2.74,172500,95614,5278,158,0.02993558165971959,2195,1274,37,677,26.80171277997365,0.5804100227790433,0.01685649202733485,0.3084282460136674
Fulton,13121010211,1400000US13121010211,010211,3627,36.9,3.831226,0.031852,0.00824523864131141,946.6943479711194,1536,1436,100,400.9160514153955,0.06510416666666667,2.48,198182,126697,3586,128,0.03569436698271054,2088,1503,43,428,22.39156626506024,0.7198275862068966,0.020593869731800767,0.2049808429118774
Fulton,13121010212,1400000US13121010212,010212,5736,32,3.25938,0.053193,0.016057910270958556,1759.843896692009,2521,2400,121,773.4599831869864,0.047996826656088856,2.39,80172,58974,5736,808,0.14086471408647142,3023,2027,48,603,27.962809917355372,0.6705259675818723,0.01587826662256037,0.19947072444591465
Fulton,13121010213,1400000US13121010213,010213,883,35.6,1.232951,0.051724,0.04026232315566194,716.1679580129301,630,614,16,510.9692112663034,0.025396825396825397,1.44,70160,57072,883,113,0.12797281993204984,543,317,34,192,28.162393162393162,0.583793738489871,0.06261510128913444,0.35359116022099446
Fulton,13121010214,1400000US13121010214,010214,2189,35.6,0.781545,0,0,2800.8623943598895,1767,1505,262,2260.9062817879967,0.1482739105829089,1.45,53090,49183,2161,717,0.3317908375751967,1013,520,219,236,28.365508365508365,0.5133267522211253,0.21618953603158933,0.23297137216189537
Fulton,13121010215,1400000US13121010215,010215,1519,48.8,4.603308,0.739849,0.13846664060217584,329.98009257690336,853,750,103,185.3015266412762,0.12075029308323564,2.03,123680,75251,1519,7,0.004608294930875576,924,749,27,144,24.352564102564102,0.8106060606060606,0.02922077922077922,0.15584415584415584
Fulton,13121010216,1400000US13121010216,010216,4150,36.2,1.981251,0,0,2094.6361667451524,1557,1547,10,785.8671112342656,0.006422607578676943,2.68,94663,49199,4150,292,0.07036144578313253,2159,1435,55,484,27.856716417910448,0.6646595646132468,0.025474756831866605,0.22417786012042612
Fulton,13121010217,1400000US13121010217,010217,2651,45.8,2.577316,0.151385,0.05547877909672038,1028.589431796489,1268,1222,46,491.98468484268125,0.03627760252365931,2.17,92500,61717,2651,54,0.02036967182195398,1576,904,27,575,26.57842157842158,0.5736040609137056,0.01713197969543147,0.36484771573604063
Fulton,13121010218,1400000US13121010218,010218,1633,46.7,1.47139,0.084319,0.0541997250128398,1109.8349180027049,1043,1013,30,708.8535330537791,0.028763183125599234,1.61,57776,64324,1633,341,0.2088181261481935,1056,631,34,380,33.84615384615385,0.5975378787878788,0.032196969696969696,0.35984848484848486
Fulton,13121010219,1400000US13121010219,010219,2154,34.3,0.890377,0.208626,0.18983205687336613,2419.1999568722013,1376,1175,201,1545.4127858199392,0.14607558139534885,1.83,76116,45273,2154,25,0.01160631383472609,1503,805,188,468,25.309178743961354,0.5355954757152362,0.12508316699933467,0.31137724550898205
Fulton,13121010220,1400000US13121010220,010220,4449,40.8,4.842925,0.012471,0.0025684825707316147,918.6596942963188,2193,2077,116,452.8255135068166,0.052895576835385316,2.14,130139,92778,4449,275,0.0618116430658575,2189,1435,0,537,22.745157384987895,0.6555504796710827,0,0.245317496573778
Fulton,13121010221,1400000US13121010221,010221,2092,48.2,1.750291,0.00225,0.0012838501353178043,1195.2298217839204,1124,1124,0,642.178929103789,0,1.86,95646,70643,2092,139,0.06644359464627152,1037,833,46,146,22.99102132435466,0.8032786885245902,0.044358727097396335,0.1407907425265188
Fulton,13121010222,1400000US13121010222,010222,2564,49,5.708881,0.018436,0.0032189592439182254,449.1247934577722,1078,931,147,188.82859880946896,0.13636363636363635,2.75,197250,159298,2564,105,0.04095163806552262,1323,1029,0,271,18.42680608365019,0.7777777777777778,0,0.20483749055177627
Fulton,13121010223,1400000US13121010223,010223,2845,52.8,8.93049,0.161701,0.01778460219324473,318.57154534633594,1402,1232,170,156.99026593165658,0.12125534950071326,2.31,222935,124874,2845,43,0.015114235500878734,1391,869,32,469,24.983731019522775,0.6247304097771388,0.023005032350826744,0.33716750539180446
Fulton,13121010305,1400000US13121010305,010305,5167,33.8,8.72017,0.001646,1.8872216520045827e-4,592.5343198584432,1666,1528,138,191.05132124717753,0.08283313325330131,3.38,98194,32275,5167,445,0.08612347590478034,2014,1110,44,353,46.74292594822396,0.551142005958292,0.021847070506454815,0.17527308838133068
Fulton,13121010306,1400000US13121010306,010306,4101,39.9,15.112005,0.151692,0.009938090359105006,271.3736529335452,1528,1455,73,101.11166585770717,0.047774869109947646,2.82,145029,52813,4101,394,0.09607412826139966,2539,1985,0,375,36.081330868761555,0.7818038597873178,0,0.14769594328475777
Fulton,13121010307,1400000US13121010307,010307,5690,40.2,10.55369,0.053112,0.005007352828873397,539.1479188795578,2137,1905,232,202.48841874263883,0.1085634066448292,2.98,127937,43918,5690,155,0.027240773286467488,2838,2057,64,414,27.896039603960396,0.7248062015503876,0.02255109231853418,0.14587737843551796
Fulton,13121010308,1400000US13121010308,010308,4837,41.9,13.430108,0.011421,8.496801219563637e-4,360.1609160551799,1865,1797,68,138.8670887829048,0.03646112600536193,2.69,89347,50451,4837,500,0.10336985734959686,2330,1894,0,410,28.252604166666668,0.8128755364806867,0,0.1759656652360515
Fulton,13121010309,1400000US13121010309,010309,4300,39.4,46.492284,0.952795,0.020082061619077503,92.48846539782816,1626,1626,0,34.97354528764386,0,2.64,100689,36821,4300,304,0.07069767441860465,2660,2399,0,121,24.680976762504923,0.9018796992481203,0,0.04548872180451128
Fulton,13121010310,1400000US13121010310,010310,5651,38.3,11.123101,0,0,508.0417771986427,1747,1696,51,157.0605175660996,0.02919290211791643,3.28,96166,37119,5570,91,0.016337522441651705,3381,2526,63,604,29.69031328772056,0.7471162377994676,0.018633540372670808,0.17864537119195503
Fulton,13121010311,1400000US13121010311,010311,6054,29.8,10.828979,0.229611,0.020763135264079777,559.055475128357,2326,2286,40,214.7940262881662,0.017196904557179708,2.65,108800,40914,6054,418,0.06904525933267261,2620,2103,0,463,51.95642095503013,0.8026717557251909,0,0.1767175572519084
Fulton,13121010312,1400000US13121010312,010312,2897,52.7,8.350693,0.203107,0.023744651499918164,346.9173157245752,1219,1149,70,145.97590882577052,0.05742411812961444,2.52,98977,64162,2897,108,0.03727994477045219,1377,922,0,278,42.415832575068244,0.6695715323166304,0,0.2018881626724764
Fulton,13121010313,1400000US13121010313,010313,3681,34.3,18.157282,0.268527,0.014573417102065911,202.72858019168288,1727,1639,88,95.11335452079227,0.050955414012738856,2.25,95567,53354,3681,264,0.07171964140179299,2117,1668,68,329,31.020693512304252,0.7879074161549362,0.03212092583845064,0.15540859707132734
Fulton,13121010314,1400000US13121010314,010314,2742,41.6,7.581312,0,0,361.67882287393,805,803,2,106.18214894730622,0.002484472049689441,3.41,102956,36688,2742,0,0,1425,774,0,313,40.710431654676256,0.5431578947368421,0,0.21964912280701754
Fulton,13121010315,1400000US13121010315,010315,5327,38.7,10.127549,0.060125,0.005901739690531912,525.991036923149,1944,1902,42,191.951675573231,0.021604938271604937,2.8,93065,32103,5327,257,0.04824479068894312,2609,1698,0,577,34.13631889763779,0.6508240705251054,0,0.22115753162131085
Fulton,13121010401,1400000US13121010401,010401,4926,37.2,24.062902,0.157739,0.006512585690857645,204.7134630727416,2030,1805,225,84.36222696663935,0.11083743842364532,2.73,56883,28455,4920,497,0.10101626016260162,2566,1819,18,212,29.55607476635514,0.7088854247856586,0.007014809041309431,0.08261886204208885
Fulton,13121010402,1400000US13121010402,010402,4141,46.9,158.12132,2.775162,0.01724812106208761,26.18875177616782,1871,1597,274,11.83268644607824,0.1464457509353287,2.55,76366,63872,4095,329,0.08034188034188035,1790,1336,0,412,38.087808417997095,0.7463687150837989,0,0.23016759776536314
Fulton,13121010508,1400000US13121010508,010508,4267,33.4,3.955918,0,0,1078.6371203852052,1496,1417,79,378.1675959916257,0.052807486631016046,3.01,56182,25494,4254,804,0.18899858956276447,1545,950,177,128,30.557515878616798,0.6148867313915858,0.1145631067961165,0.08284789644012945
Fulton,13121010517,1400000US13121010517,010517,5427,28,4.166819,0.014126,0.0033786620010547853,1302.4323830720748,1991,1922,69,477.8225308082736,0.03465595178302361,2.82,71075,30213,5427,929,0.17118113138013635,2480,1876,124,244,35.402504472271914,0.7564516129032258,0.05,0.09838709677419355
Fulton,13121010518,1400000US13121010518,010518,2876,49.2,4.243863,0.001529,3.6015519886031723e-4,677.6844587113203,1534,1281,253,361.4631292291952,0.16492829204693613,2.24,81421,36061,2876,162,0.056328233657858134,1406,1235,36,118,28.175465838509318,0.8783783783783784,0.025604551920341393,0.08392603129445235
Fulton,13121010519,1400000US13121010519,010519,3605,36.6,11.422504,0.36026,0.030575168950171625,315.6050547235527,1416,1416,0,123.9658134503608,0,2.54,61111,26564,3605,446,0.12371705963938974,1573,830,0,569,23.6304780876494,0.5276541640178004,0,0.36172917991099807
Fulton,13121010520,1400000US13121010520,010520,6805,31.5,18.357012,0.26577,0.014271229722820146,370.7030316262799,2167,2043,124,118.04753409759714,0.05722196585140748,3.33,64916,29885,6805,2096,0.3080088170462895,2724,1879,74,465,36.35236830455954,0.6897944199706314,0.027165932452276064,0.17070484581497797
Fulton,13121010521,1400000US13121010521,010521,1886,43.4,2.291565,0.003394,0.0014788935227165278,823.0183302677428,830,702,128,362.1978865971509,0.15421686746987953,2.65,49245,21502,1879,378,0.2011708355508249,693,416,70,43,34.207692307692305,0.6002886002886003,0.10101010101010101,0.06204906204906205
Fulton,13121010522,1400000US13121010522,010522,5735,31.6,4.707712,0.023365,0.00493862179795425,1218.2138584518339,2702,2332,370,573.9518475216836,0.13693560325684678,2.45,47548,24405,5695,1388,0.2437225636523266,2476,1796,123,47,25.99423631123919,0.7253634894991923,0.049676898222940226,0.018982229402261713
Fulton,13121010523,1400000US13121010523,010523,1485,26.8,4.360421,0.063095,0.01426354058626667,340.56344559390027,589,537,52,135.07869996956717,0.08828522920203735,2.77,55320,25567,1485,470,0.3164983164983165,659,405,46,41,26.22168284789644,0.6145675265553869,0.06980273141122914,0.0622154779969651
Fulton,13121010524,1400000US13121010524,010524,4063,27.5,2.502337,0.01665,0.006609799891781895,1623.6821818963633,1502,1384,118,600.2388966793842,0.07856191744340879,2.89,50000,20664,4001,363,0.09072731817045739,2156,1748,80,50,26.179962013295345,0.8107606679035251,0.03710575139146568,0.023191094619666047
Fulton,13121010525,1400000US13121010525,010525,2742,31.4,2.156547,0,0,1271.477041770942,1400,1354,46,649.185944011422,0.032857142857142856,2.03,45875,26813,2742,350,0.1276440554339898,1513,1093,42,315,21.990818030050082,0.722405816259088,0.02775941837409121,0.20819563780568406
Fulton,13121010526,1400000US13121010526,010526,6036,27.9,14.567449,0.243762,0.016457938516978795,414.3484559307536,2461,2254,207,168.93829523618032,0.08411214953271028,2.68,75521,31216,6031,545,0.09036644005969159,3303,2599,108,389,28.24296499656829,0.7868604299122011,0.0326975476839237,0.11777172267635483
Fulton,13121010527,1400000US13121010527,010527,7164,37,8.378014,0.067692,0.008014960501821872,855.0952528845141,2663,2663,0,317.85575913336976,0,2.68,39837,23735,7164,1439,0.20086543830262424,3066,1788,0,211,27.669001751313484,0.5831702544031311,0,0.06881930854533594
Fulton,13121010528,1400000US13121010528,010528,4025,31.5,5.625104,0.012993,0.0023045009690326364,715.5423259729953,1857,1780,77,330.12722964766516,0.041464728056004305,2.26,46431,23721,3967,471,0.11872951852785481,1920,1562,40,141,31.748173130972457,0.8135416666666667,0.020833333333333332,0.0734375
Fulton,13121010529,1400000US13121010529,010529,5958,33.1,9.427527,0.191491,0.019907541497479263,631.9790969572402,2490,2316,174,264.1201664020692,0.06987951807228916,2.56,64936,33916,5894,1070,0.1815405497115711,3543,2395,272,342,29.248672289909404,0.6759808072255151,0.07677109793959921,0.09652836579170194
Fulton,13121010530,1400000US13121010530,010530,3643,37.3,6.755415,0,0,539.271088452745,1423,1391,32,210.64583004893112,0.022487702037947997,2.59,54726,28070,3643,93,0.025528410650562723,1488,1049,36,179,26.9938884644767,0.7049731182795699,0.024193548387096774,0.12029569892473119
Fulton,13121010531,1400000US13121010531,010531,1929,37.1,3.219736,0.004939,0.0015316272182468,599.1174431692536,931,772,159,289.15414183026184,0.17078410311493017,2.48,66190,35100,1925,9,0.004675324675324675,1004,816,165,23,30.402650356778796,0.8127490039840638,0.1643426294820717,0.022908366533864542
Fulton,13121010532,1400000US13121010532,010532,3007,41.1,3.719361,0.055417,0.014680863351434177,808.4722079948679,1320,1157,163,354.89967228241625,0.12348484848484849,2.6,42731,22863,3007,270,0.08979048885932824,1091,1054,37,0,28.5884509624198,0.9660861594867094,0.03391384051329056,0
Fulton,13121010533,1400000US13121010533,010533,2176,47.4,3.08278,0.014589,0.004710126562253319,705.8564023381493,1099,978,121,356.4964090853061,0.11010009099181074,2.22,52940,39493,2176,56,0.025735294117647058,1281,1095,38,117,25.88487972508591,0.8548009367681498,0.02966432474629196,0.09133489461358314
Fulton,13121010534,1400000US13121010534,010534,3526,31.7,6.866792,0.116847,0.01673153494904304,513.4857732693811,1749,1726,23,254.7040888962415,0.013150371640937679,2.04,68889,39148,3526,488,0.13840045377197957,2506,1754,125,364,21.869747899159663,0.6999201915403033,0.04988028731045491,0.1452513966480447
Fulton,13121010535,1400000US13121010535,010535,2674,37,5.284215,0,0,506.03542815725706,948,825,123,179.40223855388172,0.12974683544303797,3.12,137642,45266,2571,45,0.01750291715285881,1640,1271,17,308,29.707207207207208,0.775,0.010365853658536586,0.1878048780487805
Fulton,13121010536,1400000US13121010536,010536,3239,33,11.131747,0.061842,0.005524769580158785,290.9696025251023,1086,1045,41,97.55881084972556,0.037753222836095765,3.1,114886,36722,3239,99,0.03056498919419574,1950,1542,0,232,36.71711292200233,0.7907692307692308,0,0.11897435897435897
Fulton,13121010537,1400000US13121010537,010537,4243,26.4,4.635217,0.126212,0.02650716833118797,915.3832495868047,1245,1245,0,268.5958392023502,0,3.41,83291,27945,4243,987,0.23261843035588028,1954,1538,198,211,43.069420539300054,0.7871033776867963,0.10133060388945753,0.10798362333674513
Fulton,13121010538,1400000US13121010538,010538,2976,36.1,6.453806,0.13316,0.020215680481727095,461.1232503735005,1370,1215,155,212.27784039371497,0.11313868613138686,2.38,69497,39089,2893,312,0.10784652609747666,1505,1276,0,229,33.393416927899686,0.8478405315614618,0,0.1521594684385382
Fulton,13121010539,1400000US13121010539,010539,2820,39.7,5.213961,0.034071,0.006492147913732233,540.8555990349755,1441,1407,34,276.37337525156016,0.02359472588480222,2,85981,40000,2815,168,0.05968028419182948,1401,1094,0,307,34.37385740402194,0.780870806566738,0,0.21912919343326195
Fulton,13121010540,1400000US13121010540,010540,5942,25.8,8.828186,0.039255,0.004426869036963426,673.0714554496246,1672,1645,27,189.39338160750123,0.016148325358851676,3.61,79920,27649,5942,24,0.004039044092898014,2126,1788,0,94,31.176181102362204,0.8410159924741298,0,0.04421448730009407
Fulton,13121010601,1400000US13121010601,010601,3313,36,2.930343,0,0,1130.584371863635,1719,1516,203,586.6207471275546,0.11809191390343222,2.19,62671,33670,3313,973,0.2936915182613945,1644,1060,118,271,23.335761107064823,0.6447688564476886,0.07177615571776155,0.16484184914841848
Fulton,13121010603,1400000US13121010603,010603,3756,28.6,6.147998,0.028639,0.004636665551172912,610.930582605915,1616,1335,281,262.84979272927546,0.17388613861386137,2.81,47226,26848,3756,522,0.1389776357827476,1635,911,274,131,28.06848404255319,0.5571865443425077,0.1675840978593272,0.0801223241590214
Fulton,13121010604,1400000US13121010604,010604,2728,35.4,4.75632,0,0,573.5526625626535,1747,1285,462,367.30077034345885,0.2644533485975959,2.12,28239,19356,2728,899,0.32954545454545453,1013,585,204,21,25.166330645161292,0.577492596248766,0.20138203356367226,0.02073050345508391
Fulton,13121010801,1400000US13121010801,010801,1988,47.7,3.416131,0,0,581.9448961412779,1356,1176,180,396.94028127141496,0.13274336283185842,1.69,61593,37296,1988,579,0.29124748490945673,1209,838,73,236,32.69270298047277,0.6931348221670802,0.060380479735318446,0.19520264681555005
Fulton,13121010802,1400000US13121010802,010802,4578,34,2.343416,0,0,1953.5583950950238,1879,1732,147,801.8209314948775,0.07823310271420969,2.64,64833,32173,4578,603,0.13171690694626476,2435,1766,137,275,21.46527777777778,0.7252566735112936,0.05626283367556468,0.11293634496919917
Fulton,13121011000,1400000US13121011000,011000,2711,43.7,2.831293,0,0,957.5130514574083,1238,971,267,437.2560522701112,0.21567043618739903,2.75,45685,28231,2673,556,0.20800598578376356,1088,493,129,64,27.2802734375,0.453125,0.11856617647058823,0.058823529411764705
Fulton,13121011100,1400000US13121011100,011100,2443,41.7,3.456835,0,0,706.7158253141964,1406,1218,188,406.73043405311506,0.1337126600284495,2,77208,50406,2441,370,0.15157722244981564,1629,997,83,349,28.75,0.6120319214241866,0.050951503990178025,0.21424186617556784
Fulton,13121011202,1400000US13121011202,011202,4294,37.3,3.208219,0,0,1338.4373074282023,2649,2263,386,825.691762314231,0.14571536428841073,1.88,60295,34682,4272,874,0.2045880149812734,2106,980,525,408,29.64369846878681,0.46533713200379867,0.2492877492877493,0.19373219373219372
Fulton,13121011203,1400000US13121011203,011203,2530,32.8,3.005374,0.008279,0.002747164321837982,841.825343534615,1097,851,246,365.0128070582896,0.22424794895168643,2.97,51917,22309,2530,889,0.3513833992094862,1144,732,37,240,28.042035398230087,0.6398601398601399,0.032342657342657344,0.2097902097902098
Fulton,13121011204,1400000US13121011204,011204,1361,36.2,0.711012,0,0,1914.1730378671527,857,704,153,1205.324242066238,0.17852975495915985,1.93,75625,41484,1361,267,0.1961792799412197,868,572,174,25,27.141162514827997,0.6589861751152074,0.20046082949308755,0.02880184331797235
Fulton,13121011301,1400000US13121011301,011301,4951,40.5,5.045853,0.015588,0.0030797553503043897,981.2017908567689,2015,1817,198,399.33783247351835,0.09826302729528535,2.58,78880,34302,4695,674,0.1435569755058573,2159,1183,102,427,28.937644341801384,0.5479388605836035,0.047244094488188976,0.19777674849467347
Fulton,13121011306,1400000US13121011306,011306,3050,29.6,7.180082,0.002161,3.0088093649852836e-4,424.7862350318562,1477,1361,116,205.70795709575464,0.07853757616790792,2.24,52554,25203,3036,559,0.18412384716732544,1623,1040,202,168,30.371134020618555,0.640788662969809,0.12446087492298213,0.10351201478743069
Fulton,13121011307,1400000US13121011307,011307,5185,25.5,2.055278,0,0,2522.773074980611,2325,2088,237,1131.2338282217784,0.10193548387096774,2.48,42510,21740,5185,1657,0.31957569913211187,2244,1428,249,189,41.27493917274939,0.6363636363636364,0.11096256684491979,0.08422459893048129
Fulton,13121011308,1400000US13121011308,011308,1913,34.2,0.880685,0.004939,0.0055768588023811455,2172.172797311184,854,825,29,969.6997223751965,0.03395784543325527,2.32,46327,22401,1913,287,0.15002613695765812,896,493,282,43,33.81008206330598,0.5502232142857143,0.31473214285714285,0.04799107142857143
Fulton,13121011309,1400000US13121011309,011309,3467,41.1,3.544639,0,0,978.0967822111081,2022,1773,249,570.4389078831441,0.12314540059347182,1.95,74489,48419,3467,333,0.09604845687914623,2155,1694,79,239,26.75365344467641,0.7860788863109048,0.03665893271461717,0.11090487238979119
Fulton,13121011310,1400000US13121011310,011310,5434,30.8,3.46537,0.004735,0.001364512024852274,1568.0865246712472,2229,2021,208,643.2213587582278,0.09331538806639748,2.68,51408,26580,5429,1400,0.2578743783385522,2654,1493,513,210,28.47176759410802,0.5625470987189148,0.193293142426526,0.07912584777694047
Fulton,13121011416,1400000US13121011416,011416,5258,44.1,6.618022,0.038422,0.005772151016368499,794.497207775979,2093,2036,57,316.25763710063217,0.027233635929288104,2.58,144444,59778,5223,104,0.019911928010721808,2538,1587,36,794,34.148509174311926,0.6252955082742316,0.014184397163120567,0.3128447596532703
Fulton,13121011417,1400000US13121011417,011417,4763,47.7,7.528521,0.092041,0.012077980600380917,632.6607842363726,2256,2177,79,299.6604512360396,0.0350177304964539,2.17,110648,66080,4753,176,0.03702924468756575,2376,1220,2,844,29.885770234986946,0.5134680134680135,8.417508417508417e-4,0.3552188552188552
Fulton,13121011419,1400000US13121011419,011419,5955,51.8,6.838658,0.075066,0.010857534955112469,870.7848820631183,2914,2762,152,426.10699350662077,0.05216197666437886,2.15,149982,89790,5955,147,0.02468513853904282,3139,1858,22,885,30.53460514640639,0.5919082510353616,0.007008601465434852,0.2819369225868111
Fulton,13121011421,1400000US13121011421,011421,5717,30.9,3.898566,0.038427,0.009760494875149638,1466.436633367243,1999,1948,51,512.7526377647575,0.025512756378189096,2.93,66923,34404,5612,1014,0.18068424803991448,2450,1395,29,419,27.720334810438207,0.5693877551020409,0.01183673469387755,0.1710204081632653
Fulton,13121011422,1400000US13121011422,011422,3629,43.7,3.694696,0.677327,0.15492301847451398,982.2188347837008,1729,1617,112,467.96813594406683,0.06477732793522267,2.2,114220,71902,3580,65,0.018156424581005588,2255,1181,86,769,29.87550471063257,0.5237250554323725,0.03813747228381375,0.341019955654102
Fulton,13121011423,1400000US13121011423,011423,6153,38.6,6.470993,0.077298,0.01180430130548566,950.8587012843315,2323,2254,69,358.9866346633353,0.0297029702970297,2.73,153720,67472,6153,247,0.04014301966520396,3137,1603,30,1157,29.876262626262626,0.5109977685686962,0.00956327701625757,0.36882371692700033
Fulton,13121011424,1400000US13121011424,011424,6325,41,4.873813,0.015839,0.003239289830850948,1297.7518833816562,2353,2201,152,482.78421843431414,0.06459838504037399,2.87,128839,56918,6325,31,0.004901185770750988,2908,1987,42,574,29.770779777206513,0.6832874828060522,0.014442916093535076,0.19738651994497936
Fulton,13121011426,1400000US13121011426,011426,2364,38.1,1.470011,0,0,1608.1512315213968,754,727,27,512.92133188119,0.03580901856763926,3.25,131875,65933,2348,44,0.018739352640545145,1142,773,10,280,27.23317865429234,0.6768826619964974,0.008756567425569177,0.24518388791593695
Fulton,13121011428,1400000US13121011428,011428,2611,46.4,3.199666,0.101654,0.030791925653980833,816.0226723664282,1065,964,101,332.84724093077216,0.09483568075117371,2.62,152414,69350,2528,22,0.00870253164556962,1316,750,0,438,32.021640091116176,0.5699088145896657,0,0.33282674772036475
Fulton,13121011429,1400000US13121011429,011429,5340,36.7,3.698869,0,0,1443.6845424912317,1916,1883,33,517.9961766691385,0.01722338204592902,2.84,128607,50288,5190,627,0.12080924855491329,2736,1865,14,615,31.025459688826025,0.6816520467836257,0.005116959064327485,0.22478070175438597
Fulton,13121011430,1400000US13121011430,011430,3887,30.5,0.987581,0,0,3935.8796898684764,1730,1460,270,1751.755045915221,0.15606936416184972,2.66,48167,23766,3887,963,0.24774890661178287,2118,1225,0,259,23.49919311457773,0.5783758262511803,0,0.12228517469310671
Fulton,13121011431,1400000US13121011431,011431,4092,20.1,0.675504,0.003114,0.004588737699265271,6057.699140197541,704,669,35,1042.1847983135556,0.04971590909090909,6.12,103775,16696,4092,477,0.11656891495601172,1655,802,33,0,25.694864048338367,0.4845921450151057,0.019939577039274924,0
Fulton,13121011432,1400000US13121011432,011432,4095,36.3,1.838548,0.011209,0.006059714870655984,2227.3011093536857,1768,1612,156,961.628415466988,0.08823529411764706,2.52,87059,42306,4081,339,0.08306787552070571,2695,2002,68,372,26.097718467498925,0.7428571428571429,0.02523191094619666,0.13803339517625232
Fulton,13121011433,1400000US13121011433,011433,3038,46.8,2.828426,0.011727,0.0041290029093503065,1074.0956277449013,1107,1062,45,391.38375902357,0.04065040650406504,2.86,165500,69945,3038,107,0.03522053982883476,1332,721,24,478,30.029274004683842,0.5412912912912913,0.018018018018018018,0.3588588588588589
Fulton,13121011434,1400000US13121011434,011434,3597,36.8,4.050202,0.038487,0.009413041686467227,888.1038525979693,1462,1431,31,360.96965040262194,0.021203830369357045,2.51,82487,43211,3465,61,0.017604617604617605,2313,1784,0,360,27.84690220174091,0.7712926934716818,0,0.1556420233463035
Fulton,13121011435,1400000US13121011435,011435,3911,44.7,3.13777,0.237239,0.07029284958943813,1246.4266023322295,1795,1680,115,572.0623245170933,0.06406685236768803,2.33,92451,52447,3911,512,0.13091281002301203,1992,1255,54,387,26.230529595015575,0.6300200803212851,0.02710843373493976,0.19427710843373494
Fulton,13121011436,1400000US13121011436,011436,3066,46.4,4.067658,0.386774,0.08682902780870827,753.7506840545592,1108,1076,32,272.39261511169326,0.02888086642599278,2.85,180750,85439,3008,262,0.08710106382978723,1587,976,28,528,33.65911237016053,0.6149968494013862,0.017643352236925015,0.332703213610586
Fulton,13121011437,1400000US13121011437,011437,2909,36.1,2.695747,0,0,1079.1072010837813,1443,1354,89,535.2876215757636,0.061677061677061676,2.14,101263,59737,2897,309,0.10666206420434933,1621,853,121,436,28.839662447257385,0.526218383713757,0.07464528069093153,0.2689697717458359
Fulton,13121011438,1400000US13121011438,011438,5588,37.4,4.898078,0.159053,0.031451231933679394,1140.8556580764946,2280,2214,66,465.48870801975795,0.02894736842105263,2.52,112381,51737,5588,579,0.10361488904795992,3569,2306,25,645,23.94151846785226,0.6461193611655927,0.0070047632390025216,0.18072289156626506
Fulton,13121011439,1400000US13121011439,011439,4020,46.5,4.192109,0.343657,0.07576603378569353,958.9445312609953,1593,1559,34,379.9996612683496,0.021343377275580666,2.57,117422,58650,4020,237,0.05895522388059701,1994,1297,0,624,29.68978102189781,0.6504513540621866,0,0.31293881644934807
Fulton,13121011440,1400000US13121011440,011440,2407,46.6,3.2500270000000002,0.242087,0.0693239109605242,740.609231861766,920,863,57,283.0745713804839,0.06195652173913044,2.79,180917,90341,2407,146,0.060656418778562524,1181,796,21,278,32.88482834994463,0.6740050804403048,0.017781541066892465,0.23539373412362405
Fulton,13121011441,1400000US13121011441,011441,3651,44.7,3.319401,0.049227,0.01461336781621479,1099.8972404961016,1571,1459,112,473.2781607283965,0.07129217059197963,2.5,119893,54518,3651,70,0.01917282936181868,1923,1319,0,535,29.672190201729105,0.6859074362974519,0,0.2782111284451378
Fulton,13121011442,1400000US13121011442,011442,1950,35.6,1.530619,0.004712,0.003069045046312489,1273.9943774381477,1072,851,221,700.370242365997,0.20615671641791045,2.29,116193,68250,1950,44,0.022564102564102566,1051,768,0,157,31.392617449664428,0.730732635585157,0,0.1493815413891532
Fulton,13121011443,1400000US13121011443,011443,3284,41.1,3.392256,0.164886,0.04635350514542293,968.0873141649687,1059,1059,0,312.18162780167535,0,3.08,173036,61101,3258,10,0.003069367710251688,1608,1044,0,512,32.68704379562044,0.6492537313432836,0,0.31840796019900497
Fulton,13121011444,1400000US13121011444,011444,3589,52.1,7.29372,0.306282,0.04030025255256512,492.06714817678767,1602,1541,61,219.6410062355012,0.038077403245942575,2.33,171339,95708,3589,157,0.04374477570353859,2077,687,36,1293,34.22831632653061,0.3307655272026962,0.017332691381800675,0.6225324987963409
Fulton,13121011445,1400000US13121011445,011445,2758,55.3,3.411451,0.070863,0.020349399853086196,808.4536462637159,1245,1030,215,364.94734938300445,0.17269076305220885,2.41,131477,70581,2489,4,0.0016070711128967456,1230,758,13,292,27.510660980810236,0.616260162601626,0.01056910569105691,0.23739837398373984
Fulton,13121011446,1400000US13121011446,011446,2969,47.5,7.23025,0.152942,0.020714888628116403,410.63587012897204,1042,982,60,144.11673178659106,0.05758157389635317,3.02,202059,108658,2969,70,0.023576961940047155,1329,921,0,380,35.33719704952582,0.6930022573363431,0,0.28592927012791575
Fulton,13121011505,1400000US13121011505,011505,4290,41,4.165791,0.13757,0.031968036146630505,1029.8164262201344,1398,1324,74,335.5905277053026,0.05293276108726753,3.18,183000,64370,4290,103,0.02400932400932401,1878,1193,0,565,26.706016755521706,0.6352502662406816,0,0.30085197018104365
Fulton,13121011507,1400000US13121011507,011507,4333,41.9,21.308117,0.280168,0.012977779383586978,203.34973756714402,1300,1300,0,61.00961431739839,0,3.33,245139,93310,4314,178,0.041261010662957814,1745,925,0,745,35.41,0.5300859598853869,0,0.4269340974212034
Fulton,13121011508,1400000US13121011508,011508,5379,49,12.03574,0.148455,0.012184227189403977,446.91892646401465,1762,1755,7,146.3973133351169,0.003972758229284903,3.06,250001,127216,5379,36,0.006692693809258227,3059,1947,0,1095,26.40784114052953,0.6364825106243871,0,0.35796011768551816
Fulton,13121011509,1400000US13121011509,011509,2422,45.5,12.391072,0.272543,0.02152173767127317,195.4633142314079,822,784,38,66.33808600256701,0.046228710462287104,3.08,226453,95830,2422,43,0.017753922378199834,1064,742,32,237,48.016928657799276,0.6973684210526315,0.03007518796992481,0.22274436090225563
Fulton,13121011510,1400000US13121011510,011510,5977,43.6,12.002089,0.176305,0.014476867803751464,497.99664041818056,2076,2060,16,172.969888825187,0.007707129094412331,2.9,238145,86812,5977,58,0.009703864815124644,2837,1529,0,1184,32.13551119177254,0.5389495946422277,0,0.4173422629538245
Fulton,13121011511,1400000US13121011511,011511,2676,40.3,6.1859,0.04908,0.007871717311041896,432.5967118770106,804,804,0,129.9730031199987,0,3.33,201538,69473,2656,21,0.007906626506024096,1233,715,0,482,28.322237017310254,0.5798864557988646,0,0.3909164639091646
Fulton,13121011512,1400000US13121011512,011512,3229,47.8,5.850118,0.24608,0.04036614296320428,551.9546785210144,1241,1084,157,212.13247322532638,0.12651087832393232,2.98,199714,98153,3229,65,0.02013007122948281,1760,975,0,687,29.8928238583411,0.5539772727272727,0,0.39034090909090907
Fulton,13121011513,1400000US13121011513,011513,3492,43.3,5.206148,0.106418,0.020031374669039405,670.7454340522014,1108,1108,0,212.82529808987374,0,3.15,187619,64268,3492,290,0.08304696449026346,1576,878,40,596,29.357142857142858,0.5571065989847716,0.025380710659898477,0.37817258883248733
Fulton,13121011514,1400000US13121011514,011514,3095,44.8,16.35586,0.234041,0.01410743801304179,189.22881462668425,1127,1127,0,68.90496739394932,0,2.75,182394,89627,3095,22,0.007108239095315024,1703,931,27,659,36.48946360153257,0.5466823253082795,0.015854374633000587,0.3869641808573106
Fulton,13121011515,1400000US13121011515,011515,2511,38.3,8.877921,0.097743,0.010889779296551208,282.83648840759,777,777,0,87.52049043914673,0,3.23,243304,92801,2511,0,0,1186,652,0,435,39.36085219707057,0.5497470489038786,0,0.36677908937605397
Fulton,13121011612,1400000US13121011612,011612,3523,51.1,7.186751,0.260771,0.035014465214067175,490.20760563431236,1229,1210,19,171.00912498568547,0.015459723352318959,2.91,186786,89116,3513,93,0.026473099914602904,1588,904,35,499,40.62442607897153,0.5692695214105793,0.02204030226700252,0.3142317380352645
Fulton,13121011618,1400000US13121011618,011618,4826,45.5,5.178114,0.049326,0.009435976309627657,931.9995658651007,1781,1628,153,343.947622628625,0.08590679393599102,2.96,149881,64727,4796,831,0.17326939115929943,2609,1420,24,1007,29.753433208489387,0.544269835185895,0.009198926791874281,0.3859716366423917
Fulton,13121011624,1400000US13121011624,011624,4050,42.3,2.676278,0.033581,0.012392157673148307,1513.2957039590058,1175,1173,2,439.04258077823005,0.001702127659574468,3.45,227604,69791,4049,71,0.01753519387503087,2041,1265,3,559,29.75371120107962,0.6197942185203331,0.0014698677119059284,0.27388535031847133
Fulton,13121011627,1400000US13121011627,011627,3980,45.5,4.338752,0.118417,0.02656776083653099,917.3144719956337,1606,1584,22,370.15252312185623,0.0136986301369863,2.51,94259,66398,3980,31,0.007788944723618091,1936,1247,73,434,28.012649800266313,0.6441115702479339,0.03770661157024793,0.22417355371900827
Fulton,13121011628,1400000US13121011628,011628,3527,38.7,2.101947,0.006085,0.0028865785718622866,1677.9680933915079,1374,1207,167,653.6796598582172,0.1215429403202329,2.87,144162,55018,3517,181,0.05146431617856127,1665,1053,0,452,25.56883759274526,0.6324324324324324,0,0.2714714714714715
Fulton,13121011629,1400000US13121011629,011629,4367,46.9,3.953357,0.074714,0.018548332440019057,1104.6308238795534,1325,1325,0,335.1581959332284,0,3.25,191373,67636,4307,51,0.011841188762479684,2445,1271,0,623,27.864983534577387,0.5198364008179959,0,0.25480572597137013
Fulton,13121011630,1400000US13121011630,011630,3347,38.7,1.872047,0.016577,0.008777289709333357,1787.882462352708,1230,1230,0,657.0347859856082,0,2.72,147564,66971,3347,19,0.005676725425754407,1779,1268,0,430,30.340993328391402,0.7127599775154582,0,0.2417088251826869
Fulton,13121011631,1400000US13121011631,011631,6609,37.8,3.928139,0.010518,0.0026704534058182776,1682.4761038242284,2263,2105,158,576.0997765099453,0.06981882456915599,3.13,103224,42302,6590,273,0.04142640364188164,2532,1589,49,361,32.038231229847995,0.6275671406003159,0.019352290679304898,0.14257503949447078
Fulton,13121011632,1400000US13121011632,011632,3444,40.9,2.048556,0.009328,0.004532811373235809,1681.1842097555545,1262,1222,40,616.0436912635046,0.03169572107765452,2.82,143527,54588,3444,28,0.008130081300813009,1715,1111,4,549,29.571183533447684,0.6478134110787171,0.0023323615160349854,0.3201166180758018
Fulton,13121011633,1400000US13121011633,011633,3489,36.3,2.733417,0.048228,0.017337942116984733,1276.4243435963117,1284,1202,82,469.74171888153177,0.06386292834890965,2.9,155435,55866,3489,17,0.004872456291200917,1717,1103,14,452,29.675889328063242,0.6423995340710542,0.008153756552125802,0.26324985439720444
Fulton,13121011634,1400000US13121011634,011634,2656,34.7,1.560693,0.00227,0.0014523696338301034,1701.808107039629,907,907,0,581.1520907699336,0,2.93,90469,42127,2552,87,0.03409090909090909,1144,700,4,344,24.6,0.6118881118881119,0.0034965034965034965,0.3006993006993007
Fulton,13121011635,1400000US13121011635,011635,3131,43.7,6.801746,0.128222,0.018502538539860502,460.32298177556174,1144,1109,35,168.19210832042245,0.030594405594405596,2.82,173590,69238,3131,76,0.02427339508144363,1919,1090,56,748,35.11101622544833,0.5680041688379365,0.02918186555497655,0.3897863470557582
Fulton,13121011636,1400000US13121011636,011636,1900,34.2,1.743146,0,0,1089.9832830984897,855,854,1,490.49247739432036,0.0011695906432748538,2.22,100769,41912,1900,30,0.015789473684210527,1043,558,101,293,29.126666666666665,0.5349952061361457,0.09683604985618409,0.2809204218600192
Fulton,13121011637,1400000US13121011637,011637,2445,46.5,3.486639,0.022,0.006270237547949504,701.24839422722,1009,1001,8,289.39044162587527,0.007928642220019821,2.44,204654,91571,2445,48,0.0196319018404908,1395,886,9,380,29.536945812807883,0.6351254480286739,0.0064516129032258064,0.2724014336917563
Fulton,13121011638,1400000US13121011638,011638,4253,46.3,3.07391,0.002959,9.61691901735173e-4,1383.5798705882735,1554,1516,38,505.54505499510395,0.02445302445302445,2.81,119842,62010,4253,214,0.05031742299553257,1938,1444,23,398,29.314935064935064,0.7450980392156863,0.011867905056759546,0.20536635706914344
Fulton,13121011639,1400000US13121011639,011639,2199,30.2,2.131324,0,0,1031.7530323873798,890,818,72,417.58080892440563,0.08089887640449438,2.66,112679,47455,2178,85,0.03902662993572085,1259,765,0,325,16.26338329764454,0.607625099285147,0,0.2581413820492454
Fulton,13121011640,1400000US13121011640,011640,5238,40.1,3.609609,0.014543,0.004012800787604935,1451.1267009806327,2319,2130,189,642.451855588791,0.0815006468305304,2.43,116908,72777,5178,271,0.05233680957898803,2782,1558,45,725,28.796791443850267,0.5600287562904386,0.016175413371675055,0.2606038820992092
Fulton,13121011641,1400000US13121011641,011641,4994,41.3,8.857614,0.250376,0.02748970958466138,563.8087186910606,1614,1546,68,182.2161137299503,0.042131350681536554,3.22,242799,86515,4988,101,0.0202485966319166,2917,1852,18,939,26.112234580384225,0.6348988687007199,0.0061707233459033254,0.3219060678779568
Fulton,13121011642,1400000US13121011642,011642,3301,42.2,2.439244,0.006372,0.002605478537922552,1353.2881499349799,1299,1256,43,532.5420499138257,0.033102386451116246,2.62,138846,60208,3293,81,0.02459763133920437,1819,1486,0,172,22.131147540983605,0.816932380428807,0,0.09455744914788346
Fulton,13121011643,1400000US13121011643,011643,4376,32.2,2.553768,0.009196,0.0035880332302755716,1713.5464145529274,2529,2390,139,990.3013899461503,0.054962435745353894,1.83,85590,39620,4376,510,0.11654478976234003,2469,1429,28,760,31.240491515506143,0.5787768327257999,0.011340623734305387,0.30781692993114623
Fulton,13121011644,1400000US13121011644,011644,4128,40.6,1.052295,0.037744,0.03462628401369126,3922.8543326728723,1713,1684,29,1627.870511596083,0.016929363689433742,2.45,114028,49566,4128,281,0.06807170542635659,2435,1882,0,336,28.97332062887089,0.7728952772073922,0,0.13798767967145792
Fulton,13121011645,1400000US13121011645,011645,3364,39,2.391416,0,0,1406.6979563572377,1504,1378,126,628.9160898814761,0.08377659574468085,2.44,142372,61853,3364,0,0,2030,1438,67,508,25.627463863337713,0.7083743842364532,0.03300492610837438,0.25024630541871923
Fulton,13121011646,1400000US13121011646,011646,4225,38.6,5.985308,0.040899,0.006786856143507848,705.8951686362674,1972,1940,32,329.47343729011106,0.016227180527383367,2.18,83869,49214,4225,244,0.05775147928994083,1934,1074,45,778,24.385813148788927,0.5553257497414684,0.02326783867631851,0.40227507755946224
Fulton,13121011647,1400000US13121011647,011647,4987,40,8.094481,0.034899,0.004292947309634929,616.0987962044757,2303,2037,266,284.5148441265104,0.11550151975683891,2.36,76375,56109,4805,360,0.07492195629552549,2576,1343,80,884,31.034278959810873,0.5213509316770186,0.031055900621118012,0.34316770186335405
Fulton,13121011648,1400000US13121011648,011648,2348,40.3,4.231836,0.077136,0.01790125347762761,554.841917314376,703,703,0,166.12174951959383,0,3.34,199922,67138,2348,59,0.02512776831345826,1215,578,0,594,25.933977455716587,0.4757201646090535,0,0.4888888888888889
Fulton,13121011649,1400000US13121011649,011649,5246,45.8,5.891087,0.092593,0.01547425664474036,890.497797774842,2026,1946,80,343.9093668112523,0.039486673247778874,2.7,171680,66860,5246,441,0.08406404879908502,2487,1310,14,1006,31.765698852126942,0.5267390430237233,0.0056292722155207075,0.40450341777241655
Fulton,13121011650,1400000US13121011650,011650,4451,42.8,2.721778,0.013926,0.005090463003307375,1635.328083333762,1920,1627,293,705.4212356775607,0.15260416666666668,2.72,166488,86189,4451,100,0.02246686137946529,2402,1478,0,760,29.933008526187574,0.6153205661948377,0,0.3164029975020816
Fulton,13121011651,1400000US13121011651,011651,1811,39.7,2.660863,4.19e-4,1.5744291660936346e-4,680.6062544370003,667,654,13,250.67055312505755,0.019490254872563718,2.77,144886,68246,1811,0,0,996,695,0,233,28.787680209698557,0.6977911646586346,0,0.23393574297188754
Fulton,13121011652,1400000US13121011652,011652,2766,38.2,6.773126,0.020373,0.002998896444968933,408.3786422989916,1168,1137,31,172.44622350152648,0.026541095890410957,2.43,109132,72521,2761,128,0.04636001448750453,1703,1074,18,421,21.680967238689547,0.6306517909571344,0.010569583088667059,0.24721080446271285
Fulton,13121011653,1400000US13121011653,011653,3586,50.5,3.875269,0.341417,0.08096808726094379,925.3551172834711,1279,1279,0,330.04160485375337,0,2.8,243819,109820,3543,134,0.037821055602596666,1907,992,37,808,33.13466787989081,0.5201887781856319,0.019402202412165705,0.4237021499737808
Fulton,13121011654,1400000US13121011654,011654,2359,44.5,1.712545,0.003318,0.001933720815706149,1377.4820515665283,1029,1029,0,600.8601233836191,0,2.29,132604,67411,2348,165,0.07027257240204429,1516,1042,10,424,27.206959706959708,0.6873350923482849,0.006596306068601583,0.2796833773087071
Fulton,13121011655,1400000US13121011655,011655,2571,46.3,3.100108,0.026982,0.008628469279745705,829.3259460638145,956,918,38,308.37635333994814,0.0397489539748954,2.79,171875,75455,2571,130,0.050563982886036564,1344,778,0,456,27.105855855855857,0.5788690476190477,0,0.3392857142857143
Fulton,13121011656,1400000US13121011656,011656,3907,42.9,4.185742,0.361824,0.07956432078171048,933.4067890471987,1341,1329,12,320.37330537811454,0.008948545861297539,2.91,178461,68557,3870,13,0.003359173126614987,1771,985,0,720,23.858230256898192,0.5561829474872954,0,0.40654997176736307
Fulton,13121011657,1400000US13121011657,011657,3310,41,1.665047,0.004886,0.0029258658880326337,1987.9318721933976,1013,949,64,608.391234601786,0.0631786771964462,3.49,191645,56860,3310,79,0.023867069486404834,1816,1346,0,404,29.39801699716714,0.7411894273127754,0,0.22246696035242292
Fulton,13121011658,1400000US13121011658,011658,3859,44.1,2.114056,0.003044,0.0014378158802134996,1825.4010300578602,1541,1463,78,728.930548670423,0.050616482803374434,2.64,150938,59041,3850,683,0.1774025974025974,1968,1328,0,526,40.204576976421635,0.6747967479674797,0,0.26727642276422764
Fulton,13121011659,1400000US13121011659,011659,2840,38.5,4.397569,0.021023,0.004757850464582383,645.8113562288619,913,895,18,207.61470712568695,0.019715224534501644,3.17,172409,69370,2840,0,0,1250,931,0,280,37.922680412371136,0.7448,0,0.224
Fulton,13121011660,1400000US13121011660,011660,4884,37.8,6.131909,0.035227,0.005712051753034147,796.4893151545465,1989,1910,79,324.36880586453583,0.03971845148315736,2.54,106268,58196,4877,357,0.07320073815870412,2125,1450,0,513,23.219602977667495,0.6823529411764706,0,0.24141176470588235
Fulton,13121011661,1400000US13121011661,011661,2233,42.7,5.081063,0.090803,0.017557106081248046,439.4749681316685,705,683,22,138.75049374510806,0.031205673758865248,3.27,204877,77546,2233,85,0.0380653828929691,1254,835,0,256,24.028056112224448,0.6658692185007975,0,0.20414673046251994
Fulton,13121011801,1400000US13121011801,011801,624,31.5,0.573266,0,0,1088.4999284799726,541,404,137,943.715482864848,0.2532347504621072,1.54,88914,53676,624,37,0.05929487179487179,565,369,21,150,26.80722891566265,0.6530973451327433,0.037168141592920353,0.26548672566371684
Fulton,13121011802,1400000US13121011802,011802,1447,34.3,1.319256,0,0,1096.8303346734826,1002,654,348,759.5190016190944,0.3473053892215569,2.16,38250,33309,1446,458,0.31673582295988933,725,459,3,157,26.963028169014084,0.6331034482758621,0.004137931034482759,0.21655172413793103
Fulton,13121011901,1400000US13121011901,011901,2085,27.3,1.173937,0,0,1776.074866027734,1177,1031,146,1002.609168975848,0.12404418011894647,1.52,46157,33865,1583,491,0.31017056222362605,892,383,93,71,20.31059683313033,0.42937219730941706,0.10426008968609865,0.0795964125560538
Fulton,13121011902,1400000US13121011902,011902,1263,33.5,0.35463,0,0,3561.4584214533456,858,811,47,2419.423060654767,0.054778554778554776,1.56,-666666666,52567,1263,483,0.3824228028503563,743,460,0,178,18.902654867256636,0.6191117092866757,0,0.2395693135935397
Fulton,13121012000,1400000US13121012000,012000,3683,36.1,2.382117,0,0,1546.1037388171949,1871,1711,160,785.435811926954,0.08551576696953501,1.99,-666666666,21428,3658,1910,0.5221432476763258,1259,766,273,114,29.08296943231441,0.6084193804606831,0.21683876092136617,0.09054805401111994
Fulton,13121012300,1400000US13121012300,012300,2400,43.8,3.57264,0,0,671.7721348918448,1471,1214,257,411.7403376774598,0.17471108089734874,1.96,59914,67772,2371,164,0.06916912695065373,1448,885,246,198,27.684,0.6111878453038674,0.16988950276243095,0.13674033149171272
Fulton,13121980000,1400000US13121980000,980000,0,-666666666,2.728046,0,0,0,0,0,0,0,0,-666666666,-666666666,-666666666,0,0,0,0,0,0,0,-666666666,0,0,0
Gwinnett,13135050105,1400000US13135050105,050105,5431,35.9,14.366395,0.135543,0.00934654388951325,378.03499068485866,2012,1734,278,140.0490519716324,0.13817097415506957,3.13,71250,28234,5422,683,0.12596827738841757,2455,1793,19,151,24.15581597222222,0.7303462321792261,0.0077393075356415476,0.0615071283095723
Gwinnett,13135050110,1400000US13135050110,050110,6478,32.5,12.759472,0.482271,0.03642050748153019,507.7012591116623,2068,1892,176,162.0756720967764,0.0851063829787234,3.42,107500,35685,6478,1307,0.20175980240815067,3020,1959,0,433,34.85311171240819,0.6486754966887417,0,0.1433774834437086
Gwinnett,13135050111,1400000US13135050111,050111,2611,27.9,3.489248,0.005152,0.0014743589743589744,748.2987738332157,839,772,67,240.45295719880045,0.07985697258641239,3.21,59318,21690,2516,251,0.09976152623211447,1135,951,0,108,28.821811100292113,0.8378854625550661,0,0.09515418502202644
Gwinnett,13135050112,1400000US13135050112,050112,4988,32.5,5.175901,0.018795,0.0036181135527468787,963.6969486085611,1704,1678,26,329.2180433899335,0.015258215962441314,2.97,91204,38169,4988,644,0.12910986367281477,2269,1895,0,236,30.577963600590262,0.8351696782723667,0,0.10401057734684883
Gwinnett,13135050113,1400000US13135050113,050113,6701,32.8,12.273489,0.006976,5.680566656067177e-4,545.9735206508924,1885,1843,42,153.58306020398928,0.022281167108753316,3.63,72856,30442,6701,407,0.06073720340247724,3125,2520,22,187,26.47719537100068,0.8064,0.00704,0.05984
Gwinnett,13135050114,1400000US13135050114,050114,2775,33.7,4.685849,0.009231,0.0019661006841203985,592.2085837593145,1020,956,64,217.67666862504532,0.06274509803921569,2.9,82727,37811,2768,114,0.041184971098265896,1354,1177,0,113,40.821917808219176,0.8692762186115214,0,0.08345642540620384
Gwinnett,13135050115,1400000US13135050115,050115,3123,42.9,7.110571,0.004856,6.824607996118856e-4,439.2052340100394,1474,1149,325,207.2969948545623,0.22048846675712347,2.67,47454,37536,3111,163,0.05239472838315654,1447,1093,0,291,35.82612456747405,0.7553559087767795,0,0.20110573600552867
Gwinnett,13135050116,1400000US13135050116,050116,8107,41,10.104339,0.306627,0.029452310189083317,802.3285837895977,2313,2298,15,228.91155967748114,0.00648508430609598,3.53,142500,50201,8107,219,0.0270136918712224,3403,1925,0,1228,38.763218390804596,0.5656773435204232,0,0.3608580664119894
Gwinnett,13135050117,1400000US13135050117,050117,3814,36.6,4.40057,0.020595,0.004658274459333683,866.7059040078899,1307,1261,46,297.0069786414033,0.03519510328997705,3.02,111146,40809,3814,46,0.012060828526481384,1934,1413,0,375,33.96407953816549,0.7306101344364012,0,0.1938986556359876
Gwinnett,13135050118,1400000US13135050118,050118,2517,36.7,1.935593,0.001508,7.784828978974251e-4,1300.3766804281686,888,836,52,458.7741327851465,0.05855855855855856,3.01,112356,35996,2517,263,0.10448947159316647,1270,864,0,266,29.58167330677291,0.6803149606299213,0,0.2094488188976378
Gwinnett,13135050119,1400000US13135050119,050119,5108,37,6.796343,0.021348,0.0031312654093592685,751.5806662494815,1547,1533,14,227.62241399529128,0.00904977375565611,3.33,94402,34479,5103,70,0.013717421124828532,2551,1793,2,363,29.821755027422302,0.7028616228929832,7.840062720501764e-4,0.14229713837710703
Gwinnett,13135050120,1400000US13135050120,050120,2393,34.6,8.87583,2.936504,0.24859642472012727,269.60858871790015,749,749,0,84.38647427902517,0,3.19,127550,42069,2393,161,0.06727956539908066,1259,903,0,240,28.886162904808636,0.7172359015091342,0,0.19062748212867356
Gwinnett,13135050121,1400000US13135050121,050121,6632,36,6.664166,0.05217,0.007767628063872921,995.1732895008918,2229,2143,86,334.47546174570084,0.038582323912068194,3.09,100729,41975,6623,319,0.04816548391967387,3618,2641,26,437,33.233259981138005,0.7299613045881702,0.007186290768380321,0.12078496406854616
Gwinnett,13135050205,1400000US13135050205,050205,5039,33.3,5.08771,0.093947,0.018130686766800658,990.4259480198359,1954,1925,29,384.06277087333984,0.014841351074718526,2.62,90137,34013,5028,372,0.07398568019093078,2709,1702,13,222,23.043827905106554,0.6282761166482097,0.004798818752307124,0.08194905869324474
Gwinnett,13135050215,1400000US13135050215,050215,2935,33.7,7.287696,0.027626,0.003776457140232515,402.7335937174108,1307,1246,61,179.3433754646187,0.046671767406273906,2.35,56655,29401,2935,589,0.20068143100511074,1336,1020,71,116,28.524590163934427,0.7634730538922155,0.0531437125748503,0.08682634730538923
Gwinnett,13135050218,1400000US13135050218,050218,4360,38.8,3.345198,0.063683,0.018681496948705453,1303.3608175061686,1894,1761,133,566.1847221001567,0.07022175290390707,2.45,70837,34530,4332,723,0.16689750692520774,2196,1449,16,367,26.530891197375617,0.6598360655737705,0.007285974499089253,0.16712204007285975
Gwinnett,13135050219,1400000US13135050219,050219,4288,43,2.85388,4.45e-4,1.5590376008338224e-4,1502.515873127111,1737,1690,47,608.6450726729926,0.027058146229130685,2.52,92683,36827,4238,367,0.08659745162812647,2352,1758,0,364,32.88983903420523,0.7474489795918368,0,0.15476190476190477
Gwinnett,13135050221,1400000US13135050221,050221,4303,34.8,2.737563,0.002082,7.599524755944657e-4,1571.8359723593574,1635,1623,12,597.2465291209736,0.007339449541284404,2.65,79316,38710,4303,234,0.054380664652567974,2154,1513,0,352,34.87513873473918,0.702414113277623,0,0.16341689879294335
Gwinnett,13135050222,1400000US13135050222,050222,4679,42.4,4.205126,0.253521,0.05686052293442383,1112.6896078738189,2266,2153,113,538.8661362346812,0.0498676081200353,2.17,62236,41458,4679,750,0.16029066039752085,2852,1823,0,411,30.833674723473987,0.6392005610098177,0,0.144109396914446
Gwinnett,13135050223,1400000US13135050223,050223,6658,30.6,5.047986,0.015175,0.002997139533978872,1318.9418512650393,3297,3171,126,653.1317638361121,0.03821656050955414,2.1,72015,45380,6658,1345,0.20201261640132173,4233,3218,31,780,33.61280046336519,0.7602173399480274,0.007323411292227734,0.18426647767540752
Gwinnett,13135050224,1400000US13135050224,050224,3887,37.1,7.678999,0.081729,0.010531099659722645,506.1857671813735,1408,1338,70,183.35723184753638,0.04971590909090909,2.87,119265,51316,3863,118,0.030546207610665285,2251,1558,57,578,29.2916915720263,0.6921368280764105,0.025322079075966238,0.2567747667703243
Gwinnett,13135050225,1400000US13135050225,050225,4135,37.6,2.778845,0.001405,5.053502382879238e-4,1488.0282995273217,1838,1838,0,661.425880176836,0,2.24,70373,36148,4121,559,0.13564668769716087,2144,1436,0,405,31.92639447958597,0.6697761194029851,0,0.18889925373134328
Gwinnett,13135050226,1400000US13135050226,050226,3728,33.5,4.332848,0.008277,0.0019066486221889487,860.4040575621392,1337,1337,0,308.57302171689383,0,2.79,105346,37383,3728,196,0.05257510729613734,2302,1559,18,346,34.376278118609406,0.6772371850564727,0.007819287576020852,0.15030408340573415
Gwinnett,13135050227,1400000US13135050227,050227,2652,41.2,2.293625,0.125445,0.05185670526276627,1156.2482969099133,892,892,0,388.9040274674369,0,2.97,123750,65198,2652,384,0.14479638009049775,1462,973,0,205,28.39299920445505,0.6655266757865937,0,0.140218878248974
Gwinnett,13135050228,1400000US13135050228,050228,4093,36.9,2.173491,0.012587,0.005757800041901524,1883.145593885597,1910,1807,103,878.7706045251625,0.05392670157068063,2.27,66404,32131,4074,312,0.07658321060382917,2465,1593,19,325,22.88317757009346,0.6462474645030426,0.007707910750507099,0.13184584178498987
Gwinnett,13135050229,1400000US13135050229,050229,2800,29.5,2.301104,0.011273,0.0048750701118373,1216.8072368741264,1309,1193,116,568.8573832386542,0.08861726508785332,2.35,44275,21877,2800,599,0.21392857142857144,1381,893,0,51,25.597744360902254,0.6466328747284577,0,0.036929761042722664
Gwinnett,13135050230,1400000US13135050230,050230,3269,30,1.128241,0.010195,0.008955268456022122,2897.4306021497177,1173,1130,43,1039.6714886269865,0.03665814151747655,2.89,60250,36222,3269,197,0.06026307739369838,1651,1094,0,213,24.711404728789987,0.6626287098728043,0,0.12901271956390067
Gwinnett,13135050231,1400000US13135050231,050231,4964,32.8,6.180617,0.071799,0.011483400976518517,803.1560603091892,2215,2010,205,358.37845962628006,0.09255079006772009,2.46,79961,40294,4964,345,0.06950040290088638,2670,1667,45,314,29.75169779286927,0.6243445692883896,0.016853932584269662,0.11760299625468165
Gwinnett,13135050232,1400000US13135050232,050232,2145,39.1,4.491925,0.023403,0.005183012175416714,477.5235561591077,721,695,26,160.51024894672105,0.036061026352288486,3.08,114489,48369,2141,27,0.012610929472209247,1028,561,29,340,34.92732558139535,0.5457198443579766,0.02821011673151751,0.33073929961089493
Gwinnett,13135050233,1400000US13135050233,050233,2896,42.3,3.179105,0.007224,0.0022671858430187214,910.9482071211867,1029,1029,0,323.67600315183046,0,2.81,116935,52995,2896,0,0,1417,977,0,181,37.09546925566343,0.689484827099506,0,0.1277346506704305
Gwinnett,13135050234,1400000US13135050234,050234,4141,35.7,5.242604,0.095829,0.01795077319505555,789.8746500784724,1313,1313,0,250.44805978097907,0,3.15,133969,45270,4141,40,0.009659502535619416,2027,1486,0,312,35.80174927113703,0.7331031080414405,0,0.15392205229403058
Gwinnett,13135050235,1400000US13135050235,050235,5574,43.8,5.43099,0.125936,0.0226628895184136,1026.3322156733855,2437,2197,240,448.72113555723723,0.09848173984407058,2.54,111830,50982,5543,695,0.12538336640808226,3367,2658,9,533,35.10232886379676,0.7894267894267895,0.002673002673002673,0.1583011583011583
Gwinnett,13135050236,1400000US13135050236,050236,1952,53.2,2.213555,0.004583,0.002066147372255468,881.8393940968261,971,971,0,438.6608871250093,0,2.01,56080,35958,1952,319,0.16342213114754098,708,549,21,66,35.26479750778816,0.7754237288135594,0.029661016949152543,0.09322033898305085
Gwinnett,13135050237,1400000US13135050237,050237,3356,47.8,5.562758,0.073711,0.013077513599382876,603.2978605217053,1280,1221,59,230.10168696894598,0.04609375,2.75,101857,75296,3356,21,0.006257449344457688,1239,948,0,214,21.10731707317073,0.7651331719128329,0,0.17271993543179984
Gwinnett,13135050238,1400000US13135050238,050238,4810,30.9,4.964008,0.156516,0.03056640296969607,968.9750701449314,1821,1604,217,366.8406658490478,0.11916529379461833,3,113048,66817,4810,305,0.06340956340956341,2605,1840,24,478,34.42642219087917,0.7063339731285988,0.009213051823416507,0.18349328214971208
Gwinnett,13135050239,1400000US13135050239,050239,5110,40.2,3.629367,0.042693,0.01162644401235274,1407.9590187489996,1446,1446,0,398.41658338768167,0,3.53,162429,47907,5110,294,0.057534246575342465,2264,1693,0,338,36.73676012461059,0.747791519434629,0,0.14929328621908128
Gwinnett,13135050240,1400000US13135050240,050240,4733,40,3.345284,0.012072,0.0035956866057695403,1414.8275602310596,1340,1340,0,400.5638983117726,0,3.53,170939,47885,4733,224,0.04732727656877245,2353,1747,0,440,29.31521170935703,0.7424564385890353,0,0.18699532511687209
Gwinnett,13135050241,1400000US13135050241,050241,3647,41.8,10.395166,0.037304,0.0035757591442870194,350.8361482635294,1168,1144,24,112.35991806191456,0.02054794520547945,3.19,118854,47463,3647,172,0.047162051000822595,2118,1477,0,411,27.09138840070299,0.6973559962228517,0,0.19405099150141644
Gwinnett,13135050242,1400000US13135050242,050242,3744,43.3,5.945787,0.095913,0.015875167585282287,629.6895600195567,1301,1279,22,218.81039465423163,0.016910069177555727,2.93,97269,43612,3744,180,0.04807692307692308,1597,947,0,207,40.57194244604317,0.5929868503443957,0,0.12961803381340012
Gwinnett,13135050243,1400000US13135050243,050243,6092,43.4,7.623807,0.246132,0.031274956514910725,799.0758422924399,1857,1853,4,243.5790937519798,0.002154011847065159,3.29,181392,64406,6092,97,0.01592252133946159,3264,2428,92,522,34.30525164113786,0.7438725490196079,0.028186274509803922,0.15992647058823528
Gwinnett,13135050244,1400000US13135050244,050244,2540,40.7,2.902942,0.145222,0.0476424496844658,874.9744224996573,877,854,23,302.1073104457478,0.026225769669327253,2.97,198013,67586,2540,134,0.05275590551181102,1284,920,0,340,25.58792372881356,0.7165109034267912,0,0.26479750778816197
Gwinnett,13135050306,1400000US13135050306,050306,3686,37.5,10.141801,0.007074,6.970230690593785e-4,363.44629518958226,1346,1280,66,132.71804485219144,0.04903417533432392,2.88,52714,32750,3650,838,0.2295890410958904,1550,710,79,228,31.108169440242058,0.45806451612903226,0.05096774193548387,0.14709677419354839
Gwinnett,13135050308,1400000US13135050308,050308,3667,44.1,5.522484,0.169705,0.029813662195686052,664.0127884480969,1246,1166,80,225.6231072828821,0.06420545746388442,3.14,173182,89132,3667,54,0.014725934005999454,1796,1380,7,370,27.366760168302946,0.7683741648106904,0.0038975501113585748,0.20601336302895323
Gwinnett,13135050311,1400000US13135050311,050311,4277,41.8,4.876313,0.005635,0.0011542523599186226,877.0971018472359,1846,1752,94,378.5647065723632,0.050920910075839654,2.41,131250,60942,4230,172,0.04066193853427896,2672,1499,39,833,34.2958129418162,0.5610029940119761,0.014595808383233533,0.31175149700598803
Gwinnett,13135050315,1400000US13135050315,050315,6146,28.8,2.747057,0.035202,0.01265230878936864,2237.3034123427365,2854,2684,170,1038.9300258422013,0.05956552207428171,2.29,60122,33895,6146,905,0.147250244061178,3354,2017,51,929,26.851546391752578,0.601371496720334,0.01520572450805009,0.27698270721526536
Gwinnett,13135050317,1400000US13135050317,050317,3542,30.5,1.286259,0.015552,0.011946434620693787,2753.722228571384,2050,1881,169,1593.7692175526079,0.0824390243902439,1.88,42196,26783,3535,816,0.23083451202263083,2200,1548,0,202,26.64914914914915,0.7036363636363636,0,0.09181818181818181
Gwinnett,13135050318,1400000US13135050318,050318,3072,27.1,0.857136,0,0,3584.0286722293777,1334,1284,50,1556.3457840996061,0.037481259370314844,2.39,49732,25075,3072,479,0.15592447916666666,1451,985,0,149,30.33026113671275,0.6788421778084079,0,0.10268780151619572
Gwinnett,13135050321,1400000US13135050321,050321,5406,46.8,5.141392,0.103001,0.019640213843623085,1051.466217709134,1879,1820,59,365.46522809387034,0.03139968068121341,2.97,164773,65908,5406,126,0.023307436182019976,2287,1549,26,493,28.720735785953178,0.6773065150852645,0.011368605159597726,0.2155662439877569
Gwinnett,13135050322,1400000US13135050322,050322,4779,39,5.078312,0.122338,0.023523598011786988,941.0607304159334,1501,1445,56,295.57065418587905,0.037308461025982675,3.31,183264,58788,4779,80,0.016739903745553463,2205,1485,43,534,26.04428485936565,0.673469387755102,0.019501133786848073,0.24217687074829933
Gwinnett,13135050323,1400000US13135050323,050323,4218,49.8,5.454971,0.401576,0.06856873171170658,773.2396744180676,1604,1533,71,294.0437263552822,0.0442643391521197,2.75,152473,70827,4214,56,0.013289036544850499,2157,1418,2,596,28.161434977578477,0.6573945294390356,9.272137227630969e-4,0.2763096893834029
Gwinnett,13135050324,1400000US13135050324,050324,4886,31.4,6.553401,0.030077,0.004568557835235418,745.5670727306325,2200,2147,53,335.7035530101088,0.02409090909090909,2.28,73511,37495,4886,229,0.04686860417519443,2228,1490,64,421,30.116214720531268,0.6687612208258528,0.02872531418312388,0.18895870736086176
Gwinnett,13135050325,1400000US13135050325,050325,3728,46.1,3.736206,0.014165,0.003776959666123698,997.8036542952931,1449,1423,26,387.82658129664156,0.017943409247757072,2.62,65625,44011,3728,497,0.1333154506437768,1846,1274,108,229,35.10513296227582,0.6901408450704225,0.05850487540628386,0.12405200433369447
Gwinnett,13135050326,1400000US13135050326,050326,4631,31.6,4.149886,0,0,1115.9342690377518,1389,1261,128,334.70798956887006,0.09215262778977681,3.67,47048,21548,4541,1694,0.37304558467297955,1879,1280,0,168,27.54821741671537,0.6812134113890367,0,0.08940926024481106
Gwinnett,13135050327,1400000US13135050327,050327,3722,29.4,1.401223,0,0,2656.2510035875803,1300,1238,62,927.7609631015191,0.047692307692307694,3.01,52308,25736,3722,530,0.14239656098871575,2018,1673,0,111,26.691137912952282,0.8290386521308226,0,0.055004955401387515
Gwinnett,13135050328,1400000US13135050328,050328,2954,32,2.018426,0.013369,0.006579896101722861,1463.5166213673429,1082,1082,0,536.0612675421344,0,2.73,48105,23587,2954,683,0.23121191604603927,1369,927,11,68,30.134511913912377,0.677136596055515,0.008035062089116142,0.04967129291453616
Gwinnett,13135050329,1400000US13135050329,050329,2385,30.5,1.327853,0.028512,0.02102089039454719,1796.1325538293772,947,872,75,713.1813536588764,0.0791974656810982,2.73,49375,22540,2361,324,0.1372299872935197,1317,916,14,39,29.272300469483568,0.6955201214882308,0.010630220197418374,0.029612756264236904
Gwinnett,13135050330,1400000US13135050330,050330,2922,34.2,2.358131,0.010032,0.004236194890301048,1239.116910807754,899,877,22,381.2341214292166,0.024471635150166853,3.33,62338,21934,2922,396,0.13552361396303902,1204,932,22,90,30.161579892280074,0.7740863787375415,0.018272425249169437,0.07475083056478406
Gwinnett,13135050331,1400000US13135050331,050331,2167,34.3,2.571896,0.025608,0.00985869511654265,842.5690618905275,996,962,34,387.26293753713213,0.03413654618473896,2.25,59400,36147,2167,345,0.159206275957545,1058,699,31,163,30.083798882681563,0.6606805293005671,0.02930056710775047,0.15406427221172023
Gwinnett,13135050332,1400000US13135050332,050332,2937,31.9,4.960533,0.05001,0.0099809541600581,592.0734727498033,1470,1327,143,296.3391232353459,0.09727891156462586,2.21,54417,27129,2937,528,0.1797752808988764,1651,1074,6,169,27.776653171390013,0.6505148394912175,0.0036341611144760752,0.10236220472440945
Gwinnett,13135050333,1400000US13135050333,050333,5254,29.7,2.104443,0.008021,0.003796987782987071,2496.6226217578715,1766,1766,0,839.1769223495244,0,2.98,60098,25875,5254,1176,0.223829463266083,2404,1626,0,154,28.955555555555556,0.6763727121464226,0,0.06405990016638935
Gwinnett,13135050334,1400000US13135050334,050334,6487,30.7,3.161887,0.041062,0.012820060512983504,2051.6229707133743,1837,1837,0,580.9821793125434,0,3.53,64976,32014,6487,1154,0.17789425003853862,2827,1622,0,823,31.798902195608783,0.5737530951538734,0,0.2911213300318359
Gwinnett,13135050335,1400000US13135050335,050335,2721,45.6,2.030282,0.045988,0.02214933510574251,1340.2079120043422,1485,1422,63,731.4254867057876,0.04242424242424243,1.91,83182,48380,2721,353,0.12973171628077912,1534,898,0,309,24.6,0.5853976531942634,0,0.2014341590612777
Gwinnett,13135050336,1400000US13135050336,050336,3103,43.9,5.3071,0.063865,0.011890786851152446,584.6884362457839,1549,1518,31,291.87315106178517,0.020012911555842477,2.04,84875,49768,3103,455,0.14663229133097003,1616,1039,22,461,21.549783549783548,0.6429455445544554,0.013613861386138614,0.28527227722772275
Gwinnett,13135050415,1400000US13135050415,050415,4223,46.2,8.4467390000000009,0.104875,0.012263766816416177,499.9562553075216,1496,1460,36,177.10976981767755,0.02406417112299465,2.88,84762,37727,4223,545,0.1290551740468861,1970,1516,16,337,35.229638701775876,0.7695431472081218,0.008121827411167513,0.17106598984771573
Gwinnett,13135050416,1400000US13135050416,050416,3991,32.6,5.663763,0.127732,0.022055099762669225,704.65519125712,1247,1190,57,220.17164206906256,0.04570970328789094,3.35,75455,34573,3991,374,0.09371084941117515,1610,1186,0,230,37.71739130434783,0.7366459627329193,0,0.14285714285714285
Gwinnett,13135050425,1400000US13135050425,050425,5267,41.8,7.050155,0.077881,0.010926011035858966,747.0757735113625,1839,1782,57,260.84532893248445,0.03099510603588907,2.95,101250,43337,5262,266,0.05055112124667427,2349,1902,74,254,34.56085918854415,0.80970625798212,0.031502767134951044,0.1081311196253725
Gwinnett,13135050427,1400000US13135050427,050427,6079,43.5,7.328732,0.084975,0.011461877303756408,829.4750033157169,1990,1990,0,271.53401161346875,0,2.96,103206,39704,5982,212,0.035439652290203946,2643,1938,19,397,32.195013357079254,0.7332576617480137,0.007188800605372683,0.15020809685962921
Gwinnett,13135050430,1400000US13135050430,050430,5822,38.8,6.342425,0.206443,0.03152346329167117,917.945423083442,2013,1900,113,317.38648860648726,0.0561351217088922,3.06,93093,38297,5822,99,0.01700446581930608,2943,2030,0,467,35.587641357027465,0.689772341148488,0,0.15868161739721373
Gwinnett,13135050433,1400000US13135050433,050433,2413,35.3,1.262773,0.016489,0.012889462830913448,1910.8739258758305,1037,962,75,821.2085624257091,0.07232401157184185,2.51,60694,31599,2413,381,0.15789473684210525,1258,888,13,80,26.146010186757216,0.7058823529411765,0.010333863275039745,0.06359300476947535
Gwinnett,13135050435,1400000US13135050435,050435,3076,38.4,4.168835,0.06258,0.01478937896661046,737.856019727334,1277,1172,105,306.32059076456613,0.0822239624119029,2.62,72065,43428,3076,268,0.08712613784135241,1457,1005,0,156,35.36510376633359,0.6897735072065889,0,0.10706932052161977
Gwinnett,13135050437,1400000US13135050437,050437,2710,28,3.117118,0.018109,0.005775977305630502,869.3928173396066,1262,1153,109,404.86115700464336,0.08637083993660856,2.35,62691,29926,2666,579,0.21717929482370593,1377,1177,0,49,32.11596385542169,0.8547567175018156,0,0.03558460421205519
Gwinnett,13135050438,1400000US13135050438,050438,4225,32.1,2.375702,0.001684,7.083410098318068e-4,1778.4217044056873,1602,1560,42,674.3269989249493,0.026217228464419477,2.71,50536,24207,4225,906,0.2144378698224852,2079,1297,50,133,38.19116135662898,0.6238576238576239,0.02405002405002405,0.06397306397306397
Gwinnett,13135050439,1400000US13135050439,050439,2948,30.2,2.769245,0.006845,0.002465698158200923,1064.5500849509522,1358,1222,136,490.3863688478267,0.10014727540500737,2.41,39808,23910,2924,782,0.26744186046511625,1370,954,0,283,28.817847286108556,0.6963503649635037,0,0.20656934306569344
Gwinnett,13135050440,1400000US13135050440,050440,7705,37,3.252241,0.005846,0.0017943044492059297,2369.1356206381997,2114,2086,28,650.0133292704937,0.013245033112582781,3.69,39744,17259,7687,2137,0.2780018212566671,2445,1707,0,136,32.15244694673019,0.698159509202454,0,0.05562372188139059
Gwinnett,13135050441,1400000US13135050441,050441,4864,30.8,2.732725,0.022428,0.008140382766401721,1779.908333257097,1789,1579,210,654.6578964220696,0.11738401341531582,3.08,50899,20724,4864,1031,0.2119654605263158,2049,1359,8,187,32.76047261009667,0.6632503660322109,0.003904343582235237,0.09126403123474866
Gwinnett,13135050442,1400000US13135050442,050442,3140,31.1,2.86006,0,0,1097.879065474151,843,799,44,294.74906120850613,0.05219454329774614,3.93,78450,22312,3140,44,0.014012738853503185,1232,1052,0,39,33.76781223805532,0.8538961038961039,0,0.03165584415584415
Gwinnett,13135050443,1400000US13135050443,050443,3209,36.5,3.008895,0.0075,0.002486411759733059,1066.504480880855,1031,954,77,342.65070731946446,0.07468477206595538,3.36,82283,33109,3178,108,0.033983637507866586,1633,911,0,216,38.19689484827099,0.5578689528475199,0,0.13227189222290264
Gwinnett,13135050444,1400000US13135050444,050444,3699,40.2,2.732256,0.015754,0.005732875790117212,1353.8262886054601,1203,1153,50,440.2954920768771,0.04156275976724855,3.21,73363,27472,3667,187,0.05099536405781293,1630,1421,10,40,33.9811320754717,0.8717791411042944,0.006134969325153374,0.024539877300613498
Gwinnett,13135050445,1400000US13135050445,050445,3227,28.5,0.979232,0.006516,0.006610208694311325,3295.4396915133493,1457,1406,51,1487.900722198621,0.035003431708991076,2.3,39418,21328,3227,318,0.09854353889061047,1400,656,0,22,30.373730043541364,0.4685714285714286,0,0.015714285714285715
Gwinnett,13135050446,1400000US13135050446,050446,3625,29.8,1.342026,0.027666,0.020198701605908483,2701.139918302626,1535,1473,62,1143.7930412674568,0.040390879478827364,2.46,47961,27377,3625,1015,0.28,1965,1002,20,123,34.003800217155266,0.5099236641221374,0.010178117048346057,0.06259541984732825
Gwinnett,13135050447,1400000US13135050447,050447,2360,37.4,1.239971,0,0,1903.2703184187374,896,831,65,722.5975446199952,0.07254464285714286,2.84,41298,22946,2360,895,0.3792372881355932,965,664,0,59,32.45584988962472,0.6880829015544041,0,0.061139896373056994
Gwinnett,13135050448,1400000US13135050448,050448,5006,28.8,1.267784,0,0,3948.622162765897,1522,1433,89,1200.5199623910698,0.05847568988173456,3.49,50565,18781,5006,1627,0.32500998801438274,2108,1367,48,98,37.12686567164179,0.6484819734345351,0.022770398481973434,0.046489563567362426
Gwinnett,13135050449,1400000US13135050449,050449,3455,34.3,2.3553,5.05e-4,2.1436409210439744e-4,1466.9044283106184,1323,1228,95,561.7118838364539,0.07180650037792895,2.81,51475,20439,3455,762,0.22054992764109985,1569,1096,0,70,28.699132755170112,0.698534098151689,0,0.04461440407903123
Gwinnett,13135050450,1400000US13135050450,050450,2916,33.1,2.051429,0.002698,0.0013134533551236122,1421.4481710066493,997,903,94,486.0026839827261,0.09428284854563691,3.23,74227,34203,2916,126,0.043209876543209874,1428,968,0,125,34.11358403683806,0.6778711484593838,0,0.08753501400560224
Gwinnett,13135050451,1400000US13135050451,050451,2692,28.7,0.558099,0,0,4823.516974586946,1293,1189,104,2316.7932571102974,0.08043310131477185,2.26,43708,27865,2692,194,0.07206537890044576,1385,832,12,112,28.578161822466615,0.6007220216606498,0.008664259927797834,0.08086642599277978
Gwinnett,13135050452,1400000US13135050452,050452,2403,35,2.040446,0.002403,0.0011762983950355606,1177.6837024846527,1048,923,125,513.6132002513176,0.11927480916030535,2.6,41662,22282,2403,705,0.2933832709113608,1163,767,25,14,31.357702349869452,0.6595012897678418,0.021496130696474634,0.012037833190025795
Gwinnett,13135050453,1400000US13135050453,050453,2881,29.1,5.468858,0.385699,0.06588013405625737,526.8010250037577,1140,1099,41,208.4530262076653,0.035964912280701755,2.62,40213,21270,2866,1158,0.40404745289602234,1173,731,0,142,32.580019398642094,0.6231884057971014,0,0.12105711849957375
Gwinnett,13135050454,1400000US13135050454,050454,3638,33.7,1.441134,0.008637,0.005957492597106716,2524.400923161899,1375,1297,78,954.1097496832356,0.05672727272727273,2.8,59400,22647,3638,447,0.122869708631116,1735,1364,0,71,26.94110576923077,0.7861671469740634,0,0.04092219020172911
Gwinnett,13135050455,1400000US13135050455,050455,2074,24.6,0.698924,0,0,2967.41848899165,762,705,57,1090.247294412554,0.07480314960629922,2.94,44233,21139,2074,492,0.23722275795564127,983,561,30,91,30.40358744394619,0.5707019328585962,0.030518819938962362,0.09257375381485249
Gwinnett,13135050456,1400000US13135050456,050456,4169,29.8,1.406588,0,0,2963.9098300284095,1971,1882,89,1401.2631986054198,0.04515474378488077,2.22,34679,20877,4169,341,0.08179419525065963,2209,1331,0,135,28.686113789778208,0.6025350837483024,0,0.06111362607514713
Gwinnett,13135050457,1400000US13135050457,050457,3901,48.7,5.445568,0.118216,0.02124741003604741,716.3623702798312,1392,1275,117,255.62071761843762,0.08405172413793104,3.05,127865,42178,3901,265,0.06793129966675211,1685,1463,23,131,30.530888030888033,0.8682492581602373,0.013649851632047478,0.07774480712166172
Gwinnett,13135050458,1400000US13135050458,050458,3586,41.5,3.361993,0.020054,0.005929545035890986,1066.6292285558002,1104,1104,0,328.37665039754694,0,3.25,93061,33628,3586,556,0.1550474065811489,1436,1002,26,234,28.86855241264559,0.6977715877437326,0.018105849582172703,0.16295264623955433
Gwinnett,13135050459,1400000US13135050459,050459,3345,35.6,5.137565,0.00783,0.0015217490591101362,651.0866529182599,1262,1129,133,245.64166098141823,0.10538827258320127,2.95,64725,26191,3341,398,0.11912601017659383,1331,1154,0,49,33.358034321372855,0.8670172802404207,0,0.03681442524417731
Gwinnett,13135050460,1400000US13135050460,050460,4221,27.1,1.107101,0.016001,0.014247147632183007,3812.6602721883555,958,914,44,865.3230373741873,0.04592901878914405,4.47,45208,13088,4065,1974,0.48560885608856086,1163,750,0,59,20.7518115942029,0.6448839208942391,0,0.05073086844368014
Gwinnett,13135050461,1400000US13135050461,050461,3034,38,4.041735,0.021419,0.005271520597053422,750.667720669465,1138,1138,0,281.5622498753629,0,2.67,47094,43626,2836,62,0.021861777150916785,1379,789,9,77,31.8394777265745,0.5721537345902828,0.006526468455402465,0.05583756345177665
Gwinnett,13135050462,1400000US13135050462,050462,3548,37.8,3.49603,0.008925,0.002546395032175877,1014.8654330769472,1144,1144,0,327.2283132581814,0,3.1,137972,47003,3538,73,0.020633126059920858,1837,1294,18,376,34.0041067761807,0.7044093630919979,0.00979858464888405,0.20468154599891128
Gwinnett,13135050463,1400000US13135050463,050463,3465,28.3,1.718719,0.021846,0.01255109691393312,2016.0363619649283,1830,1746,84,1064.7464768819102,0.04590163934426229,1.98,37883,26927,3465,415,0.11976911976911978,1740,1037,29,297,26.181566181566183,0.5959770114942529,0.016666666666666666,0.1706896551724138
Gwinnett,13135050464,1400000US13135050464,050464,4841,35.3,3.696157,0.012617,0.0034019328220053313,1309.7387367473839,1477,1324,153,399.6042375905569,0.1035883547731889,3.64,95341,36911,4841,1003,0.20718859739723197,2217,1520,0,118,34.40924249642687,0.6856111862877763,0,0.053225078935498424
Gwinnett,13135050465,1400000US13135050465,050465,3828,51.5,4.403136,0.004577,0.001038406992469791,869.3803689007108,1406,1406,0,319.31786799226734,0,2.72,88712,33782,3816,558,0.14622641509433962,1405,1198,0,150,36.28286852589641,0.8526690391459075,0,0.10676156583629894
Gwinnett,13135050466,1400000US13135050466,050466,3357,47.2,4.153262,0.01221,0.002931240445260465,808.2803348307908,1276,1247,29,307.228390599967,0.022727272727272728,2.69,99934,37281,3357,304,0.09055704498063748,1562,984,32,324,33.68739903069467,0.6299615877080665,0.020486555697823303,0.20742637644046094
Gwinnett,13135050520,1400000US13135050520,050520,7037,32.1,5.578961,0.013684,0.0024467850185377403,1261.345974635779,2340,2265,75,419.43293742329445,0.03205128205128205,3.03,56921,28841,6895,1319,0.19129804205946338,3140,2386,14,122,32.69880715705765,0.7598726114649682,0.0044585987261146496,0.038853503184713374
Gwinnett,13135050521,1400000US13135050521,050521,6115,33.3,5.56372,0.010387,0.0018634374977014256,1099.084784999964,2237,2151,86,402.0691192223908,0.03844434510505141,2.84,75648,30582,6114,637,0.10418711154726856,3167,2080,21,339,32.73514851485149,0.6567729712661825,0.006630880959898958,0.10704136406694033
Gwinnett,13135050522,1400000US13135050522,050522,5240,37.4,4.610038,0.044971,0.009660776166061119,1136.6500666588865,2396,2325,71,519.7354121592923,0.02963272120200334,2.24,41433,26546,5211,1124,0.2156975628478219,2109,1379,62,260,31.687398593834505,0.6538643907064959,0.02939781887150308,0.12328117591275486
Gwinnett,13135050526,1400000US13135050526,050526,5228,34.6,2.760345,0.018163,0.006536961563544176,1893.966152781627,2320,2181,139,840.4746508135759,0.05991379310344828,2.4,54121,25316,5228,1502,0.2872991583779648,2395,1524,0,582,26.290678433535575,0.6363256784968685,0,0.2430062630480167
Gwinnett,13135050528,1400000US13135050528,050528,4784,36.7,5.369983,0.146497,0.026556246011949648,890.8780530590134,1560,1526,34,290.50371295402607,0.021794871794871794,3.12,131438,46336,4784,249,0.05204849498327759,2558,2048,0,356,38.06539509536785,0.800625488663018,0,0.13917122752150118
Gwinnett,13135050529,1400000US13135050529,050529,4174,32.1,5.455745,0.016025,0.0029286684199080005,765.0650827705473,1541,1503,38,282.45455020350107,0.02465931213497729,2.78,79301,31188,4174,160,0.03833253473885961,2292,1607,6,204,26.566091954022987,0.7011343804537522,0.002617801047120419,0.08900523560209424
Gwinnett,13135050530,1400000US13135050530,050530,5990,38.3,3.548253,0.002264,6.376536149524139e-4,1688.1547059919346,1940,1812,128,546.7479348287735,0.06597938144329897,3.3,115491,48460,5978,223,0.037303445968551355,3015,2213,35,334,34.02461767997016,0.7339966832504146,0.011608623548922056,0.11077943615257048
Gwinnett,13135050536,1400000US13135050536,050536,6536,32.6,7.574645,0.045126,0.005922225221729104,862.8787223691671,1893,1811,82,249.91270217944205,0.04331748547279451,3.59,66509,21449,6497,524,0.08065260889641374,2864,2212,13,88,32.429755043227665,0.7723463687150838,0.004539106145251397,0.030726256983240222
Gwinnett,13135050537,1400000US13135050537,050537,4323,30.6,3.492412,0.007622,0.0021776931309810134,1237.826464918801,1957,1804,153,560.3577126639125,0.07818088911599387,2.4,52866,26068,4323,997,0.23062687948184132,2454,1688,90,292,27.604070305272895,0.6878565607171964,0.03667481662591687,0.11898940505297473
Gwinnett,13135050539,1400000US13135050539,050539,6332,32.4,2.334592,0,0,2712.2512199133726,2079,2020,59,890.5196282690938,0.02837902837902838,3.13,60635,20436,6306,1234,0.19568664763717095,3119,2419,0,302,32.41569045083422,0.7755690926579032,0,0.09682590573901892
Gwinnett,13135050541,1400000US13135050541,050541,5242,28.9,1.265672,0.016095,0.012556884363538771,4141.673356130183,2559,2350,209,2021.850842872403,0.08167252833137945,2.23,56610,27746,5242,766,0.14612743227775657,3058,2038,9,490,26.976246105919003,0.6664486592544147,0.0029431000654022237,0.16023544800523218
Gwinnett,13135050542,1400000US13135050542,050542,5634,31.6,3.643684,0.04139,0.011231796159317289,1546.2372697522617,2754,2642,112,755.8284417638852,0.04066811909949165,2.13,42545,25489,5634,1320,0.23429179978700745,2669,2280,16,208,30.35554652580252,0.8542525290370926,0.005994754589733983,0.07793180966654177
Gwinnett,13135050549,1400000US13135050549,050549,6122,34.1,3.952039,0.058046,0.014475004893911226,1549.0737819135893,2212,2164,48,559.7110757257203,0.0216998191681736,2.83,98005,34599,6122,818,0.13361646520744855,3194,2060,61,375,30.244767648102165,0.6449592986850344,0.019098309329993738,0.117407639323732
Gwinnett,13135050550,1400000US13135050550,050550,4190,35.4,3.609921,0.017441,0.004808177402751641,1160.690220090689,1323,1323,0,366.49001460142756,0,3.17,74469,29995,4190,261,0.062291169451073984,2141,1629,0,262,41.60723789249601,0.760859411489958,0,0.12237272302662307
Gwinnett,13135050551,1400000US13135050551,050551,3821,34.5,3.819215,0.012765,0.003331176049979384,1000.4673735309482,1164,1094,70,304.7746722821313,0.06013745704467354,3.49,99479,35180,3797,782,0.20595206742164868,1959,1347,0,215,35.67660550458716,0.6875957120980092,0,0.10974987238386932
Gwinnett,13135050552,1400000US13135050552,050552,4010,42.3,2.259442,0.12634,0.052955383182537216,1774.7744797166733,1288,1288,0,570.0522518391709,0,3.11,117941,43587,4008,153,0.03817365269461078,1975,1420,21,256,27.847585805700987,0.7189873417721518,0.010632911392405063,0.12962025316455697
Gwinnett,13135050553,1400000US13135050553,050553,4784,41,2.723783,0.020908,0.007617615243391697,1756.3807395816773,1264,1264,0,464.06046296639636,0,3.78,113385,39520,4731,110,0.023250898330162757,2644,1777,0,360,27.029334500875656,0.6720877458396369,0,0.1361573373676248
Gwinnett,13135050554,1400000US13135050554,050554,4317,27.9,3.448345,0.056471,0.016112400765118624,1251.9048993067688,1319,1175,144,382.50233082826685,0.10917361637604246,3.67,49813,19799,4317,708,0.16400277970813065,2040,1652,0,94,30.310894141829394,0.8098039215686275,0,0.04607843137254902
Gwinnett,13135050555,1400000US13135050555,050555,4771,38.7,3.029809,0.017725,0.005816177932715435,1574.6867211761532,1297,1287,10,428.0797898481389,0.007710100231303007,3.71,80446,29726,4771,184,0.03856633829385873,1956,1389,0,278,31.907032181168056,0.7101226993865031,0,0.14212678936605316
Gwinnett,13135050556,1400000US13135050556,050556,8934,28.4,2.1149810000000002,0.019284,0.009035429058715764,4224.151422636894,2175,2113,62,1028.3780327104591,0.028505747126436783,4.22,96434,24793,8934,94,0.010521602865457802,3631,3315,0,180,25.446247464503042,0.9129716331589094,0,0.04957312035251997
Gwinnett,13135050557,1400000US13135050557,050557,3211,36.4,2.407093,0.003485,0.0014457113605118772,1333.9742170327445,844,834,10,350.63040771586304,0.011848341232227487,3.85,82952,26381,3211,382,0.11896605418872626,1352,1068,12,220,38.4452296819788,0.7899408284023669,0.008875739644970414,0.16272189349112426
Gwinnett,13135050558,1400000US13135050558,050558,2418,35.2,3.172227,0.039195,0.012204873728834142,762.2405332279185,822,822,0,259.12395298318813,0,2.94,84224,34871,2418,132,0.05459057071960298,1330,1033,0,132,31.602671118530886,0.7766917293233083,0,0.09924812030075188
Gwinnett,13135050559,1400000US13135050559,050559,5066,34.3,3.270689,0,0,1548.9091136454736,1483,1483,0,453.42128218243926,0,3.41,76298,25149,5066,695,0.13718910382945124,2269,1918,1,234,31.23832923832924,0.8453063023358308,4.4072278536800354e-4,0.10312913177611283
Gwinnett,13135050560,1400000US13135050560,050560,3557,46.5,5.511506,0.066811,0.01197690988160049,645.3771437425634,1321,1217,104,239.68040677085355,0.07872823618470856,2.92,94879,56126,3557,187,0.05257239246556086,1676,1423,0,137,34.96101364522417,0.8490453460620525,0,0.08174224343675418
Gwinnett,13135050561,1400000US13135050561,050561,4087,28.9,3.608517,0.003552,9.83369919013175e-4,1132.5982391104158,1433,1297,136,397.11604517867033,0.09490579204466155,3.15,48327,24937,4087,702,0.171764130168828,1865,1309,0,257,27.316542288557216,0.7018766756032172,0,0.13780160857908846
Gwinnett,13135050562,1400000US13135050562,050562,4243,31.7,3.796919,0.043886,0.011426250486551647,1117.4849924372893,1566,1520,46,412.43966489672283,0.02937420178799489,2.79,80615,28520,4199,1017,0.24220052393427005,2225,1742,73,312,32.74960794563513,0.7829213483146067,0.03280898876404494,0.1402247191011236
Gwinnett,13135050563,1400000US13135050563,050563,3475,33.5,4.800262,0.068925,0.014155340511670634,723.918819431106,1042,953,89,217.0714848481187,0.0854126679462572,3.38,108456,36523,3220,399,0.12391304347826088,1574,1170,0,317,28.480509148766906,0.7433290978398983,0,0.2013977128335451
Gwinnett,13135050564,1400000US13135050564,050564,3925,27.5,2.822023,0.012099,0.004269046992331311,1390.846212096783,1756,1579,177,622.2486492845735,0.10079726651480637,2.49,35186,19230,3925,1206,0.3072611464968153,1690,1253,0,84,33.98816936488169,0.7414201183431952,0,0.04970414201183432
Gwinnett,13135050565,1400000US13135050565,050565,4507,35.9,5.126298,0.163354,0.030881804700951972,879.1919626990081,1387,1387,0,270.565620648663,0,3.25,107673,37710,4424,318,0.07188065099457505,2248,1559,11,446,30.48834628190899,0.6935053380782918,0.004893238434163701,0.19839857651245552
Gwinnett,13135050566,1400000US13135050566,050566,3675,40.8,3.57822,0.046173,0.012739512519751583,1027.0469674866274,1281,1223,58,357.9992286667673,0.04527712724434036,3,100319,40845,3672,311,0.08469498910675381,2152,1442,0,287,29.396782841823057,0.6700743494423792,0,0.133364312267658
Gwinnett,13135050567,1400000US13135050567,050567,4279,36.4,2.542999,0.009244,0.0036219121768577677,1682.658939307487,1569,1497,72,616.9880522957343,0.045889101338432124,2.86,60458,29712,4279,343,0.08015891563449404,2332,1527,107,268,30.62015503875969,0.6548027444253859,0.04588336192109777,0.11492281303602059
Gwinnett,13135050568,1400000US13135050568,050568,4451,36,3.209777,0.027544,0.008508269646414428,1386.700696029662,1655,1606,49,515.6121437719817,0.029607250755287008,2.77,80536,34586,4451,148,0.03325095484160863,2341,1899,0,125,32.49548736462094,0.811191798376762,0,0.05339598462195643
Gwinnett,13135050569,1400000US13135050569,050569,5237,31.2,4.989106,0.127317,0.024883986331857236,1049.687058162324,1840,1617,223,368.803549172938,0.12119565217391304,3.24,70498,23408,5237,556,0.10616765323658583,2114,1498,19,250,30.284334763948497,0.7086092715231788,0.008987701040681173,0.11825922421948912
Gwinnett,13135050570,1400000US13135050570,050570,4432,33,2.397911,0.047148,0.019282970267793128,1848.2754364111095,1120,1060,60,467.0732149775367,0.05357142857142857,4.17,118256,34153,4428,378,0.08536585365853659,2660,2212,0,118,31.66797797010228,0.8315789473684211,0,0.0443609022556391
Gwinnett,13135050571,1400000US13135050571,050571,7875,28.5,5.919427,0.01727,0.0029090250016128496,1330.3652532584658,2454,2454,0,414.5671532058762,0,3.21,75465,33729,7875,1272,0.16152380952380951,3599,2875,0,493,37.089504185447524,0.7988330091692136,0,0.1369824951375382
Gwinnett,13135050572,1400000US13135050572,050572,3680,39.9,3.60119,0.00967,0.002678032380097816,1021.8844326458754,1084,1052,32,301.011610051122,0.02952029520295203,3.49,104091,50140,3678,670,0.1821642196846112,2248,1918,14,164,27.488003838771593,0.853202846975089,0.006227758007117438,0.07295373665480427
Gwinnett,13135050573,1400000US13135050573,050573,3218,37.9,2.312574,0.041018,0.017427829462370707,1391.5230388303248,874,874,0,377.93385206267993,0,3.68,139565,41561,3216,113,0.03513681592039801,1464,1214,0,170,37.426584234930445,0.8292349726775956,0,0.11612021857923498
Gwinnett,13135050574,1400000US13135050574,050574,5166,31,2.812274,0.012496,0.004423722993376452,1836.9476089456434,2030,2005,25,721.8357812930035,0.012315270935960592,2.57,47977,25898,5166,1007,0.1949283778552071,2617,2008,10,193,25.831270627062707,0.7672907909820404,0.0038211692777990066,0.07374856706152083
Gwinnett,13135050575,1400000US13135050575,050575,2605,37,1.5588,0,0,1671.1573004875545,873,809,64,560.0461893764434,0.07331042382588775,3.22,98375,41333,2605,45,0.01727447216890595,1295,932,0,84,27.18414533443435,0.7196911196911197,0,0.06486486486486487
Gwinnett,13135050576,1400000US13135050576,050576,2161,36.7,1.268671,0.073102,0.05448164480877168,1703.3572927890682,877,773,104,691.2745700027824,0.11858608893956671,2.64,72839,25931,2040,145,0.07107843137254902,856,712,0,37,31.55677655677656,0.8317757009345794,0,0.04322429906542056
Gwinnett,13135050577,1400000US13135050577,050577,4614,32.3,2.059191,0.035836,0.0171052688103781,2240.685783883088,1507,1507,0,731.8408054425256,0,3.06,57015,27816,4613,170,0.036852373726425317,2595,2250,0,72,26.00277447483155,0.8670520231213873,0,0.027745664739884393
Gwinnett,13135050578,1400000US13135050578,050578,4225,33.8,4.873327,0.012834,0.0026266019478277526,866.9641909931347,1360,1323,37,279.0701301185002,0.027205882352941177,3.19,90846,36294,4225,194,0.04591715976331361,2216,1468,26,481,36.86743515850144,0.6624548736462094,0.011732851985559567,0.217057761732852
Gwinnett,13135050579,1400000US13135050579,050579,4230,35.1,5.540255,0.067989,0.012123046001564839,763.5027629594666,1340,1310,30,241.86612349070575,0.022388059701492536,3.23,94300,34024,4230,245,0.057919621749408984,2189,1644,91,330,38.171059709521245,0.751027866605756,0.041571493832800364,0.1507537688442211
Gwinnett,13135050580,1400000US13135050580,050580,3854,39.7,3.602234,0.075052,0.020409617310157547,1069.8916283617332,1280,1280,0,355.33505041593634,0,3.01,87000,41834,3854,503,0.1305137519460301,1999,1437,0,317,28.977407847800237,0.7188594297148574,0,0.1585792896448224
Gwinnett,13135050581,1400000US13135050581,050581,4072,37.2,3.028865,0.001702,5.616110780589903e-4,1344.3979840633372,1205,1205,0,397.83879439988243,0,3.38,90594,26860,4072,274,0.06728880157170923,2082,1656,105,105,35.69044006069803,0.7953890489913544,0.05043227665706052,0.05043227665706052
Gwinnett,13135050582,1400000US13135050582,050582,2291,41.7,3.156848,0.052332,0.016306969381586572,725.7238866109486,735,707,28,232.8271744474235,0.0380952380952381,3.23,104152,40203,2269,172,0.0758043190832966,1147,981,0,143,31.548804780876495,0.8552746294681779,0,0.12467306015693112
Gwinnett,13135050583,1400000US13135050583,050583,4808,31.7,10.793039,0.075124,0.006912299714312345,445.4723085870439,860,838,22,79.6809869768839,0.02558139534883721,3.45,75735,23675,2826,111,0.03927813163481953,1432,1024,15,372,29.287735849056602,0.7150837988826816,0.01047486033519553,0.25977653631284914
Gwinnett,13135050584,1400000US13135050584,050584,4141,47.1,5.848661,0.153163,0.025519408766401682,708.0253069890698,1473,1464,9,251.85251803788935,0.006109979633401222,2.83,130068,46556,4141,194,0.046848587297754166,1773,1401,0,341,37.19622905027933,0.7901861252115059,0,0.19232938522278623
Gwinnett,13135050585,1400000US13135050585,050585,3056,38,2.982661,0.001734,5.810222842485662e-4,1024.5884463571288,1206,1206,0,404.3369326919821,0,2.53,79020,32562,3056,136,0.04450261780104712,1944,898,32,251,32.95924394565859,0.4619341563786008,0.01646090534979424,0.12911522633744857
Gwinnett,13135050586,1400000US13135050586,050586,5974,40,4.801891,0.014682,0.0030482253668739166,1244.0932124448473,1802,1802,0,375.26882638527195,0,3.32,86917,30339,5908,945,0.15995260663507108,2781,1840,0,545,41.498211091234346,0.6616325062927004,0,0.19597267170082705
Gwinnett,13135050587,1400000US13135050587,050587,4142,29.9,4.367284,0.004253,9.728843653845318e-4,948.415536979047,1260,1205,55,288.50883065997084,0.04365079365079365,3.43,92392,29039,4140,708,0.17101449275362318,2053,1359,0,482,52.412476129853594,0.6619581100828057,0,0.23477837311251826
Gwinnett,13135050588,1400000US13135050588,050588,6295,31.7,8.416812,0.187065,0.021741942614939752,747.9078777095176,1912,1872,40,227.16439430986458,0.02092050209205021,3.36,104000,52683,6295,215,0.03415409054805401,3631,2474,0,606,41.06446280991736,0.6813549986229689,0,0.16689617185348388
Gwinnett,13135050589,1400000US13135050589,050589,5658,36.3,4.480672,0.020179,0.004483374366314281,1262.7570150191757,1753,1701,52,391.23595746352333,0.02966343411294923,3.31,69075,27765,5577,1131,0.20279720279720279,2738,2345,12,216,34.682791435368756,0.8564645726807889,0.004382761139517896,0.07888970051132213
Gwinnett,13135050590,1400000US13135050590,050590,4939,33.9,3.219506,0.011055,0.003422006270737497,1534.086285287246,1439,1358,81,446.96298127725186,0.056289089645587216,3.64,108750,34551,4939,512,0.10366470945535533,2819,1862,0,540,37.42869679684072,0.6605179141539553,0,0.1915572898190848
Gwinnett,13135050591,1400000US13135050591,050591,4161,37.5,2.29185,0.016831,0.007290309921552609,1815.5638458014266,1291,1133,158,563.3003905142134,0.12238574748257165,3.67,139632,36943,4161,320,0.07690459024273011,1716,1167,0,489,39.400977995110026,0.6800699300699301,0,0.28496503496503495
Gwinnett,13135050611,1400000US13135050611,050611,3700,36,7.622511,0.093968,0.012177574772120808,485.4043503512163,1594,1491,103,209.11744174590237,0.06461731493099122,2.48,100669,50860,3700,186,0.05027027027027027,2443,2034,0,107,30.460188356164384,0.8325828898894801,0,0.04379860826852231
Gwinnett,13135050612,1400000US13135050612,050612,4330,35.9,6.823197,0.034204,0.004987895559848403,634.5998803786553,1552,1552,0,227.45935666228016,0,2.79,96724,40030,4330,96,0.022170900692840646,2230,1587,44,473,40.278884462151396,0.7116591928251121,0.019730941704035873,0.21210762331838565
Gwinnett,13135050613,1400000US13135050613,050613,5044,40.3,3.752393,0.009577,0.002545740662472056,1344.20888217199,1396,1302,94,372.02926239335807,0.0673352435530086,3.87,74712,26256,5042,194,0.03847679492264974,1702,1482,9,175,28.48068107400131,0.8707403055229143,0.005287896592244419,0.1028202115158637
Gwinnett,13135050614,1400000US13135050614,050614,4064,41.6,2.4047,0.023836,0.00981496671245557,1690.0237035804882,1353,1353,0,562.6481473780512,0,3,93516,34493,4064,135,0.03321850393700788,2066,1684,0,86,25.565656565656564,0.8151016456921588,0,0.041626331074540175
Gwinnett,13135050615,1400000US13135050615,050615,2083,34.5,5.119328,0.027091,0.005264048652082157,406.8893417261015,653,637,16,127.55580419930115,0.02450229709035222,3.27,74340,32180,2083,0,0,1104,853,0,167,22.844183564567768,0.7726449275362319,0,0.151268115942029
Gwinnett,13135050616,1400000US13135050616,050616,3846,35.6,6.388261,0.183478,0.027919246336471974,602.0417763143992,1159,1137,22,181.42652593561849,0.01898188093183779,3.38,152180,41287,3692,118,0.031960996749729145,1890,1310,0,426,20.87431693989071,0.6931216931216931,0,0.2253968253968254
Gwinnett,13135050617,1400000US13135050617,050617,10589,37,18.143402,0.016305,8.978669094165451e-4,583.628142065088,3148,3108,40,173.50660036083642,0.012706480304955527,3.41,140372,50558,10589,767,0.07243365756917557,5174,3704,58,1016,37.78619528619529,0.7158871279474295,0.011209895632006184,0.19636644762272903
Gwinnett,13135050618,1400000US13135050618,050618,4346,40.2,6.041807,0.01079,0.001782705836849868,719.3212229387665,1291,1239,52,213.67779540127646,0.040278853601859024,3.51,125010,41166,4346,133,0.030602853198343303,2098,1636,0,285,43.648648648648646,0.7797902764537655,0,0.13584366062917064
Gwinnett,13135050619,1400000US13135050619,050619,6665,37.7,19.400284,0.321335,0.016293540606377194,343.5516717177955,2111,2018,93,108.8128400594548,0.04405495026054003,3.3,103587,41467,6665,539,0.0808702175543886,2937,2301,0,377,39.759765625,0.7834525025536262,0,0.12836227442969017
Gwinnett,13135050620,1400000US13135050620,050620,3380,51.6,3.078166,0.001582,5.136783918684256e-4,1098.0564401010213,1490,1403,87,484.05446619837915,0.05838926174496644,2.41,117614,64296,3380,25,0.0073964497041420114,2033,1612,23,316,32.16948165404776,0.792916871618298,0.01131333005410723,0.15543531726512544
Gwinnett,13135050621,1400000US13135050621,050621,4113,39.7,4.182685,0.027246,0.0064718400372832715,983.3396490531799,1244,1244,0,297.4166115784478,0,3.29,142308,44713,4113,303,0.0736688548504741,1795,994,10,713,34.58872458410351,0.5537604456824513,0.005571030640668524,0.39721448467966575
Gwinnett,13135050622,1400000US13135050622,050622,2723,36.7,18.782749,0.074757,0.003964310020635815,144.9734540987584,1063,1002,61,56.59448465184729,0.05738476011288805,2.72,64567,26820,2723,552,0.2027175908923981,1176,913,21,119,49.66414380321665,0.7763605442176871,0.017857142857142856,0.10119047619047619
Gwinnett,13135050623,1400000US13135050623,050623,5940,35.8,22.068566,0.135018,0.006080910180986997,269.16112265744863,1933,1933,0,87.59064816445255,0,3.07,110675,46056,5940,176,0.02962962962962963,2848,2076,0,591,33.103677447939745,0.7289325842696629,0,0.20751404494382023
Gwinnett,13135050624,1400000US13135050624,050624,3506,33.6,5.459871,0.021132,0.003855498710728675,642.139713557335,1068,1068,0,195.60901713611915,0,3.28,120357,33274,3506,179,0.05105533371363377,2055,1686,0,306,46.858204688393364,0.8204379562043795,0,0.14890510948905109
Gwinnett,13135050625,1400000US13135050625,050625,2861,42.6,14.393117,0.061123,0.004228724581852799,198.77556751605647,1202,1202,0,83.51213986518695,0,2.38,92317,59357,2861,0,0,1510,1034,0,187,43.62433862433863,0.6847682119205298,0,0.123841059602649
Gwinnett,13135050626,1400000US13135050626,050626,4643,44.3,25.179795,0.095653,0.0037844235243624565,184.3938761217079,1460,1460,0,57.98299787587628,0,3.18,107885,41850,4643,3,6.461339651087659e-4,2033,1405,0,391,34.25700365408039,0.691096901131333,0,0.19232661091982292
Gwinnett,13135050627,1400000US13135050627,050627,5647,35.2,11.281452,0.021232,0.0018784918697187323,500.5561340862861,1727,1652,75,153.0831314976122,0.04342790966994789,3.42,91261,29705,5416,698,0.12887740029542097,2620,1755,22,436,35.604395604395606,0.6698473282442748,0.008396946564885497,0.166412213740458
Gwinnett,13135050628,1400000US13135050628,050628,6592,30.5,8.929938,0.043742,0.004874477360458585,738.1910154359415,1800,1800,0,201.5691486323869,0,3.66,140859,38306,6537,572,0.08750191219213707,3012,2574,0,408,31.820276497695854,0.8545816733067729,0,0.13545816733067728
Gwinnett,13135050629,1400000US13135050629,050629,1950,40,1.822468,0,0,1069.977634723902,790,630,160,433.47811868301665,0.20253164556962025,3.1,141151,55595,1945,12,0.006169665809768638,1074,829,0,186,35.7713963963964,0.7718808193668529,0,0.17318435754189945
Gwinnett,13135050630,1400000US13135050630,050630,3772,36.5,5.841707,0.012806,0.0021873723740984093,645.7016758971307,1278,1069,209,218.7716706777659,0.16353677621283255,3.53,130179,44428,3756,56,0.014909478168264111,1609,1182,54,324,35.5136186770428,0.7346177750155376,0.03356121814791796,0.20136730888750776
Gwinnett,13135050631,1400000US13135050631,050631,8863,34.2,8.83506,0.048051,0.005409253582444259,1003.162400708088,2647,2491,156,299.6018136832121,0.058934642992066494,3.56,111543,31616,8863,1728,0.19496784384519913,3984,2994,0,811,34.94642294358651,0.7515060240963856,0,0.20356425702811246
Gwinnett,13135050632,1400000US13135050632,050632,3545,49.5,3.689392,0.017594,0.004746173845814362,960.8629280922169,1238,1238,0,335.55664456365713,0,2.86,102656,51635,3545,312,0.08801128349788434,1660,1294,0,353,31.319816373374138,0.7795180722891566,0,0.21265060240963857
Gwinnett,13135050633,1400000US13135050633,050633,2504,47,6.031064,0.054632,0.008977116175372545,415.1837884658495,1093,1064,29,181.22838689823223,0.026532479414455627,2.35,68611,45674,2504,142,0.05670926517571885,1445,1105,57,127,39.465098634294385,0.7647058823529411,0.03944636678200692,0.08788927335640138
Gwinnett,13135050634,1400000US13135050634,050634,6518,33.8,6.507809,0.039873,0.006089635996372457,1001.5659648277938,2004,1964,40,307.93774064358684,0.01996007984031936,3.32,72759,78534,6518,414,0.0635164160785517,3645,2641,0,358,33.749619714024945,0.724554183813443,0,0.0982167352537723
Gwinnett,13135050635,1400000US13135050635,050635,4147,47.3,9.662206,0.123151,0.012585233221434844,429.19805270142245,1385,1385,0,143.3420069909501,0,2.98,150194,56698,4137,33,0.007976794778825236,2287,1899,0,351,37.77634297520661,0.8303454306952339,0,0.1534761696545693
Gwinnett,13135050636,1400000US13135050636,050636,4395,42,4.02207,0,0,1092.7209123660205,968,968,0,240.67209173385842,0,3.29,102604,33378,3188,203,0.0636762860727729,1643,1359,0,113,35.470588235294116,0.8271454656116859,0,0.06877662811929397
Gwinnett,13135050715,1400000US13135050715,050715,6678,35.8,7.090587,0.0060350000000000004,8.504046009495785e-4,941.812010768643,1949,1940,9,274.8714598664398,0.004617752693689072,3.44,86689,28967,6640,1060,0.15963855421686746,3294,2600,9,231,34.86451191642181,0.7893139040680024,0.00273224043715847,0.07012750455373407
Gwinnett,13135050719,1400000US13135050719,050719,5934,35.5,5.889874,0.051167,0.008612463707959598,1007.4918410818296,2268,2148,120,385.067660191033,0.05291005291005291,2.75,62989,25191,5903,639,0.10825004235134678,2899,2329,73,212,35.57126907331597,0.803380476026216,0.025181096929975853,0.07312866505691618
Gwinnett,13135050722,1400000US13135050722,050722,4099,37.7,3.622755,0.046093,0.012563344134180539,1131.4593451668688,1144,1137,7,315.7817738157838,0.006118881118881119,3.61,84304,28013,4041,348,0.08611729769858946,2085,1411,15,247,34.41240478781284,0.6767386091127098,0.007194244604316547,0.11846522781774581
Gwinnett,13135050725,1400000US13135050725,050725,6370,37.8,4.915914,0.008474,0.0017208229733319145,1295.791586264528,2068,2028,40,420.6745683508703,0.019342359767891684,3.14,92333,29957,6356,573,0.09015103838892385,3308,1933,0,887,34.679884345311855,0.5843409915356711,0,0.2681378476420798
Gwinnett,13135050729,1400000US13135050729,050729,4313,33,2.685049,0,0,1606.3021568693905,1455,1399,56,541.8895521087325,0.03848797250859107,3.08,75371,27235,4300,262,0.060930232558139535,1897,1425,83,182,39.15451895043732,0.7511860832894043,0.043753294675803904,0.0959409594095941
Gwinnett,13135050732,1400000US13135050732,050732,5682,38.8,8.113991,0.377771,0.04448676258237101,700.2719130450107,2134,2074,60,263.00251010877383,0.028116213683223992,2.74,68246,34834,5682,787,0.13850756775783174,2582,2023,0,198,47.118288590604024,0.7835011618900077,0,0.0766847405112316
Gwinnett,13135050733,1400000US13135050733,050733,3245,22.9,4.846888,0.077811,0.0158001534713086,669.5017504014947,886,886,0,182.79770442395204,0,3.65,59750,21114,3245,244,0.07519260400616333,1490,934,0,276,32.26935749588139,0.6268456375838927,0,0.18523489932885906
Gwinnett,13135050734,1400000US13135050734,050734,4764,39,6.874395,0.060352,0.00870284092555936,693.0064391120965,1591,1591,0,231.43854841044194,0,2.99,89685,33546,4764,341,0.07157850545759865,2429,1531,0,484,46.326478149100254,0.6303005351996707,0,0.19925895430218196
Gwinnett,13135050735,1400000US13135050735,050735,4793,30.3,6.64723,0.117735,0.017403637712833694,721.0522277700636,1458,1458,0,219.3394842663786,0,3.28,72670,27070,4742,297,0.06263180092787853,2643,2057,0,278,32.630021141649046,0.7782822550132426,0,0.1051835035944003
Gwinnett,13135050736,1400000US13135050736,050736,6408,33.8,9.173621,0.076731,0.00829492758762045,698.5246065866465,1889,1889,0,205.91650777811725,0,3.39,86888,28902,6403,91,0.01421208808371076,2738,1926,100,368,49.22784810126582,0.7034331628926224,0.036523009495982466,0.1344046749452155
Gwinnett,13135050737,1400000US13135050737,050737,4310,37.4,10.9779,0.059898,0.005426625854178524,392.6069649022126,1343,1317,26,122.33669463194235,0.0193596425912137,3.27,90346,32597,4310,4,9.280742459396752e-4,1924,1256,52,318,42.67434620174346,0.6528066528066528,0.02702702702702703,0.1652806652806653
Gwinnett,13135050738,1400000US13135050738,050738,7434,43.1,9.20353,0.052454,0.005667036589518737,807.7335544079282,2516,2418,98,273.37336869657616,0.038950715421303655,3.07,96831,36451,7433,1013,0.136284138302166,3243,2177,40,511,41.69289897510981,0.6712920135676842,0.012334258402713537,0.15757015109466543
Gwinnett,13135050739,1400000US13135050739,050739,4394,45.5,9.153874,0.211567,0.022590180216820542,480.0153465079375,1506,1506,0,164.52050792921116,0,2.91,125476,42103,4394,338,0.07692307692307693,2425,1642,0,365,47.80582524271845,0.6771134020618557,0,0.15051546391752577
Gwinnett,13135050740,1400000US13135050740,050740,1870,37.8,3.177151,0.027685,0.008638507555456816,588.5776281958271,686,632,54,215.91671280338895,0.07871720116618076,2.96,80893,29436,1870,139,0.07433155080213903,806,635,0,67,42.61163734776725,0.7878411910669976,0,0.08312655086848635
Gwinnett,13135050741,1400000US13135050741,050741,6610,37.1,6.033895,0.074688,0.012226730814658653,1095.4781281411094,1951,1897,54,323.3400647508781,0.027678113787801127,3.48,120994,39067,6610,33,0.004992435703479577,3244,2722,8,293,43.72924432395798,0.8390875462392109,0.002466091245376079,0.09032059186189889
Gwinnett,13135050742,1400000US13135050742,050742,4473,41.1,7.487045,0.024433,0.0032527553165968134,597.4319641460683,1446,1446,0,193.13360611563039,0,3.09,115893,40287,4473,332,0.07422311647663761,2301,1852,0,308,34.8469643753136,0.8048674489352455,0,0.1338548457192525
Gwinnett,13135050743,1400000US13135050743,050743,5081,37.3,13.453968,0.42622,0.030707076878209432,377.65810056928933,1509,1459,50,112.16021920075922,0.03313452617627568,3.48,90958,37435,5081,160,0.03148986419996064,2322,1586,0,318,35.30439121756487,0.6830318690783808,0,0.13695090439276486
Gwinnett,13135050744,1400000US13135050744,050744,7615,36.6,17.797258,0.116452,0.006500719281488871,427.87490072908986,2461,2327,134,138.27972825926332,0.05444941080861439,3.27,94642,39422,7615,281,0.03690085357846356,4326,3032,0,650,42.181719260065286,0.7008784096162737,0,0.1502542764678687
Gwinnett,13135050745,1400000US13135050745,050745,4144,39.7,5.474273,0.12119,0.02165861877739161,756.9954951095789,1641,1580,61,299.7658319195992,0.03717245581962218,2.62,82017,54441,4144,1,2.4131274131274132e-4,2453,1511,0,806,34.29872495446266,0.6159804321239298,0,0.3285772523440685
Gwinnett,13135050746,1400000US13135050746,050746,7215,41.3,8.350587,0.259907,0.030184911574179137,864.0111168232843,2243,2097,146,268.6038717996711,0.06509139545251895,3.44,94882,38008,7000,254,0.03628571428571428,3379,2726,22,376,35.42291042291042,0.8067475584492453,0.006510802012429713,0.11127552530334418
Gwinnett,13135050747,1400000US13135050747,050747,4867,31.4,5.486518,0.058913,0.010623700844893752,887.0835746825218,1749,1749,0,318.7814202013007,0,2.78,77383,34168,4867,227,0.04664064105198274,2993,1969,17,340,29.570297776102525,0.6578683595055128,0.005679919812896759,0.11359839625793518
Gwinnett,13135050748,1400000US13135050748,050748,5252,29.6,6.515504,0.031665,0.00483644152151869,806.0773195749707,1627,1627,0,249.7120713915608,0,3.23,61094,24176,5252,138,0.026275704493526276,1835,1327,0,366,49.30224642614023,0.7231607629427793,0,0.1994550408719346
Gwinnett,13135050749,1400000US13135050749,050749,3593,35.7,2.687292,0.020194,0.00745857965655224,1337.0337127487448,1104,1076,28,410.8224934246074,0.025362318840579712,3.34,94091,45336,3593,104,0.028945171166156414,2078,1752,27,200,30.316826411075613,0.8431183830606352,0.012993262752646775,0.09624639076034648
Gwinnett,13135050750,1400000US13135050750,050750,5176,45.5,6.533601,0.14114,0.021145389761190733,792.2124415004835,1654,1607,47,253.15289378705558,0.028415961305925032,3.21,108682,37678,5167,503,0.09734855815753822,2447,1500,0,795,34.346246973365616,0.6129955046996322,0,0.3248876174908051
Gwinnett,13135050751,1400000US13135050751,050751,3124,37.7,4.793779,0.008886,0.0018502227409157208,651.6779350904579,1112,1060,52,231.9673059604959,0.046762589928057555,2.95,68897,31475,3124,169,0.05409731113956466,1410,1161,0,119,31.67699457784663,0.823404255319149,0,0.08439716312056737
Gwinnett,13135050752,1400000US13135050752,050752,3170,40.7,5.360017,0.205161,0.036865128123485,591.4160346879497,1106,1034,72,206.3426291371837,0.0650994575045208,3.07,103000,42453,3170,173,0.05457413249211356,1507,1259,0,51,37.135989010989015,0.8354346383543464,0,0.0338420703384207
Gwinnett,13135050753,1400000US13135050753,050753,4478,35.3,4.899891,0.037555,0.0076061591357151044,913.8978805855069,1456,1261,195,297.1494672024337,0.13392857142857142,3.4,67106,26915,4306,50,0.011611704598235021,2231,1645,0,355,35.03464818763326,0.737337516808606,0,0.15912147019273867
Gwinnett,13135050754,1400000US13135050754,050754,3954,31.4,3.378741,0.028285,0.008301961886994698,1170.2583891455427,1089,1061,28,322.3094045977481,0.025711662075298437,3.73,95781,29976,3882,270,0.0695517774343122,1585,1143,22,93,47.32238605898123,0.7211356466876971,0.0138801261829653,0.05867507886435331
Gwinnett,13135050755,1400000US13135050755,050755,2828,33.3,3.298244,0.001036,3.140079047549768e-4,857.4259515063167,752,752,0,228.0001115745227,0,3.75,89898,31744,2828,390,0.1379066478076379,1172,928,0,93,28.938832252085263,0.7918088737201365,0,0.07935153583617748
Gwinnett,13135050756,1400000US13135050756,050756,5739,40.1,3.470989,0.226219,0.06118644122808346,1653.4192416052024,1613,1613,0,464.7090497837936,0,3.56,150268,54265,5739,129,0.02247778358599059,2873,1869,21,847,35.86870681145113,0.6505395057431257,0.007309432648799165,0.2948137835015663
Gwinnett,13135050757,1400000US13135050757,050757,4898,29.9,2.953463,0.003348,0.0011323009823759448,1658.3921992589715,1149,1149,0,389.03483808667994,0,4.26,130417,38869,4898,250,0.05104124132298898,2433,1630,14,674,33.08982376350199,0.6699547883271681,0.005754212905877518,0.2770242498972462
Gwinnett,13135050758,1400000US13135050758,050758,2818,47,5.181414,0.013234,0.002547622091044475,543.8669830281849,1137,1063,74,219.438168808746,0.06508355321020229,2.57,75391,30770,2797,269,0.09617447264926707,1154,891,0,197,36.94879832810867,0.7720970537261699,0,0.1707105719237435
Gwinnett,13135050759,1400000US13135050759,050759,4551,37.9,5.372802,0.089905,0.01645795756572703,847.0440563415514,1524,1463,61,283.65087714008445,0.04002624671916011,3.09,118479,47328,4547,221,0.04860347481856169,2131,1578,10,289,28.946796959826276,0.7404974190520882,0.004692632566870014,0.1356170811825434
Gwinnett,13135050760,1400000US13135050760,050760,4867,34.7,4.477159,0.066424,0.014619299350314498,1087.0732980445857,1448,1409,39,323.4193826933553,0.026933701657458564,3.43,162404,56613,4867,165,0.03390178754879803,2372,1778,20,464,35.814989517819704,0.7495784148397976,0.008431703204047217,0.19561551433389546
Gwinnett,13135050761,1400000US13135050761,050761,3445,39.8,3.81124,0.022446,0.005854939606425774,903.9052906665547,1133,1083,50,297.2785760015113,0.0441306266548985,3.18,111382,41581,3445,93,0.02699564586357039,1506,1032,0,381,32.82222222222222,0.6852589641434262,0,0.25298804780876494
Gwinnett,13135050762,1400000US13135050762,050762,5472,39.4,7.98862,0.106932,0.013208734870704307,684.974376049931,1865,1785,80,233.45709271438622,0.04289544235924933,3.07,114879,45814,5472,385,0.07035818713450293,2312,1817,0,213,38.38732729871367,0.7858996539792388,0,0.0921280276816609
Gwinnett,13135050763,1400000US13135050763,050763,4682,32.7,4.252262,0.001996,4.691769986681579e-4,1101.061035279576,1288,1233,55,302.8976107304771,0.042701863354037264,3.66,97037,29587,4513,869,0.19255484156880123,1863,1235,0,340,36.90741956664478,0.6629092860976918,0,0.18250134192163178
Gwinnett,13135050764,1400000US13135050764,050764,2658,42.7,3.932063,0.103629,0.025678124098667588,675.9810308227513,1101,1072,29,280.00568658233607,0.02633969118982743,2.47,106651,49234,2651,108,0.04073934364390796,1549,1181,10,290,33.10166799046863,0.7624273724983861,0.006455777921239509,0.18721755971594578
Gwinnett,13135050765,1400000US13135050765,050765,3054,38.6,4.196013,0.054364,0.0127903948285058,727.8337793519706,930,925,5,221.63897013665115,0.005376344086021506,3.3,122266,43364,2988,242,0.08099062918340026,1496,1105,32,251,42.07630522088353,0.7386363636363636,0.0213903743315508,0.1677807486631016
Hall,13139000101,1400000US13139000101,000101,5465,38.9,92.704313,1.622912,0.01720512821192397,58.95087103444691,2292,2009,283,24.723768785169682,0.12347294938917976,2.72,61271,30144,5460,600,0.10989010989010989,2490,1937,0,185,31.05639913232104,0.7779116465863454,0,0.07429718875502007
Hall,13139000102,1400000US13139000102,000102,3483,48,79.543612,0.85531,0.010638326717863206,43.7872999782811,1562,1360,202,19.63702628942724,0.1293213828425096,2.56,64840,33600,3435,468,0.13624454148471615,1568,1235,8,119,27.912353347135955,0.7876275510204082,0.00510204081632653,0.07589285714285714
Hall,13139000203,1400000US13139000203,000203,4567,42.7,62.579561,0.211661,0.0033708692594006215,72.97909935801563,1902,1692,210,30.3933100457512,0.11041009463722397,2.7,80286,37488,4564,391,0.08567046450482033,2460,2156,0,175,34.87746170678337,0.8764227642276423,0,0.07113821138211382
Hall,13139000204,1400000US13139000204,000204,4316,54.9,40.047166,3.812021,0.0869149945711488,107.77291956189859,1755,1603,152,43.823325725470816,0.08660968660968661,2.69,80263,41344,4316,178,0.041241890639481,1743,1460,0,117,25.571955719557195,0.8376362593230063,0,0.06712564543889846
Hall,13139000205,1400000US13139000205,000205,2391,45.2,30.42806,2.071583,0.0637417155628448,78.57878550259201,1036,862,174,34.0475206109098,0.16795366795366795,2.77,78125,36423,2367,441,0.18631178707224336,1249,816,0,74,38.66382978723404,0.6533226581265013,0,0.059247397918334666
Hall,13139000206,1400000US13139000206,000206,2777,43.7,94.614498,1.165482,0.012168325781650821,29.350681541427193,1297,1103,194,13.708258537713744,0.14957594448727835,2.52,82733,39151,2777,160,0.05761613251710479,1380,908,0,335,29.492822966507177,0.6579710144927536,0,0.2427536231884058
Hall,13139000303,1400000US13139000303,000303,2854,51.8,27.183671,1.242445,0.04370787060743719,104.98949902682386,1238,1115,123,45.54204617911981,0.09935379644588045,2.51,97953,53564,2811,121,0.04304517965136962,914,744,0,72,36.90023752969121,0.8140043763676149,0,0.0787746170678337
Hall,13139000304,1400000US13139000304,000304,3248,46.4,31.457197,4.56826,0.1268064413450744,103.25141175165734,1851,1248,603,58.841860576452504,0.32576985413290116,2.59,87500,69867,3234,354,0.10946196660482375,1663,1263,0,189,34.41994572591587,0.7594708358388454,0,0.11365003006614552
Hall,13139000305,1400000US13139000305,000305,4383,42.7,34.078876,1.246172,0.035277291059873435,128.61339675639536,1804,1620,184,52.93601819496629,0.10199556541019955,2.7,71697,33865,4383,327,0.07460643394934977,2163,1609,0,197,39.93133265513733,0.7438742487286176,0,0.09107720758206195
Hall,13139000306,1400000US13139000306,000306,2741,45.3,14.827032,8.281779,0.3583818743422152,184.86504918853618,977,946,31,65.89316054622395,0.03172978505629478,2.9,73750,39697,2741,312,0.1138270704122583,1337,926,0,195,32.06217162872154,0.6925953627524308,0,0.14584891548242335
Hall,13139000307,1400000US13139000307,000307,4244,43.7,15.645296,3.38024,0.1776685818470502,271.2636437175749,1782,1585,197,113.9000502131759,0.11054994388327721,2.68,86979,42536,4244,443,0.10438265786993403,2153,1716,0,222,26.263593992749872,0.7970274036228518,0,0.10311193683232699
Hall,13139000401,1400000US13139000401,000401,3209,41.4,8.94932,4.894128,0.35353388837809774,358.5747297001336,1614,1340,274,180.34889801683255,0.1697645600991326,2.36,72708,42291,3201,107,0.03342705404561075,1721,873,118,196,33.35737704918033,0.5072632190586868,0.06856478791400349,0.11388727484020918
Hall,13139000402,1400000US13139000402,000402,3338,42.2,9.594256,1.692453,0.14995097330851712,347.9165033745191,1253,1187,66,130.59897505340695,0.052673583399840386,2.81,97868,40308,3338,155,0.04643499101258238,1346,1108,0,85,38.794607454401266,0.8231797919762258,0,0.06315007429420505
Hall,13139000501,1400000US13139000501,000501,3811,39.5,9.269998,3.932636,0.29786753158498525,411.1111998082416,1522,1308,214,164.1855801910637,0.14060446780551905,2.91,59630,38417,3811,366,0.09603778535817371,1516,1242,42,143,26.675163874726877,0.8192612137203166,0.027704485488126648,0.09432717678100264
Hall,13139000502,1400000US13139000502,000502,3402,48.5,8.02608,2.458688,0.23450094460840717,423.8681897015729,1545,1301,244,192.49745828598768,0.15792880258899678,2.6,74102,35791,3402,633,0.18606701940035272,1513,1196,0,88,21.266666666666666,0.790482485128883,0,0.05816259087904825
Hall,13139000601,1400000US13139000601,000601,3051,51.2,5.513078,1.19243,0.1778284359663727,553.4113611307513,1526,1351,175,276.79637400377794,0.11467889908256881,2.19,58750,39329,2958,399,0.13488843813387424,1614,1199,0,81,21.813437703848663,0.7428748451053284,0,0.05018587360594796
Hall,13139000602,1400000US13139000602,000602,4064,43.2,22.983702,0.82737,0.03474728059282673,176.8209490359734,1464,1464,0,63.69731038106916,0,2.57,77292,34891,3746,590,0.1575013347570742,2177,1625,0,337,23.722826086956523,0.7464400551217272,0,0.1548001837390905
Hall,13139000702,1400000US13139000702,000702,5424,31.6,27.914967,0.092638,0.003307601631771085,194.30436725932722,1507,1386,121,53.98537637533299,0.08029197080291971,3.91,69839,21572,5424,1109,0.20446165191740412,2410,1799,0,82,33.23668384879725,0.7464730290456432,0,0.03402489626556016
Hall,13139000703,1400000US13139000703,000703,4233,32.9,11.561619,0.017154,0.0014815041282871682,366.1251940580294,1280,1075,205,110.71113829300204,0.16015625,3.94,65664,26880,4233,760,0.17954169619655092,1851,1431,11,0,20.002701242571582,0.773095623987034,0.005942733657482442,0
Hall,13139000704,1400000US13139000704,000704,3074,37.8,18.142579,0.044994,0.002473886977663265,169.43566843501134,1022,903,119,56.331572264340146,0.11643835616438356,3.4,77578,28251,2993,611,0.20414300033411292,1386,958,0,115,30.912667191188042,0.6911976911976911,0,0.08297258297258298
Hall,13139000800,1400000US13139000800,000800,4295,26.8,4.77058,0.024872,0.005186580952118799,900.3098155779801,1514,1192,322,317.3618302177094,0.21268163804491413,3.16,36918,18537,3775,819,0.21695364238410597,1928,1342,7,25,20.62795585916973,0.696058091286307,0.0036307053941908715,0.012966804979253113
Hall,13139000901,1400000US13139000901,000901,2928,35.6,3.773514,0.155235,0.03951257766785305,775.9345798107546,1536,1244,292,407.0476484253139,0.19010416666666666,2.29,91379,61269,2860,151,0.0527972027972028,1630,1186,1,171,17.30637422892392,0.7276073619631902,6.134969325153375e-4,0.1049079754601227
Hall,13139000902,1400000US13139000902,000902,3583,31,3.213579,0.148319,0.044117638310264023,1114.9562528258991,1697,1558,139,528.0716609114013,0.08190925162050677,2.3,54228,35983,3583,447,0.12475579123639409,1712,1262,205,19,17.333136444181925,0.7371495327102804,0.11974299065420561,0.011098130841121495
Hall,13139001004,1400000US13139001004,001004,3372,32.2,5.122015,2.49709,0.3277405942036499,658.3346593088852,1446,1214,232,282.3107702730273,0.16044260027662519,2.78,60625,35854,3372,783,0.23220640569395018,1377,1008,47,71,30.490045941807043,0.7320261437908496,0.03413217138707335,0.05156136528685548
Hall,13139001005,1400000US13139001005,001005,5078,33.5,5.352502,0.105428,0.019316480790336262,948.7151989854464,1895,1617,278,354.04003585612855,0.1467018469656992,3.13,72772,27590,5078,347,0.06833398975974793,1963,1583,0,161,23.5488346281909,0.8064187468160978,0,0.08201732042791646
Hall,13139001006,1400000US13139001006,001006,2697,59.7,10.699368,6.378973,0.37351245065314015,252.0709634438221,1324,1152,172,123.74562684450147,0.1299093655589124,2.34,65857,55034,2650,413,0.15584905660377357,985,728,0,148,29.27120669056153,0.7390862944162436,0,0.150253807106599
Hall,13139001007,1400000US13139001007,001007,2580,17.8,1.935095,0.00332,0.0017127395320403525,1333.267875737367,794,772,22,410.315772610647,0.027707808564231738,3.34,42727,13569,2580,680,0.26356589147286824,1084,821,0,43,15.706051873198847,0.757380073800738,0,0.03966789667896679
Hall,13139001008,1400000US13139001008,001008,3707,26.3,3.711034,0,0,998.9129714252146,1535,1391,144,413.63134910647545,0.09381107491856677,2.65,35986,19506,3694,960,0.2598808879263671,1707,1339,0,22,21.98219584569733,0.7844171060339777,0,0.012888107791446984
Hall,13139001101,1400000US13139001101,001101,5551,27.7,4.062129,0,0,1366.524795248994,1516,1415,101,373.20331284407763,0.06662269129287599,3.82,59320,16731,5483,1786,0.3257340871785519,2563,1134,36,61,25.225819344524382,0.4424502536090519,0.01404603979711276,0.023800234100663287
Hall,13139001102,1400000US13139001102,001102,4775,30.9,5.593343,0.010577,0.001887428799840112,853.6933994571762,1181,1003,178,211.14385439977488,0.15071972904318373,4.76,76055,26194,4775,778,0.16293193717277488,2330,1597,0,78,28.4791296625222,0.6854077253218884,0,0.03347639484978541
Hall,13139001202,1400000US13139001202,001202,6908,29.7,47.673961,0.261414,0.005453467298420008,144.90090303174097,1828,1670,158,38.3437826783472,0.08643326039387308,4.14,59820,19250,6888,2316,0.3362369337979094,2991,2485,21,75,27.074759945130314,0.8308258107656302,0.007021063189568706,0.025075225677031094
Hall,13139001203,1400000US13139001203,001203,2369,31.3,2.734726,0.006054,0.002208860251461263,866.2659440104785,668,595,73,244.26578750485422,0.1092814371257485,3.95,41902,15877,2345,677,0.2886993603411514,1156,835,39,0,21.57871972318339,0.722318339100346,0.03373702422145329,0
Hall,13139001204,1400000US13139001204,001204,5017,30.6,34.914549,0.147199,0.004198278990539776,143.69367910208433,1467,1347,120,42.01686809702167,0.081799591002045,3.41,54179,21225,4584,1087,0.23712914485165795,2211,1909,0,41,31.002304147465438,0.8634102216191768,0,0.01854364540931705
Hall,13139001302,1400000US13139001302,001302,5423,37.9,21.608155,0.082897,0.0038217141335514754,250.97006199742643,1809,1741,68,83.7183924310058,0.037589828634604756,3.11,95964,33998,5372,344,0.06403574087862993,2640,1956,0,252,25.33710217755444,0.740909090909091,0,0.09545454545454546
Hall,13139001303,1400000US13139001303,001303,2869,41,8.467719,0.10775,0.012564910443965223,338.81615580299723,1035,967,68,122.22890249428445,0.06570048309178744,2.97,82159,39095,2869,370,0.12896479609620076,1453,1025,0,204,24.499599679743795,0.7054370268410186,0,0.14039917412250516
Hall,13139001304,1400000US13139001304,001304,3927,37,22.863263,0.142084,0.006176129401569122,171.7602601168521,1236,1154,82,54.0605249565646,0.06634304207119741,3.4,81725,31552,3927,592,0.15075120957473898,1964,1661,0,56,30.29874213836478,0.8457230142566191,0,0.028513238289205704
Hall,13139001402,1400000US13139001402,001402,5240,37.5,13.864824,5.327019,0.2775668287824155,377.9348371100852,2030,1921,109,146.41368689570095,0.053694581280788176,2.72,89496,42837,5240,419,0.0799618320610687,2864,2059,13,499,28.56659619450317,0.7189245810055865,0.004539106145251397,0.174231843575419
Hall,13139001404,1400000US13139001404,001404,6144,33.7,18.315896,0.028865,0.0015734737563492924,335.44632487539786,2262,1986,276,123.49928171682129,0.1220159151193634,3.09,61687,28745,6070,862,0.14200988467874795,3364,2433,18,55,25.784224841341796,0.7232461355529132,0.00535077288941736,0.016349583828775268
Hall,13139001405,1400000US13139001405,001405,2298,30.2,6.578913,0.027731,0.0041974412424825676,349.2978247318364,1064,966,98,161.72884487148562,0.09210526315789473,2.38,62143,38890,2298,253,0.11009573542210618,1325,1085,0,86,26.775625504439063,0.8188679245283019,0,0.0649056603773585
Hall,13139001406,1400000US13139001406,001406,4424,36.9,4.458597,0.018382,0.004105893728784522,992.2403841387772,1461,1434,27,327.68155543100215,0.018480492813141684,3.09,79333,33231,4424,389,0.08792947558770343,2309,1672,0,125,24.498626373626372,0.7241229969683846,0,0.05413598960588999
Hall,13139001501,1400000US13139001501,001501,6267,39.6,14.656162,10.985152,0.4284161100324266,427.601714555284,2501,2260,241,170.6449478383222,0.09636145541783286,2.76,87500,47416,6187,1156,0.18684338128333602,3182,2551,0,277,30.06024096385542,0.8016970458830924,0,0.08705216844751729
Hall,13139001502,1400000US13139001502,001502,4007,50.4,23.025587,22.9544,0.49922589147317503,174.02379361707477,1866,1653,213,81.04027923370639,0.11414790996784566,2.42,113750,56035,3988,257,0.0644433299899699,2265,1648,0,408,28.44103392568659,0.7275938189845474,0,0.18013245033112582
Hall,13139001603,1400000US13139001603,001603,5461,38.2,34.788716,0.385906,0.01097114846038715,156.97618733614658,1865,1738,127,53.60933700456205,0.06809651474530831,3.14,76881,37400,5438,262,0.04817947774917249,2740,2023,9,225,31.381709741550697,0.7383211678832117,0.0032846715328467154,0.08211678832116788
Hall,13139001605,1400000US13139001605,001605,4874,38.8,16.93142,0.055696,0.003278720178280998,287.8671723931011,1634,1521,113,96.50696751955832,0.06915544675642595,3.2,95767,42191,4840,538,0.11115702479338843,2206,1694,0,243,29.228222109016812,0.7679057116953762,0,0.11015412511332728
Hall,13139001606,1400000US13139001606,001606,4277,39.2,8.521515,0.125272,0.014487693521304502,501.90605778432587,1740,1605,135,204.18904384959714,0.07758620689655173,2.61,71651,34160,4176,239,0.05723180076628352,2381,1936,0,321,31.174757281553397,0.8131037379252415,0,0.1348173036539269
Hall,13139001607,1400000US13139001607,001607,6147,34.7,14.580193,0.012908,8.845275586045762e-4,421.59935742963074,2081,1900,181,142.7278774704834,0.086977414704469,3.24,85686,35156,6147,1031,0.16772409305352204,2631,2079,0,363,27.06569664902998,0.790193842645382,0,0.1379703534777651
Hall,13139001609,1400000US13139001609,001609,5656,41.9,7.544915,0.2459,0.031562808255618954,749.6439655052443,2132,1977,155,282.5744226409443,0.07270168855534709,2.86,103424,48182,5656,170,0.030056577086280057,3012,2079,17,528,26.77938808373591,0.6902390438247012,0.005644090305444887,0.1752988047808765
Hall,13139001610,1400000US13139001610,001610,3404,40.3,6.851732,0,0,496.8086901238986,1118,1079,39,163.17042172694437,0.03488372093023256,3.15,99755,41533,3404,401,0.11780258519388954,1726,1268,29,242,24.12398921832884,0.7346465816917729,0.016801853997682505,0.14020857473928158
Hall,13139001611,1400000US13139001611,001611,4704,39.6,11.423304,0.065758,0.005723530780841813,411.78979391601587,1755,1677,78,153.63330959239113,0.044444444444444446,2.8,124975,50553,4704,234,0.04974489795918367,2149,1611,0,470,35.59559261465158,0.7496510004653327,0,0.2187063750581666
Hall,13139001612,1400000US13139001612,001612,2896,57.2,4.748398,0.057577,0.01198029536150313,609.8899039212804,1254,1180,74,264.08906751287486,0.05901116427432217,2.38,100086,46784,2866,106,0.03698534542916958,987,779,0,183,28.48258706467662,0.7892603850050659,0,0.18541033434650456
Henry,13151070109,1400000US13151070109,070109,3081,47.7,8.486867,0.02811,0.0033012420350636298,363.0314932471547,1179,1138,41,138.9205227323581,0.03477523324851569,2.71,70100,29751,3081,204,0.06621226874391431,1286,978,0,146,31.464912280701753,0.76049766718507,0,0.11353032659409021
Henry,13151070113,1400000US13151070113,070113,5200,38,6.738304,0.041102,0.006062773051208321,771.7075394639363,1964,1855,109,291.4680014436867,0.0554989816700611,2.8,54080,24353,5120,943,0.1841796875,2719,1804,0,146,29.504469490866693,0.6634792203015815,0,0.05369621184258919
Henry,13151070114,1400000US13151070114,070114,5589,29.5,12.120825,0.149997,0.012223875466533538,461.10722661204994,2691,2404,287,222.014590590987,0.10665180230397622,2.31,53882,33478,5565,647,0.11626235399820306,2865,2311,0,90,24.10990990990991,0.8066317626527051,0,0.031413612565445025
Henry,13151070115,1400000US13151070115,070115,4324,30.5,6.259747,0.025371,0.0040366783885362216,690.762741689081,1378,1344,34,220.1366924254287,0.02467343976777939,3.22,76821,25806,4324,720,0.16651248843663274,1953,1534,0,76,30.71390516782099,0.7854582693292371,0,0.03891449052739376
Henry,13151070116,1400000US13151070116,070116,3446,42.4,7.749311,0.751556,0.08840933518898719,444.6846951941921,1136,1136,0,146.59367781213066,0,3.03,92188,35048,3446,176,0.05107370864770749,1894,1414,93,369,25.708196721311474,0.7465681098204857,0.049102428722280884,0.19482576557550157
Henry,13151070117,1400000US13151070117,070117,3855,44.1,12.169015,0.390463,0.031089110550613648,316.78817061200107,1634,1514,120,134.2754528612217,0.07343941248470012,2.55,59583,33347,3855,280,0.07263294422827497,2027,1842,10,102,28.625974025974028,0.908732116428219,0.00493339911198816,0.05032067094227923
Henry,13151070118,1400000US13151070118,070118,2494,43.9,14.109171,0.226687,0.01581258687132643,176.7644605058653,1029,924,105,72.93128703309358,0.10204081632653061,2.7,93500,38089,2459,220,0.08946726311508743,1159,966,0,130,30.4421768707483,0.8334771354616048,0,0.11216566005176877
Henry,13151070119,1400000US13151070119,070119,6809,37.8,6.60238,0.026173,0.003948523908611729,1031.2947755203427,2888,2790,98,437.41802198601107,0.03393351800554017,2.43,58693,30897,6798,275,0.040453074433656956,3841,3141,0,432,28.191551774713993,0.8177557927623015,0,0.11247071075240822
Henry,13151070120,1400000US13151070120,070120,2607,41.7,2.502219,0,0,1041.875231544481,1113,993,120,444.805190912546,0.1078167115902965,2.63,74813,32056,2607,195,0.07479861910241657,1239,1049,0,109,30.849557522123895,0.8466505246166263,0,0.08797417271993543
Henry,13151070121,1400000US13151070121,070121,4541,50.4,15.164382,0.169043,0.011024477571057999,299.4517020212232,1792,1747,45,118.17164721912175,0.025111607142857144,2.6,79699,40932,4541,333,0.07333186522792337,2520,1872,79,428,35.540152963671126,0.7428571428571429,0.03134920634920635,0.16984126984126985
Henry,13151070122,1400000US13151070122,070122,2493,52.1,6.5685,0.041823,0.006326922300165968,379.5387074674583,1007,953,54,153.30745223414783,0.05362462760675273,2.62,72298,45244,2467,252,0.1021483583299554,1403,1156,0,216,32.48946925021062,0.8239486813970064,0,0.15395580898075553
Henry,13151070123,1400000US13151070123,070123,2766,49.8,3.32126,0.042677,0.012686622846979596,832.816461222548,1604,1580,24,482.9492421550857,0.014962593516209476,1.75,56758,34223,2766,153,0.055314533622559656,1120,947,0,46,26.298882681564248,0.8455357142857143,0,0.04107142857142857
Henry,13151070124,1400000US13151070124,070124,4074,43,5.904278,0.360698,0.057573724145152355,690.0081601848693,1446,1374,72,244.9071673115663,0.04979253112033195,2.97,93873,37850,4074,308,0.07560137457044673,1883,1662,28,132,35.66818960593946,0.8826340945300053,0.01486988847583643,0.07010090281465746
Henry,13151070125,1400000US13151070125,070125,2242,42.1,9.754872,0.028312,0.0028939453658440853,229.83387173096682,899,852,47,92.15907702325566,0.05228031145717464,2.63,74535,33935,2235,158,0.07069351230425056,1135,915,0,95,26.889423076923077,0.8061674008810573,0,0.08370044052863436
Henry,13151070126,1400000US13151070126,070126,2917,30.8,6.748104,0.056929,0.008365719901725679,432.26956786676675,1196,1012,184,177.23496851856464,0.15384615384615385,2.88,65000,31107,2917,270,0.09256085018854988,1374,1005,0,31,27.490692479523457,0.7314410480349345,0,0.022561863173216887
Henry,13151070127,1400000US13151070127,070127,3166,45.1,5.972253,0.029794,0.004963973124502357,530.1181982745875,1376,1350,26,230.3988126423981,0.0188953488372093,2.35,65045,32502,3166,261,0.08243840808591282,1664,1238,0,186,33.971583220568334,0.7439903846153846,0,0.11177884615384616
Henry,13151070128,1400000US13151070128,070128,2557,38.2,6.673967,0.055215,0.00820530638047834,383.13045299744516,1079,1033,46,161.6729600251245,0.042632066728452274,2.48,68750,33267,2493,237,0.0950661853188929,1185,1078,0,55,31.663716814159294,0.909704641350211,0,0.046413502109704644
Henry,13151070204,1400000US13151070204,070204,6507,35.2,24.398337,0.258868,0.0104986757420397,266.69850490219886,2137,2077,60,87.58793683356369,0.028076743097800654,3.13,104389,38974,6494,392,0.06036341238065907,2977,1924,0,480,30.40648778534241,0.6462882096069869,0,0.16123614376889486
Henry,13151070206,1400000US13151070206,070206,4785,45.5,15.20069,0.023488,0.0015428090764571984,314.78834184500835,1959,1935,24,128.87572866758023,0.01225114854517611,2.47,75049,42578,4785,285,0.05956112852664577,2922,1865,0,898,33.809288537549406,0.6382614647501711,0,0.3073237508555784
Henry,13151070207,1400000US13151070207,070207,2790,43.4,10.399355,0.04982,0.004767840523294901,268.28586965249286,1027,930,97,98.75612477889254,0.09444985394352483,3,173968,59248,2717,24,0.008833271991166729,1620,1453,13,135,44.11784511784512,0.8969135802469136,0.008024691358024692,0.08333333333333333
Henry,13151070208,1400000US13151070208,070208,4232,38.6,29.769609,0.318004,0.010569266495152009,142.1584005352573,1369,1326,43,45.98649582532307,0.031409788166544925,3.19,122670,53458,4232,91,0.021502835538752364,1901,1442,25,349,37.38079896907217,0.7585481325618095,0.013150973172014729,0.18358758548132562
Henry,13151070209,1400000US13151070209,070209,4190,33.5,12.428269,0.871835,0.06555099118021934,337.134640391192,1240,1240,0,99.77254274106876,0,3.38,102031,37944,4190,90,0.021479713603818614,1816,1513,0,250,38.89527458492976,0.8331497797356828,0,0.13766519823788545
Henry,13151070210,1400000US13151070210,070210,2457,39.7,6.769359,0.171536,0.024713815725493613,362.9590334919451,731,731,0,107.98659075401379,0,3.33,133513,41009,2434,89,0.03656532456861134,1243,958,0,192,33.56327307326356,0.7707160096540627,0,0.15446500402252614
Henry,13151070211,1400000US13151070211,070211,4685,33.3,12.106804,0.318932,0.02566705103021664,386.9724825808694,1615,1615,0,133.39606389927513,0,2.9,84509,38300,4685,224,0.04781216648879402,2368,2084,45,149,32.036953582694906,0.8800675675675675,0.01900337837837838,0.0629222972972973
Henry,13151070212,1400000US13151070212,070212,2848,41.5,6.427213,0.305645,0.045396026471967776,443.1158575264271,1321,1167,154,205.53232015182942,0.1165783497350492,2.44,62039,30844,2848,120,0.042134831460674156,1254,1060,0,38,27.03125,0.8452950558213717,0,0.030303030303030304
Henry,13151070213,1400000US13151070213,070213,2893,42.4,12.417905,0.178312,0.014155996201081641,232.9700541274877,1029,1014,15,82.86421904499994,0.014577259475218658,2.85,107576,44873,2893,0,0,1277,962,6,211,37.67354596622889,0.7533281127642913,0.004698512137823023,0.16523101018010963
Henry,13151070214,1400000US13151070214,070214,5249,32.8,19.563694,0.068636,0.0034960700028982806,268.30311289882167,1486,1486,0,75.95702529389388,0,3.53,123667,39046,5249,54,0.010287673842636692,2273,1903,0,233,43.07843137254902,0.8372195336559612,0,0.10250769907611086
Henry,13151070215,1400000US13151070215,070215,1662,28.6,21.427575,0.195943,0.009061568982438473,77.56360670771191,557,421,136,25.994542079540032,0.24416517055655296,3.95,139699,36737,1662,0,0,911,609,0,104,36.61090458488228,0.6684961580680571,0,0.1141602634467618
Henry,13151070216,1400000US13151070216,070216,6376,35,24.734152,0.56374,0.02228407015098333,257.78122492333677,1678,1678,0,67.84142023547037,0,3.8,140714,47629,6376,45,0.007057716436637391,2732,2248,0,468,36.73144876325088,0.8228404099560761,0,0.17130307467057102
Henry,13151070307,1400000US13151070307,070307,4990,35,8.567572,0.220773,0.025121112109276547,582.4287207624284,1724,1610,114,201.2238706602057,0.06612529002320186,3.1,96625,35643,4964,118,0.023771152296535054,2321,1825,0,292,33.691473632331196,0.7862990090478242,0,0.12580784144765186
Henry,13151070310,1400000US13151070310,070310,5859,34.2,14.392581,0.15369,0.01056559443997709,407.0847334470447,2008,1923,85,139.51632441742035,0.04233067729083665,3.05,91005,35254,5859,206,0.03515958354668032,2625,1770,86,306,41.16429495472186,0.6742857142857143,0.03276190476190476,0.11657142857142858
Henry,13151070312,1400000US13151070312,070312,4244,33.3,15.753218,0.13316,0.008382023894936908,269.40527325908903,1719,1535,184,109.12056190677993,0.1070389761489238,2.76,66534,33778,4244,390,0.09189443920829406,1809,1292,0,266,29.303305249513933,0.7142067440574903,0,0.1470425649530127
Henry,13151070313,1400000US13151070313,070313,8614,36.9,22.557988,0.496745,0.02154633497598953,381.8602971151505,2627,2512,115,116.45542146755285,0.04377617053673392,3.43,115527,37953,8595,572,0.06655031995346132,4177,3158,5,914,32.85013790989887,0.7560450083792195,0.0011970313622216902,0.21881733301412498
Henry,13151070314,1400000US13151070314,070314,3523,48.2,17.033672,0.740547,0.04166410912344447,206.82563336901168,1367,1278,89,80.25280749799573,0.06510607168983175,2.76,84731,39101,3511,52,0.01481059527200228,1817,1386,0,277,32.438311688311686,0.7627958172812328,0,0.15244909190974132
Henry,13151070315,1400000US13151070315,070315,4780,42.8,8.079386,0.021878,0.0027005662326274023,591.6291163709718,1675,1610,65,207.31773429317525,0.03880597014925373,2.97,132677,50111,4780,178,0.037238493723849374,2433,1768,31,312,28.392267798208394,0.726674886970818,0.012741471434443074,0.1282367447595561
Henry,13151070316,1400000US13151070316,070316,2459,37.1,3.71731,0,0,661.4998480083717,827,790,37,222.47270203453573,0.044740024183796856,3.11,112045,44840,2459,193,0.07848718991459944,1342,1106,0,148,38.664154103852596,0.8241430700447094,0,0.11028315946348734
Henry,13151070317,1400000US13151070317,070317,6335,28.6,3.152297,0,0,2009.645664732733,2335,2178,157,740.7296964721281,0.06723768736616702,2.91,70526,28562,6335,340,0.05367008681925809,3710,3177,69,189,31.39733030389094,0.8563342318059299,0.018598382749326146,0.0509433962264151
Henry,13151070318,1400000US13151070318,070318,2651,28.6,7.090182,0.051966,0.007275962357542857,373.89731321424466,851,794,57,120.0251277047613,0.06698002350176263,3.34,90302,31239,2639,231,0.08753315649867374,1210,704,74,306,44.04314159292036,0.5818181818181818,0.06115702479338843,0.2528925619834711
Henry,13151070319,1400000US13151070319,070319,4961,32.5,7.966766,0.052365,0.006530009299012574,622.7119009143736,1744,1619,125,218.90940439320045,0.0716743119266055,3.06,83397,34722,4961,593,0.11953235234831687,2611,2244,0,205,26.521197007481298,0.8594408272692455,0,0.07851397931826887
Henry,13151070320,1400000US13151070320,070320,2700,44.7,5.551567,0.0448,0.008005193369198268,486.34916952276717,1361,1292,69,245.15600730388374,0.050698016164584865,2.09,78618,38746,2700,397,0.14703703703703705,1202,797,0,164,23.94508670520231,0.6630615640599001,0,0.13643926788685523
Henry,13151070321,1400000US13151070321,070321,2685,40,15.24059,0.090354,0.005893570545949421,176.17428196677426,840,840,0,55.115976481225466,0,3.2,89643,37804,2654,574,0.2162773172569706,1066,755,71,148,25.697167755991284,0.7082551594746717,0.06660412757973734,0.13883677298311445
Henry,13151070322,1400000US13151070322,070322,4922,33.1,6.058281,0.01921,0.0031608438416445206,812.441681064315,1928,1813,115,318.2420888037382,0.05964730290456432,2.71,78556,31749,4837,542,0.112052925366963,2385,1766,0,401,29.619455645161292,0.740461215932914,0,0.1681341719077568
Henry,13151070323,1400000US13151070323,070323,3446,22.5,1.50626,0.011718,0.007719479465446799,2287.7856412571537,1303,1072,231,865.0564975502238,0.1772831926323868,3.21,35875,13523,3400,1272,0.37411764705882355,1333,853,0,213,33.441964285714285,0.6399099774943736,0,0.15978994748687173
Henry,13151070324,1400000US13151070324,070324,4312,28.8,9.084322,0.12815,0.013910490040024003,474.6639319918426,1621,1394,227,178.4392935433156,0.14003701418877237,2.49,34215,17227,3496,1519,0.4344965675057208,1390,974,1,131,21.81890389197776,0.7007194244604317,7.194244604316547e-4,0.09424460431654676
Henry,13151070325,1400000US13151070325,070325,2456,31.9,5.285864,0.074101,0.013824903707393612,464.6354881623893,876,876,0,165.72503568007048,0,2.8,73553,28631,2456,183,0.0745114006514658,1319,841,40,166,31.60017346053773,0.6376042456406369,0.030326004548900682,0.12585291887793784
Henry,13151070405,1400000US13151070405,070405,3198,48.5,19.958236,0.121402,0.006046025331731578,160.23460189567857,1116,1094,22,55.91676538948633,0.01971326164874552,2.92,75536,32376,3198,138,0.043151969981238276,1624,1508,0,15,29.82597886886265,0.9285714285714286,0,0.009236453201970444
Henry,13151070406,1400000US13151070406,070406,5717,33.1,16.212709,0.235916,0.014342597025587244,352.6245983937663,1762,1611,151,108.6801718330971,0.08569807037457434,3.55,61473,26228,5717,1406,0.24593318173867412,2727,2312,0,214,32.2741742936729,0.8478181151448478,0,0.07847451411807847
Henry,13151070407,1400000US13151070407,070407,4137,41.2,20.264572,0.314411,0.015278257433810019,204.14938938754787,1435,1367,68,70.81323997368412,0.047386759581881537,3.03,97856,37366,4120,200,0.04854368932038835,1981,1732,0,105,30.031982942430705,0.8743059061080263,0,0.053003533568904596
Henry,13151070408,1400000US13151070408,070408,3687,42.8,16.407269,0.149723,0.00904288653397912,224.71747126228016,1429,1429,0,87.09554283531281,0,2.58,62901,25087,3684,598,0.16232356134636264,1577,1329,0,65,43.00925925925926,0.8427393785668992,0,0.04121750158528852
Henry,13151070409,1400000US13151070409,070409,3925,35.9,35.655541,0.211845,0.005906340651643808,110.08106706332124,1380,1292,88,38.70366179551167,0.06376811594202898,3.03,92788,36816,3895,317,0.08138639281129653,2306,1490,7,97,38.386147578089634,0.6461405030355594,0.003035559410234172,0.04206418039895923
Henry,13151070410,1400000US13151070410,070410,4456,35.1,39.912482,2.962534,0.06909697712999104,111.64427208510862,1534,1404,130,38.43409187130983,0.0847457627118644,3.17,76919,33344,4456,469,0.10525134649910234,1748,1426,104,123,33.95076923076923,0.8157894736842105,0.059496567505720827,0.07036613272311212
Henry,13151070411,1400000US13151070411,070411,6409,37.6,44.508769,1.888246,0.040697575048739665,143.99409698345062,2426,2275,151,54.50611316614935,0.06224237427864798,2.82,83044,33944,6409,225,0.03510688094866594,2980,2354,0,418,33.994925839188134,0.7899328859060403,0,0.14026845637583893
Henry,13151070412,1400000US13151070412,070412,5003,34.4,18.661287,0.034927,0.0018681322325471885,268.0951211993042,1603,1547,56,85.89975600289519,0.034934497816593885,3.23,91109,38001,5003,236,0.047171696981810916,2705,2329,0,197,33.09409888357257,0.8609981515711645,0,0.07282809611829945
Henry,13151070503,1400000US13151070503,070503,5189,33.4,25.082224,2.365448,0.086180277875661,206.87958133218171,1865,1715,150,74.3554479060549,0.08042895442359249,3.01,63040,28339,5189,232,0.04470996338408171,2087,1657,20,195,37.0877378435518,0.7939626257786296,0.009583133684714902,0.09343555342597029
Henry,13151070504,1400000US13151070504,070504,1755,41.5,26.263311,0.12375,0.004689798534213416,66.823257737762,672,630,42,25.587025185057588,0.0625,2.79,68009,28464,1755,284,0.16182336182336182,928,790,0,75,35.50410316529894,0.8512931034482759,0,0.08081896551724138
Henry,13151070505,1400000US13151070505,070505,6531,30,24.925576,0.32149,0.012733756865055132,262.02002312805126,2068,1789,279,82.9669894087904,0.1349129593810445,3.65,76617,25051,6531,729,0.1116214974735875,2638,1983,0,520,45.535882908404155,0.7517058377558756,0,0.19711902956785443
Henry,13151070506,1400000US13151070506,070506,3633,28.2,19.121995,0.26812,0.013827664250573036,189.9906364372546,1081,1081,0,56.531758323333946,0,3.35,73368,28876,3633,206,0.05670244976603358,1552,767,8,676,34.44634703196347,0.49420103092783507,0.005154639175257732,0.43556701030927836
Henry,13151070507,1400000US13151070507,070507,2367,41.8,8.100269,0.092509,0.01129153017450247,292.212517880579,862,860,2,106.41621901692399,0.002320185614849188,2.75,79064,51051,2367,509,0.21504013519222645,1471,936,0,462,32.22001982160555,0.6363018354860639,0,0.3140720598232495
Henry,13151070508,1400000US13151070508,070508,5074,36.1,26.832165,3.194547,0.10639017019246064,189.10140124734625,1543,1383,160,57.5056094057263,0.10369410239792612,3.67,114989,38060,5074,225,0.04434371304690579,2046,1290,216,331,49.91253644314869,0.6304985337243402,0.10557184750733138,0.16177908113391984
Paulding,13223120104,1400000US13223120104,120104,3404,41.6,117.325242,0.513924,0.004361232495484566,29.01336440456692,1197,1156,41,10.202408105836252,0.034252297410192145,2.94,84515,36007,3382,168,0.04967474866942637,1714,1186,0,266,40.642265193370164,0.691948658109685,0,0.15519253208868145
Paulding,13223120105,1400000US13223120105,120105,7791,41.4,24.571112,0.24442,0.009849476529457437,317.0796665612855,2369,2349,20,96.41403286916767,0.008442380751371888,3.32,137149,47882,7791,101,0.012963676036452317,4195,3208,194,697,43.50343053173242,0.7647199046483909,0.046245530393325386,0.166150178784267
Paulding,13223120106,1400000US13223120106,120106,2150,47.2,5.0528,0.020122,0.003966550244612474,425.5066497783407,748,748,0,148.0367321089297,0,2.87,95500,37663,2150,169,0.0786046511627907,1079,655,0,172,40.567805953693494,0.6070435588507878,0,0.15940685820203893
Paulding,13223120107,1400000US13223120107,120107,8202,33,11.805943,0.134979,0.011303900988550131,694.7348466784907,2570,2495,75,217.68697341669363,0.029182879377431907,3.29,103250,35771,8202,313,0.038161424042916364,3774,2613,20,737,33.64998353638459,0.6923688394276629,0.005299417064122946,0.19528351881293057
Paulding,13223120108,1400000US13223120108,120108,9424,33,18.193543,0.097948,0.005354839580873971,517.985968978115,2691,2665,26,147.90961826401818,0.00966183574879227,3.35,115163,31965,8922,642,0.07195696032279758,4623,3432,21,705,39.4104134762634,0.7423750811161584,0.004542504866969501,0.15249837767683322
Paulding,13223120109,1400000US13223120109,120109,6076,38.8,15.757806,0.060448,0.0038214078494377447,385.586673677795,2293,2209,84,145.51518149163658,0.03663323157435674,2.75,126118,44588,6076,124,0.02040816326530612,3146,2526,45,499,41.662259161314694,0.8029243483788938,0.014303877940241577,0.1586141131595677
Paulding,13223120110,1400000US13223120110,120110,7547,33.1,21.244874,0.118873,0.0055642392694502515,355.23863309332876,2467,2428,39,116.1221290368679,0.01580867450344548,3.11,134848,52946,7542,130,0.017236807212940866,3809,2955,0,607,36.0212367270456,0.7757941716986085,0,0.15935941191913888
Paulding,13223120111,1400000US13223120111,120111,7335,40.8,45.230142,0.399238,0.008749581957940258,162.17061622313722,2540,2483,57,56.15724133698276,0.022440944881889763,2.95,123578,42378,7262,183,0.025199669512530984,3556,2625,0,736,33.14007092198582,0.7381889763779528,0,0.20697412823397077
Paulding,13223120203,1400000US13223120203,120203,5209,37.2,11.718303,0.06527,0.005539066970603908,444.5182890389504,1916,1775,141,163.50490339770187,0.07359081419624217,2.93,99044,37939,5192,284,0.054699537750385205,2809,2167,0,247,33.686572989851676,0.7714489142043431,0,0.08793164827340691
Paulding,13223120205,1400000US13223120205,120205,4802,39.9,6.61088,0,0,726.3783338980589,1803,1670,133,272.7322232441067,0.07376594564614532,2.88,119286,47466,4802,130,0.027072053311120368,2520,1515,0,853,32.630473905218956,0.6011904761904762,0,0.3384920634920635
Paulding,13223120206,1400000US13223120206,120206,3810,44.3,11.591134,0.009342,8.053117820337717e-4,328.6995042935402,1564,1482,82,134.9307151483194,0.052429667519181586,2.57,59063,34018,3810,90,0.023622047244094488,1586,1291,0,245,36.14093959731544,0.8139974779319041,0,0.1544766708701135
Paulding,13223120207,1400000US13223120207,120207,3129,29.8,5.953652,0.033494,0.005594318227749916,525.5597740680846,934,934,0,156.8785007924548,0,3.34,93980,31098,3120,45,0.014423076923076924,1383,1226,0,93,30.55426356589147,0.8864786695589298,0,0.06724511930585683
Paulding,13223120208,1400000US13223120208,120208,4008,33.1,9.011969,0.157319,0.017157166401578834,444.7418760539456,1648,1648,0,182.86791710002552,0,2.43,96181,42723,4008,61,0.015219560878243513,2353,1682,38,272,37.856799615569436,0.7148321291967701,0.016149596260093498,0.1155971100722482
Paulding,13223120301,1400000US13223120301,120301,6804,41.8,20.703862,0.160917,0.0077123750028696685,328.6343388494378,3060,2886,174,147.7985121809641,0.056862745098039215,2.36,75667,33580,6804,916,0.13462669018224574,3560,2891,0,184,44.305390995260666,0.8120786516853933,0,0.051685393258426963
Paulding,13223120303,1400000US13223120303,120303,2133,36.8,14.697569,0.244347,0.016353123655627563,145.12604091193586,978,798,180,66.54161650814498,0.18404907975460122,2.67,64273,30661,2109,240,0.11379800853485064,1070,833,0,140,39.33870967741935,0.7785046728971963,0,0.1308411214953271
Paulding,13223120304,1400000US13223120304,120304,2175,29.8,25.550235,0.307339,0.011885840489134828,85.12641860241207,731,710,21,28.610304367063552,0.028727770177838577,3.06,58920,25468,2175,466,0.2142528735632184,935,622,0,174,39.03416557161629,0.66524064171123,0,0.18609625668449198
Paulding,13223120305,1400000US13223120305,120305,3742,33.6,10.642537,0.033165,0.0031065872764151716,351.6078919904154,1634,1559,75,153.53481975209482,0.04589963280293757,2.28,37719,27207,3557,259,0.07281416924374473,1407,1024,0,169,28.75605815831987,0.7277896233120114,0,0.12011371712864251
Paulding,13223120306,1400000US13223120306,120306,3632,33.2,12.081511,0.061031,0.005026212797946262,300.62464868839663,1255,1080,175,103.87773516077583,0.1394422310756972,3.36,71402,27047,3632,270,0.07433920704845814,1560,1446,0,26,39.758800521512384,0.926923076923077,0,0.016666666666666666
Paulding,13223120307,1400000US13223120307,120307,4183,33.9,7.948777,0.025616,0.0032122821135100814,526.2444776095745,1830,1481,349,230.22409610937632,0.1907103825136612,2.81,61994,21957,4183,1220,0.2916567057136027,2031,1676,0,194,38.41589548176375,0.8252092565238799,0,0.09551944854751354
Paulding,13223120401,1400000US13223120401,120401,5401,35,92.775912,0.344768,0.0037023784620129493,58.21554198249218,1996,1771,225,21.5142051096194,0.11272545090180361,3.05,63955,25045,5401,751,0.13904832438437326,2195,1916,0,155,36.77696078431372,0.8728929384965831,0,0.07061503416856492
Paulding,13223120402,1400000US13223120402,120402,5209,42.9,83.143084,0.366587,0.004389755050046839,62.65103180440119,1917,1840,77,23.056638120375712,0.040166927490871154,2.83,88452,32945,5185,490,0.09450337512054002,2128,1845,0,146,36.029263370333,0.8670112781954887,0,0.06860902255639098
Paulding,13223120403,1400000US13223120403,120403,5293,34.5,71.40923,0.249099,0.0034762044200053843,74.12207077432427,1928,1739,189,26.9993108733983,0.09802904564315353,3.04,67153,29557,5293,312,0.0589457774419044,2330,1891,0,85,54.10690423162583,0.811587982832618,0,0.03648068669527897
Paulding,13223120503,1400000US13223120503,120503,4420,38.8,20.287788,0.239701,0.011677073606031405,217.86505261194569,1556,1527,29,76.69638503714648,0.018637532133676093,2.89,97774,40064,4407,134,0.030406171999092353,2245,1890,0,240,37.96009975062344,0.8418708240534521,0,0.10690423162583519
Paulding,13223120504,1400000US13223120504,120504,2385,36.8,11.058781,0.187568,0.01667812371819512,215.66572301232839,1040,911,129,94.04291485652894,0.12403846153846154,2.62,73942,30626,2385,81,0.033962264150943396,1174,981,0,77,43.24521422060164,0.8356047700170358,0,0.065587734241908
Paulding,13223120505,1400000US13223120505,120505,7358,37.3,13.937926,0.111557,0.007940292180146415,527.9121154754301,2543,2344,199,182.45182245909473,0.07825403067243414,3.14,92639,35883,7358,343,0.04661592824136994,3844,3250,19,329,46.63157894736842,0.8454734651404787,0.004942767950052029,0.08558792924037462
Paulding,13223120506,1400000US13223120506,120506,4525,37.8,10.965168,0.031306,0.0028469125648821615,412.67037586656215,1422,1314,108,129.68337557618815,0.0759493670886076,3.44,86011,29594,4525,211,0.046629834254143646,2064,1565,0,148,34.06837160751566,0.7582364341085271,0,0.07170542635658915
Paulding,13223120507,1400000US13223120507,120507,6026,35.7,11.845005,0.031383,0.002642470084338774,508.737649329823,1886,1886,0,159.22323375971558,0,3.19,76367,30560,5995,508,0.08473728106755629,3278,2829,0,261,38.16208153795161,0.863026235509457,0,0.07962172056131787
Paulding,13223120601,1400000US13223120601,120601,5211,31.9,12.421782,4.93e-4,3.9686772350475255e-5,419.5050275395269,1731,1711,20,139.35198669562868,0.011554015020219527,3.05,74966,29945,5211,514,0.09863749760122817,2557,1863,0,376,36.852361302154975,0.7285881892843176,0,0.14704732107938992
Paulding,13223120603,1400000US13223120603,120603,7439,37.3,15.113035,0.588369,0.03747238145072886,492.2240966159345,2526,2409,117,167.14048501839636,0.04631828978622328,3.09,87184,31401,7439,447,0.06008872160236591,3365,2276,0,436,33.29293274155002,0.6763744427934621,0,0.12956909361069838
Paulding,13223120604,1400000US13223120604,120604,5300,38.5,17.248214,0.088293,0.005092894433694169,307.2781912376551,1798,1656,142,104.24267695194412,0.07897664071190211,3.2,83194,31253,5300,561,0.10584905660377358,2328,1937,10,277,37.67918088737201,0.8320446735395189,0.00429553264604811,0.11898625429553264
Paulding,13223120605,1400000US13223120605,120605,6012,36.8,29.957162,0.155581,0.005166616671221217,200.6865670386267,2059,1940,119,68.73147730082042,0.05779504613890238,3.1,84006,30473,6012,138,0.022954091816367265,2786,2222,0,171,37.94072657743786,0.797559224694903,0,0.06137832017229002
Paulding,13223120606,1400000US13223120606,120606,3445,40.2,6.601912,0.098338,0.014676765792321182,521.8185277234837,1109,1033,76,167.98163925844514,0.06853020739404869,3.33,117326,37373,3394,207,0.060989982321744254,1603,1317,0,98,35.10299003322259,0.8215845290081097,0,0.0611353711790393
Paulding,13223120607,1400000US13223120607,120607,6318,35.6,16.526981,0.031287,0.0018895092167852338,382.2839755185778,2157,2078,79,130.51385488977087,0.03662494204914233,3.04,85960,32808,6318,801,0.1267806267806268,3599,2717,0,285,34.76463488231744,0.7549319255348708,0,0.0791886635176438
Rockdale,13247060101,1400000US13247060101,060101,4206,39.8,28.010869,0.545669,0.019108373711127027,150.1559983733457,1257,1239,18,44.87543745965182,0.014319809069212411,3.39,65069,25464,4206,169,0.04018069424631479,1717,1399,30,73,31.015815085158152,0.8147932440302854,0.017472335468841003,0.0425160163075131
Rockdale,13247060103,1400000US13247060103,060103,2235,41.9,42.567573,0.811504,0.018707267561271532,52.504755204155046,828,752,76,19.4514260890561,0.09178743961352658,2.97,77500,34092,2215,149,0.0672686230248307,918,845,0,58,35.53488372093023,0.920479302832244,0,0.06318082788671024
Rockdale,13247060104,1400000US13247060104,060104,3029,35,26.469625,0.556219,0.020581003871701472,114.43305298053902,1078,1038,40,40.72592641565568,0.03710575139146568,2.92,75476,34876,3029,345,0.11389897655992076,1442,970,0,327,44.426008968609864,0.6726768377253814,0,0.22676837725381416
Rockdale,13247060201,1400000US13247060201,060201,5445,37,11.795893,0.635633,0.05113073004874864,461.60133870322494,1448,1342,106,122.75458924559591,0.07320441988950276,3.81,53889,32480,5105,1451,0.2842311459353575,2506,1316,0,211,31.525054466230937,0.5251396648044693,0,0.08419792498004788
Rockdale,13247060203,1400000US13247060203,060203,4919,38.6,12.392565,0.197615,0.015695963044213824,396.931547262411,2062,1899,163,166.3900895415921,0.07904946653734239,2.59,66971,27994,4919,1206,0.24517178288269972,2173,1749,0,156,33.7183936539415,0.8048780487804879,0,0.07179015186378279
Rockdale,13247060204,1400000US13247060204,060204,4381,38.8,16.016411,0.199165,0.012282326572919765,273.53194170654086,1696,1656,40,105.89138852643079,0.02358490566037736,2.64,69811,35670,4377,736,0.1681517020790496,1982,1673,0,103,38.9196381053752,0.8440968718466195,0,0.05196770938446014
Rockdale,13247060305,1400000US13247060305,060305,6000,34,16.612537,0.264935,0.015697552334852045,361.17301047997665,2520,2249,271,151.6926644015902,0.10753968253968255,2.67,50156,26783,5845,683,0.11685201026518392,2678,2153,0,270,28.82890365448505,0.8039581777445856,0,0.10082150858849888
Rockdale,13247060306,1400000US13247060306,060306,3471,49.1,14.453645,0.201436,0.013745130443154835,240.14703557476332,1569,1420,149,108.55393224338913,0.09496494582536648,2.44,80625,39156,3471,523,0.15067703831748774,1805,1303,0,339,39.34515688949522,0.7218836565096953,0,0.18781163434903048
Rockdale,13247060310,1400000US13247060310,060310,2223,49.6,9.217064,0.102547,0.011003356255963902,241.18309257698544,1133,1097,36,122.924176288675,0.03177405119152692,2.02,55320,31885,2220,219,0.09864864864864865,1221,887,0,113,35.32039711191336,0.7264537264537264,0,0.09254709254709255
Rockdale,13247060311,1400000US13247060311,060311,4029,40.6,12.211923,0.130376,0.010563348043990832,329.9234690556106,1667,1493,174,136.50593768074037,0.10437912417516497,2.7,73010,32339,4029,517,0.12831968230330107,1858,1234,0,152,26.286635404454866,0.6641550053821313,0,0.08180839612486544
Rockdale,13247060312,1400000US13247060312,060312,3445,46.6,6.999957,0.100756,0.014189560963807437,492.1458803246934,1182,1170,12,168.85818012882078,0.01015228426395939,2.94,109156,54875,3445,167,0.04847605224963716,1527,1237,0,183,39.25595238095238,0.8100851342501637,0,0.11984282907662082
Rockdale,13247060313,1400000US13247060313,060313,4153,37.7,5.242384,0.165186,0.03054717738281705,792.1968325860905,1380,1380,0,263.2390149214556,0,3.01,83510,36324,4153,46,0.011076330363592584,2161,1647,18,344,39.41937259218492,0.7621471540953262,0.008329477093937991,0.15918556223970384
Rockdale,13247060314,1400000US13247060314,060314,2282,32.4,2.198486,0.056232,0.02493970421134705,1037.9870510887947,1233,1014,219,560.8405056934636,0.17761557177615572,2.25,59573,31040,2282,207,0.09070990359333918,1013,781,0,115,35.334075723830736,0.7709772951628825,0,0.11352418558736427
Rockdale,13247060315,1400000US13247060315,060315,3582,36.5,4.051039,0.097928,0.023602983586034788,884.2176044219766,1346,1267,79,332.2604398525909,0.058692421991084695,2.73,56578,27151,3455,355,0.10274963820549927,1480,1059,0,302,25.004244482173174,0.7155405405405405,0,0.20405405405405405
Rockdale,13247060316,1400000US13247060316,060316,5298,29.4,3.912592,0.037944,0.00960477261819662,1354.0895651782757,2037,1904,133,520.6267354224514,0.06529209621993128,2.66,53451,24738,5086,926,0.1820684231222965,1896,1282,0,405,37.142857142857146,0.6761603375527426,0,0.21360759493670886
Rockdale,13247060317,1400000US13247060317,060317,3846,32.3,5.330679,0.047089,0.008756234928691606,721.4840736048823,1438,1335,103,269.75925580962576,0.07162726008344923,2.88,66696,30265,3846,408,0.10608424336973479,1743,1286,24,13,26.38150289017341,0.7378083763625932,0.013769363166953529,0.007458405048766495
Rockdale,13247060318,1400000US13247060318,060318,4171,35.6,3.008141,0.018403,0.006080532779302069,1386.570642798991,1810,1764,46,601.7005186924416,0.02541436464088398,2.35,52656,25408,4171,582,0.13953488372093023,2229,1657,12,203,26.438795656465942,0.7433826828174069,0.005383580080753701,0.09107222969941678
Rockdale,13247060403,1400000US13247060403,060403,3608,44.1,38.115585,0.627316,0.016191766331591948,94.65944180051282,1281,1168,113,33.608299597133296,0.08821233411397346,3.08,78929,35258,3593,251,0.06985805733370443,1798,1378,0,222,37.43972081218274,0.7664071190211346,0,0.12347052280311457
Rockdale,13247060406,1400000US13247060406,060406,5731,42.7,10.803725,0.124653,0.011406358747839799,530.4651867758574,1993,1915,78,184.47341079118544,0.039136979427997994,2.99,92723,39193,5731,433,0.07555400453673007,2333,1916,66,208,44.36470588235294,0.821260180025718,0.02828975567938277,0.08915559365623661
Rockdale,13247060407,1400000US13247060407,060407,2885,38.3,5.91569,0.118567,0.019648980810727815,487.68613635941034,1154,1051,103,195.07445454376415,0.08925476603119584,2.75,76477,34126,2885,125,0.043327556325823226,1372,1079,0,244,39.74290780141844,0.7864431486880467,0,0.17784256559766765
Rockdale,13247060408,1400000US13247060408,060408,3039,50.5,30.705875,0.533777,0.017086521962536586,98.97128806783718,1209,1092,117,39.37357264692832,0.0967741935483871,2.78,112500,55488,3039,0,0,1537,1254,0,149,42.40994236311239,0.8158750813272609,0,0.09694209499024073
Rockdale,13247060409,1400000US13247060409,060409,3895,39.5,14.827085,0.13241,0.008851234617211342,262.6949262110523,1399,1342,57,94.35435218723033,0.0407433881343817,2.88,99464,41634,3895,571,0.1465982028241335,1770,1483,48,194,36.54187817258883,0.8378531073446328,0.02711864406779661,0.1096045197740113
Rockdale,13247060410,1400000US13247060410,060410,5401,31.8,5.196148,0.07191,0.013650191398803885,1039.4238193369397,1810,1785,25,348.33495889647486,0.013812154696132596,3.02,77358,29161,5375,236,0.043906976744186046,2378,2039,10,210,35.37361623616236,0.8574432296047099,0.004205214465937763,0.08830950378469302
Rockdale,13247060411,1400000US13247060411,060411,2367,49.4,10.173108,0.122401,0.011888775970182727,232.67225709193298,868,868,0,85.32299077135524,0,2.73,84583,32814,2304,234,0.1015625,977,780,0,187,38.46835443037975,0.7983623336745138,0,0.19140225179119755
