{
"type": "FeatureCollection",
"name": "acs_tract_metro",
"features": [
{ "type": "Feature", "properties": { "county": "Gwinnett", "geoid": "13135050311", "pop": 4277.0, "pop_density": 877.09710184723588, "median_hh_income": 131250.0, "mean_commute_min": 34.295812941816202 }, "geometry": { "type": "Polygon", "coordinates": [ [ [ -84.2248, 33.9457 ], [ -84.226, 33.9428 ], [ -84.2202, 33.9353 ], [ -84.2222, 33.9322 ], [ -84.1898, 33.9565 ], [ -84.1941, 33.9569 ], [ -84.2004, 33.9524 ], [ -84.2078, 33.9553 ], [ -84.2085, 33.961 ], [ -84.2314, 33.9492 ], [ -84.2248, 33.9457 ] ] ] } },
{ "type": "Feature", "properties": { "county": "Coweta", "geoid": "13077170309", "pop": 4455.0, "pop_density": 1210.9854730671939, "median_hh_income": 73909.0, "mean_commute_min": 26.723112128146454 }, "geometry": { "type": "Polygon", "coordinates": [ [ [ -84.751, 33.3762 ], [ -84.743, 33.381 ], [ -84.7382, 33.38 ], [ -84.733, 33.3993 ], [ -84.7487, 33.3968 ], [ -84.7547, 33.3893 ], [ -84.7576, 33.376 ], [ -84.751, 33.3762 ] ] ] } },
{ "type": "Feature", "properties": { "county": "Coweta", "geoid": "13077170308", "pop": 4985.0, "pop_density": 250.687101411909, "median_hh_income": 47134.0, "mean_commute_min": 32.146950470732705 }, "geometry": { "type": "Polygon", "coordinates": [ [ [ -84.7876, 33.3829 ], [ -84.7599, 33.3961 ], [ -84.7487, 33.3968 ], [ -84.7247, 33.4258 ], [ -84.7118, 33.4342 ], [ -84.7124, 33.4388 ], [ -84.7259, 33.4459 ], [ -84.7447, 33.4386 ], [ -84.7581, 33.4245 ], [ -84.7631, 33.4107 ], [ -84.7793, 33.3971 ], [ -84.7886, 33.4059 ], [ -84.7995, 33.397 ], [ -84.7989, 33.3804 ], [ -84.7876, 33.3829 ] ] ] } },
{ "type": "Feature", "properties": { "county": "Coweta", "geoid": "13077170310", "pop": 4432.0, "pop_density": 315.24247886712436, "median_hh_income": 81094.0, "mean_commute_min": 32.072697003329637 }, "geometry": { "type": "Polygon", "coordinates": [ [ [ -84.733, 33.3993 ], [ -84.7382, 33.38 ], [ -84.7303, 33.3765 ], [ -84.7167, 33.3769 ], [ -84.707, 33.4105 ], [ -84.7027, 33.4147 ], [ -84.7028, 33.4239 ], [ -84.7118, 33.4342 ], [ -84.7247, 33.4258 ], [ -84.7487, 33.3968 ], [ -84.733, 33.3993 ] ] ] } },
{ "type": "Feature", "properties": { "county": "Coweta", "geoid": "13077170307", "pop": 6824.0, "pop_density": 930.97522656368096, "median_hh_income": 49964.0, "mean_commute_min": 26.852841868317388 }, "geometry": { "type": "Polygon", "coordinates": [ [ [ -84.7864, 33.3731 ], [ -84.7778, 33.3678 ], [ -84.7578, 33.3752 ], [ -84.7547, 33.3893 ], [ -84.7487, 33.3968 ], [ -84.7599, 33.3961 ], [ -84.7876, 33.3829 ], [ -84.7986, 33.3811 ], [ -84.7996, 33.3747 ], [ -84.7864, 33.3731 ] ] ] } },
{ "type": "Feature", "properties": { "county": "Coweta", "geoid": "13077170408", "pop": 8139.0, "pop_density": 275.5019744815915, "median_hh_income": 140750.0, "mean_commute_min": 29.587195828505216 }, "geometry": { "type": "Polygon", "coordinates": [ [ [ -84.653, 33.4373 ], [ -84.63, 33.4153 ], [ -84.6226, 33.398 ], [ -84.6097, 33.3971 ], [ -84.6091, 33.4004 ], [ -84.6186, 33.4086 ], [ -84.6192, 33.4225 ], [ -84.6272, 33.4401 ], [ -84.6244, 33.449 ], [ -84.6267, 33.4645 ], [ -84.6232, 33.4684 ], [ -84.6268, 33.4752 ], [ -84.6179, 33.4839 ], [ -84.6095, 33.5025 ], [ -84.6209, 33.5033 ], [ -84.621, 33.5107 ], [ -84.6318, 33.5111 ], [ -84.6403, 33.498 ], [ -84.6627, 33.4749 ], [ -84.663, 33.467 ], [ -84.653, 33.4373 ] ] ] } },
{ "type": "Feature", "properties": { "county": "Coweta", "geoid": "13077170102", "pop": 5747.0, "pop_density": 33.633021482207312, "median_hh_income": 81555.0, "mean_commute_min": 29.72784368457781 }, "geometry": { "type": "Polygon", "coordinates": [ [ [ -84.9586, 33.2771 ], [ -84.9586, 33.2824 ], [ -84.9488, 33.2823 ], [ -84.9488, 33.2657 ], [ -84.9546, 33.2656 ], [ -84.9474, 33.2512 ], [ -84.9277, 33.271 ], [ -84.9098, 33.3078 ], [ -84.9097, 33.3141 ], [ -84.9054, 33.3167 ], [ -84.9027, 33.3296 ], [ -84.8964, 33.3361 ], [ -84.8836, 33.3394 ], [ -84.8815, 33.3457 ], [ -84.8569, 33.3744 ], [ -84.8508, 33.3884 ], [ -84.8797, 33.3969 ], [ -84.8851, 33.414 ], [ -84.8992, 33.4239 ], [ -84.9076, 33.4352 ], [ -84.9183, 33.437 ], [ -84.9298, 33.443 ], [ -84.9374, 33.4368 ], [ -84.9446, 33.4369 ], [ -84.9505, 33.4409 ], [ -84.9541, 33.4392 ], [ -84.981, 33.4571 ], [ -84.989, 33.453 ], [ -84.9856, 33.4421 ], [ -84.9972, 33.435 ], [ -85.0125, 33.4305 ], [ -85.0154, 33.4255 ], [ -84.9586, 33.2771 ] ] ] } },
{ "type": "Feature", "properties": { "county": "Coweta", "geoid": "13077170702", "pop": 2882.0, "pop_density": 89.247069052860368, "median_hh_income": 65217.0, "mean_commute_min": 30.823882588392262 }, "geometry": { "type": "Polygon", "coordinates": [ [ [ -84.905, 33.2931 ], [ -84.8977, 33.3104 ], [ -84.8843, 33.308 ], [ -84.8807, 33.311 ], [ -84.8723, 33.3105 ], [ -84.8714, 33.3139 ], [ -84.8668, 33.315 ], [ -84.866, 33.323 ], [ -84.8542, 33.3304 ], [ -84.8499, 33.3378 ], [ -84.8315, 33.3539 ], [ -84.828, 33.3597 ], [ -84.8293, 33.3716 ], [ -84.8192, 33.3859 ], [ -84.8385, 33.3847 ], [ -84.8508, 33.3884 ], [ -84.8569, 33.3744 ], [ -84.8815, 33.3457 ], [ -84.8836, 33.3394 ], [ -84.8964, 33.3361 ], [ -84.9027, 33.3296 ], [ -84.9054, 33.3167 ], [ -84.9097, 33.3141 ], [ -84.9178, 33.2918 ], [ -84.905, 33.2931 ] ] ] } },
{ "type": "Feature", "properties": { "county": "Coweta", "geoid": "13077170701", "pop": 4324.0, "pop_density": 829.38270449347419, "median_hh_income": 78882.0, "mean_commute_min": 31.006749156355454 }, "geometry": { "type": "Polygon", "coordinates": [ [ [ -84.828, 33.3597 ], [ -84.8177, 33.3616 ], [ -84.8015, 33.3686 ], [ -84.7989, 33.3804 ], [ -84.811, 33.3812 ], [ -84.8184, 33.3862 ], [ -84.8295, 33.3709 ], [ -84.828, 33.3597 ] ] ] } },
{ "type": "Feature", "properties": { "county": "Coweta", "geoid": "13077170604", "pop": 4076.0, "pop_density": 777.71106049756338, "median_hh_income": 55839.0, "mean_commute_min": 17.646652864044167 }, "geometry": { "type": "Polygon", "coordinates": [ [ [ -84.7942, 33.3633 ], [ -84.7779, 33.3626 ], [ -84.7734, 33.354 ], [ -84.7677, 33.352 ], [ -84.7602, 33.3539 ], [ -84.7578, 33.3752 ], [ -84.7778, 33.3678 ], [ -84.7864, 33.3731 ], [ -84.8005, 33.3745 ], [ -84.8029, 33.3677 ], [ -84.7942, 33.3633 ] ] ] } },
{ "type": "Feature", "properties": { "county": "Coweta", "geoid": "13077170101", "pop": 1707.0, "pop_density": 33.529482442483925, "median_hh_income": 79667.0, "mean_commute_min": 23.806532663316585 }, "geometry": { "type": "Polygon", "coordinates": [ [ [ -84.9183, 33.437 ], [ -84.9076, 33.4352 ], [ -84.8992, 33.4239 ], [ -84.8883, 33.4181 ], [ -84.8749, 33.4319 ], [ -84.8685, 33.4324 ], [ -84.861, 33.4466 ], [ -84.8599, 33.4433 ], [ -84.8497, 33.4391 ], [ -84.8388, 33.4432 ], [ -84.8172, 33.4438 ], [ -84.824, 33.4603 ], [ -84.8336, 33.4652 ], [ -84.8387, 33.4773 ], [ -84.8224, 33.495 ], [ -84.8277, 33.4976 ], [ -84.837, 33.5114 ], [ -84.8507, 33.5115 ], [ -84.8553, 33.4959 ], [ -84.8666, 33.4917 ], [ -84.8767, 33.4921 ], [ -84.8948, 33.4783 ], [ -84.9025, 33.4758 ], [ -84.9085, 33.4698 ], [ -84.9093, 33.4595 ], [ -84.9192, 33.4557 ], [ -84.9205, 33.446 ], [ -84.9298, 33.443 ], [ -84.9183, 33.437 ] ] ] } },
{ "type": "Feature", "properties": { "county": "Coweta", "geoid": "13077170407", "pop": 1067.0, "pop_density": 96.70728463255989, "median_hh_income": 71250.0, "mean_commute_min": 16.058394160583941 }, "geometry": { "type": "Polygon", "coordinates": [ [ [ -84.6947, 33.4947 ], [ -84.6859, 33.4996 ], [ -84.6804, 33.498 ], [ -84.6726, 33.5005 ], [ -84.6736, 33.4954 ], [ -84.668, 33.4955 ], [ -84.657, 33.4811 ], [ -84.6318, 33.5111 ], [ -84.6929, 33.5114 ], [ -84.6924, 33.5067 ], [ -84.698, 33.5046 ], [ -84.6997, 33.4962 ], [ -84.6947, 33.4947 ] ] ] } },
{ "type": "Feature", "properties": { "county": "Coweta", "geoid": "13077170606", "pop": 4985.0, "pop_density": 998.77102077403663, "median_hh_income": 121792.0, "mean_commute_min": 30.61206516952884 }, "geometry": { "type": "Polygon", "coordinates": [ [ [ -84.7415, 33.356 ], [ -84.7269, 33.3559 ], [ -84.736, 33.3717 ], [ -84.7464, 33.3794 ], [ -84.7578, 33.3752 ], [ -84.76, 33.3601 ], [ -84.7415, 33.356 ] ] ] } },
{ "type": "Feature", "properties": { "county": "Coweta", "geoid": "13077170607", "pop": 4160.0, "pop_density": 896.89888586185521, "median_hh_income": 114279.0, "mean_commute_min": 25.346260387811633 }, "geometry": { "type": "Polygon", "coordinates": [ [ [ -84.736, 33.3717 ], [ -84.7269, 33.3559 ], [ -84.7124, 33.3558 ], [ -84.7121, 33.3733 ], [ -84.7151, 33.3762 ], [ -84.7307, 33.3766 ], [ -84.7419, 33.3811 ], [ -84.7464, 33.3794 ], [ -84.736, 33.3717 ] ] ] } },
{ "type": "Feature", "properties": { "county": "Coweta", "geoid": "13077170605", "pop": 3458.0, "pop_density": 185.49008379023721, "median_hh_income": 50664.0, "mean_commute_min": 34.653253424657535 }, "geometry": { "type": "Polygon", "coordinates": [ [ [ -84.8256, 33.3392 ], [ -84.8121, 33.3396 ], [ -84.7999, 33.3364 ], [ -84.7969, 33.3399 ], [ -84.7808, 33.3298 ], [ -84.7716, 33.3308 ], [ -84.7615, 33.3458 ], [ -84.7602, 33.3539 ], [ -84.7699, 33.3521 ], [ -84.7779, 33.3626 ], [ -84.7942, 33.3633 ], [ -84.7987, 33.3676 ], [ -84.803, 33.3676 ], [ -84.8283, 33.3596 ], [ -84.8416, 33.3428 ], [ -84.8447, 33.3339 ], [ -84.8256, 33.3392 ] ] ] } },
{ "type": "Feature", "properties": { "county": "Forsyth", "geoid": "13117130413", "pop": 3138.0, "pop_density": 617.17480660184299, "median_hh_income": 51638.0, "mean_commute_min": 30.989010989010989 }, "geometry": { "type": "Polygon", "coordinates": [ [ [ -84.1574, 34.2096 ], [ -84.1618, 34.2006 ], [ -84.1531, 34.2001 ], [ -84.1404, 34.2061 ], [ -84.1368, 34.2233 ], [ -84.1404, 34.226 ], [ -84.1525, 34.2262 ], [ -84.155, 34.2228 ], [ -84.1621, 34.2271 ], [ -84.1647, 34.2233 ], [ -84.1574, 34.2096 ] ] ] } },
{ "type": "Feature", "properties": { "county": "Forsyth", "geoid": "13117130414", "pop": 4961.0, "pop_density": 752.48299670551694, "median_hh_income": 141375.0, "mean_commute_min": 32.259280742459396 }, "geometry": { "type": "Polygon", "coordinates": [ [ [ -84.197, 34.1945 ], [ -84.1864, 34.1944 ], [ -84.1846, 34.1995 ], [ -84.1724, 34.1988 ], [ -84.1618, 34.2006 ], [ -84.16, 34.2033 ], [ -84.1681, 34.2065 ], [ -84.1699, 34.2135 ], [ -84.1867, 34.2191 ], [ -84.1934, 34.2267 ], [ -84.1991, 34.2152 ], [ -84.197, 34.1945 ] ] ] } },
{ "type": "Feature", "properties": { "county": "Forsyth", "geoid": "13117130512", "pop": 3477.0, "pop_density": 286.28891021989659, "median_hh_income": 144313.0, "mean_commute_min": 36.006573541495477 }, "geometry": { "type": "Polygon", "coordinates": [ [ [ -84.1638, 34.1505 ], [ -84.152, 34.1511 ], [ -84.128, 34.1456 ], [ -84.1169, 34.1628 ], [ -84.1385, 34.1836 ], [ -84.1556, 34.1731 ], [ -84.1731, 34.1566 ], [ -84.1638, 34.1505 ] ] ] } },
{ "type": "Feature", "properties": { "county": "Forsyth", "geoid": "13117130511", "pop": 6240.0, "pop_density": 1032.463874105591, "median_hh_income": 159375.0, "mean_commute_min": 27.947627573858551 }, "geometry": { "type": "Polygon", "coordinates": [ [ [ -84.119, 34.1432 ], [ -84.1148, 34.1253 ], [ -84.1097, 34.1285 ], [ -84.0977, 34.1253 ], [ -84.0981, 34.123 ], [ -84.0943, 34.1246 ], [ -84.1047, 34.1406 ], [ -84.1066, 34.1543 ], [ -84.1169, 34.1628 ], [ -84.128, 34.1456 ], [ -84.119, 34.1432 ] ] ] } },
{ "type": "Feature", "properties": { "county": "Forsyth", "geoid": "13117130411", "pop": 1740.0, "pop_density": 117.5052421519667, "median_hh_income": 115945.0, "mean_commute_min": 27.45967741935484 }, "geometry": { "type": "Polygon", "coordinates": [ [ [ -84.1666, 34.2279 ], [ -84.155, 34.2228 ], [ -84.1535, 34.2259 ], [ -84.1439, 34.2269 ], [ -84.1368, 34.2233 ], [ -84.1329, 34.2388 ], [ -84.1225, 34.2374 ], [ -84.1157, 34.2458 ], [ -84.1046, 34.2351 ], [ -84.1047, 34.2254 ], [ -84.0932, 34.2521 ], [ -84.1176, 34.2479 ], [ -84.118, 34.2523 ], [ -84.1224, 34.2553 ], [ -84.1218, 34.2616 ], [ -84.1658, 34.2477 ], [ -84.1708, 34.2421 ], [ -84.1666, 34.2279 ] ] ] } },
{ "type": "Feature", "properties": { "county": "Forsyth", "geoid": "13117130412", "pop": 3641.0, "pop_density": 254.79331230886129, "median_hh_income": 122343.0, "mean_commute_min": 28.634730538922156 }, "geometry": { "type": "Polygon", "coordinates": [ [ [ -84.1903, 34.2442 ], [ -84.1947, 34.2394 ], [ -84.1782, 34.2403 ], [ -84.1705, 34.2356 ], [ -84.1703, 34.2455 ], [ -84.1295, 34.2589 ], [ -84.1385, 34.2658 ], [ -84.1459, 34.2657 ], [ -84.1534, 34.2703 ], [ -84.1687, 34.2851 ], [ -84.1752, 34.2771 ], [ -84.1757, 34.2676 ], [ -84.1948, 34.2607 ], [ -84.1971, 34.2549 ], [ -84.1903, 34.2442 ] ] ] } },
{ "type": "Feature", "properties": { "county": "Forsyth", "geoid": "13117130415", "pop": 3601.0, "pop_density": 493.6037805032675, "median_hh_income": 138713.0, "mean_commute_min": 29.065533980582526 }, "geometry": { "type": "Polygon", "coordinates": [ [ [ -84.1934, 34.2267 ], [ -84.187, 34.2193 ], [ -84.1699, 34.2135 ], [ -84.1681, 34.2065 ], [ -84.1589, 34.2038 ], [ -84.1578, 34.2112 ], [ -84.1647, 34.2229 ], [ -84.1621, 34.2271 ], [ -84.167, 34.2281 ], [ -84.171, 34.2362 ], [ -84.1782, 34.2403 ], [ -84.1947, 34.2394 ], [ -84.1934, 34.2267 ] ] ] } },
{ "type": "Feature", "properties": { "county": "Forsyth", "geoid": "13117130614", "pop": 4349.0, "pop_density": 822.56082533737003, "median_hh_income": 126635.0, "mean_commute_min": 28.70675453047776 }, "geometry": { "type": "Polygon", "coordinates": [ [ [ -84.1673, 34.0902 ], [ -84.1525, 34.1112 ], [ -84.1708, 34.1244 ], [ -84.1763, 34.1152 ], [ -84.1772, 34.0973 ], [ -84.1673, 34.0902 ] ] ] } },
{ "type": "Feature", "properties": { "county": "Forsyth", "geoid": "13117130615", "pop": 3074.0, "pop_density": 727.00423407833534, "median_hh_income": 204271.0, "mean_commute_min": 30.683012259194395 }, "geometry": { "type": "Polygon", "coordinates": [ [ [ -84.1616, 34.0846 ], [ -84.1538, 34.09 ], [ -84.1356, 34.0924 ], [ -84.1364, 34.0983 ], [ -84.1525, 34.1112 ], [ -84.1673, 34.0902 ], [ -84.1616, 34.0846 ] ] ] } },
{ "type": "Feature", "properties": { "county": "Henry", "geoid": "13151070120", "pop": 2607.0, "pop_density": 1041.875231544481, "median_hh_income": 74813.0, "mean_commute_min": 30.849557522123895 }, "geometry": { "type": "Polygon", "coordinates": [ [ [ -84.2412, 33.5145 ], [ -84.2356, 33.5145 ], [ -84.2278, 33.5279 ], [ -84.2456, 33.5293 ], [ -84.2536, 33.5268 ], [ -84.2412, 33.5145 ] ] ] } },
{ "type": "Feature", "properties": { "county": "Henry", "geoid": "13151070408", "pop": 3687.0, "pop_density": 224.71747126228016, "median_hh_income": 62901.0, "mean_commute_min": 43.00925925925926 }, "geometry": { "type": "Polygon", "coordinates": [ [ [ -84.0907, 33.4197 ], [ -84.0795, 33.4103 ], [ -84.0669, 33.4102 ], [ -84.0465, 33.4009 ], [ -84.0389, 33.4013 ], [ -84.0364, 33.4081 ], [ -84.0275, 33.4029 ], [ -84.018, 33.4195 ], [ -84.0317, 33.4375 ], [ -84.0771, 33.427 ], [ -84.0907, 33.4276 ], [ -84.0907, 33.4197 ] ] ] } },
{ "type": "Feature", "properties": { "county": "Henry", "geoid": "13151070207", "pop": 2790.0, "pop_density": 268.28586965249286, "median_hh_income": 173968.0, "mean_commute_min": 44.117845117845121 }, "geometry": { "type": "Polygon", "coordinates": [ [ [ -84.0894, 33.5244 ], [ -84.0839, 33.5199 ], [ -84.0761, 33.524 ], [ -84.0752, 33.5193 ], [ -84.0642, 33.5248 ], [ -84.0635, 33.52 ], [ -84.0448, 33.525 ], [ -84.0464, 33.5306 ], [ -84.0563, 33.5268 ], [ -84.0558, 33.5305 ], [ -84.0509, 33.5304 ], [ -84.0501, 33.5414 ], [ -84.0533, 33.5427 ], [ -84.0585, 33.5401 ], [ -84.0657, 33.5495 ], [ -84.0701, 33.547 ], [ -84.0821, 33.5555 ], [ -84.0909, 33.5549 ], [ -84.0894, 33.5244 ] ] ] } },
{ "type": "Feature", "properties": { "county": "Henry", "geoid": "13151070211", "pop": 4685.0, "pop_density": 386.97248258086938, "median_hh_income": 84509.0, "mean_commute_min": 32.036953582694906 }, "geometry": { "type": "Polygon", "coordinates": [ [ [ -84.1766, 33.4914 ], [ -84.1677, 33.4914 ], [ -84.1658, 33.5048 ], [ -84.145, 33.4996 ], [ -84.1387, 33.5111 ], [ -84.1399, 33.5254 ], [ -84.1491, 33.5215 ], [ -84.1542, 33.5248 ], [ -84.1585, 33.52 ], [ -84.1614, 33.5234 ], [ -84.167, 33.5211 ], [ -84.1736, 33.5258 ], [ -84.1946, 33.5239 ], [ -84.1766, 33.4914 ] ] ] } },
{ "type": "Feature", "properties": { "county": "Henry", "geoid": "13151070209", "pop": 4190.0, "pop_density": 337.13464039119202, "median_hh_income": 102031.0, "mean_commute_min": 38.895274584929759 }, "geometry": { "type": "Polygon", "coordinates": [ [ [ -84.1054, 33.4298 ], [ -84.0807, 33.427 ], [ -84.0806, 33.4329 ], [ -84.0725, 33.4406 ], [ -84.0654, 33.4618 ], [ -84.0652, 33.475 ], [ -84.0996, 33.4681 ], [ -84.0997, 33.4418 ], [ -84.1064, 33.442 ], [ -84.1054, 33.4298 ] ] ] } },
{ "type": "Feature", "properties": { "county": "Henry", "geoid": "13151070407", "pop": 4137.0, "pop_density": 204.14938938754787, "median_hh_income": 97856.0, "mean_commute_min": 30.031982942430705 }, "geometry": { "type": "Polygon", "coordinates": [ [ [ -84.1389, 33.3944 ], [ -84.1282, 33.3829 ], [ -84.1251, 33.3736 ], [ -84.1166, 33.3766 ], [ -84.1154, 33.3851 ], [ -84.1052, 33.385 ], [ -84.102, 33.3783 ], [ -84.0883, 33.3703 ], [ -84.0828, 33.376 ], [ -84.0709, 33.3761 ], [ -84.0584, 33.3839 ], [ -84.0658, 33.3904 ], [ -84.0683, 33.3995 ], [ -84.0907, 33.4197 ], [ -84.09, 33.4034 ], [ -84.0979, 33.4035 ], [ -84.0983, 33.4067 ], [ -84.1105, 33.4066 ], [ -84.1195, 33.4029 ], [ -84.1405, 33.406 ], [ -84.1389, 33.3944 ] ] ] } },
{ "type": "Feature", "properties": { "county": "Henry", "geoid": "13151070315", "pop": 4780.0, "pop_density": 591.62911637097181, "median_hh_income": 132677.0, "mean_commute_min": 28.392267798208394 }, "geometry": { "type": "Polygon", "coordinates": [ [ [ -84.2171, 33.4823 ], [ -84.1867, 33.4832 ], [ -84.1909, 33.4918 ], [ -84.1902, 33.5069 ], [ -84.1936, 33.5107 ], [ -84.2002, 33.5133 ], [ -84.2259, 33.5011 ], [ -84.2171, 33.4823 ] ] ] } },
{ "type": "Feature", "properties": { "county": "Henry", "geoid": "13151070212", "pop": 2848.0, "pop_density": 443.11585752642708, "median_hh_income": 62039.0, "mean_commute_min": 27.03125 }, "geometry": { "type": "Polygon", "coordinates": [ [ [ -84.1947, 33.5239 ], [ -84.1736, 33.5258 ], [ -84.167, 33.5211 ], [ -84.1614, 33.5234 ], [ -84.1585, 33.52 ], [ -84.1542, 33.5248 ], [ -84.1491, 33.5215 ], [ -84.1348, 33.5261 ], [ -84.1331, 33.5296 ], [ -84.1278, 33.5288 ], [ -84.1279, 33.5317 ], [ -84.1767, 33.5321 ], [ -84.1881, 33.5402 ], [ -84.2025, 33.54 ], [ -84.1947, 33.5239 ] ] ] } },
{ "type": "Feature", "properties": { "county": "DeKalb", "geoid": "13089021906", "pop": 5868.0, "pop_density": 1887.874779981192, "median_hh_income": 46605.0, "mean_commute_min": 39.939577039274923 }, "geometry": { "type": "Polygon", "coordinates": [ [ [ -84.1822, 33.7947 ], [ -84.1859, 33.789 ], [ -84.1732, 33.7906 ], [ -84.1631, 33.7868 ], [ -84.171, 33.8081 ], [ -84.1871, 33.8062 ], [ -84.1822, 33.7947 ] ] ] } },
{ "type": "Feature", "properties": { "county": "Fulton", "geoid": "13121006601", "pop": 1488.0, "pop_density": 771.32935607994659, "median_hh_income": 73304.0, "mean_commute_min": 30.527681660899653 }, "geometry": { "type": "Polygon", "coordinates": [ [ [ -84.4183, 33.7014 ], [ -84.4183, 33.7266 ], [ -84.4239, 33.7208 ], [ -84.4291, 33.7016 ], [ -84.4183, 33.7014 ] ] ] } },
{ "type": "Feature", "properties": { "county": "Fulton", "geoid": "13121010108", "pop": 4615.0, "pop_density": 929.32966434384605, "median_hh_income": 144047.0, "mean_commute_min": 24.866412213740457 }, "geometry": { "type": "Polygon", "coordinates": [ [ [ -84.301, 33.9595 ], [ -84.2805, 33.956 ], [ -84.2581, 33.9682 ], [ -84.2627, 33.9734 ], [ -84.2666, 33.9717 ], [ -84.272, 33.974 ], [ -84.2774, 33.98 ], [ -84.2804, 33.9727 ], [ -84.3025, 33.9627 ], [ -84.301, 33.9595 ] ] ] } },
{ "type": "Feature", "properties": { "county": "Fulton", "geoid": "13121010508", "pop": 4267.0, "pop_density": 1078.6371203852052, "median_hh_income": 56182.0, "mean_commute_min": 30.557515878616798 }, "geometry": { "type": "Polygon", "coordinates": [ [ [ -84.492, 33.5822 ], [ -84.4746, 33.5892 ], [ -84.4583, 33.5864 ], [ -84.4582, 33.5999 ], [ -84.471, 33.6001 ], [ -84.4691, 33.5966 ], [ -84.4787, 33.5953 ], [ -84.4866, 33.5953 ], [ -84.4881, 33.5984 ], [ -84.496, 33.5935 ], [ -84.492, 33.5822 ] ] ] } },
{ "type": "Feature", "properties": { "county": "Henry", "geoid": "13151070316", "pop": 2459.0, "pop_density": 661.49984800837171, "median_hh_income": 112045.0, "mean_commute_min": 38.664154103852596 }, "geometry": { "type": "Polygon", "coordinates": [ [ [ -84.1905, 33.5078 ], [ -84.1907, 33.4905 ], [ -84.1867, 33.4832 ], [ -84.1681, 33.4827 ], [ -84.1861, 33.5044 ], [ -84.1947, 33.5239 ], [ -84.2001, 33.5134 ], [ -84.1905, 33.5078 ] ] ] } },
{ "type": "Feature", "properties": { "county": "Henry", "geoid": "13151070412", "pop": 5003.0, "pop_density": 268.09512119930417, "median_hh_income": 91109.0, "mean_commute_min": 33.09409888357257 }, "geometry": { "type": "Polygon", "coordinates": [ [ [ -84.1124, 33.2983 ], [ -84.1088, 33.3013 ], [ -84.1026, 33.2982 ], [ -84.1024, 33.3021 ], [ -84.0886, 33.3019 ], [ -84.0861, 33.2976 ], [ -84.0802, 33.3019 ], [ -84.0733, 33.3018 ], [ -84.073, 33.3176 ], [ -84.0635, 33.3176 ], [ -84.0636, 33.3098 ], [ -84.0613, 33.3096 ], [ -84.0537, 33.3177 ], [ -84.0691, 33.3297 ], [ -84.0894, 33.3347 ], [ -84.1038, 33.3422 ], [ -84.1071, 33.3393 ], [ -84.1163, 33.3394 ], [ -84.1185, 33.3322 ], [ -84.122, 33.3311 ], [ -84.1124, 33.2983 ] ] ] } },
{ "type": "Feature", "properties": { "county": "Henry", "geoid": "13151070116", "pop": 3446.0, "pop_density": 444.6846951941921, "median_hh_income": 92188.0, "mean_commute_min": 25.708196721311474 }, "geometry": { "type": "Polygon", "coordinates": [ [ [ -84.2259, 33.5011 ], [ -84.2306, 33.5061 ], [ -84.2481, 33.499 ], [ -84.2583, 33.5001 ], [ -84.2707, 33.5078 ], [ -84.2833, 33.509 ], [ -84.2839, 33.4843 ], [ -84.2942, 33.4843 ], [ -84.2942, 33.4769 ], [ -84.2259, 33.5011 ] ] ] } },
{ "type": "Feature", "properties": { "county": "Henry", "geoid": "13151070411", "pop": 6409.0, "pop_density": 143.99409698345062, "median_hh_income": 83044.0, "mean_commute_min": 33.994925839188134 }, "geometry": { "type": "Polygon", "coordinates": [ [ [ -84.1506, 33.3356 ], [ -84.1509, 33.313 ], [ -84.145, 33.3165 ], [ -84.1463, 33.314 ], [ -84.1398, 33.3129 ], [ -84.1343, 33.3036 ], [ -84.1241, 33.3001 ], [ -84.1185, 33.3024 ], [ -84.1124, 33.2983 ], [ -84.1223, 33.3311 ], [ -84.1185, 33.3322 ], [ -84.1163, 33.3394 ], [ -84.1071, 33.3393 ], [ -84.1038, 33.3422 ], [ -84.1086, 33.3446 ], [ -84.1208, 33.362 ], [ -84.128, 33.3826 ], [ -84.1389, 33.3944 ], [ -84.1405, 33.406 ], [ -84.148, 33.4032 ], [ -84.1567, 33.414 ], [ -84.1634, 33.4095 ], [ -84.1689, 33.4 ], [ -84.1692, 33.3812 ], [ -84.1774, 33.371 ], [ -84.177, 33.336 ], [ -84.1506, 33.3356 ] ] ] } },
{ "type": "Feature", "properties": { "county": "Henry", "geoid": "13151070507", "pop": 2367.0, "pop_density": 292.21251788057901, "median_hh_income": 79064.0, "mean_commute_min": 32.220019821605547 }, "geometry": { "type": "Polygon", "coordinates": [ [ [ -84.2891, 33.3596 ], [ -84.2913, 33.3525 ], [ -84.2474, 33.3526 ], [ -84.2619, 33.3605 ], [ -84.2632, 33.3718 ], [ -84.2685, 33.3766 ], [ -84.2879, 33.3791 ], [ -84.2936, 33.3767 ], [ -84.2954, 33.3706 ], [ -84.2891, 33.3596 ] ] ] } },
{ "type": "Feature", "properties": { "county": "Henry", "geoid": "13151070506", "pop": 3633.0, "pop_density": 189.99063643725461, "median_hh_income": 73368.0, "mean_commute_min": 34.446347031963469 }, "geometry": { "type": "Polygon", "coordinates": [ [ [ -84.2867, 33.3792 ], [ -84.269, 33.3767 ], [ -84.2641, 33.3793 ], [ -84.2383, 33.3763 ], [ -84.2174, 33.3775 ], [ -84.1767, 33.3616 ], [ -84.1774, 33.371 ], [ -84.1732, 33.3779 ], [ -84.1863, 33.3904 ], [ -84.1976, 33.3855 ], [ -84.2056, 33.3868 ], [ -84.2129, 33.3922 ], [ -84.2155, 33.4059 ], [ -84.2227, 33.402 ], [ -84.2357, 33.4013 ], [ -84.2432, 33.3961 ], [ -84.2538, 33.3943 ], [ -84.2666, 33.3845 ], [ -84.2856, 33.3821 ], [ -84.2934, 33.377 ], [ -84.2867, 33.3792 ] ] ] } },
{ "type": "Feature", "properties": { "county": "Henry", "geoid": "13151070508", "pop": 5074.0, "pop_density": 189.10140124734625, "median_hh_income": 114989.0, "mean_commute_min": 49.912536443148689 }, "geometry": { "type": "Polygon", "coordinates": [ [ [ -84.2632, 33.3718 ], [ -84.2619, 33.3605 ], [ -84.2482, 33.355 ], [ -84.2473, 33.3358 ], [ -84.177, 33.336 ], [ -84.179, 33.3491 ], [ -84.1767, 33.3616 ], [ -84.1801, 33.3645 ], [ -84.1939, 33.3667 ], [ -84.2174, 33.3775 ], [ -84.2383, 33.3763 ], [ -84.2641, 33.3793 ], [ -84.2687, 33.3767 ], [ -84.2632, 33.3718 ] ] ] } },
{ "type": "Feature", "properties": { "county": "Henry", "geoid": "13151070314", "pop": 3523.0, "pop_density": 206.82563336901168, "median_hh_income": 84731.0, "mean_commute_min": 32.438311688311686 }, "geometry": { "type": "Polygon", "coordinates": [ [ [ -84.2873, 33.4673 ], [ -84.2811, 33.469 ], [ -84.2619, 33.4683 ], [ -84.2529, 33.4641 ], [ -84.2354, 33.4698 ], [ -84.2132, 33.4697 ], [ -84.2218, 33.4966 ], [ -84.2259, 33.5011 ], [ -84.2453, 33.4927 ], [ -84.2891, 33.4804 ], [ -84.2942, 33.4768 ], [ -84.2922, 33.4585 ], [ -84.2873, 33.4673 ] ] ] } },
{ "type": "Feature", "properties": { "county": "Henry", "geoid": "13151070115", "pop": 4324.0, "pop_density": 690.76274168908105, "median_hh_income": 76821.0, "mean_commute_min": 30.71390516782099 }, "geometry": { "type": "Polygon", "coordinates": [ [ [ -84.2825, 33.5329 ], [ -84.2827, 33.5262 ], [ -84.2745, 33.528 ], [ -84.2579, 33.5247 ], [ -84.2538, 33.5267 ], [ -84.2677, 33.5433 ], [ -84.2686, 33.549 ], [ -84.2926, 33.5491 ], [ -84.293, 33.533 ], [ -84.2825, 33.5329 ] ] ] } },
{ "type": "Feature", "properties": { "county": "Henry", "geoid": "13151070323", "pop": 3446.0, "pop_density": 2287.7856412571537, "median_hh_income": 35875.0, "mean_commute_min": 33.441964285714285 }, "geometry": { "type": "Polygon", "coordinates": [ [ [ -84.1616, 33.4356 ], [ -84.1531, 33.4432 ], [ -84.1741, 33.4412 ], [ -84.1766, 33.4328 ], [ -84.1616, 33.4356 ] ] ] } },
{ "type": "Feature", "properties": { "county": "Henry", "geoid": "13151070410", "pop": 4456.0, "pop_density": 111.64427208510862, "median_hh_income": 76919.0, "mean_commute_min": 33.950769230769232 }, "geometry": { "type": "Polygon", "coordinates": [ [ [ -84.0683, 33.3995 ], [ -84.0653, 33.3896 ], [ -84.053, 33.38 ], [ -84.0476, 33.37 ], [ -84.032, 33.3616 ], [ -84.0244, 33.3613 ], [ -84.0243, 33.3569 ], [ -84.0133, 33.3598 ], [ -84.0076, 33.3683 ], [ -83.986, 33.3675 ], [ -83.9769, 33.3747 ], [ -83.9644, 33.3752 ], [ -83.966, 33.3851 ], [ -83.9732, 33.3852 ], [ -83.9731, 33.4076 ], [ -83.9631, 33.4076 ], [ -83.9631, 33.4114 ], [ -84.018, 33.4195 ], [ -84.0275, 33.4029 ], [ -84.0364, 33.4081 ], [ -84.0389, 33.4013 ], [ -84.0418, 33.4009 ], [ -84.0669, 33.4102 ], [ -84.0795, 33.4103 ], [ -84.0683, 33.3995 ] ] ] } },
{ "type": "Feature", "properties": { "county": "Henry", "geoid": "13151070505", "pop": 6531.0, "pop_density": 262.02002312805126, "median_hh_income": 76617.0, "mean_commute_min": 45.535882908404155 }, "geometry": { "type": "Polygon", "coordinates": [ [ [ -84.291, 33.4312 ], [ -84.2853, 33.425 ], [ -84.2914, 33.4018 ], [ -84.2832, 33.3874 ], [ -84.2856, 33.3821 ], [ -84.2671, 33.3843 ], [ -84.2538, 33.3943 ], [ -84.2432, 33.3961 ], [ -84.2364, 33.4009 ], [ -84.2361, 33.4154 ], [ -84.2478, 33.4411 ], [ -84.2672, 33.4395 ], [ -84.2727, 33.4357 ], [ -84.3043, 33.4347 ], [ -84.291, 33.4312 ] ] ] } },
{ "type": "Feature", "properties": { "county": "Henry", "geoid": "13151070503", "pop": 5189.0, "pop_density": 206.87958133218171, "median_hh_income": 63040.0, "mean_commute_min": 37.0877378435518 }, "geometry": { "type": "Polygon", "coordinates": [ [ [ -84.3386, 33.3893 ], [ -84.3312, 33.3957 ], [ -84.3243, 33.3958 ], [ -84.3219, 33.3934 ], [ -84.3112, 33.3952 ], [ -84.3078, 33.3894 ], [ -84.2983, 33.3911 ], [ -84.2831, 33.3868 ], [ -84.2914, 33.4014 ], [ -84.2859, 33.4147 ], [ -84.2862, 33.4269 ], [ -84.2947, 33.4323 ], [ -84.3043, 33.4335 ], [ -84.3042, 33.4274 ], [ -84.3234, 33.428 ], [ -84.3232, 33.4359 ], [ -84.3536, 33.4362 ], [ -84.3538, 33.3977 ], [ -84.3386, 33.3893 ] ] ] } },
{ "type": "Feature", "properties": { "county": "Henry", "geoid": "13151070504", "pop": 1755.0, "pop_density": 66.823257737762006, "median_hh_income": 68009.0, "mean_commute_min": 35.504103165298943 }, "geometry": { "type": "Polygon", "coordinates": [ [ [ -84.2913, 33.3525 ], [ -84.2891, 33.3594 ], [ -84.2953, 33.3716 ], [ -84.2831, 33.3868 ], [ -84.2983, 33.3911 ], [ -84.3078, 33.3894 ], [ -84.3112, 33.3952 ], [ -84.3219, 33.3934 ], [ -84.3243, 33.3958 ], [ -84.3312, 33.3957 ], [ -84.3386, 33.3893 ], [ -84.3538, 33.3973 ], [ -84.3544, 33.3527 ], [ -84.2913, 33.3525 ] ] ] } },
{ "type": "Feature", "properties": { "county": "Henry", "geoid": "13151070118", "pop": 2494.0, "pop_density": 176.76446050586529, "median_hh_income": 93500.0, "mean_commute_min": 30.442176870748298 }, "geometry": { "type": "Polygon", "coordinates": [ [ [ -84.213, 33.5936 ], [ -84.2079, 33.5969 ], [ -84.1912, 33.5905 ], [ -84.1894, 33.5769 ], [ -84.184, 33.5812 ], [ -84.1621, 33.5808 ], [ -84.1467, 33.5865 ], [ -84.1497, 33.5868 ], [ -84.1538, 33.5973 ], [ -84.1648, 33.6109 ], [ -84.1797, 33.6057 ], [ -84.2052, 33.6074 ], [ -84.2131, 33.6053 ], [ -84.2244, 33.6082 ], [ -84.2199, 33.5942 ], [ -84.213, 33.5936 ] ] ] } },
{ "type": "Feature", "properties": { "county": "Henry", "geoid": "13151070117", "pop": 3855.0, "pop_density": 316.78817061200107, "median_hh_income": 59583.0, "mean_commute_min": 28.625974025974028 }, "geometry": { "type": "Polygon", "coordinates": [ [ [ -84.205, 33.5747 ], [ -84.1867, 33.5536 ], [ -84.18, 33.5561 ], [ -84.1755, 33.5679 ], [ -84.166, 33.5684 ], [ -84.1621, 33.5808 ], [ -84.1835, 33.5813 ], [ -84.1894, 33.5769 ], [ -84.1912, 33.5905 ], [ -84.2079, 33.5969 ], [ -84.213, 33.5936 ], [ -84.2199, 33.5942 ], [ -84.2252, 33.5752 ], [ -84.205, 33.5747 ] ] ] } },
{ "type": "Feature", "properties": { "county": "Henry", "geoid": "13151070121", "pop": 4541.0, "pop_density": 299.45170202122318, "median_hh_income": 79699.0, "mean_commute_min": 35.540152963671126 }, "geometry": { "type": "Polygon", "coordinates": [ [ [ -84.2164, 33.6269 ], [ -84.1994, 33.6226 ], [ -84.2051, 33.6142 ], [ -84.2052, 33.6074 ], [ -84.1794, 33.6057 ], [ -84.1648, 33.6109 ], [ -84.1721, 33.6219 ], [ -84.1816, 33.6292 ], [ -84.1795, 33.6325 ], [ -84.1841, 33.6462 ], [ -84.224, 33.6466 ], [ -84.2242, 33.6325 ], [ -84.2164, 33.6269 ] ] ] } },
{ "type": "Feature", "properties": { "county": "Henry", "geoid": "13151070126", "pop": 2917.0, "pop_density": 432.26956786676675, "median_hh_income": 65000.0, "mean_commute_min": 27.490692479523457 }, "geometry": { "type": "Polygon", "coordinates": [ [ [ -84.2426, 33.5573 ], [ -84.2415, 33.5607 ], [ -84.2353, 33.557 ], [ -84.236, 33.5722 ], [ -84.2531, 33.5837 ], [ -84.2636, 33.5822 ], [ -84.2639, 33.5543 ], [ -84.2426, 33.5573 ] ] ] } },
{ "type": "Feature", "properties": { "county": "Henry", "geoid": "13151070409", "pop": 3925.0, "pop_density": 110.08106706332124, "median_hh_income": 92788.0, "mean_commute_min": 38.386147578089634 }, "geometry": { "type": "Polygon", "coordinates": [ [ [ -84.0184, 33.4196 ], [ -83.9631, 33.4114 ], [ -83.9631, 33.4192 ], [ -83.954, 33.4192 ], [ -83.954, 33.4252 ], [ -83.9435, 33.4253 ], [ -83.9435, 33.4418 ], [ -83.9239, 33.4442 ], [ -83.9225, 33.4504 ], [ -83.932, 33.4547 ], [ -83.9378, 33.4678 ], [ -83.9478, 33.4767 ], [ -83.9464, 33.4829 ], [ -83.9503, 33.4857 ], [ -83.958, 33.4846 ], [ -83.9697, 33.461 ], [ -83.995, 33.4427 ], [ -84.0317, 33.4372 ], [ -84.0184, 33.4196 ] ] ] } },
{ "type": "Feature", "properties": { "county": "Henry", "geoid": "13151070124", "pop": 4074.0, "pop_density": 690.00816018486933, "median_hh_income": 93873.0, "mean_commute_min": 35.66818960593946 }, "geometry": { "type": "Polygon", "coordinates": [ [ [ -84.2711, 33.5079 ], [ -84.2651, 33.5042 ], [ -84.2577, 33.5117 ], [ -84.2412, 33.5145 ], [ -84.2538, 33.5267 ], [ -84.2607, 33.5249 ], [ -84.2754, 33.528 ], [ -84.2827, 33.5262 ], [ -84.2832, 33.5093 ], [ -84.2711, 33.5079 ] ] ] } },
{ "type": "Feature", "properties": { "county": "Henry", "geoid": "13151070119", "pop": 6809.0, "pop_density": 1031.2947755203427, "median_hh_income": 58693.0, "mean_commute_min": 28.191551774713993 }, "geometry": { "type": "Polygon", "coordinates": [ [ [ -84.2538, 33.5267 ], [ -84.2456, 33.5293 ], [ -84.227, 33.5286 ], [ -84.2335, 33.5443 ], [ -84.2487, 33.5459 ], [ -84.2639, 33.5538 ], [ -84.2637, 33.5489 ], [ -84.2687, 33.5481 ], [ -84.2538, 33.5267 ] ] ] } },
{ "type": "Feature", "properties": { "county": "Henry", "geoid": "13151070208", "pop": 4232.0, "pop_density": 142.1584005352573, "median_hh_income": 122670.0, "mean_commute_min": 37.380798969072167 }, "geometry": { "type": "Polygon", "coordinates": [ [ [ -84.144, 33.4852 ], [ -84.1388, 33.476 ], [ -84.1302, 33.4824 ], [ -84.1188, 33.4826 ], [ -84.1188, 33.4689 ], [ -84.0979, 33.4793 ], [ -84.0864, 33.4905 ], [ -84.0675, 33.5128 ], [ -84.0635, 33.5246 ], [ -84.0752, 33.5193 ], [ -84.0762, 33.524 ], [ -84.0823, 33.5195 ], [ -84.0876, 33.5241 ], [ -84.1222, 33.5226 ], [ -84.1232, 33.5262 ], [ -84.1331, 33.5296 ], [ -84.1348, 33.5261 ], [ -84.1399, 33.5254 ], [ -84.1387, 33.5111 ], [ -84.1451, 33.4987 ], [ -84.144, 33.4852 ] ] ] } },
{ "type": "Feature", "properties": { "county": "Henry", "geoid": "13151070317", "pop": 6335.0, "pop_density": 2009.6456647327329, "median_hh_income": 70526.0, "mean_commute_min": 31.397330303890939 }, "geometry": { "type": "Polygon", "coordinates": [ [ [ -84.1531, 33.4432 ], [ -84.1482, 33.4478 ], [ -84.1569, 33.448 ], [ -84.1778, 33.4587 ], [ -84.1851, 33.444 ], [ -84.1531, 33.4432 ] ] ] } },
{ "type": "Feature", "properties": { "county": "Henry", "geoid": "13151070324", "pop": 4312.0, "pop_density": 474.66393199184262, "median_hh_income": 34215.0, "mean_commute_min": 21.818903891977762 }, "geometry": { "type": "Polygon", "coordinates": [ [ [ -84.1611, 33.4114 ], [ -84.1536, 33.4163 ], [ -84.1514, 33.4242 ], [ -84.1399, 33.4275 ], [ -84.1386, 33.4308 ], [ -84.1133, 33.4334 ], [ -84.1259, 33.4415 ], [ -84.1302, 33.4369 ], [ -84.1387, 33.4366 ], [ -84.1388, 33.4431 ], [ -84.1511, 33.4451 ], [ -84.1612, 33.4357 ], [ -84.1748, 33.4336 ], [ -84.1811, 33.4278 ], [ -84.1611, 33.4114 ] ] ] } },
{ "type": "Feature", "properties": { "county": "Henry", "geoid": "13151070318", "pop": 2651.0, "pop_density": 373.89731321424466, "median_hh_income": 90302.0, "mean_commute_min": 44.043141592920357 }, "geometry": { "type": "Polygon", "coordinates": [ [ [ -84.2129, 33.3922 ], [ -84.203, 33.3854 ], [ -84.19, 33.3872 ], [ -84.1863, 33.3904 ], [ -84.1732, 33.3779 ], [ -84.1692, 33.3812 ], [ -84.1688, 33.4003 ], [ -84.161, 33.4113 ], [ -84.1729, 33.4044 ], [ -84.1875, 33.4052 ], [ -84.1891, 33.3993 ], [ -84.2129, 33.3975 ], [ -84.2129, 33.3922 ] ] ] } },
{ "type": "Feature", "properties": { "county": "Henry", "geoid": "13151070213", "pop": 2893.0, "pop_density": 232.97005412748771, "median_hh_income": 107576.0, "mean_commute_min": 37.673545966228893 }, "geometry": { "type": "Polygon", "coordinates": [ [ [ -84.0174, 33.44 ], [ -84.0168, 33.4572 ], [ -84.0253, 33.4523 ], [ -84.0427, 33.4494 ], [ -84.0521, 33.4544 ], [ -84.0564, 33.4642 ], [ -84.0633, 33.4678 ], [ -84.0725, 33.4406 ], [ -84.0806, 33.4329 ], [ -84.0806, 33.4282 ], [ -84.0174, 33.44 ] ] ] } },
{ "type": "Feature", "properties": { "county": "Henry", "geoid": "13151070216", "pop": 6376.0, "pop_density": 257.78122492333677, "median_hh_income": 140714.0, "mean_commute_min": 36.731448763250881 }, "geometry": { "type": "Polygon", "coordinates": [ [ [ -84.1054, 33.4298 ], [ -84.1064, 33.442 ], [ -84.0997, 33.4418 ], [ -84.0996, 33.4681 ], [ -84.0455, 33.4797 ], [ -84.0432, 33.4754 ], [ -84.0369, 33.4731 ], [ -84.0358, 33.4774 ], [ -84.0454, 33.4878 ], [ -84.0494, 33.5016 ], [ -84.0441, 33.5204 ], [ -84.0508, 33.5162 ], [ -84.0498, 33.5109 ], [ -84.0552, 33.5183 ], [ -84.0448, 33.525 ], [ -84.0579, 33.5231 ], [ -84.0657, 33.5184 ], [ -84.0675, 33.5128 ], [ -84.0979, 33.4793 ], [ -84.1213, 33.4673 ], [ -84.1126, 33.4664 ], [ -84.1172, 33.4468 ], [ -84.1259, 33.4415 ], [ -84.1054, 33.4298 ] ] ] } },
{ "type": "Feature", "properties": { "county": "Henry", "geoid": "13151070206", "pop": 4785.0, "pop_density": 314.78834184500835, "median_hh_income": 75049.0, "mean_commute_min": 33.809288537549406 }, "geometry": { "type": "Polygon", "coordinates": [ [ [ -84.1222, 33.5226 ], [ -84.0893, 33.5241 ], [ -84.0901, 33.5552 ], [ -84.1085, 33.5668 ], [ -84.1154, 33.5661 ], [ -84.1224, 33.5612 ], [ -84.1272, 33.5622 ], [ -84.1279, 33.5317 ], [ -84.1222, 33.5226 ] ] ] } },
{ "type": "Feature", "properties": { "county": "Henry", "geoid": "13151070210", "pop": 2457.0, "pop_density": 362.95903349194509, "median_hh_income": 133513.0, "mean_commute_min": 33.563273073263559 }, "geometry": { "type": "Polygon", "coordinates": [ [ [ -84.1612, 33.4711 ], [ -84.1577, 33.4742 ], [ -84.1542, 33.4726 ], [ -84.1475, 33.4752 ], [ -84.149, 33.4808 ], [ -84.1388, 33.476 ], [ -84.144, 33.4852 ], [ -84.145, 33.4996 ], [ -84.1658, 33.5048 ], [ -84.1677, 33.4914 ], [ -84.1766, 33.4914 ], [ -84.1612, 33.4711 ] ] ] } },
{ "type": "Feature", "properties": { "county": "Henry", "geoid": "13151070312", "pop": 4244.0, "pop_density": 269.40527325908903, "median_hh_income": 66534.0, "mean_commute_min": 29.303305249513933 }, "geometry": { "type": "Polygon", "coordinates": [ [ [ -84.148, 33.4032 ], [ -84.1448, 33.4059 ], [ -84.1195, 33.4029 ], [ -84.1105, 33.4066 ], [ -84.0983, 33.4067 ], [ -84.0979, 33.4035 ], [ -84.09, 33.4034 ], [ -84.0887, 33.4068 ], [ -84.0906, 33.4287 ], [ -84.0997, 33.4285 ], [ -84.1133, 33.4334 ], [ -84.1386, 33.4308 ], [ -84.1399, 33.4275 ], [ -84.1514, 33.4242 ], [ -84.1567, 33.414 ], [ -84.148, 33.4032 ] ] ] } },
{ "type": "Feature", "properties": { "county": "Fulton", "geoid": "13121010601", "pop": 3313.0, "pop_density": 1130.5843718636349, "median_hh_income": 62671.0, "mean_commute_min": 23.335761107064823 }, "geometry": { "type": "Polygon", "coordinates": [ [ [ -84.4633, 33.6537 ], [ -84.4495, 33.6534 ], [ -84.4446, 33.6676 ], [ -84.4632, 33.6684 ], [ -84.471, 33.6621 ], [ -84.4633, 33.6537 ] ] ] } },
{ "type": "Feature", "properties": { "county": "Fulton", "geoid": "13121010603", "pop": 3756.0, "pop_density": 610.93058260591499, "median_hh_income": 47226.0, "mean_commute_min": 28.068484042553191 }, "geometry": { "type": "Polygon", "coordinates": [ [ [ -84.4724, 33.6379 ], [ -84.4631, 33.6296 ], [ -84.4581, 33.6292 ], [ -84.4577, 33.6489 ], [ -84.453, 33.6489 ], [ -84.4529, 33.6441 ], [ -84.4495, 33.6534 ], [ -84.4633, 33.6537 ], [ -84.471, 33.6621 ], [ -84.474, 33.6537 ], [ -84.4868, 33.6523 ], [ -84.4844, 33.6402 ], [ -84.4724, 33.6379 ] ] ] } },
{ "type": "Feature", "properties": { "county": "Fulton", "geoid": "13121010604", "pop": 2728.0, "pop_density": 573.5526625626535, "median_hh_income": 28239.0, "mean_commute_min": 25.166330645161292 }, "geometry": { "type": "Polygon", "coordinates": [ [ [ -84.4744, 33.6269 ], [ -84.4728, 33.6164 ], [ -84.4581, 33.6162 ], [ -84.4581, 33.6292 ], [ -84.487, 33.6429 ], [ -84.4865, 33.6234 ], [ -84.4744, 33.6269 ] ] ] } },
{ "type": "Feature", "properties": { "county": "Henry", "geoid": "13151070128", "pop": 2557.0, "pop_density": 383.13045299744516, "median_hh_income": 68750.0, "mean_commute_min": 31.663716814159294 }, "geometry": { "type": "Polygon", "coordinates": [ [ [ -84.2532, 33.6069 ], [ -84.2536, 33.6005 ], [ -84.2458, 33.6068 ], [ -84.2244, 33.6082 ], [ -84.2338, 33.6172 ], [ -84.2383, 33.629 ], [ -84.2581, 33.6289 ], [ -84.2563, 33.6261 ], [ -84.2627, 33.6245 ], [ -84.263, 33.6077 ], [ -84.2532, 33.6069 ] ] ] } },
{ "type": "Feature", "properties": { "county": "Henry", "geoid": "13151070214", "pop": 5249.0, "pop_density": 268.30311289882167, "median_hh_income": 123667.0, "mean_commute_min": 43.078431372549019 }, "geometry": { "type": "Polygon", "coordinates": [ [ [ -84.047, 33.4506 ], [ -84.0415, 33.4492 ], [ -84.0258, 33.4521 ], [ -84.0168, 33.4572 ], [ -84.0174, 33.44 ], [ -83.9964, 33.4419 ], [ -83.9687, 33.4628 ], [ -83.9988, 33.4685 ], [ -84.0102, 33.4672 ], [ -84.0268, 33.4757 ], [ -84.0386, 33.4731 ], [ -84.0455, 33.4797 ], [ -84.0632, 33.4761 ], [ -84.0657, 33.4733 ], [ -84.047, 33.4506 ] ] ] } },
{ "type": "Feature", "properties": { "county": "Henry", "geoid": "13151070320", "pop": 2700.0, "pop_density": 486.34916952276717, "median_hh_income": 78618.0, "mean_commute_min": 23.945086705202311 }, "geometry": { "type": "Polygon", "coordinates": [ [ [ -84.2155, 33.4059 ], [ -84.1974, 33.4134 ], [ -84.1841, 33.4244 ], [ -84.1867, 33.4281 ], [ -84.2064, 33.4321 ], [ -84.2169, 33.4267 ], [ -84.219, 33.4159 ], [ -84.2155, 33.4059 ] ] ] } },
{ "type": "Feature", "properties": { "county": "Henry", "geoid": "13151070215", "pop": 1662.0, "pop_density": 77.563606707711912, "median_hh_income": 139699.0, "mean_commute_min": 36.610904584882277 }, "geometry": { "type": "Polygon", "coordinates": [ [ [ -84.0454, 33.4878 ], [ -84.0358, 33.4774 ], [ -84.0369, 33.4731 ], [ -84.0268, 33.4757 ], [ -84.0102, 33.4672 ], [ -83.9988, 33.4685 ], [ -83.9687, 33.4628 ], [ -83.958, 33.4846 ], [ -83.9694, 33.4868 ], [ -83.9742, 33.4835 ], [ -83.9765, 33.4888 ], [ -83.9858, 33.488 ], [ -83.9895, 33.4921 ], [ -83.9981, 33.4942 ], [ -84.0121, 33.4922 ], [ -84.0159, 33.4981 ], [ -84.0257, 33.4966 ], [ -84.0282, 33.4916 ], [ -84.0373, 33.4958 ], [ -84.03, 33.5001 ], [ -84.0356, 33.5091 ], [ -84.0429, 33.5097 ], [ -84.0437, 33.5204 ], [ -84.0494, 33.5016 ], [ -84.0454, 33.4878 ] ] ] } },
{ "type": "Feature", "properties": { "county": "Henry", "geoid": "13151070122", "pop": 2493.0, "pop_density": 379.53870746745832, "median_hh_income": 72298.0, "mean_commute_min": 32.489469250210618 }, "geometry": { "type": "Polygon", "coordinates": [ [ [ -84.2359, 33.6205 ], [ -84.2269, 33.6093 ], [ -84.2134, 33.6053 ], [ -84.2052, 33.6074 ], [ -84.2051, 33.6142 ], [ -84.1994, 33.6226 ], [ -84.2164, 33.6269 ], [ -84.2186, 33.6307 ], [ -84.2383, 33.629 ], [ -84.2359, 33.6205 ] ] ] } },
{ "type": "Feature", "properties": { "county": "Henry", "geoid": "13151070125", "pop": 2242.0, "pop_density": 229.83387173096682, "median_hh_income": 74535.0, "mean_commute_min": 26.889423076923077 }, "geometry": { "type": "Polygon", "coordinates": [ [ [ -84.23, 33.551 ], [ -84.2257, 33.5505 ], [ -84.2201, 33.5547 ], [ -84.2078, 33.5528 ], [ -84.2099, 33.5497 ], [ -84.2058, 33.547 ], [ -84.1864, 33.5484 ], [ -84.1856, 33.551 ], [ -84.205, 33.5747 ], [ -84.2108, 33.5757 ], [ -84.2252, 33.5752 ], [ -84.2304, 33.572 ], [ -84.2344, 33.5678 ], [ -84.2354, 33.5564 ], [ -84.23, 33.551 ] ] ] } },
{ "type": "Feature", "properties": { "county": "Henry", "geoid": "13151070313", "pop": 8614.0, "pop_density": 381.8602971151505, "median_hh_income": 115527.0, "mean_commute_min": 32.850137909898869 }, "geometry": { "type": "Polygon", "coordinates": [ [ [ -84.2727, 33.4357 ], [ -84.2672, 33.4395 ], [ -84.2447, 33.441 ], [ -84.2315, 33.4465 ], [ -84.2206, 33.4463 ], [ -84.2034, 33.4519 ], [ -84.213, 33.4698 ], [ -84.2354, 33.4698 ], [ -84.2529, 33.4641 ], [ -84.2619, 33.4683 ], [ -84.2811, 33.469 ], [ -84.2873, 33.4673 ], [ -84.2943, 33.4581 ], [ -84.2947, 33.4357 ], [ -84.2727, 33.4357 ] ] ] } },
{ "type": "Feature", "properties": { "county": "Henry", "geoid": "13151070325", "pop": 2456.0, "pop_density": 464.63548816238932, "median_hh_income": 73553.0, "mean_commute_min": 31.600173460537729 }, "geometry": { "type": "Polygon", "coordinates": [ [ [ -84.1388, 33.4431 ], [ -84.1387, 33.4366 ], [ -84.1297, 33.4371 ], [ -84.1271, 33.4416 ], [ -84.1172, 33.4468 ], [ -84.1126, 33.4664 ], [ -84.1219, 33.4663 ], [ -84.1334, 33.4547 ], [ -84.1441, 33.4516 ], [ -84.1507, 33.4454 ], [ -84.1388, 33.4431 ] ] ] } },
{ "type": "Feature", "properties": { "county": "Henry", "geoid": "13151070123", "pop": 2766.0, "pop_density": 832.81646122254801, "median_hh_income": 56758.0, "mean_commute_min": 26.298882681564248 }, "geometry": { "type": "Polygon", "coordinates": [ [ [ -84.2589, 33.5003 ], [ -84.2481, 33.499 ], [ -84.2306, 33.5061 ], [ -84.2412, 33.5145 ], [ -84.245, 33.5145 ], [ -84.2577, 33.5117 ], [ -84.265, 33.5042 ], [ -84.2589, 33.5003 ] ] ] } },
{ "type": "Feature", "properties": { "county": "Henry", "geoid": "13151070322", "pop": 4922.0, "pop_density": 812.44168106431505, "median_hh_income": 78556.0, "mean_commute_min": 29.619455645161292 }, "geometry": { "type": "Polygon", "coordinates": [ [ [ -84.1814, 33.4275 ], [ -84.1745, 33.4408 ], [ -84.1709, 33.4419 ], [ -84.1851, 33.444 ], [ -84.1778, 33.4587 ], [ -84.2101, 33.4628 ], [ -84.1814, 33.4275 ] ] ] } },
{ "type": "Feature", "properties": { "county": "Henry", "geoid": "13151070321", "pop": 2685.0, "pop_density": 176.17428196677426, "median_hh_income": 89643.0, "mean_commute_min": 25.697167755991284 }, "geometry": { "type": "Polygon", "coordinates": [ [ [ -84.2361, 33.4154 ], [ -84.2364, 33.4009 ], [ -84.2227, 33.402 ], [ -84.2155, 33.4059 ], [ -84.219, 33.4161 ], [ -84.2169, 33.4267 ], [ -84.2135, 33.429 ], [ -84.2035, 33.4323 ], [ -84.1867, 33.4281 ], [ -84.1841, 33.4244 ], [ -84.1815, 33.4276 ], [ -84.2034, 33.4519 ], [ -84.2206, 33.4463 ], [ -84.2315, 33.4465 ], [ -84.2478, 33.4399 ], [ -84.2361, 33.4154 ] ] ] } },
{ "type": "Feature", "properties": { "county": "Henry", "geoid": "13151070127", "pop": 3166.0, "pop_density": 530.11819827458748, "median_hh_income": 65045.0, "mean_commute_min": 33.971583220568334 }, "geometry": { "type": "Polygon", "coordinates": [ [ [ -84.2815, 33.6394 ], [ -84.2719, 33.6392 ], [ -84.2721, 33.6312 ], [ -84.2626, 33.631 ], [ -84.2627, 33.6245 ], [ -84.2563, 33.6261 ], [ -84.2581, 33.6289 ], [ -84.2383, 33.629 ], [ -84.2376, 33.6307 ], [ -84.2455, 33.6307 ], [ -84.2458, 33.6469 ], [ -84.2817, 33.6473 ], [ -84.2815, 33.6394 ] ] ] } },
{ "type": "Feature", "properties": { "county": "Henry", "geoid": "13151070319", "pop": 4961.0, "pop_density": 622.71190091437359, "median_hh_income": 83397.0, "mean_commute_min": 26.521197007481298 }, "geometry": { "type": "Polygon", "coordinates": [ [ [ -84.2129, 33.3975 ], [ -84.1998, 33.3973 ], [ -84.189, 33.3993 ], [ -84.1875, 33.4052 ], [ -84.1729, 33.4044 ], [ -84.1611, 33.4114 ], [ -84.1815, 33.4276 ], [ -84.1969, 33.4137 ], [ -84.2155, 33.4059 ], [ -84.2129, 33.3975 ] ] ] } },
{ "type": "Feature", "properties": { "county": "Clayton", "geoid": "13063040639", "pop": 3501.0, "pop_density": 362.99541201171621, "median_hh_income": 99754.0, "mean_commute_min": 41.211465657111951 }, "geometry": { "type": "Polygon", "coordinates": [ [ [ -84.3877, 33.4461 ], [ -84.3836, 33.4456 ], [ -84.3854, 33.4415 ], [ -84.3826, 33.4397 ], [ -84.3876, 33.4264 ], [ -84.3822, 33.4211 ], [ -84.3843, 33.4155 ], [ -84.371, 33.4223 ], [ -84.3695, 33.4281 ], [ -84.3599, 33.4325 ], [ -84.3534, 33.4431 ], [ -84.3456, 33.4428 ], [ -84.3429, 33.4454 ], [ -84.3428, 33.449 ], [ -84.3501, 33.4519 ], [ -84.3687, 33.4527 ], [ -84.3846, 33.4587 ], [ -84.3837, 33.4551 ], [ -84.3888, 33.4499 ], [ -84.3877, 33.4461 ] ] ] } },
{ "type": "Feature", "properties": { "county": "Clayton", "geoid": "13063040629", "pop": 2454.0, "pop_density": 1104.7256507932505, "median_hh_income": 57905.0, "mean_commute_min": 29.015080113100847 }, "geometry": { "type": "Polygon", "coordinates": [ [ [ -84.38, 33.5482 ], [ -84.3756, 33.5465 ], [ -84.3766, 33.537 ], [ -84.3638, 33.5323 ], [ -84.3746, 33.5558 ], [ -84.386, 33.558 ], [ -84.38, 33.5482 ] ] ] } },
{ "type": "Feature", "properties": { "county": "Clayton", "geoid": "13063040309", "pop": 2972.0, "pop_density": 1105.7493758766561, "median_hh_income": 37672.0, "mean_commute_min": 33.531655225019072 }, "geometry": { "type": "Polygon", "coordinates": [ [ [ -84.3584, 33.6343 ], [ -84.357, 33.6382 ], [ -84.3437, 33.6358 ], [ -84.3419, 33.6435 ], [ -84.3269, 33.646 ], [ -84.3271, 33.6478 ], [ -84.3654, 33.6481 ], [ -84.3584, 33.6343 ] ] ] } },
{ "type": "Feature", "properties": { "county": "Clayton", "geoid": "13063040418", "pop": 3037.0, "pop_density": 1088.903190877164, "median_hh_income": 100083.0, "mean_commute_min": 24.810568295114656 }, "geometry": { "type": "Polygon", "coordinates": [ [ [ -84.3509, 33.5966 ], [ -84.3511, 33.5857 ], [ -84.3392, 33.5833 ], [ -84.3328, 33.5995 ], [ -84.3448, 33.5996 ], [ -84.3504, 33.6032 ], [ -84.3554, 33.6014 ], [ -84.3509, 33.5966 ] ] ] } },
{ "type": "Feature", "properties": { "county": "Clayton", "geoid": "13063040420", "pop": 7852.0, "pop_density": 1060.4754636068644, "median_hh_income": 67302.0, "mean_commute_min": 34.366549088771308 }, "geometry": { "type": "Polygon", "coordinates": [ [ [ -84.2914, 33.5819 ], [ -84.286, 33.5776 ], [ -84.2722, 33.578 ], [ -84.2634, 33.5723 ], [ -84.2636, 33.5822 ], [ -84.2543, 33.5822 ], [ -84.2697, 33.5985 ], [ -84.2849, 33.6085 ], [ -84.2868, 33.6023 ], [ -84.2951, 33.5947 ], [ -84.2914, 33.5819 ] ] ] } },
{ "type": "Feature", "properties": { "county": "Clayton", "geoid": "13063040310", "pop": 3539.0, "pop_density": 944.50304034434464, "median_hh_income": 56993.0, "mean_commute_min": 23.264822134387352 }, "geometry": { "type": "Polygon", "coordinates": [ [ [ -84.3435, 33.6138 ], [ -84.3389, 33.6156 ], [ -84.3439, 33.6157 ], [ -84.3413, 33.6228 ], [ -84.3437, 33.6358 ], [ -84.357, 33.6382 ], [ -84.3617, 33.6196 ], [ -84.3435, 33.6138 ] ] ] } },
{ "type": "Feature", "properties": { "county": "Clayton", "geoid": "13063040424", "pop": 3373.0, "pop_density": 887.67689718896179, "median_hh_income": 61414.0, "mean_commute_min": 33.106235565819858 }, "geometry": { "type": "Polygon", "coordinates": [ [ [ -84.3334, 33.553 ], [ -84.3201, 33.5649 ], [ -84.3409, 33.5767 ], [ -84.3455, 33.5534 ], [ -84.3334, 33.553 ] ] ] } },
{ "type": "Feature", "properties": { "county": "Clayton", "geoid": "13063040427", "pop": 4598.0, "pop_density": 1189.366371403059, "median_hh_income": 54244.0, "mean_commute_min": 32.401665895418787 }, "geometry": { "type": "Polygon", "coordinates": [ [ [ -84.2832, 33.5615 ], [ -84.2748, 33.5591 ], [ -84.2644, 33.5678 ], [ -84.2634, 33.5723 ], [ -84.2722, 33.578 ], [ -84.2868, 33.5779 ], [ -84.2921, 33.5698 ], [ -84.2832, 33.5615 ] ] ] } },
{ "type": "Feature", "properties": { "county": "Clayton", "geoid": "13063040537", "pop": 5891.0, "pop_density": 1666.4191506665254, "median_hh_income": 68962.0, "mean_commute_min": 37.914314181335108 }, "geometry": { "type": "Polygon", "coordinates": [ [ [ -84.4204, 33.5096 ], [ -84.4206, 33.494 ], [ -84.4097, 33.4939 ], [ -84.3958, 33.4866 ], [ -84.4031, 33.4945 ], [ -84.4076, 33.5093 ], [ -84.4192, 33.5109 ], [ -84.418, 33.519 ], [ -84.4222, 33.5215 ], [ -84.4245, 33.5224 ], [ -84.4275, 33.5171 ], [ -84.4204, 33.5096 ] ] ] } },
{ "type": "Feature", "properties": { "county": "Clayton", "geoid": "13063040538", "pop": 2428.0, "pop_density": 1619.4634426804653, "median_hh_income": 58306.0, "mean_commute_min": 34.982954545454547 }, "geometry": { "type": "Polygon", "coordinates": [ [ [ -84.418, 33.519 ], [ -84.4192, 33.5109 ], [ -84.4076, 33.5093 ], [ -84.4105, 33.5218 ], [ -84.4227, 33.5254 ], [ -84.4245, 33.5224 ], [ -84.418, 33.519 ] ] ] } },
{ "type": "Feature", "properties": { "county": "Clayton", "geoid": "13063040635", "pop": 2975.0, "pop_density": 662.10264660788675, "median_hh_income": 49469.0, "mean_commute_min": 33.165914221218962 }, "geometry": { "type": "Polygon", "coordinates": [ [ [ -84.3688, 33.4981 ], [ -84.3634, 33.5027 ], [ -84.3468, 33.5022 ], [ -84.3542, 33.5178 ], [ -84.3539, 33.531 ], [ -84.3475, 33.5393 ], [ -84.3608, 33.5368 ], [ -84.3617, 33.5213 ], [ -84.3721, 33.5028 ], [ -84.3688, 33.4981 ] ] ] } },
{ "type": "Feature", "properties": { "county": "Clayton", "geoid": "13063040628", "pop": 3338.0, "pop_density": 555.9106559312736, "median_hh_income": 90787.0, "mean_commute_min": 36.965628356605798 }, "geometry": { "type": "Polygon", "coordinates": [ [ [ -84.3052, 33.4929 ], [ -84.2956, 33.4978 ], [ -84.2838, 33.4956 ], [ -84.2834, 33.5057 ], [ -84.2939, 33.5037 ], [ -84.3124, 33.506 ], [ -84.3295, 33.5126 ], [ -84.3314, 33.4931 ], [ -84.3052, 33.4929 ] ] ] } },
{ "type": "Feature", "properties": { "county": "Clayton", "geoid": "13063040633", "pop": 2913.0, "pop_density": 865.89094173442743, "median_hh_income": 46057.0, "mean_commute_min": 43.289795918367346 }, "geometry": { "type": "Polygon", "coordinates": [ [ [ -84.2993, 33.5547 ], [ -84.2988, 33.5584 ], [ -84.2875, 33.5583 ], [ -84.2896, 33.5631 ], [ -84.286, 33.5638 ], [ -84.296, 33.5708 ], [ -84.3031, 33.5684 ], [ -84.3079, 33.5722 ], [ -84.32, 33.565 ], [ -84.2993, 33.5547 ] ] ] } },
{ "type": "Feature", "properties": { "county": "Cobb", "geoid": "13067030331", "pop": 5545.0, "pop_density": 879.78726442486186, "median_hh_income": 179276.0, "mean_commute_min": 32.581946545637919 }, "geometry": { "type": "Polygon", "coordinates": [ [ [ -84.4588, 33.9851 ], [ -84.4556, 33.9852 ], [ -84.4492, 33.9919 ], [ -84.4339, 33.9952 ], [ -84.4363, 34.0048 ], [ -84.4301, 34.0153 ], [ -84.4414, 34.0155 ], [ -84.4511, 34.0098 ], [ -84.4633, 34.0124 ], [ -84.4642, 34.0039 ], [ -84.4588, 33.9851 ] ] ] } },
{ "type": "Feature", "properties": { "county": "Cobb", "geoid": "13067030332", "pop": 2956.0, "pop_density": 824.09203513375326, "median_hh_income": 132279.0, "mean_commute_min": 31.258883248730964 }, "geometry": { "type": "Polygon", "coordinates": [ [ [ -84.4519, 33.9791 ], [ -84.4377, 33.9779 ], [ -84.4271, 33.9836 ], [ -84.427, 33.9883 ], [ -84.4339, 33.9952 ], [ -84.4492, 33.9919 ], [ -84.4546, 33.9856 ], [ -84.4519, 33.9791 ] ] ] } },
{ "type": "Feature", "properties": { "county": "Forsyth", "geoid": "13117130613", "pop": 6553.0, "pop_density": 813.08479631934256, "median_hh_income": 136667.0, "mean_commute_min": 28.737129012719564 }, "geometry": { "type": "Polygon", "coordinates": [ [ [ -84.2077, 34.1234 ], [ -84.2047, 34.1261 ], [ -84.2006, 34.1247 ], [ -84.1902, 34.1325 ], [ -84.1744, 34.1183 ], [ -84.1707, 34.1252 ], [ -84.1735, 34.135 ], [ -84.1729, 34.1577 ], [ -84.1838, 34.154 ], [ -84.2105, 34.1294 ], [ -84.2077, 34.1234 ] ] ] } },
{ "type": "Feature", "properties": { "county": "Cobb", "geoid": "13067031001", "pop": 5773.0, "pop_density": 402.05855652411913, "median_hh_income": 60172.0, "mean_commute_min": 22.971841704718418 }, "geometry": { "type": "Polygon", "coordinates": [ [ [ -84.5403, 33.8995 ], [ -84.54, 33.902 ], [ -84.5243, 33.9018 ], [ -84.5256, 33.9037 ], [ -84.5213, 33.9055 ], [ -84.5181, 33.9052 ], [ -84.5181, 33.8945 ], [ -84.5035, 33.8946 ], [ -84.4966, 33.8976 ], [ -84.5009, 33.9015 ], [ -84.5008, 33.9086 ], [ -84.4965, 33.9086 ], [ -84.4962, 33.9125 ], [ -84.5051, 33.9224 ], [ -84.5128, 33.9212 ], [ -84.5269, 33.9343 ], [ -84.5369, 33.9366 ], [ -84.5454, 33.9344 ], [ -84.5506, 33.9242 ], [ -84.5403, 33.8995 ] ] ] } },
{ "type": "Feature", "properties": { "county": "Cobb", "geoid": "13067030322", "pop": 3891.0, "pop_density": 1057.611130711603, "median_hh_income": 148911.0, "mean_commute_min": 35.22905759162304 }, "geometry": { "type": "Polygon", "coordinates": [ [ [ -84.4461, 34.036 ], [ -84.4364, 34.0428 ], [ -84.4329, 34.046 ], [ -84.4354, 34.0589 ], [ -84.4546, 34.0495 ], [ -84.4628, 34.0362 ], [ -84.4461, 34.036 ] ] ] } },
{ "type": "Feature", "properties": { "county": "Cobb", "geoid": "13067030319", "pop": 4486.0, "pop_density": 649.8454335538114, "median_hh_income": 111622.0, "mean_commute_min": 26.519302615193027 }, "geometry": { "type": "Polygon", "coordinates": [ [ [ -84.4114, 33.95 ], [ -84.4052, 33.9437 ], [ -84.3831, 33.9635 ], [ -84.3845, 33.9708 ], [ -84.3787, 33.9726 ], [ -84.3757, 33.978 ], [ -84.3763, 33.9891 ], [ -84.3864, 33.9927 ], [ -84.3835, 33.9903 ], [ -84.3911, 33.9801 ], [ -84.3907, 33.9734 ], [ -84.4065, 33.9659 ], [ -84.4119, 33.9664 ], [ -84.4114, 33.95 ] ] ] } },
{ "type": "Feature", "properties": { "county": "Cobb", "geoid": "13067031101", "pop": 6966.0, "pop_density": 2092.6906335721533, "median_hh_income": 62292.0, "mean_commute_min": 31.090712742980561 }, "geometry": { "type": "Polygon", "coordinates": [ [ [ -84.5144, 33.884 ], [ -84.5243, 33.9018 ], [ -84.54, 33.902 ], [ -84.5344, 33.8837 ], [ -84.5144, 33.884 ] ] ] } },
{ "type": "Feature", "properties": { "county": "Cobb", "geoid": "13067031110", "pop": 3258.0, "pop_density": 1204.8094751719755, "median_hh_income": 88804.0, "mean_commute_min": 25.958620689655174 }, "geometry": { "type": "Polygon", "coordinates": [ [ [ -84.5296, 33.8726 ], [ -84.5232, 33.8659 ], [ -84.5183, 33.8662 ], [ -84.5156, 33.8803 ], [ -84.5127, 33.8803 ], [ -84.5144, 33.884 ], [ -84.5344, 33.8837 ], [ -84.5296, 33.8726 ] ] ] } },
{ "type": "Feature", "properties": { "county": "Cobb", "geoid": "13067030334", "pop": 3460.0, "pop_density": 875.08425215072191, "median_hh_income": 126625.0, "mean_commute_min": 29.676787463271303 }, "geometry": { "type": "Polygon", "coordinates": [ [ [ -84.4304, 33.9605 ], [ -84.4119, 33.9664 ], [ -84.4164, 33.9774 ], [ -84.4271, 33.9836 ], [ -84.4371, 33.978 ], [ -84.4394, 33.9716 ], [ -84.4304, 33.9605 ] ] ] } },
{ "type": "Feature", "properties": { "county": "Cobb", "geoid": "13067030335", "pop": 4975.0, "pop_density": 962.60339037621065, "median_hh_income": 158945.0, "mean_commute_min": 30.739870816206693 }, "geometry": { "type": "Polygon", "coordinates": [ [ [ -84.4188, 34.0038 ], [ -84.408, 33.9983 ], [ -84.3944, 34.0027 ], [ -84.3968, 34.0081 ], [ -84.4007, 34.0081 ], [ -84.401, 34.0167 ], [ -84.4095, 34.019 ], [ -84.418, 34.0155 ], [ -84.4301, 34.0153 ], [ -84.436, 34.0054 ], [ -84.4188, 34.0038 ] ] ] } },
{ "type": "Feature", "properties": { "county": "Cobb", "geoid": "13067030337", "pop": 5091.0, "pop_density": 1117.5330419684035, "median_hh_income": 182358.0, "mean_commute_min": 28.362068965517242 }, "geometry": { "type": "Polygon", "coordinates": [ [ [ -84.4068, 33.9658 ], [ -84.3908, 33.9733 ], [ -84.3912, 33.9797 ], [ -84.3837, 33.9909 ], [ -84.4026, 33.9938 ], [ -84.4025, 33.9844 ], [ -84.4113, 33.9788 ], [ -84.4136, 33.9687 ], [ -84.4068, 33.9658 ] ] ] } },
{ "type": "Feature", "properties": { "county": "Cobb", "geoid": "13067030104", "pop": 3620.0, "pop_density": 896.65927542004283, "median_hh_income": 59167.0, "mean_commute_min": 32.175123762376238 }, "geometry": { "type": "Polygon", "coordinates": [ [ [ -84.6839, 34.0675 ], [ -84.6603, 34.0641 ], [ -84.6602, 34.0694 ], [ -84.6534, 34.0778 ], [ -84.6535, 34.0782 ], [ -84.6905, 34.0786 ], [ -84.6839, 34.0675 ] ] ] } },
{ "type": "Feature", "properties": { "county": "Cobb", "geoid": "13067030405", "pop": 6832.0, "pop_density": 1705.8983332534319, "median_hh_income": 65378.0, "mean_commute_min": 29.785007072135784 }, "geometry": { "type": "Polygon", "coordinates": [ [ [ -84.4924, 33.9334 ], [ -84.4852, 33.9227 ], [ -84.4687, 33.9239 ], [ -84.4987, 33.9455 ], [ -84.4976, 33.9517 ], [ -84.5162, 33.9508 ], [ -84.4924, 33.9334 ] ] ] } },
{ "type": "Feature", "properties": { "county": "Cobb", "geoid": "13067030505", "pop": 6100.0, "pop_density": 1167.2270951295825, "median_hh_income": 54679.0, "mean_commute_min": 23.630041724617524 }, "geometry": { "type": "Polygon", "coordinates": [ [ [ -84.5205, 33.9509 ], [ -84.509, 33.9509 ], [ -84.4873, 33.9716 ], [ -84.4984, 33.9763 ], [ -84.5092, 33.9678 ], [ -84.5279, 33.9607 ], [ -84.5205, 33.9509 ] ] ] } },
{ "type": "Feature", "properties": { "county": "Cobb", "geoid": "13067030700", "pop": 4440.0, "pop_density": 1030.815581752614, "median_hh_income": 58055.0, "mean_commute_min": 21.746231155778894 }, "geometry": { "type": "Polygon", "coordinates": [ [ [ -84.5432, 33.9503 ], [ -84.5205, 33.9509 ], [ -84.5473, 33.9764 ], [ -84.549, 33.9523 ], [ -84.5432, 33.9503 ] ] ] } },
{ "type": "Feature", "properties": { "county": "Cobb", "geoid": "13067030324", "pop": 4492.0, "pop_density": 1213.0220018211533, "median_hh_income": 127903.0, "mean_commute_min": 31.082666666666668 }, "geometry": { "type": "Polygon", "coordinates": [ [ [ -84.5215, 34.0691 ], [ -84.5032, 34.0687 ], [ -84.4954, 34.0607 ], [ -84.4864, 34.0614 ], [ -84.4848, 34.0747 ], [ -84.5118, 34.0752 ], [ -84.5118, 34.0786 ], [ -84.5154, 34.0787 ], [ -84.5155, 34.0753 ], [ -84.522, 34.0738 ], [ -84.5215, 34.0691 ] ] ] } },
{ "type": "Feature", "properties": { "county": "Cobb", "geoid": "13067030800", "pop": 6489.0, "pop_density": 1025.8133787943555, "median_hh_income": 69150.0, "mean_commute_min": 23.193904020752271 }, "geometry": { "type": "Polygon", "coordinates": [ [ [ -84.5269, 33.9343 ], [ -84.5121, 33.9209 ], [ -84.5051, 33.9224 ], [ -84.5205, 33.9509 ], [ -84.549, 33.9523 ], [ -84.5407, 33.9356 ], [ -84.5269, 33.9343 ] ] ] } },
{ "type": "Feature", "properties": { "county": "Cobb", "geoid": "13067030326", "pop": 4443.0, "pop_density": 625.49449683099681, "median_hh_income": 161458.0, "mean_commute_min": 30.153092467850581 }, "geometry": { "type": "Polygon", "coordinates": [ [ [ -84.4566, 34.0562 ], [ -84.4546, 34.0495 ], [ -84.4295, 34.0623 ], [ -84.4234, 34.0641 ], [ -84.419, 34.0614 ], [ -84.4189, 34.0733 ], [ -84.4605, 34.0742 ], [ -84.4654, 34.0653 ], [ -84.4566, 34.0562 ] ] ] } },
{ "type": "Feature", "properties": { "county": "Cobb", "geoid": "13067031004", "pop": 8837.0, "pop_density": 2120.9816374400662, "median_hh_income": 51125.0, "mean_commute_min": 23.211337369290039 }, "geometry": { "type": "Polygon", "coordinates": [ [ [ -84.5591, 33.8816 ], [ -84.5547, 33.8875 ], [ -84.5471, 33.8894 ], [ -84.5413, 33.902 ], [ -84.5643, 33.9023 ], [ -84.5709, 33.8809 ], [ -84.5591, 33.8816 ] ] ] } },
{ "type": "Feature", "properties": { "county": "Cobb", "geoid": "13067031005", "pop": 5078.0, "pop_density": 1002.4094939509976, "median_hh_income": 82979.0, "mean_commute_min": 33.996247654784241 }, "geometry": { "type": "Polygon", "coordinates": [ [ [ -84.5955, 33.8874 ], [ -84.5919, 33.8831 ], [ -84.5829, 33.8803 ], [ -84.5709, 33.8809 ], [ -84.5643, 33.9023 ], [ -84.5729, 33.8985 ], [ -84.5819, 33.9035 ], [ -84.5893, 33.8926 ], [ -84.5992, 33.8937 ], [ -84.6014, 33.8875 ], [ -84.5955, 33.8874 ] ] ] } },
{ "type": "Feature", "properties": { "county": "DeKalb", "geoid": "13089021912", "pop": 3485.0, "pop_density": 314.94839048720303, "median_hh_income": 148889.0, "mean_commute_min": 29.036144578313252 }, "geometry": { "type": "Polygon", "coordinates": [ [ [ -84.1777, 33.8333 ], [ -84.1781, 33.8286 ], [ -84.1679, 33.8207 ], [ -84.1525, 33.8241 ], [ -84.1261, 33.8229 ], [ -84.1357, 33.8358 ], [ -84.1444, 33.8392 ], [ -84.1576, 33.853 ], [ -84.1638, 33.855 ], [ -84.1694, 33.848 ], [ -84.1816, 33.8483 ], [ -84.1831, 33.8343 ], [ -84.1777, 33.8333 ] ] ] } },
{ "type": "Feature", "properties": { "county": "Cobb", "geoid": "13067030327", "pop": 4745.0, "pop_density": 982.04787509261678, "median_hh_income": 117888.0, "mean_commute_min": 33.664652567975828 }, "geometry": { "type": "Polygon", "coordinates": [ [ [ -84.4596, 34.0124 ], [ -84.4543, 34.0198 ], [ -84.4428, 34.0265 ], [ -84.4417, 34.0332 ], [ -84.4487, 34.0374 ], [ -84.4628, 34.0362 ], [ -84.4725, 34.0127 ], [ -84.4596, 34.0124 ] ] ] } },
{ "type": "Feature", "properties": { "county": "Cobb", "geoid": "13067031111", "pop": 3347.0, "pop_density": 1711.7122645948148, "median_hh_income": 101250.0, "mean_commute_min": 29.295774647887324 }, "geometry": { "type": "Polygon", "coordinates": [ [ [ -84.5123, 33.8798 ], [ -84.4975, 33.8719 ], [ -84.4862, 33.8832 ], [ -84.5117, 33.8837 ], [ -84.5142, 33.884 ], [ -84.5123, 33.8798 ] ] ] } },
{ "type": "Feature", "properties": { "county": "Cobb", "geoid": "13067031112", "pop": 6662.0, "pop_density": 1630.6936591913893, "median_hh_income": 112250.0, "mean_commute_min": 28.047640249332147 }, "geometry": { "type": "Polygon", "coordinates": [ [ [ -84.5102, 33.8524 ], [ -84.494, 33.8682 ], [ -84.5156, 33.8803 ], [ -84.5158, 33.8694 ], [ -84.5231, 33.866 ], [ -84.5102, 33.8524 ] ] ] } },
{ "type": "Feature", "properties": { "county": "Cobb", "geoid": "13067030329", "pop": 4497.0, "pop_density": 1053.8114017378866, "median_hh_income": 130644.0, "mean_commute_min": 29.787847040335254 }, "geometry": { "type": "Polygon", "coordinates": [ [ [ -84.4866, 34.0049 ], [ -84.4894, 33.9916 ], [ -84.4861, 33.9826 ], [ -84.4814, 33.9804 ], [ -84.4776, 33.9832 ], [ -84.4725, 34.0119 ], [ -84.4916, 34.0179 ], [ -84.4952, 34.0139 ], [ -84.4866, 34.0049 ] ] ] } },
{ "type": "Feature", "properties": { "county": "Cobb", "geoid": "13067031306", "pop": 4542.0, "pop_density": 819.94277008873325, "median_hh_income": 81477.0, "mean_commute_min": 32.081911262798634 }, "geometry": { "type": "Polygon", "coordinates": [ [ [ -84.5959, 33.8152 ], [ -84.5763, 33.8184 ], [ -84.5781, 33.8404 ], [ -84.5873, 33.84 ], [ -84.5912, 33.8293 ], [ -84.5979, 33.8319 ], [ -84.5987, 33.8279 ], [ -84.615, 33.8174 ], [ -84.5959, 33.8152 ] ] ] } },
{ "type": "Feature", "properties": { "county": "Cobb", "geoid": "13067031308", "pop": 4734.0, "pop_density": 739.2695816646152, "median_hh_income": 64321.0, "mean_commute_min": 36.996753246753244 }, "geometry": { "type": "Polygon", "coordinates": [ [ [ -84.5871, 33.7992 ], [ -84.5898, 33.794 ], [ -84.5757, 33.7893 ], [ -84.5674, 33.8017 ], [ -84.5734, 33.8158 ], [ -84.5819, 33.8188 ], [ -84.5978, 33.8153 ], [ -84.5971, 33.799 ], [ -84.5871, 33.7992 ] ] ] } },
{ "type": "Feature", "properties": { "county": "DeKalb", "geoid": "13089021405", "pop": 4992.0, "pop_density": 2077.4015169358995, "median_hh_income": 153529.0, "mean_commute_min": 23.908591408591409 }, "geometry": { "type": "Polygon", "coordinates": [ [ [ -84.3367, 33.8529 ], [ -84.3305, 33.8489 ], [ -84.3281, 33.8557 ], [ -84.3137, 33.8576 ], [ -84.3149, 33.8647 ], [ -84.3389, 33.8607 ], [ -84.3484, 33.8526 ], [ -84.3367, 33.8529 ] ] ] } },
{ "type": "Feature", "properties": { "county": "DeKalb", "geoid": "13089022001", "pop": 4743.0, "pop_density": 1083.5525720609294, "median_hh_income": 98500.0, "mean_commute_min": 33.656 }, "geometry": { "type": "Polygon", "coordinates": [ [ [ -84.2577, 33.7994 ], [ -84.2503, 33.803 ], [ -84.2517, 33.816 ], [ -84.2335, 33.8253 ], [ -84.2376, 33.8378 ], [ -84.2515, 33.8276 ], [ -84.2627, 33.8228 ], [ -84.2577, 33.7994 ] ] ] } },
{ "type": "Feature", "properties": { "county": "DeKalb", "geoid": "13089022005", "pop": 4804.0, "pop_density": 1458.3808936316962, "median_hh_income": 54224.0, "mean_commute_min": 29.868715083798882 }, "geometry": { "type": "Polygon", "coordinates": [ [ [ -84.2417, 33.7822 ], [ -84.2342, 33.7867 ], [ -84.2247, 33.7857 ], [ -84.2217, 33.7908 ], [ -84.2177, 33.7904 ], [ -84.2149, 33.8005 ], [ -84.2263, 33.7949 ], [ -84.2463, 33.796 ], [ -84.2484, 33.7839 ], [ -84.2417, 33.7822 ] ] ] } },
{ "type": "Feature", "properties": { "county": "DeKalb", "geoid": "13089023507", "pop": 3502.0, "pop_density": 977.16634038649124, "median_hh_income": 56467.0, "mean_commute_min": 37.318840579710148 }, "geometry": { "type": "Polygon", "coordinates": [ [ [ -84.2174, 33.7118 ], [ -84.2138, 33.7345 ], [ -84.2168, 33.7368 ], [ -84.2272, 33.7371 ], [ -84.2288, 33.7171 ], [ -84.2369, 33.7144 ], [ -84.2174, 33.7118 ] ] ] } },
{ "type": "Feature", "properties": { "county": "DeKalb", "geoid": "13089023602", "pop": 2234.0, "pop_density": 815.7381225023953, "median_hh_income": 54412.0, "mean_commute_min": 30.902864259028643 }, "geometry": { "type": "Polygon", "coordinates": [ [ [ -84.3092, 33.7188 ], [ -84.3056, 33.7153 ], [ -84.2978, 33.715 ], [ -84.2916, 33.7271 ], [ -84.2813, 33.7295 ], [ -84.2832, 33.7318 ], [ -84.3093, 33.7304 ], [ -84.3092, 33.7188 ] ] ] } },
{ "type": "Feature", "properties": { "county": "DeKalb", "geoid": "13089023603", "pop": 4140.0, "pop_density": 1405.2127963972246, "median_hh_income": 44714.0, "mean_commute_min": 35.509291121816929 }, "geometry": { "type": "Polygon", "coordinates": [ [ [ -84.2888, 33.7122 ], [ -84.2723, 33.7137 ], [ -84.2813, 33.7295 ], [ -84.2916, 33.7271 ], [ -84.2978, 33.7152 ], [ -84.2888, 33.7122 ] ] ] } },
{ "type": "Feature", "properties": { "county": "DeKalb", "geoid": "13089021502", "pop": 4484.0, "pop_density": 1248.5628579280817, "median_hh_income": 105676.0, "mean_commute_min": 25.124604430379748 }, "geometry": { "type": "Polygon", "coordinates": [ [ [ -84.3483, 33.8064 ], [ -84.3406, 33.803 ], [ -84.3344, 33.8089 ], [ -84.3349, 33.8236 ], [ -84.3297, 33.8276 ], [ -84.3357, 33.8322 ], [ -84.3485, 33.8249 ], [ -84.3483, 33.8064 ] ] ] } },
{ "type": "Feature", "properties": { "county": "DeKalb", "geoid": "13089021602", "pop": 3803.0, "pop_density": 1192.4844942523689, "median_hh_income": 122697.0, "mean_commute_min": 23.285123966942148 }, "geometry": { "type": "Polygon", "coordinates": [ [ [ -84.3047, 33.805 ], [ -84.2828, 33.8172 ], [ -84.2826, 33.8267 ], [ -84.3039, 33.8201 ], [ -84.31, 33.8077 ], [ -84.3047, 33.805 ] ] ] } },
{ "type": "Feature", "properties": { "county": "Gwinnett", "geoid": "13135050466", "pop": 3357.0, "pop_density": 808.28033483079082, "median_hh_income": 99934.0, "mean_commute_min": 33.687399030694671 }, "geometry": { "type": "Polygon", "coordinates": [ [ [ -84.1343, 33.8343 ], [ -84.1291, 33.843 ], [ -84.1222, 33.8471 ], [ -84.1355, 33.8631 ], [ -84.1435, 33.8562 ], [ -84.1481, 33.8435 ], [ -84.1343, 33.8343 ] ] ] } },
{ "type": "Feature", "properties": { "county": "Gwinnett", "geoid": "13135050465", "pop": 3828.0, "pop_density": 869.38036890071078, "median_hh_income": 88712.0, "mean_commute_min": 36.282868525896411 }, "geometry": { "type": "Polygon", "coordinates": [ [ [ -84.1576, 33.853 ], [ -84.1483, 33.8427 ], [ -84.1482, 33.8484 ], [ -84.1417, 33.8582 ], [ -84.1467, 33.8662 ], [ -84.146, 33.8715 ], [ -84.153, 33.8771 ], [ -84.1624, 33.871 ], [ -84.1604, 33.8681 ], [ -84.1638, 33.855 ], [ -84.1576, 33.853 ] ] ] } },
{ "type": "Feature", "properties": { "county": "Gwinnett", "geoid": "13135050463", "pop": 3465.0, "pop_density": 2016.0363619649283, "median_hh_income": 37883.0, "mean_commute_min": 26.181566181566183 }, "geometry": { "type": "Polygon", "coordinates": [ [ [ -84.203, 33.8726 ], [ -84.188, 33.8666 ], [ -84.1894, 33.8801 ], [ -84.1965, 33.8824 ], [ -84.1997, 33.8791 ], [ -84.2077, 33.8779 ], [ -84.203, 33.8726 ] ] ] } },
{ "type": "Feature", "properties": { "county": "Gwinnett", "geoid": "13135050622", "pop": 2723.0, "pop_density": 144.9734540987584, "median_hh_income": 64567.0, "mean_commute_min": 49.664143803216653 }, "geometry": { "type": "Polygon", "coordinates": [ [ [ -83.9392, 33.9786 ], [ -83.9265, 33.983 ], [ -83.9142, 33.9739 ], [ -83.855, 33.9731 ], [ -83.833, 33.9694 ], [ -83.8331, 33.9701 ], [ -83.8344, 33.9725 ], [ -83.8342, 33.9737 ], [ -83.8352, 33.9752 ], [ -83.8348, 33.9761 ], [ -83.8389, 33.9843 ], [ -83.8558, 33.9932 ], [ -83.8662, 34.0036 ], [ -83.8827, 33.997 ], [ -83.8936, 33.9885 ], [ -83.9156, 33.9909 ], [ -83.9277, 33.984 ], [ -83.9371, 33.9873 ], [ -83.9508, 33.9845 ], [ -83.9392, 33.9786 ] ] ] } },
{ "type": "Feature", "properties": { "county": "Gwinnett", "geoid": "13135050582", "pop": 2291.0, "pop_density": 725.72388661094863, "median_hh_income": 104152.0, "mean_commute_min": 31.548804780876495 }, "geometry": { "type": "Polygon", "coordinates": [ [ [ -83.9667, 33.9874 ], [ -83.9537, 33.9911 ], [ -83.9523, 33.9962 ], [ -83.9602, 34.0087 ], [ -83.9676, 34.0056 ], [ -83.9764, 33.9956 ], [ -83.9667, 33.9874 ] ] ] } },
{ "type": "Feature", "properties": { "county": "Gwinnett", "geoid": "13135050619", "pop": 6665.0, "pop_density": 343.5516717177955, "median_hh_income": 103587.0, "mean_commute_min": 39.759765625 }, "geometry": { "type": "Polygon", "coordinates": [ [ [ -83.9056, 34.0306 ], [ -83.8894, 34.0346 ], [ -83.8649, 34.0135 ], [ -83.8402, 34.0731 ], [ -83.8601, 34.0717 ], [ -83.8677, 34.0737 ], [ -83.8808, 34.0568 ], [ -83.9001, 34.0531 ], [ -83.8965, 34.0466 ], [ -83.9102, 34.0356 ], [ -83.9056, 34.0306 ] ] ] } },
{ "type": "Feature", "properties": { "county": "Gwinnett", "geoid": "13135050243", "pop": 6092.0, "pop_density": 799.07584229243992, "median_hh_income": 181392.0, "mean_commute_min": 34.305251641137858 }, "geometry": { "type": "Polygon", "coordinates": [ [ [ -84.1054, 34.0543 ], [ -84.1008, 34.0534 ], [ -84.0948, 34.0572 ], [ -84.0887, 34.0521 ], [ -84.0747, 34.063 ], [ -84.0816, 34.0707 ], [ -84.0928, 34.0742 ], [ -84.0941, 34.0844 ], [ -84.1038, 34.079 ], [ -84.1133, 34.0783 ], [ -84.118, 34.0667 ], [ -84.1054, 34.0543 ] ] ] } },
{ "type": "Feature", "properties": { "county": "Gwinnett", "geoid": "13135050758", "pop": 2818.0, "pop_density": 543.8669830281849, "median_hh_income": 75391.0, "mean_commute_min": 36.948798328108673 }, "geometry": { "type": "Polygon", "coordinates": [ [ [ -84.0069, 33.8546 ], [ -83.9938, 33.856 ], [ -83.9917, 33.8605 ], [ -83.999, 33.8676 ], [ -83.9934, 33.8732 ], [ -83.9975, 33.8753 ], [ -83.9999, 33.8818 ], [ -84.0128, 33.8777 ], [ -84.0201, 33.8576 ], [ -84.0069, 33.8546 ] ] ] } },
{ "type": "Feature", "properties": { "county": "Gwinnett", "geoid": "13135050756", "pop": 5739.0, "pop_density": 1653.4192416052024, "median_hh_income": 150268.0, "mean_commute_min": 35.868706811451133 }, "geometry": { "type": "Polygon", "coordinates": [ [ [ -84.0412, 33.8854 ], [ -84.0241, 33.8936 ], [ -84.0145, 33.8951 ], [ -84.0142, 33.9047 ], [ -84.0208, 33.9064 ], [ -84.0255, 33.9001 ], [ -84.0308, 33.9007 ], [ -84.0584, 33.8884 ], [ -84.0412, 33.8854 ] ] ] } },
{ "type": "Feature", "properties": { "county": "DeKalb", "geoid": "13089021703", "pop": 4346.0, "pop_density": 832.71604536137318, "median_hh_income": 184583.0, "mean_commute_min": 27.26145755071375 }, "geometry": { "type": "Polygon", "coordinates": [ [ [ -84.2897, 33.8321 ], [ -84.2723, 33.8339 ], [ -84.2676, 33.8395 ], [ -84.2535, 33.8465 ], [ -84.2641, 33.8557 ], [ -84.2798, 33.8559 ], [ -84.2903, 33.8384 ], [ -84.2897, 33.8321 ] ] ] } },
{ "type": "Feature", "properties": { "county": "DeKalb", "geoid": "13089022401", "pop": 4002.0, "pop_density": 1519.5669879577545, "median_hh_income": 120000.0, "mean_commute_min": 25.554054054054053 }, "geometry": { "type": "Polygon", "coordinates": [ [ [ -84.3342, 33.7792 ], [ -84.3378, 33.7816 ], [ -84.3322, 33.79 ], [ -84.3285, 33.7907 ], [ -84.3352, 33.8013 ], [ -84.3429, 33.7961 ], [ -84.344, 33.7906 ], [ -84.3484, 33.7905 ], [ -84.3452, 33.7793 ], [ -84.3342, 33.7792 ] ] ] } },
{ "type": "Feature", "properties": { "county": "DeKalb", "geoid": "13089022403", "pop": 4107.0, "pop_density": 844.86528852345032, "median_hh_income": 250001.0, "mean_commute_min": 28.565121412803531 }, "geometry": { "type": "Polygon", "coordinates": [ [ [ -84.3301, 33.7793 ], [ -84.3314, 33.7716 ], [ -84.3284, 33.7715 ], [ -84.3284, 33.7678 ], [ -84.323, 33.7696 ], [ -84.317, 33.7642 ], [ -84.3124, 33.7651 ], [ -84.3139, 33.7801 ], [ -84.3078, 33.7908 ], [ -84.3134, 33.7923 ], [ -84.3237, 33.7882 ], [ -84.3317, 33.7904 ], [ -84.3377, 33.7817 ], [ -84.3301, 33.7793 ] ] ] } },
{ "type": "Feature", "properties": { "county": "Gwinnett", "geoid": "13135050762", "pop": 5472.0, "pop_density": 684.97437604993104, "median_hh_income": 114879.0, "mean_commute_min": 38.387327298713672 }, "geometry": { "type": "Polygon", "coordinates": [ [ [ -84.0364, 33.8705 ], [ -84.0189, 33.8604 ], [ -84.0063, 33.8978 ], [ -84.0142, 33.9047 ], [ -84.0145, 33.8951 ], [ -84.0245, 33.8934 ], [ -84.0447, 33.8834 ], [ -84.0364, 33.8705 ] ] ] } },
{ "type": "Feature", "properties": { "county": "Gwinnett", "geoid": "13135050759", "pop": 4551.0, "pop_density": 847.04405634155137, "median_hh_income": 118479.0, "mean_commute_min": 28.946796959826276 }, "geometry": { "type": "Polygon", "coordinates": [ [ [ -84.0023, 33.8825 ], [ -83.9934, 33.8732 ], [ -83.9845, 33.8761 ], [ -83.9827, 33.8896 ], [ -83.9864, 33.8969 ], [ -83.9917, 33.898 ], [ -83.9952, 33.903 ], [ -84.0064, 33.8978 ], [ -84.0127, 33.8779 ], [ -84.0023, 33.8825 ] ] ] } },
{ "type": "Feature", "properties": { "county": "Gwinnett", "geoid": "13135050746", "pop": 7215.0, "pop_density": 864.01111682328428, "median_hh_income": 94882.0, "mean_commute_min": 35.422910422910419 }, "geometry": { "type": "Polygon", "coordinates": [ [ [ -83.9827, 33.8896 ], [ -83.9845, 33.8763 ], [ -83.9804, 33.8671 ], [ -83.9755, 33.8605 ], [ -83.9633, 33.8633 ], [ -83.9602, 33.8711 ], [ -83.9456, 33.878 ], [ -83.948, 33.8848 ], [ -83.9452, 33.8867 ], [ -83.9557, 33.8943 ], [ -83.9675, 33.8849 ], [ -83.9731, 33.886 ], [ -83.9791, 33.8911 ], [ -83.9779, 33.8942 ], [ -83.9864, 33.8969 ], [ -83.9827, 33.8896 ] ] ] } },
{ "type": "Feature", "properties": { "county": "Gwinnett", "geoid": "13135050747", "pop": 4867.0, "pop_density": 887.08357468252177, "median_hh_income": 77383.0, "mean_commute_min": 29.570297776102525 }, "geometry": { "type": "Polygon", "coordinates": [ [ [ -83.9232, 33.8513 ], [ -83.9185, 33.8534 ], [ -83.9281, 33.8632 ], [ -83.9298, 33.8696 ], [ -83.9402, 33.8683 ], [ -83.9456, 33.878 ], [ -83.9602, 33.8711 ], [ -83.9632, 33.8634 ], [ -83.9232, 33.8513 ] ] ] } },
{ "type": "Feature", "properties": { "county": "Gwinnett", "geoid": "13135050742", "pop": 4473.0, "pop_density": 597.43196414606825, "median_hh_income": 115893.0, "mean_commute_min": 34.846964375313597 }, "geometry": { "type": "Polygon", "coordinates": [ [ [ -83.9388, 33.8814 ], [ -83.9069, 33.8965 ], [ -83.9331, 33.9124 ], [ -83.9557, 33.8943 ], [ -83.9388, 33.8814 ] ] ] } },
{ "type": "Feature", "properties": { "county": "Gwinnett", "geoid": "13135050744", "pop": 7615.0, "pop_density": 427.87490072908986, "median_hh_income": 94642.0, "mean_commute_min": 42.181719260065286 }, "geometry": { "type": "Polygon", "coordinates": [ [ [ -83.9109, 33.8672 ], [ -83.9015, 33.8482 ], [ -83.8551, 33.8853 ], [ -83.8763, 33.8876 ], [ -83.8864, 33.8924 ], [ -83.8949, 33.8894 ], [ -83.9069, 33.8965 ], [ -83.9387, 33.8815 ], [ -83.9109, 33.8672 ] ] ] } },
{ "type": "Feature", "properties": { "county": "Gwinnett", "geoid": "13135050451", "pop": 2692.0, "pop_density": 4823.5169745869462, "median_hh_income": 43708.0, "mean_commute_min": 28.578161822466615 }, "geometry": { "type": "Polygon", "coordinates": [ [ [ -84.2201, 33.896 ], [ -84.2163, 33.8951 ], [ -84.2102, 33.8952 ], [ -84.2085, 33.8979 ], [ -84.2157, 33.9025 ], [ -84.2207, 33.8995 ], [ -84.2201, 33.896 ] ] ] } },
{ "type": "Feature", "properties": { "county": "Gwinnett", "geoid": "13135050455", "pop": 2074.0, "pop_density": 2967.4184889916501, "median_hh_income": 44233.0, "mean_commute_min": 30.40358744394619 }, "geometry": { "type": "Polygon", "coordinates": [ [ [ -84.2179, 33.8865 ], [ -84.2096, 33.8931 ], [ -84.2184, 33.8955 ], [ -84.2184, 33.8935 ], [ -84.2249, 33.8929 ], [ -84.2179, 33.8865 ] ] ] } },
{ "type": "Feature", "properties": { "county": "Gwinnett", "geoid": "13135050445", "pop": 3227.0, "pop_density": 3295.4396915133493, "median_hh_income": 39418.0, "mean_commute_min": 30.373730043541364 }, "geometry": { "type": "Polygon", "coordinates": [ [ [ -84.2083, 33.8909 ], [ -84.2045, 33.8928 ], [ -84.2006, 33.8891 ], [ -84.1962, 33.8928 ], [ -84.2053, 33.9022 ], [ -84.2102, 33.8952 ], [ -84.2083, 33.8909 ] ] ] } },
{ "type": "Feature", "properties": { "county": "Gwinnett", "geoid": "13135050461", "pop": 3034.0, "pop_density": 750.66772066946498, "median_hh_income": 47094.0, "mean_commute_min": 31.839477726574501 }, "geometry": { "type": "Polygon", "coordinates": [ [ [ -84.1185, 33.8664 ], [ -84.1137, 33.869 ], [ -84.1147, 33.8756 ], [ -84.1124, 33.8735 ], [ -84.1073, 33.876 ], [ -84.1159, 33.8831 ], [ -84.1116, 33.8884 ], [ -84.1165, 33.8961 ], [ -84.1249, 33.8932 ], [ -84.1336, 33.8851 ], [ -84.1185, 33.8664 ] ] ] } },
{ "type": "Feature", "properties": { "county": "Gwinnett", "geoid": "13135050550", "pop": 4190.0, "pop_density": 1160.6902200906891, "median_hh_income": 74469.0, "mean_commute_min": 41.607237892496009 }, "geometry": { "type": "Polygon", "coordinates": [ [ [ -84.0795, 33.9025 ], [ -84.0784, 33.9132 ], [ -84.0695, 33.9126 ], [ -84.069, 33.9183 ], [ -84.0725, 33.9235 ], [ -84.0823, 33.9223 ], [ -84.0976, 33.9146 ], [ -84.0983, 33.9095 ], [ -84.0795, 33.9025 ] ] ] } },
{ "type": "Feature", "properties": { "county": "Gwinnett", "geoid": "13135050739", "pop": 4394.0, "pop_density": 480.01534650793752, "median_hh_income": 125476.0, "mean_commute_min": 47.805825242718448 }, "geometry": { "type": "Polygon", "coordinates": [ [ [ -84.0261, 33.8068 ], [ -84.028, 33.8043 ], [ -84.0033, 33.8033 ], [ -83.9901, 33.8153 ], [ -83.9854, 33.8265 ], [ -84.0022, 33.8349 ], [ -84.013, 33.8337 ], [ -84.0294, 33.8112 ], [ -84.0261, 33.8068 ] ] ] } },
{ "type": "Feature", "properties": { "county": "Gwinnett", "geoid": "13135050737", "pop": 4310.0, "pop_density": 392.60696490221261, "median_hh_income": 90346.0, "mean_commute_min": 42.674346201743461 }, "geometry": { "type": "Polygon", "coordinates": [ [ [ -83.9977, 33.7899 ], [ -83.9992, 33.7821 ], [ -83.9937, 33.777 ], [ -83.9667, 33.7987 ], [ -83.9665, 33.8145 ], [ -83.974, 33.8224 ], [ -83.9854, 33.8265 ], [ -83.9901, 33.8153 ], [ -84.0033, 33.8033 ], [ -83.9977, 33.7899 ] ] ] } },
{ "type": "Feature", "properties": { "county": "Gwinnett", "geoid": "13135050736", "pop": 6408.0, "pop_density": 698.52460658664654, "median_hh_income": 86888.0, "mean_commute_min": 49.22784810126582 }, "geometry": { "type": "Polygon", "coordinates": [ [ [ -83.9667, 33.7987 ], [ -83.9204, 33.8338 ], [ -83.9222, 33.8363 ], [ -83.9353, 33.8302 ], [ -83.9408, 33.8312 ], [ -83.9438, 33.8394 ], [ -83.9554, 33.8519 ], [ -83.9605, 33.8368 ], [ -83.9607, 33.8229 ], [ -83.9681, 33.8062 ], [ -83.9667, 33.7987 ] ] ] } },
{ "type": "Feature", "properties": { "county": "Gwinnett", "geoid": "13135050751", "pop": 3124.0, "pop_density": 651.67793509045794, "median_hh_income": 68897.0, "mean_commute_min": 31.676994577846632 }, "geometry": { "type": "Polygon", "coordinates": [ [ [ -83.974, 33.8224 ], [ -83.9665, 33.8145 ], [ -83.9607, 33.8229 ], [ -83.9582, 33.8444 ], [ -83.976, 33.8387 ], [ -83.9811, 33.84 ], [ -83.9853, 33.8266 ], [ -83.974, 33.8224 ] ] ] } },
{ "type": "Feature", "properties": { "county": "Gwinnett", "geoid": "13135050764", "pop": 2658.0, "pop_density": 675.98103082275134, "median_hh_income": 106651.0, "mean_commute_min": 33.101667990468627 }, "geometry": { "type": "Polygon", "coordinates": [ [ [ -84.0888, 33.8318 ], [ -84.0601, 33.842 ], [ -84.0642, 33.8504 ], [ -84.0774, 33.8546 ], [ -84.0811, 33.8529 ], [ -84.0864, 33.8567 ], [ -84.0874, 33.8544 ], [ -84.0829, 33.8515 ], [ -84.0864, 33.8472 ], [ -84.0847, 33.8422 ], [ -84.0803, 33.8407 ], [ -84.0905, 33.8368 ], [ -84.0888, 33.8318 ] ] ] } },
{ "type": "Feature", "properties": { "county": "Gwinnett", "geoid": "13135050752", "pop": 3170.0, "pop_density": 591.41603468794972, "median_hh_income": 103000.0, "mean_commute_min": 37.135989010989015 }, "geometry": { "type": "Polygon", "coordinates": [ [ [ -83.976, 33.8387 ], [ -83.9582, 33.8444 ], [ -83.9554, 33.8519 ], [ -83.9366, 33.8554 ], [ -83.9669, 33.8631 ], [ -83.9755, 33.8605 ], [ -83.9817, 33.8428 ], [ -83.976, 33.8387 ] ] ] } },
{ "type": "Feature", "properties": { "county": "Gwinnett", "geoid": "13135050748", "pop": 5252.0, "pop_density": 806.07731957497072, "median_hh_income": 61094.0, "mean_commute_min": 49.302246426140229 }, "geometry": { "type": "Polygon", "coordinates": [ [ [ -83.9407, 33.8686 ], [ -83.9298, 33.8696 ], [ -83.9281, 33.8632 ], [ -83.9185, 33.8534 ], [ -83.9232, 33.8513 ], [ -83.9085, 33.8428 ], [ -83.9015, 33.8482 ], [ -83.9109, 33.8672 ], [ -83.9452, 33.8867 ], [ -83.948, 33.8848 ], [ -83.9407, 33.8686 ] ] ] } },
{ "type": "Feature", "properties": { "county": "Gwinnett", "geoid": "13135050446", "pop": 3625.0, "pop_density": 2701.139918302626, "median_hh_income": 47961.0, "mean_commute_min": 34.003800217155266 }, "geometry": { "type": "Polygon", "coordinates": [ [ [ -84.2037, 33.8863 ], [ -84.2029, 33.8786 ], [ -84.1965, 33.8824 ], [ -84.1894, 33.8801 ], [ -84.1962, 33.8928 ], [ -84.2006, 33.8891 ], [ -84.2045, 33.8928 ], [ -84.2083, 33.8909 ], [ -84.2037, 33.8863 ] ] ] } },
{ "type": "Feature", "properties": { "county": "Gwinnett", "geoid": "13135050755", "pop": 2828.0, "pop_density": 857.42595150631666, "median_hh_income": 89898.0, "mean_commute_min": 28.938832252085263 }, "geometry": { "type": "Polygon", "coordinates": [ [ [ -83.9917, 33.8605 ], [ -83.9936, 33.8529 ], [ -83.9779, 33.8577 ], [ -83.975, 33.8563 ], [ -83.9845, 33.8761 ], [ -83.9929, 33.8738 ], [ -83.9989, 33.8677 ], [ -83.9917, 33.8605 ] ] ] } },
{ "type": "Feature", "properties": { "county": "Gwinnett", "geoid": "13135050589", "pop": 5658.0, "pop_density": 1262.7570150191757, "median_hh_income": 69075.0, "mean_commute_min": 34.682791435368756 }, "geometry": { "type": "Polygon", "coordinates": [ [ [ -84.0157, 33.9208 ], [ -84.0057, 33.9199 ], [ -84.0142, 33.9047 ], [ -84.0063, 33.8979 ], [ -83.9969, 33.9276 ], [ -84.0007, 33.9276 ], [ -84.0012, 33.93 ], [ -84.0103, 33.9251 ], [ -84.0192, 33.9383 ], [ -84.0333, 33.9386 ], [ -84.0157, 33.9208 ] ] ] } },
{ "type": "Feature", "properties": { "county": "Gwinnett", "geoid": "13135050741", "pop": 6610.0, "pop_density": 1095.4781281411094, "median_hh_income": 120994.0, "mean_commute_min": 43.729244323957978 }, "geometry": { "type": "Polygon", "coordinates": [ [ [ -83.9557, 33.8943 ], [ -83.9331, 33.9124 ], [ -83.9509, 33.9251 ], [ -83.9709, 33.9148 ], [ -83.9557, 33.8943 ] ] ] } },
{ "type": "Feature", "properties": { "county": "Gwinnett", "geoid": "13135050743", "pop": 5081.0, "pop_density": 377.65810056928933, "median_hh_income": 90958.0, "mean_commute_min": 35.30439121756487 }, "geometry": { "type": "Polygon", "coordinates": [ [ [ -83.9168, 33.9007 ], [ -83.8949, 33.8894 ], [ -83.8864, 33.8924 ], [ -83.8763, 33.8876 ], [ -83.8551, 33.8853 ], [ -83.8432, 33.8948 ], [ -83.8495, 33.8982 ], [ -83.8577, 33.8969 ], [ -83.8645, 33.8991 ], [ -83.8761, 33.9069 ], [ -83.8804, 33.9069 ], [ -83.8866, 33.9145 ], [ -83.897, 33.9131 ], [ -83.9005, 33.9151 ], [ -83.9143, 33.9102 ], [ -83.9287, 33.9191 ], [ -83.9422, 33.9195 ], [ -83.9168, 33.9007 ] ] ] } },
{ "type": "Feature", "properties": { "county": "Gwinnett", "geoid": "13135050453", "pop": 2881.0, "pop_density": 526.80102500375767, "median_hh_income": 40213.0, "mean_commute_min": 32.580019398642094 }, "geometry": { "type": "Polygon", "coordinates": [ [ [ -84.1592, 33.911 ], [ -84.1491, 33.9158 ], [ -84.137, 33.9156 ], [ -84.1388, 33.9278 ], [ -84.1593, 33.9362 ], [ -84.176, 33.9283 ], [ -84.1592, 33.911 ] ] ] } },
{ "type": "Feature", "properties": { "county": "Gwinnett", "geoid": "13135050440", "pop": 7705.0, "pop_density": 2369.1356206381997, "median_hh_income": 39744.0, "mean_commute_min": 32.152446946730187 }, "geometry": { "type": "Polygon", "coordinates": [ [ [ -84.1325, 33.9122 ], [ -84.1138, 33.9112 ], [ -84.1138, 33.9236 ], [ -84.1211, 33.9213 ], [ -84.1276, 33.9295 ], [ -84.1381, 33.925 ], [ -84.1391, 33.9212 ], [ -84.1325, 33.9122 ] ] ] } },
{ "type": "Feature", "properties": { "county": "Gwinnett", "geoid": "13135050554", "pop": 4317.0, "pop_density": 1251.9048993067688, "median_hh_income": 49813.0, "mean_commute_min": 30.310894141829394 }, "geometry": { "type": "Polygon", "coordinates": [ [ [ -84.0982, 33.9141 ], [ -84.0842, 33.9223 ], [ -84.0845, 33.9283 ], [ -84.0888, 33.9286 ], [ -84.0867, 33.9313 ], [ -84.0904, 33.9358 ], [ -84.1139, 33.9248 ], [ -84.0982, 33.9141 ] ] ] } },
{ "type": "Feature", "properties": { "county": "Gwinnett", "geoid": "13135050555", "pop": 4771.0, "pop_density": 1574.6867211761532, "median_hh_income": 80446.0, "mean_commute_min": 31.907032181168056 }, "geometry": { "type": "Polygon", "coordinates": [ [ [ -84.0867, 33.9313 ], [ -84.0888, 33.9286 ], [ -84.0845, 33.9283 ], [ -84.0844, 33.9214 ], [ -84.0646, 33.9256 ], [ -84.0766, 33.9425 ], [ -84.0903, 33.9359 ], [ -84.0867, 33.9313 ] ] ] } },
{ "type": "Feature", "properties": { "county": "Gwinnett", "geoid": "13135050567", "pop": 4279.0, "pop_density": 1682.6589393074869, "median_hh_income": 60458.0, "mean_commute_min": 30.620155038759691 }, "geometry": { "type": "Polygon", "coordinates": [ [ [ -84.0618, 33.9092 ], [ -84.0553, 33.9133 ], [ -84.0489, 33.9129 ], [ -84.0524, 33.9273 ], [ -84.0717, 33.9236 ], [ -84.0618, 33.9092 ] ] ] } },
{ "type": "Feature", "properties": { "county": "Gwinnett", "geoid": "13135050591", "pop": 4161.0, "pop_density": 1815.5638458014266, "median_hh_income": 139632.0, "mean_commute_min": 39.400977995110026 }, "geometry": { "type": "Polygon", "coordinates": [ [ [ -84.0251, 33.9103 ], [ -84.0244, 33.9069 ], [ -84.0142, 33.9047 ], [ -84.0057, 33.9199 ], [ -84.0155, 33.9207 ], [ -84.0344, 33.91 ], [ -84.0251, 33.9103 ] ] ] } },
{ "type": "Feature", "properties": { "county": "Gwinnett", "geoid": "13135050242", "pop": 3744.0, "pop_density": 629.68956001955667, "median_hh_income": 97269.0, "mean_commute_min": 40.571942446043167 }, "geometry": { "type": "Polygon", "coordinates": [ [ [ -84.0816, 34.0707 ], [ -84.0747, 34.063 ], [ -84.0569, 34.0803 ], [ -84.0654, 34.0826 ], [ -84.0783, 34.0963 ], [ -84.0897, 34.083 ], [ -84.0941, 34.0844 ], [ -84.092, 34.0733 ], [ -84.0816, 34.0707 ] ] ] } },
{ "type": "Feature", "properties": { "county": "Gwinnett", "geoid": "13135050634", "pop": 6518.0, "pop_density": 1001.5659648277938, "median_hh_income": 72759.0, "mean_commute_min": 33.749619714024945 }, "geometry": { "type": "Polygon", "coordinates": [ [ [ -83.9715, 34.073 ], [ -83.9718, 34.0696 ], [ -83.9613, 34.0705 ], [ -83.9443, 34.0643 ], [ -83.9431, 34.0703 ], [ -83.9472, 34.0783 ], [ -83.9394, 34.0875 ], [ -83.9386, 34.095 ], [ -83.9555, 34.0934 ], [ -83.9678, 34.0803 ], [ -83.9752, 34.0815 ], [ -83.9755, 34.0754 ], [ -83.9715, 34.073 ] ] ] } },
{ "type": "Feature", "properties": { "county": "Gwinnett", "geoid": "13135050234", "pop": 4141.0, "pop_density": 789.87465007847243, "median_hh_income": 133969.0, "mean_commute_min": 35.801749271137027 }, "geometry": { "type": "Polygon", "coordinates": [ [ [ -84.1496, 34.0125 ], [ -84.1435, 34.002 ], [ -84.1312, 34.0089 ], [ -84.1411, 34.03 ], [ -84.1571, 34.0324 ], [ -84.1681, 34.0288 ], [ -84.1496, 34.0125 ] ] ] } },
{ "type": "Feature", "properties": { "county": "Gwinnett", "geoid": "13135050617", "pop": 10589.0, "pop_density": 583.62814206508801, "median_hh_income": 140372.0, "mean_commute_min": 37.786195286195287 }, "geometry": { "type": "Polygon", "coordinates": [ [ [ -83.9178, 34.0723 ], [ -83.9089, 34.0692 ], [ -83.8793, 34.0768 ], [ -83.861, 34.0717 ], [ -83.8402, 34.0731 ], [ -83.8177, 34.1275 ], [ -83.8677, 34.0985 ], [ -83.8711, 34.0893 ], [ -83.8816, 34.0852 ], [ -83.8863, 34.0782 ], [ -83.9179, 34.0749 ], [ -83.9178, 34.0723 ] ] ] } },
{ "type": "Feature", "properties": { "county": "Gwinnett", "geoid": "13135050119", "pop": 5108.0, "pop_density": 751.58066624948151, "median_hh_income": 94402.0, "mean_commute_min": 29.821755027422302 }, "geometry": { "type": "Polygon", "coordinates": [ [ [ -84.0654, 34.0826 ], [ -84.0556, 34.0804 ], [ -84.0471, 34.0828 ], [ -84.0339, 34.0926 ], [ -84.0277, 34.105 ], [ -84.0342, 34.1065 ], [ -84.0537, 34.093 ], [ -84.0614, 34.0962 ], [ -84.0645, 34.1022 ], [ -84.0801, 34.099 ], [ -84.0654, 34.0826 ] ] ] } },
{ "type": "Feature", "properties": { "county": "Gwinnett", "geoid": "13135050114", "pop": 2775.0, "pop_density": 592.20858375931448, "median_hh_income": 82727.0, "mean_commute_min": 40.821917808219176 }, "geometry": { "type": "Polygon", "coordinates": [ [ [ -84.0434, 34.0844 ], [ -84.0379, 34.0817 ], [ -84.0197, 34.0893 ], [ -84.0141, 34.0838 ], [ -84.0095, 34.0853 ], [ -84.0045, 34.0881 ], [ -84.0067, 34.0988 ], [ -84.0088, 34.1004 ], [ -84.0132, 34.0961 ], [ -84.0277, 34.105 ], [ -84.0332, 34.0933 ], [ -84.0471, 34.0828 ], [ -84.0434, 34.0844 ] ] ] } },
{ "type": "Feature", "properties": { "county": "Gwinnett", "geoid": "13135050115", "pop": 3123.0, "pop_density": 439.20523401003942, "median_hh_income": 47454.0, "mean_commute_min": 35.826124567474047 }, "geometry": { "type": "Polygon", "coordinates": [ [ [ -84.0041, 34.0913 ], [ -84.0073, 34.0881 ], [ -84.003, 34.083 ], [ -83.9966, 34.0893 ], [ -83.9842, 34.0782 ], [ -83.9777, 34.0897 ], [ -83.9791, 34.097 ], [ -83.9736, 34.1041 ], [ -83.9871, 34.1067 ], [ -83.9947, 34.1148 ], [ -84.0088, 34.1004 ], [ -84.0041, 34.0913 ] ] ] } },
{ "type": "Feature", "properties": { "county": "Gwinnett", "geoid": "13135050631", "pop": 8863.0, "pop_density": 1003.1624007080879, "median_hh_income": 111543.0, "mean_commute_min": 34.946422943586512 }, "geometry": { "type": "Polygon", "coordinates": [ [ [ -83.9614, 34.0998 ], [ -83.9539, 34.0927 ], [ -83.9386, 34.095 ], [ -83.9406, 34.1065 ], [ -83.9358, 34.1228 ], [ -83.9502, 34.1278 ], [ -83.9583, 34.1263 ], [ -83.9736, 34.1046 ], [ -83.9614, 34.0998 ] ] ] } },
{ "type": "Feature", "properties": { "county": "Gwinnett", "geoid": "13135050615", "pop": 2083.0, "pop_density": 406.88934172610152, "median_hh_income": 74340.0, "mean_commute_min": 22.844183564567768 }, "geometry": { "type": "Polygon", "coordinates": [ [ [ -83.9106, 34.104 ], [ -83.9092, 34.0825 ], [ -83.8981, 34.0882 ], [ -83.8933, 34.0983 ], [ -83.8778, 34.1018 ], [ -83.9145, 34.1151 ], [ -83.9194, 34.1102 ], [ -83.9106, 34.104 ] ] ] } },
{ "type": "Feature", "properties": { "county": "Gwinnett", "geoid": "13135050116", "pop": 8107.0, "pop_density": 802.3285837895977, "median_hh_income": 142500.0, "mean_commute_min": 38.763218390804596 }, "geometry": { "type": "Polygon", "coordinates": [ [ [ -84.104, 34.0789 ], [ -84.0937, 34.0847 ], [ -84.0897, 34.083 ], [ -84.0805, 34.0913 ], [ -84.0814, 34.0953 ], [ -84.0783, 34.0963 ], [ -84.0846, 34.1084 ], [ -84.0769, 34.1187 ], [ -84.0814, 34.1232 ], [ -84.0934, 34.1261 ], [ -84.0976, 34.1228 ], [ -84.1018, 34.1157 ], [ -84.1016, 34.1051 ], [ -84.11, 34.0984 ], [ -84.1133, 34.0783 ], [ -84.104, 34.0789 ] ] ] } },
{ "type": "Feature", "properties": { "county": "Gwinnett", "geoid": "13135050120", "pop": 2393.0, "pop_density": 269.60858871790015, "median_hh_income": 127550.0, "mean_commute_min": 28.886162904808636 }, "geometry": { "type": "Polygon", "coordinates": [ [ [ -84.0923, 34.1252 ], [ -84.0817, 34.1233 ], [ -84.0769, 34.1187 ], [ -84.0755, 34.1264 ], [ -84.0636, 34.1405 ], [ -84.0637, 34.1456 ], [ -84.0617, 34.1475 ], [ -84.0544, 34.1452 ], [ -84.0449, 34.1497 ], [ -84.0432, 34.1609 ], [ -84.0628, 34.1679 ], [ -84.0746, 34.1637 ], [ -84.0861, 34.1477 ], [ -84.0859, 34.1418 ], [ -84.0948, 34.1322 ], [ -84.0923, 34.1252 ] ] ] } },
{ "type": "Feature", "properties": { "county": "Gwinnett", "geoid": "13135050738", "pop": 7434.0, "pop_density": 807.73355440792818, "median_hh_income": 96831.0, "mean_commute_min": 41.692898975109813 }, "geometry": { "type": "Polygon", "coordinates": [ [ [ -84.0118, 33.7828 ], [ -84.0095, 33.7641 ], [ -83.9937, 33.777 ], [ -83.9992, 33.7821 ], [ -83.9977, 33.7899 ], [ -84.0038, 33.8038 ], [ -84.028, 33.8043 ], [ -84.032, 33.7934 ], [ -84.0282, 33.7885 ], [ -84.0353, 33.7839 ], [ -84.0377, 33.7782 ], [ -84.0118, 33.7828 ] ] ] } },
{ "type": "Feature", "properties": { "county": "Gwinnett", "geoid": "13135050733", "pop": 3245.0, "pop_density": 669.50175040149475, "median_hh_income": 59750.0, "mean_commute_min": 32.269357495881387 }, "geometry": { "type": "Polygon", "coordinates": [ [ [ -84.0678, 33.777 ], [ -84.0616, 33.7776 ], [ -84.0628, 33.7753 ], [ -84.0511, 33.7711 ], [ -84.0376, 33.7778 ], [ -84.0342, 33.7847 ], [ -84.0416, 33.7949 ], [ -84.0446, 33.7895 ], [ -84.0496, 33.7934 ], [ -84.0563, 33.7848 ], [ -84.0585, 33.79 ], [ -84.0655, 33.7873 ], [ -84.0676, 33.7787 ], [ -84.0709, 33.7815 ], [ -84.0678, 33.777 ] ] ] } },
{ "type": "Feature", "properties": { "county": "Gwinnett", "geoid": "13135050335", "pop": 2721.0, "pop_density": 1340.2079120043422, "median_hh_income": 83182.0, "mean_commute_min": 24.6 }, "geometry": { "type": "Polygon", "coordinates": [ [ [ -84.2548, 33.9575 ], [ -84.2496, 33.9617 ], [ -84.2467, 33.9591 ], [ -84.2392, 33.9651 ], [ -84.2425, 33.9697 ], [ -84.2479, 33.9704 ], [ -84.2647, 33.9652 ], [ -84.2548, 33.9575 ] ] ] } },
{ "type": "Feature", "properties": { "county": "Gwinnett", "geoid": "13135050734", "pop": 4764.0, "pop_density": 693.00643911209647, "median_hh_income": 89685.0, "mean_commute_min": 46.326478149100254 }, "geometry": { "type": "Polygon", "coordinates": [ [ [ -84.0704, 33.7903 ], [ -84.0656, 33.7872 ], [ -84.0585, 33.79 ], [ -84.0563, 33.7848 ], [ -84.0496, 33.7934 ], [ -84.0446, 33.7895 ], [ -84.0416, 33.7949 ], [ -84.0342, 33.7847 ], [ -84.0282, 33.7885 ], [ -84.032, 33.7934 ], [ -84.028, 33.8043 ], [ -84.0754, 33.805 ], [ -84.0704, 33.7903 ] ] ] } },
{ "type": "Feature", "properties": { "county": "Gwinnett", "geoid": "13135050566", "pop": 3675.0, "pop_density": 1027.0469674866274, "median_hh_income": 100319.0, "mean_commute_min": 29.396782841823057 }, "geometry": { "type": "Polygon", "coordinates": [ [ [ -84.0154, 33.9894 ], [ -84.0171, 33.9873 ], [ -84.0134, 33.9821 ], [ -84.0112, 33.9832 ], [ -84.0131, 34.0075 ], [ -84.0094, 34.0121 ], [ -84.0183, 34.0191 ], [ -84.024, 34.0163 ], [ -84.0278, 34.0042 ], [ -84.0154, 33.9894 ] ] ] } },
{ "type": "Feature", "properties": { "county": "Gwinnett", "geoid": "13135050572", "pop": 3680.0, "pop_density": 1021.8844326458754, "median_hh_income": 104091.0, "mean_commute_min": 27.488003838771593 }, "geometry": { "type": "Polygon", "coordinates": [ [ [ -84.003, 33.9929 ], [ -83.9895, 34.001 ], [ -83.9864, 34.0203 ], [ -83.9906, 34.0249 ], [ -84.0008, 34.0213 ], [ -83.9979, 34.0167 ], [ -84.0064, 33.9964 ], [ -84.003, 33.9929 ] ] ] } },
{ "type": "Feature", "properties": { "county": "Gwinnett", "geoid": "13135050735", "pop": 4793.0, "pop_density": 721.05222777006361, "median_hh_income": 72670.0, "mean_commute_min": 32.630021141649046 }, "geometry": { "type": "Polygon", "coordinates": [ [ [ -83.9415, 33.8361 ], [ -83.9418, 33.8321 ], [ -83.9361, 33.8301 ], [ -83.9225, 33.8366 ], [ -83.9204, 33.8338 ], [ -83.9085, 33.8428 ], [ -83.9163, 33.8492 ], [ -83.9366, 33.8554 ], [ -83.9543, 33.8514 ], [ -83.9415, 33.8361 ] ] ] } },
{ "type": "Feature", "properties": { "county": "Gwinnett", "geoid": "13135050587", "pop": 4142.0, "pop_density": 948.41553697904703, "median_hh_income": 92392.0, "mean_commute_min": 52.412476129853594 }, "geometry": { "type": "Polygon", "coordinates": [ [ [ -83.9283, 33.9274 ], [ -83.9166, 33.9233 ], [ -83.917, 33.9278 ], [ -83.9132, 33.9256 ], [ -83.9007, 33.932 ], [ -83.9077, 33.9416 ], [ -83.9244, 33.9451 ], [ -83.9275, 33.9384 ], [ -83.9335, 33.9351 ], [ -83.9283, 33.9274 ] ] ] } },
{ "type": "Feature", "properties": { "county": "Gwinnett", "geoid": "13135050635", "pop": 4147.0, "pop_density": 429.19805270142245, "median_hh_income": 150194.0, "mean_commute_min": 37.77634297520661 }, "geometry": { "type": "Polygon", "coordinates": [ [ [ -83.9431, 34.0703 ], [ -83.9443, 34.0643 ], [ -83.9291, 34.0707 ], [ -83.9289, 34.0778 ], [ -83.9348, 34.0862 ], [ -83.9107, 34.0994 ], [ -83.9106, 34.104 ], [ -83.9197, 34.1099 ], [ -83.9145, 34.1151 ], [ -83.9358, 34.1228 ], [ -83.9406, 34.1065 ], [ -83.9382, 34.0902 ], [ -83.9472, 34.0783 ], [ -83.9431, 34.0703 ] ] ] } },
{ "type": "Feature", "properties": { "county": "Gwinnett", "geoid": "13135050448", "pop": 5006.0, "pop_density": 3948.622162765897, "median_hh_income": 50565.0, "mean_commute_min": 37.126865671641788 }, "geometry": { "type": "Polygon", "coordinates": [ [ [ -84.1628, 33.8958 ], [ -84.1603, 33.9018 ], [ -84.1653, 33.9011 ], [ -84.164, 33.9047 ], [ -84.1697, 33.9047 ], [ -84.1724, 33.9108 ], [ -84.1831, 33.9083 ], [ -84.1628, 33.8958 ] ] ] } },
{ "type": "Feature", "properties": { "county": "Gwinnett", "geoid": "13135050235", "pop": 5574.0, "pop_density": 1026.3322156733855, "median_hh_income": 111830.0, "mean_commute_min": 35.102328863796757 }, "geometry": { "type": "Polygon", "coordinates": [ [ [ -84.1312, 34.0089 ], [ -84.1143, 34.0219 ], [ -84.0923, 34.0289 ], [ -84.0892, 34.0326 ], [ -84.103, 34.0315 ], [ -84.1043, 34.0341 ], [ -84.106, 34.0311 ], [ -84.1082, 34.0328 ], [ -84.1193, 34.028 ], [ -84.1213, 34.0344 ], [ -84.1411, 34.03 ], [ -84.1312, 34.0089 ] ] ] } },
{ "type": "Feature", "properties": { "county": "Gwinnett", "geoid": "13135050121", "pop": 6632.0, "pop_density": 995.17328950089177, "median_hh_income": 100729.0, "mean_commute_min": 33.233259981138005 }, "geometry": { "type": "Polygon", "coordinates": [ [ [ -84.0706, 34.1122 ], [ -84.0421, 34.1114 ], [ -84.053, 34.1165 ], [ -84.0602, 34.1237 ], [ -84.0584, 34.1267 ], [ -84.0464, 34.1285 ], [ -84.0519, 34.1466 ], [ -84.0633, 34.146 ], [ -84.0636, 34.1405 ], [ -84.0755, 34.1264 ], [ -84.0768, 34.1189 ], [ -84.0706, 34.1122 ] ] ] } },
{ "type": "Feature", "properties": { "county": "Gwinnett", "geoid": "13135050223", "pop": 6658.0, "pop_density": 1318.9418512650393, "median_hh_income": 72015.0, "mean_commute_min": 33.61280046336519 }, "geometry": { "type": "Polygon", "coordinates": [ [ [ -84.0892, 34.0326 ], [ -84.0646, 34.0577 ], [ -84.0747, 34.063 ], [ -84.107, 34.0326 ], [ -84.0892, 34.0326 ] ] ] } },
{ "type": "Feature", "properties": { "county": "Gwinnett", "geoid": "13135050244", "pop": 2540.0, "pop_density": 874.97442249965729, "median_hh_income": 198013.0, "mean_commute_min": 25.587923728813561 }, "geometry": { "type": "Polygon", "coordinates": [ [ [ -84.1193, 34.028 ], [ -84.1105, 34.0299 ], [ -84.0887, 34.0521 ], [ -84.0948, 34.0572 ], [ -84.0996, 34.0555 ], [ -84.0982, 34.0496 ], [ -84.1123, 34.042 ], [ -84.1217, 34.0325 ], [ -84.1193, 34.028 ] ] ] } },
{ "type": "Feature", "properties": { "county": "Gwinnett", "geoid": "13135050241", "pop": 3647.0, "pop_density": 350.83614826352942, "median_hh_income": 118854.0, "mean_commute_min": 27.091388400702989 }, "geometry": { "type": "Polygon", "coordinates": [ [ [ -84.0612, 34.0558 ], [ -84.0481, 34.03 ], [ -84.0295, 34.0451 ], [ -84.042, 34.0558 ], [ -84.0393, 34.0582 ], [ -84.0488, 34.0721 ], [ -84.0579, 34.0686 ], [ -84.0379, 34.0817 ], [ -84.0434, 34.0844 ], [ -84.0569, 34.0803 ], [ -84.0747, 34.063 ], [ -84.0612, 34.0558 ] ] ] } },
{ "type": "Feature", "properties": { "county": "Gwinnett", "geoid": "13135050240", "pop": 4733.0, "pop_density": 1414.8275602310596, "median_hh_income": 170939.0, "mean_commute_min": 29.31521170935703 }, "geometry": { "type": "Polygon", "coordinates": [ [ [ -84.0292, 34.0457 ], [ -84.0215, 34.0582 ], [ -84.0101, 34.0668 ], [ -84.0236, 34.0715 ], [ -84.0299, 34.0677 ], [ -84.0344, 34.0597 ], [ -84.0421, 34.0566 ], [ -84.0292, 34.0457 ] ] ] } },
{ "type": "Feature", "properties": { "county": "Gwinnett", "geoid": "13135050226", "pop": 3728.0, "pop_density": 860.4040575621392, "median_hh_income": 105346.0, "mean_commute_min": 34.376278118609406 }, "geometry": { "type": "Polygon", "coordinates": [ [ [ -84.0451, 34.0268 ], [ -84.0445, 34.0314 ], [ -84.0372, 34.0356 ], [ -84.0266, 34.035 ], [ -84.0171, 34.038 ], [ -84.0056, 34.049 ], [ -83.9925, 34.0454 ], [ -83.9934, 34.0567 ], [ -84.0202, 34.0499 ], [ -84.0481, 34.03 ], [ -84.0451, 34.0268 ] ] ] } },
{ "type": "Feature", "properties": { "county": "Gwinnett", "geoid": "13135050225", "pop": 4135.0, "pop_density": 1488.0282995273217, "median_hh_income": 70373.0, "mean_commute_min": 31.926394479585969 }, "geometry": { "type": "Polygon", "coordinates": [ [ [ -84.0014, 34.0345 ], [ -83.9882, 34.036 ], [ -83.9925, 34.0454 ], [ -84.0045, 34.049 ], [ -84.0168, 34.0389 ], [ -84.0014, 34.0345 ] ] ] } },
{ "type": "Feature", "properties": { "county": "Gwinnett", "geoid": "13135050612", "pop": 4330.0, "pop_density": 634.59988037865526, "median_hh_income": 96724.0, "mean_commute_min": 40.278884462151396 }, "geometry": { "type": "Polygon", "coordinates": [ [ [ -83.9496, 34.0385 ], [ -83.941, 34.0473 ], [ -83.9265, 34.0504 ], [ -83.9269, 34.0623 ], [ -83.9179, 34.0752 ], [ -83.953, 34.0612 ], [ -83.9514, 34.0563 ], [ -83.9562, 34.0544 ], [ -83.9543, 34.0494 ], [ -83.9598, 34.0333 ], [ -83.9496, 34.0385 ] ] ] } },
{ "type": "Feature", "properties": { "county": "Gwinnett", "geoid": "13135050620", "pop": 3380.0, "pop_density": 1098.0564401010213, "median_hh_income": 117614.0, "mean_commute_min": 32.169481654047758 }, "geometry": { "type": "Polygon", "coordinates": [ [ [ -83.9194, 34.041 ], [ -83.9102, 34.0356 ], [ -83.8963, 34.0469 ], [ -83.9001, 34.0531 ], [ -83.9088, 34.0494 ], [ -83.9203, 34.0523 ], [ -83.9263, 34.0505 ], [ -83.9194, 34.041 ] ] ] } },
{ "type": "Feature", "properties": { "county": "Gwinnett", "geoid": "13135050750", "pop": 5176.0, "pop_density": 792.21244150048346, "median_hh_income": 108682.0, "mean_commute_min": 34.346246973365616 }, "geometry": { "type": "Polygon", "coordinates": [ [ [ -84.0801, 33.8315 ], [ -84.0834, 33.8296 ], [ -84.0818, 33.8263 ], [ -84.0867, 33.825 ], [ -84.0844, 33.8167 ], [ -84.0756, 33.8118 ], [ -84.0771, 33.8057 ], [ -84.0431, 33.8039 ], [ -84.0439, 33.8155 ], [ -84.0638, 33.8201 ], [ -84.0677, 33.8251 ], [ -84.0738, 33.8241 ], [ -84.0783, 33.8294 ], [ -84.0767, 33.8348 ], [ -84.0888, 33.8318 ], [ -84.0801, 33.8315 ] ] ] } },
{ "type": "Feature", "properties": { "county": "Gwinnett", "geoid": "13135050732", "pop": 5682.0, "pop_density": 700.27191304501071, "median_hh_income": 68246.0, "mean_commute_min": 47.118288590604024 }, "geometry": { "type": "Polygon", "coordinates": [ [ [ -84.0403, 33.7577 ], [ -84.0264, 33.7531 ], [ -84.0095, 33.7641 ], [ -84.0118, 33.7828 ], [ -84.0395, 33.7775 ], [ -84.0493, 33.7714 ], [ -84.0581, 33.7727 ], [ -84.0403, 33.7577 ] ] ] } },
{ "type": "Feature", "properties": { "county": "Gwinnett", "geoid": "13135050588", "pop": 6295.0, "pop_density": 747.90787770951761, "median_hh_income": 104000.0, "mean_commute_min": 41.064462809917359 }, "geometry": { "type": "Polygon", "coordinates": [ [ [ -83.9461, 33.9209 ], [ -83.9287, 33.9191 ], [ -83.9148, 33.9103 ], [ -83.9005, 33.9151 ], [ -83.897, 33.9131 ], [ -83.8866, 33.9145 ], [ -83.8942, 33.9229 ], [ -83.8934, 33.9274 ], [ -83.9007, 33.932 ], [ -83.9132, 33.9256 ], [ -83.917, 33.9278 ], [ -83.9166, 33.9233 ], [ -83.9283, 33.9274 ], [ -83.9335, 33.9351 ], [ -83.9381, 33.933 ], [ -83.9416, 33.9387 ], [ -83.9543, 33.9302 ], [ -83.9461, 33.9209 ] ] ] } },
{ "type": "Feature", "properties": { "county": "Gwinnett", "geoid": "13135050581", "pop": 4072.0, "pop_density": 1344.3979840633372, "median_hh_income": 90594.0, "mean_commute_min": 35.69044006069803 }, "geometry": { "type": "Polygon", "coordinates": [ [ [ -83.9932, 33.9156 ], [ -83.9839, 33.9194 ], [ -83.9724, 33.9197 ], [ -83.9792, 33.9354 ], [ -83.9869, 33.9276 ], [ -83.9969, 33.9276 ], [ -84.0001, 33.9176 ], [ -83.9932, 33.9156 ] ] ] } },
{ "type": "Feature", "properties": { "county": "Gwinnett", "geoid": "13135050580", "pop": 3854.0, "pop_density": 1069.8916283617332, "median_hh_income": 87000.0, "mean_commute_min": 28.977407847800237 }, "geometry": { "type": "Polygon", "coordinates": [ [ [ -83.9839, 33.9092 ], [ -83.9696, 33.9123 ], [ -83.9724, 33.9197 ], [ -83.9839, 33.9194 ], [ -83.9932, 33.9156 ], [ -84.0001, 33.9176 ], [ -84.0061, 33.8985 ], [ -83.9839, 33.9092 ] ] ] } },
{ "type": "Feature", "properties": { "county": "Gwinnett", "geoid": "13135050625", "pop": 2861.0, "pop_density": 198.77556751605647, "median_hh_income": 92317.0, "mean_commute_min": 43.624338624338627 }, "geometry": { "type": "Polygon", "coordinates": [ [ [ -83.9058, 33.9401 ], [ -83.8999, 33.9307 ], [ -83.8934, 33.9274 ], [ -83.8941, 33.9228 ], [ -83.8818, 33.9117 ], [ -83.8804, 33.9068 ], [ -83.8761, 33.9069 ], [ -83.8594, 33.897 ], [ -83.8495, 33.8982 ], [ -83.8433, 33.8948 ], [ -83.8348, 33.9015 ], [ -83.8424, 33.9021 ], [ -83.8424, 33.908 ], [ -83.8574, 33.9128 ], [ -83.8737, 33.9293 ], [ -83.8756, 33.9436 ], [ -83.8944, 33.9475 ], [ -83.9029, 33.9444 ], [ -83.9171, 33.9441 ], [ -83.9058, 33.9401 ] ] ] } },
{ "type": "Feature", "properties": { "county": "Gwinnett", "geoid": "13135050332", "pop": 2937.0, "pop_density": 592.07347274980327, "median_hh_income": 54417.0, "mean_commute_min": 27.776653171390013 }, "geometry": { "type": "Polygon", "coordinates": [ [ [ -84.2583, 33.9179 ], [ -84.2481, 33.9256 ], [ -84.2383, 33.9285 ], [ -84.2435, 33.9311 ], [ -84.2509, 33.9453 ], [ -84.2673, 33.9471 ], [ -84.2703, 33.9444 ], [ -84.2583, 33.9179 ] ] ] } },
{ "type": "Feature", "properties": { "county": "Gwinnett", "geoid": "13135050327", "pop": 3722.0, "pop_density": 2656.2510035875803, "median_hh_income": 52308.0, "mean_commute_min": 26.691137912952282 }, "geometry": { "type": "Polygon", "coordinates": [ [ [ -84.1983, 33.9296 ], [ -84.1907, 33.9312 ], [ -84.1936, 33.9396 ], [ -84.2037, 33.9449 ], [ -84.2084, 33.9412 ], [ -84.1983, 33.9296 ] ] ] } },
{ "type": "Feature", "properties": { "county": "Gwinnett", "geoid": "13135050326", "pop": 4631.0, "pop_density": 1115.9342690377518, "median_hh_income": 47048.0, "mean_commute_min": 27.548217416715371 }, "geometry": { "type": "Polygon", "coordinates": [ [ [ -84.1783, 33.9327 ], [ -84.176, 33.9283 ], [ -84.1593, 33.9362 ], [ -84.1636, 33.9382 ], [ -84.1679, 33.9361 ], [ -84.17, 33.9452 ], [ -84.1755, 33.943 ], [ -84.191, 33.9501 ], [ -84.1982, 33.9493 ], [ -84.2036, 33.945 ], [ -84.1783, 33.9327 ] ] ] } },
{ "type": "Feature", "properties": { "county": "Gwinnett", "geoid": "13135050562", "pop": 4243.0, "pop_density": 1117.4849924372893, "median_hh_income": 80615.0, "mean_commute_min": 32.749607945635127 }, "geometry": { "type": "Polygon", "coordinates": [ [ [ -84.069, 33.9673 ], [ -84.0606, 33.9605 ], [ -84.0384, 33.9588 ], [ -84.0378, 33.9677 ], [ -84.06, 33.9746 ], [ -84.0736, 33.9759 ], [ -84.069, 33.9673 ] ] ] } },
{ "type": "Feature", "properties": { "county": "Gwinnett", "geoid": "13135050574", "pop": 5166.0, "pop_density": 1836.9476089456434, "median_hh_income": 47977.0, "mean_commute_min": 25.831270627062707 }, "geometry": { "type": "Polygon", "coordinates": [ [ [ -84.0168, 33.9672 ], [ -84.0228, 33.9676 ], [ -84.0181, 33.9719 ], [ -84.0233, 33.9847 ], [ -84.0378, 33.9677 ], [ -84.0384, 33.959 ], [ -84.0168, 33.9672 ] ] ] } },
{ "type": "Feature", "properties": { "county": "Gwinnett", "geoid": "13135050564", "pop": 3925.0, "pop_density": 1390.8462120967829, "median_hh_income": 35186.0, "mean_commute_min": 33.988169364881692 }, "geometry": { "type": "Polygon", "coordinates": [ [ [ -84.0085, 33.9652 ], [ -83.996, 33.9689 ], [ -83.9868, 33.9745 ], [ -83.9854, 33.9795 ], [ -84.0048, 33.9747 ], [ -84.02, 33.978 ], [ -84.0181, 33.9713 ], [ -84.0228, 33.9676 ], [ -84.0085, 33.9652 ] ] ] } },
{ "type": "Feature", "properties": { "county": "Gwinnett", "geoid": "13135050569", "pop": 5237.0, "pop_density": 1049.6870581623241, "median_hh_income": 70498.0, "mean_commute_min": 30.284334763948497 }, "geometry": { "type": "Polygon", "coordinates": [ [ [ -83.9621, 33.9546 ], [ -83.9462, 33.9625 ], [ -83.9546, 33.9691 ], [ -83.9677, 33.9643 ], [ -83.9771, 33.9762 ], [ -83.9868, 33.9745 ], [ -83.9869, 33.9574 ], [ -83.9621, 33.9546 ] ] ] } },
{ "type": "Feature", "properties": { "county": "Gwinnett", "geoid": "13135050585", "pop": 3056.0, "pop_density": 1024.5884463571288, "median_hh_income": 79020.0, "mean_commute_min": 32.959243945658592 }, "geometry": { "type": "Polygon", "coordinates": [ [ [ -83.9588, 33.935 ], [ -83.9552, 33.9367 ], [ -83.9585, 33.9502 ], [ -83.9699, 33.9563 ], [ -83.9858, 33.9556 ], [ -83.9588, 33.935 ] ] ] } },
{ "type": "Feature", "properties": { "county": "Gwinnett", "geoid": "13135050571", "pop": 7875.0, "pop_density": 1330.3652532584658, "median_hh_income": 75465.0, "mean_commute_min": 37.089504185447524 }, "geometry": { "type": "Polygon", "coordinates": [ [ [ -83.9244, 33.9451 ], [ -83.9171, 33.9441 ], [ -83.9207, 33.9475 ], [ -83.9206, 33.9548 ], [ -83.9272, 33.9592 ], [ -83.9219, 33.9674 ], [ -83.9285, 33.9713 ], [ -83.9256, 33.9749 ], [ -83.9355, 33.9778 ], [ -83.9374, 33.9759 ], [ -83.9392, 33.9786 ], [ -83.9546, 33.9691 ], [ -83.9244, 33.9451 ] ] ] } },
{ "type": "Feature", "properties": { "county": "Gwinnett", "geoid": "13135050623", "pop": 5940.0, "pop_density": 269.16112265744863, "median_hh_income": 110675.0, "mean_commute_min": 33.103677447939745 }, "geometry": { "type": "Polygon", "coordinates": [ [ [ -83.9374, 33.9759 ], [ -83.9355, 33.9778 ], [ -83.9255, 33.9748 ], [ -83.9285, 33.9713 ], [ -83.9219, 33.9674 ], [ -83.9269, 33.9624 ], [ -83.9007, 33.9686 ], [ -83.8926, 33.9564 ], [ -83.8963, 33.9472 ], [ -83.8887, 33.9453 ], [ -83.8727, 33.9431 ], [ -83.8593, 33.948 ], [ -83.8428, 33.948 ], [ -83.813, 33.9531 ], [ -83.8243, 33.9643 ], [ -83.8318, 33.9661 ], [ -83.8331, 33.9699 ], [ -83.855, 33.9731 ], [ -83.9142, 33.9739 ], [ -83.9265, 33.983 ], [ -83.9392, 33.9786 ], [ -83.9374, 33.9759 ] ] ] } },
{ "type": "Feature", "properties": { "county": "Gwinnett", "geoid": "13135050229", "pop": 2800.0, "pop_density": 1216.8072368741264, "median_hh_income": 44275.0, "mean_commute_min": 25.597744360902254 }, "geometry": { "type": "Polygon", "coordinates": [ [ [ -84.153, 33.9471 ], [ -84.1452, 33.9447 ], [ -84.13, 33.9521 ], [ -84.1396, 33.9639 ], [ -84.1439, 33.9528 ], [ -84.1457, 33.9566 ], [ -84.1496, 33.952 ], [ -84.1562, 33.954 ], [ -84.153, 33.9471 ] ] ] } },
{ "type": "Feature", "properties": { "county": "Gwinnett", "geoid": "13135050576", "pop": 2161.0, "pop_density": 1703.3572927890682, "median_hh_income": 72839.0, "mean_commute_min": 31.556776556776558 }, "geometry": { "type": "Polygon", "coordinates": [ [ [ -84.0854, 33.9382 ], [ -84.1079, 33.9411 ], [ -84.1022, 33.9303 ], [ -84.0854, 33.9382 ] ] ] } },
{ "type": "Feature", "properties": { "county": "Gwinnett", "geoid": "13135050556", "pop": 8934.0, "pop_density": 4224.1514226368936, "median_hh_income": 96434.0, "mean_commute_min": 25.446247464503042 }, "geometry": { "type": "Polygon", "coordinates": [ [ [ -84.0809, 33.9404 ], [ -84.0647, 33.9483 ], [ -84.0734, 33.9584 ], [ -84.0788, 33.9597 ], [ -84.0828, 33.9507 ], [ -84.0809, 33.9404 ] ] ] } },
{ "type": "Feature", "properties": { "county": "Gwinnett", "geoid": "13135050626", "pop": 4643.0, "pop_density": 184.3938761217079, "median_hh_income": 107885.0, "mean_commute_min": 34.257003654080393 }, "geometry": { "type": "Polygon", "coordinates": [ [ [ -83.8574, 33.9128 ], [ -83.8424, 33.908 ], [ -83.8422, 33.902 ], [ -83.8348, 33.9015 ], [ -83.7991, 33.9298 ], [ -83.8059, 33.9374 ], [ -83.8049, 33.9422 ], [ -83.8134, 33.9491 ], [ -83.813, 33.9531 ], [ -83.8428, 33.948 ], [ -83.8593, 33.948 ], [ -83.8756, 33.9436 ], [ -83.8737, 33.9293 ], [ -83.8574, 33.9128 ] ] ] } },
{ "type": "Feature", "properties": { "county": "Gwinnett", "geoid": "13135050324", "pop": 4886.0, "pop_density": 745.5670727306325, "median_hh_income": 73511.0, "mean_commute_min": 30.116214720531268 }, "geometry": { "type": "Polygon", "coordinates": [ [ [ -84.2074, 33.9677 ], [ -84.2079, 33.9555 ], [ -84.2004, 33.9524 ], [ -84.1941, 33.9569 ], [ -84.1898, 33.9565 ], [ -84.1633, 33.9766 ], [ -84.1711, 33.9853 ], [ -84.1742, 33.9774 ], [ -84.1956, 33.9679 ], [ -84.2003, 33.97 ], [ -84.1987, 33.9738 ], [ -84.203, 33.9817 ], [ -84.2059, 33.9839 ], [ -84.2124, 33.9819 ], [ -84.2074, 33.9677 ] ] ] } },
{ "type": "Feature", "properties": { "county": "Gwinnett", "geoid": "13135050230", "pop": 3269.0, "pop_density": 2897.4306021497177, "median_hh_income": 60250.0, "mean_commute_min": 24.711404728789987 }, "geometry": { "type": "Polygon", "coordinates": [ [ [ -84.1496, 33.952 ], [ -84.1457, 33.9566 ], [ -84.1439, 33.9528 ], [ -84.1413, 33.9548 ], [ -84.142, 33.9628 ], [ -84.1596, 33.9583 ], [ -84.1496, 33.952 ] ] ] } },
{ "type": "Feature", "properties": { "county": "Gwinnett", "geoid": "13135050323", "pop": 4218.0, "pop_density": 773.23967441806758, "median_hh_income": 152473.0, "mean_commute_min": 28.161434977578477 }, "geometry": { "type": "Polygon", "coordinates": [ [ [ -84.2029, 33.9816 ], [ -84.1987, 33.9738 ], [ -84.2003, 33.97 ], [ -84.1956, 33.9679 ], [ -84.1742, 33.9774 ], [ -84.1711, 33.9853 ], [ -84.1825, 33.9903 ], [ -84.1893, 33.9889 ], [ -84.1926, 33.9842 ], [ -84.1917, 33.9915 ], [ -84.2046, 33.9903 ], [ -84.2021, 33.9972 ], [ -84.2126, 33.9834 ], [ -84.2029, 33.9816 ] ] ] } },
{ "type": "Feature", "properties": { "county": "Gwinnett", "geoid": "13135050238", "pop": 4810.0, "pop_density": 968.97507014493135, "median_hh_income": 113048.0, "mean_commute_min": 34.426422190879173 }, "geometry": { "type": "Polygon", "coordinates": [ [ [ -84.1132, 33.9927 ], [ -84.1077, 33.9884 ], [ -84.0987, 33.9936 ], [ -84.1001, 33.9849 ], [ -84.0928, 33.9834 ], [ -84.088, 33.9892 ], [ -84.1005, 34.0088 ], [ -84.1101, 34.0132 ], [ -84.1205, 34.0075 ], [ -84.1132, 33.9927 ] ] ] } },
{ "type": "Feature", "properties": { "county": "Gwinnett", "geoid": "13135050228", "pop": 4093.0, "pop_density": 1883.145593885597, "median_hh_income": 66404.0, "mean_commute_min": 22.883177570093459 }, "geometry": { "type": "Polygon", "coordinates": [ [ [ -84.1633, 33.9766 ], [ -84.1566, 33.9817 ], [ -84.167, 33.9999 ], [ -84.172, 33.998 ], [ -84.1752, 33.9883 ], [ -84.1633, 33.9766 ] ] ] } },
{ "type": "Feature", "properties": { "county": "Gwinnett", "geoid": "13135050221", "pop": 4303.0, "pop_density": 1571.8359723593574, "median_hh_income": 79316.0, "mean_commute_min": 34.875138734739181 }, "geometry": { "type": "Polygon", "coordinates": [ [ [ -84.1589, 33.9693 ], [ -84.1589, 33.9592 ], [ -84.1396, 33.9639 ], [ -84.1566, 33.9817 ], [ -84.1673, 33.9736 ], [ -84.1589, 33.9693 ] ] ] } },
{ "type": "Feature", "properties": { "county": "Gwinnett", "geoid": "13135050222", "pop": 4679.0, "pop_density": 1112.6896078738189, "median_hh_income": 62236.0, "mean_commute_min": 30.833674723473987 }, "geometry": { "type": "Polygon", "coordinates": [ [ [ -84.1396, 33.9639 ], [ -84.1359, 33.9704 ], [ -84.1246, 33.9707 ], [ -84.1138, 33.9799 ], [ -84.1284, 33.9851 ], [ -84.1328, 33.9799 ], [ -84.1478, 33.9815 ], [ -84.1539, 33.9853 ], [ -84.1566, 33.9818 ], [ -84.1396, 33.9639 ] ] ] } },
{ "type": "Feature", "properties": { "county": "Gwinnett", "geoid": "13135050237", "pop": 3356.0, "pop_density": 603.29786052170527, "median_hh_income": 101857.0, "mean_commute_min": 21.10731707317073 }, "geometry": { "type": "Polygon", "coordinates": [ [ [ -84.1285, 33.9851 ], [ -84.1095, 33.9787 ], [ -84.1077, 33.9883 ], [ -84.1136, 33.9932 ], [ -84.1207, 34.0074 ], [ -84.1251, 34.0057 ], [ -84.1312, 34.0089 ], [ -84.1428, 34.0025 ], [ -84.1285, 33.9851 ] ] ] } },
{ "type": "Feature", "properties": { "county": "Gwinnett", "geoid": "13135050236", "pop": 1952.0, "pop_density": 881.83939409682614, "median_hh_income": 56080.0, "mean_commute_min": 35.26479750778816 }, "geometry": { "type": "Polygon", "coordinates": [ [ [ -84.0893, 33.9767 ], [ -84.084, 33.9874 ], [ -84.088, 33.9892 ], [ -84.0963, 33.9831 ], [ -84.1001, 33.9849 ], [ -84.1005, 33.9941 ], [ -84.1019, 33.9906 ], [ -84.1067, 33.9907 ], [ -84.1095, 33.9787 ], [ -84.0893, 33.9767 ] ] ] } },
{ "type": "Feature", "properties": { "county": "Gwinnett", "geoid": "13135050231", "pop": 4964.0, "pop_density": 803.15606030918923, "median_hh_income": 79961.0, "mean_commute_min": 29.751697792869269 }, "geometry": { "type": "Polygon", "coordinates": [ [ [ -84.1001, 34.0084 ], [ -84.0908, 33.9918 ], [ -84.084, 33.9874 ], [ -84.0666, 34.0132 ], [ -84.0671, 34.0168 ], [ -84.0737, 34.0077 ], [ -84.0807, 34.0021 ], [ -84.0839, 34.003 ], [ -84.0907, 34.011 ], [ -84.0829, 34.0137 ], [ -84.0861, 34.0258 ], [ -84.0917, 34.0292 ], [ -84.0986, 34.0271 ], [ -84.0967, 34.0167 ], [ -84.1101, 34.0132 ], [ -84.1001, 34.0084 ] ] ] } },
{ "type": "Feature", "properties": { "county": "Gwinnett", "geoid": "13135050561", "pop": 4087.0, "pop_density": 1132.5982391104158, "median_hh_income": 48327.0, "mean_commute_min": 27.316542288557216 }, "geometry": { "type": "Polygon", "coordinates": [ [ [ -84.0606, 33.9605 ], [ -84.0738, 33.9759 ], [ -84.0798, 33.977 ], [ -84.0893, 33.9767 ], [ -84.0944, 33.9688 ], [ -84.1036, 33.963 ], [ -84.0606, 33.9605 ] ] ] } },
{ "type": "Feature", "properties": { "county": "Gwinnett", "geoid": "13135050560", "pop": 3557.0, "pop_density": 645.37714374256336, "median_hh_income": 94879.0, "mean_commute_min": 34.96101364522417 }, "geometry": { "type": "Polygon", "coordinates": [ [ [ -84.0504, 33.9729 ], [ -84.0584, 33.9871 ], [ -84.0711, 33.9944 ], [ -84.0693, 34.0002 ], [ -84.074, 34.0013 ], [ -84.0893, 33.9767 ], [ -84.0504, 33.9729 ] ] ] } },
{ "type": "Feature", "properties": { "county": "Gwinnett", "geoid": "13135050624", "pop": 3506.0, "pop_density": 642.13971355733497, "median_hh_income": 120357.0, "mean_commute_min": 46.858204688393364 }, "geometry": { "type": "Polygon", "coordinates": [ [ [ -83.9206, 33.9548 ], [ -83.9207, 33.9473 ], [ -83.9162, 33.9439 ], [ -83.8963, 33.9472 ], [ -83.8926, 33.9556 ], [ -83.9007, 33.9686 ], [ -83.9269, 33.9624 ], [ -83.9272, 33.9593 ], [ -83.9206, 33.9548 ] ] ] } },
{ "type": "Feature", "properties": { "county": "Gwinnett", "geoid": "13135050553", "pop": 4784.0, "pop_density": 1756.3807395816773, "median_hh_income": 113385.0, "mean_commute_min": 27.029334500875656 }, "geometry": { "type": "Polygon", "coordinates": [ [ [ -84.0542, 33.9792 ], [ -84.0451, 33.9804 ], [ -84.0445, 33.9849 ], [ -84.0399, 33.984 ], [ -84.0326, 33.9916 ], [ -84.0389, 34.0007 ], [ -84.0587, 33.9874 ], [ -84.0542, 33.9792 ] ] ] } },
{ "type": "Feature", "properties": { "county": "Gwinnett", "geoid": "13135050563", "pop": 3475.0, "pop_density": 723.91881943110604, "median_hh_income": 108456.0, "mean_commute_min": 28.480509148766906 }, "geometry": { "type": "Polygon", "coordinates": [ [ [ -84.0048, 33.9747 ], [ -83.9854, 33.9795 ], [ -83.9843, 33.9891 ], [ -83.99, 33.9964 ], [ -83.9895, 34.001 ], [ -84.0061, 33.9915 ], [ -84.0105, 33.9836 ], [ -84.0199, 33.978 ], [ -84.0048, 33.9747 ] ] ] } },
{ "type": "Feature", "properties": { "county": "Gwinnett", "geoid": "13135050583", "pop": 4808.0, "pop_density": 445.47230858704393, "median_hh_income": 75735.0, "mean_commute_min": 29.287735849056602 }, "geometry": { "type": "Polygon", "coordinates": [ [ [ -83.9771, 33.9762 ], [ -83.9677, 33.9643 ], [ -83.9392, 33.9786 ], [ -83.9511, 33.9847 ], [ -83.9449, 33.9909 ], [ -83.938, 34.0192 ], [ -83.9544, 34.0114 ], [ -83.9515, 34.0076 ], [ -83.9575, 34.0048 ], [ -83.9523, 33.9962 ], [ -83.9537, 33.9911 ], [ -83.9676, 33.9876 ], [ -83.9769, 33.995 ], [ -83.9844, 33.9896 ], [ -83.9868, 33.9747 ], [ -83.9771, 33.9762 ] ] ] } },
{ "type": "Feature", "properties": { "county": "Gwinnett", "geoid": "13135050627", "pop": 5647.0, "pop_density": 500.55613408628608, "median_hh_income": 91261.0, "mean_commute_min": 35.604395604395606 }, "geometry": { "type": "Polygon", "coordinates": [ [ [ -83.9371, 33.9873 ], [ -83.9277, 33.984 ], [ -83.9156, 33.9909 ], [ -83.8938, 33.9884 ], [ -83.8827, 33.997 ], [ -83.8662, 34.0036 ], [ -83.8721, 34.0059 ], [ -83.8831, 34.0024 ], [ -83.8939, 34.0102 ], [ -83.8991, 34.0102 ], [ -83.8997, 34.0137 ], [ -83.9106, 34.0148 ], [ -83.9511, 33.9847 ], [ -83.9371, 33.9873 ] ] ] } },
{ "type": "Feature", "properties": { "county": "Gwinnett", "geoid": "13135050578", "pop": 4225.0, "pop_density": 866.96419099313471, "median_hh_income": 90846.0, "mean_commute_min": 36.867435158501443 }, "geometry": { "type": "Polygon", "coordinates": [ [ [ -83.9844, 33.9896 ], [ -83.9656, 34.0072 ], [ -83.9755, 34.0205 ], [ -83.9864, 34.0203 ], [ -83.9903, 33.9982 ], [ -83.9844, 33.9896 ] ] ] } },
{ "type": "Feature", "properties": { "county": "Gwinnett", "geoid": "13135050552", "pop": 4010.0, "pop_density": 1774.7744797166733, "median_hh_income": 117941.0, "mean_commute_min": 27.847585805700987 }, "geometry": { "type": "Polygon", "coordinates": [ [ [ -84.0506, 33.9723 ], [ -84.0405, 33.9677 ], [ -84.0353, 33.9683 ], [ -84.032, 33.9735 ], [ -84.0393, 33.9867 ], [ -84.04, 33.9839 ], [ -84.0445, 33.9849 ], [ -84.0449, 33.9805 ], [ -84.0542, 33.9792 ], [ -84.0506, 33.9723 ] ] ] } },
{ "type": "Feature", "properties": { "county": "Gwinnett", "geoid": "13135050575", "pop": 2605.0, "pop_density": 1671.1573004875545, "median_hh_income": 98375.0, "mean_commute_min": 27.184145334434351 }, "geometry": { "type": "Polygon", "coordinates": [ [ [ -84.032, 33.9735 ], [ -84.0233, 33.9847 ], [ -84.0326, 33.9916 ], [ -84.0381, 33.9862 ], [ -84.032, 33.9735 ] ] ] } },
{ "type": "Feature", "properties": { "county": "Gwinnett", "geoid": "13135050573", "pop": 3218.0, "pop_density": 1391.5230388303248, "median_hh_income": 139565.0, "mean_commute_min": 37.426584234930445 }, "geometry": { "type": "Polygon", "coordinates": [ [ [ -84.0065, 33.988 ], [ -84.004, 33.9928 ], [ -84.0057, 34.0007 ], [ -83.9979, 34.0167 ], [ -84.0008, 34.0213 ], [ -84.0054, 34.013 ], [ -84.013, 34.0078 ], [ -84.0117, 33.9896 ], [ -84.0065, 33.988 ] ] ] } },
{ "type": "Feature", "properties": { "county": "Gwinnett", "geoid": "13135050628", "pop": 6592.0, "pop_density": 738.19101543594149, "median_hh_income": 140859.0, "mean_commute_min": 31.820276497695854 }, "geometry": { "type": "Polygon", "coordinates": [ [ [ -83.9027, 34.0123 ], [ -83.8997, 34.0137 ], [ -83.8991, 34.0102 ], [ -83.8939, 34.0102 ], [ -83.8823, 34.0023 ], [ -83.8722, 34.0059 ], [ -83.8691, 34.0043 ], [ -83.8649, 34.0135 ], [ -83.8903, 34.0347 ], [ -83.9077, 34.0319 ], [ -83.9107, 34.0159 ], [ -83.9027, 34.0123 ] ] ] } },
{ "type": "Feature", "properties": { "county": "Gwinnett", "geoid": "13135050233", "pop": 2896.0, "pop_density": 910.94820712118667, "median_hh_income": 116935.0, "mean_commute_min": 37.095469255663431 }, "geometry": { "type": "Polygon", "coordinates": [ [ [ -84.1242, 34.0057 ], [ -84.1153, 34.0114 ], [ -84.0967, 34.0167 ], [ -84.0986, 34.0271 ], [ -84.1143, 34.0219 ], [ -84.1312, 34.0089 ], [ -84.1242, 34.0057 ] ] ] } },
{ "type": "Feature", "properties": { "county": "Gwinnett", "geoid": "13135050224", "pop": 3887.0, "pop_density": 506.18576718137348, "median_hh_income": 119265.0, "mean_commute_min": 29.291691572026298 }, "geometry": { "type": "Polygon", "coordinates": [ [ [ -84.0694, 34.0276 ], [ -84.0666, 34.0132 ], [ -84.0481, 34.03 ], [ -84.0646, 34.0577 ], [ -84.0892, 34.0326 ], [ -84.0694, 34.0276 ] ] ] } },
{ "type": "Feature", "properties": { "county": "Gwinnett", "geoid": "13135050565", "pop": 4507.0, "pop_density": 879.19196269900806, "median_hh_income": 107673.0, "mean_commute_min": 30.488346281908989 }, "geometry": { "type": "Polygon", "coordinates": [ [ [ -84.0421, 34.0124 ], [ -84.0373, 34.0103 ], [ -84.0295, 34.0124 ], [ -84.027, 34.0064 ], [ -84.0247, 34.0075 ], [ -84.024, 34.0163 ], [ -84.0183, 34.0191 ], [ -84.0236, 34.0358 ], [ -84.0372, 34.0356 ], [ -84.0445, 34.0314 ], [ -84.0409, 34.0188 ], [ -84.0421, 34.0124 ] ] ] } },
{ "type": "Feature", "properties": { "county": "Gwinnett", "geoid": "13135050579", "pop": 4230.0, "pop_density": 763.50276295946662, "median_hh_income": 94300.0, "mean_commute_min": 38.171059709521245 }, "geometry": { "type": "Polygon", "coordinates": [ [ [ -83.9876, 34.021 ], [ -83.9748, 34.0202 ], [ -83.9656, 34.0072 ], [ -83.9603, 34.0363 ], [ -83.9864, 34.0365 ], [ -83.9922, 34.0314 ], [ -83.9876, 34.021 ] ] ] } },
{ "type": "Feature", "properties": { "county": "Gwinnett", "geoid": "13135050584", "pop": 4141.0, "pop_density": 708.0253069890698, "median_hh_income": 130068.0, "mean_commute_min": 37.196229050279328 }, "geometry": { "type": "Polygon", "coordinates": [ [ [ -83.9602, 34.0087 ], [ -83.9575, 34.0048 ], [ -83.9515, 34.0076 ], [ -83.9544, 34.0114 ], [ -83.9309, 34.0227 ], [ -83.9322, 34.0278 ], [ -83.9393, 34.032 ], [ -83.9492, 34.03 ], [ -83.9547, 34.0357 ], [ -83.9586, 34.0346 ], [ -83.9651, 34.0207 ], [ -83.9655, 34.0074 ], [ -83.9602, 34.0087 ] ] ] } },
{ "type": "Feature", "properties": { "county": "Gwinnett", "geoid": "13135050611", "pop": 3700.0, "pop_density": 485.40435035121629, "median_hh_income": 100669.0, "mean_commute_min": 30.460188356164384 }, "geometry": { "type": "Polygon", "coordinates": [ [ [ -83.9603, 34.0363 ], [ -83.9543, 34.0494 ], [ -83.9562, 34.0544 ], [ -83.9514, 34.0567 ], [ -83.953, 34.0612 ], [ -83.969, 34.0564 ], [ -83.9934, 34.0567 ], [ -83.9882, 34.036 ], [ -83.9603, 34.0363 ] ] ] } },
{ "type": "Feature", "properties": { "county": "Gwinnett", "geoid": "13135050614", "pop": 4064.0, "pop_density": 1690.0237035804882, "median_hh_income": 93516.0, "mean_commute_min": 25.565656565656564 }, "geometry": { "type": "Polygon", "coordinates": [ [ [ -83.9247, 34.0256 ], [ -83.9102, 34.0356 ], [ -83.9233, 34.0461 ], [ -83.9284, 34.0413 ], [ -83.927, 34.0362 ], [ -83.9373, 34.0367 ], [ -83.9247, 34.0256 ] ] ] } },
{ "type": "Feature", "properties": { "county": "Gwinnett", "geoid": "13135050239", "pop": 5110.0, "pop_density": 1407.9590187489996, "median_hh_income": 162429.0, "mean_commute_min": 36.736760124610591 }, "geometry": { "type": "Polygon", "coordinates": [ [ [ -84.0488, 34.0721 ], [ -84.0393, 34.0582 ], [ -84.0344, 34.0597 ], [ -84.0299, 34.0677 ], [ -84.0236, 34.0715 ], [ -84.0379, 34.0817 ], [ -84.0579, 34.0687 ], [ -84.0488, 34.0721 ] ] ] } },
{ "type": "Feature", "properties": { "county": "Gwinnett", "geoid": "13135050113", "pop": 6701.0, "pop_density": 545.9735206508924, "median_hh_income": 72856.0, "mean_commute_min": 26.477195371000679 }, "geometry": { "type": "Polygon", "coordinates": [ [ [ -84.0202, 34.0697 ], [ -84.0101, 34.0668 ], [ -84.0215, 34.0582 ], [ -84.0311, 34.0433 ], [ -84.0134, 34.0528 ], [ -83.9934, 34.0567 ], [ -83.9846, 34.0705 ], [ -83.9845, 34.0785 ], [ -83.9966, 34.0893 ], [ -84.003, 34.083 ], [ -84.0072, 34.0885 ], [ -84.0141, 34.0838 ], [ -84.0197, 34.0893 ], [ -84.0378, 34.0818 ], [ -84.0202, 34.0697 ] ] ] } },
{ "type": "Feature", "properties": { "county": "Gwinnett", "geoid": "13135050621", "pop": 4113.0, "pop_density": 983.33964905317987, "median_hh_income": 142308.0, "mean_commute_min": 34.58872458410351 }, "geometry": { "type": "Polygon", "coordinates": [ [ [ -83.9088, 34.0494 ], [ -83.9001, 34.0531 ], [ -83.9064, 34.0621 ], [ -83.9061, 34.0692 ], [ -83.917, 34.0723 ], [ -83.9265, 34.063 ], [ -83.9256, 34.051 ], [ -83.9088, 34.0494 ] ] ] } },
{ "type": "Feature", "properties": { "county": "DeKalb", "geoid": "13089022700", "pop": 5414.0, "pop_density": 2401.7379106832086, "median_hh_income": 174750.0, "mean_commute_min": 25.022259321090708 }, "geometry": { "type": "Polygon", "coordinates": [ [ [ -84.3112, 33.7524 ], [ -84.296, 33.7536 ], [ -84.2965, 33.7699 ], [ -84.3124, 33.7651 ], [ -84.3112, 33.7524 ] ] ] } },
{ "type": "Feature", "properties": { "county": "Gwinnett", "geoid": "13135050749", "pop": 3593.0, "pop_density": 1337.0337127487448, "median_hh_income": 94091.0, "mean_commute_min": 30.316826411075613 }, "geometry": { "type": "Polygon", "coordinates": [ [ [ -84.0647, 33.8205 ], [ -84.0416, 33.8137 ], [ -84.0316, 33.8264 ], [ -84.0403, 33.8231 ], [ -84.0522, 33.8278 ], [ -84.0686, 33.828 ], [ -84.0647, 33.8205 ] ] ] } },
{ "type": "Feature", "properties": { "county": "Gwinnett", "geoid": "13135050765", "pop": 3054.0, "pop_density": 727.83377935197063, "median_hh_income": 122266.0, "mean_commute_min": 42.076305220883533 }, "geometry": { "type": "Polygon", "coordinates": [ [ [ -84.0761, 33.8693 ], [ -84.0811, 33.8654 ], [ -84.0738, 33.8581 ], [ -84.0788, 33.8533 ], [ -84.0642, 33.8504 ], [ -84.0574, 33.8642 ], [ -84.0664, 33.8774 ], [ -84.0835, 33.874 ], [ -84.0761, 33.8693 ] ] ] } },
{ "type": "Feature", "properties": { "county": "Gwinnett", "geoid": "13135050458", "pop": 3586.0, "pop_density": 1066.6292285558002, "median_hh_income": 93061.0, "mean_commute_min": 28.868552412645592 }, "geometry": { "type": "Polygon", "coordinates": [ [ [ -84.115, 33.8359 ], [ -84.1032, 33.8394 ], [ -84.094, 33.8388 ], [ -84.1025, 33.8563 ], [ -84.1212, 33.8475 ], [ -84.115, 33.8359 ] ] ] } },
{ "type": "Feature", "properties": { "county": "Gwinnett", "geoid": "13135050457", "pop": 3901.0, "pop_density": 716.36237027983123, "median_hh_income": 127865.0, "mean_commute_min": 30.530888030888033 }, "geometry": { "type": "Polygon", "coordinates": [ [ [ -84.0888, 33.8318 ], [ -84.0901, 33.8376 ], [ -84.0826, 33.8381 ], [ -84.0802, 33.8408 ], [ -84.0846, 33.842 ], [ -84.0864, 33.8472 ], [ -84.0829, 33.8515 ], [ -84.0875, 33.8557 ], [ -84.0846, 33.8566 ], [ -84.0803, 33.8529 ], [ -84.0739, 33.8574 ], [ -84.0812, 33.8642 ], [ -84.0761, 33.8693 ], [ -84.0837, 33.8739 ], [ -84.0948, 33.8672 ], [ -84.097, 33.859 ], [ -84.1025, 33.8563 ], [ -84.0888, 33.8318 ] ] ] } },
{ "type": "Feature", "properties": { "county": "Gwinnett", "geoid": "13135050753", "pop": 4478.0, "pop_density": 913.89788058550687, "median_hh_income": 67106.0, "mean_commute_min": 35.034648187633259 }, "geometry": { "type": "Polygon", "coordinates": [ [ [ -84.0082, 33.8337 ], [ -84.0022, 33.8349 ], [ -83.991, 33.8282 ], [ -83.988, 33.8369 ], [ -83.991, 33.8412 ], [ -83.998, 33.8414 ], [ -84.0, 33.8447 ], [ -83.9926, 33.8505 ], [ -83.9938, 33.856 ], [ -84.0208, 33.8566 ], [ -84.0082, 33.8337 ] ] ] } },
{ "type": "Feature", "properties": { "county": "Gwinnett", "geoid": "13135050464", "pop": 4841.0, "pop_density": 1309.7387367473839, "median_hh_income": 95341.0, "mean_commute_min": 34.40924249642687 }, "geometry": { "type": "Polygon", "coordinates": [ [ [ -84.1638, 33.855 ], [ -84.1604, 33.8681 ], [ -84.1624, 33.871 ], [ -84.153, 33.8771 ], [ -84.1616, 33.8829 ], [ -84.1773, 33.8694 ], [ -84.1881, 33.8673 ], [ -84.1638, 33.855 ] ] ] } },
{ "type": "Feature", "properties": { "county": "Gwinnett", "geoid": "13135050763", "pop": 4682.0, "pop_density": 1101.0610352795759, "median_hh_income": 97037.0, "mean_commute_min": 36.907419566644784 }, "geometry": { "type": "Polygon", "coordinates": [ [ [ -84.0476, 33.8551 ], [ -84.044, 33.8513 ], [ -84.0202, 33.8575 ], [ -84.0189, 33.8604 ], [ -84.0337, 33.8698 ], [ -84.0504, 33.8728 ], [ -84.0476, 33.8551 ] ] ] } },
{ "type": "Feature", "properties": { "county": "Gwinnett", "geoid": "13135050760", "pop": 4867.0, "pop_density": 1087.0732980445857, "median_hh_income": 162404.0, "mean_commute_min": 35.814989517819704 }, "geometry": { "type": "Polygon", "coordinates": [ [ [ -84.0717, 33.8755 ], [ -84.066, 33.8788 ], [ -84.057, 33.8905 ], [ -84.0589, 33.896 ], [ -84.0667, 33.8956 ], [ -84.0735, 33.899 ], [ -84.0792, 33.8896 ], [ -84.0854, 33.8891 ], [ -84.0859, 33.8829 ], [ -84.0831, 33.8799 ], [ -84.0789, 33.8825 ], [ -84.0778, 33.8797 ], [ -84.084, 33.876 ], [ -84.0885, 33.8775 ], [ -84.0896, 33.874 ], [ -84.0717, 33.8755 ] ] ] } },
{ "type": "Feature", "properties": { "county": "Gwinnett", "geoid": "13135050449", "pop": 3455.0, "pop_density": 1466.9044283106184, "median_hh_income": 51475.0, "mean_commute_min": 28.699132755170112 }, "geometry": { "type": "Polygon", "coordinates": [ [ [ -84.1971, 33.8961 ], [ -84.1916, 33.8851 ], [ -84.1833, 33.8877 ], [ -84.182, 33.8926 ], [ -84.1889, 33.8956 ], [ -84.1922, 33.9081 ], [ -84.2053, 33.9022 ], [ -84.1971, 33.8961 ] ] ] } },
{ "type": "Feature", "properties": { "county": "Gwinnett", "geoid": "13135050568", "pop": 4451.0, "pop_density": 1386.7006960296619, "median_hh_income": 80536.0, "mean_commute_min": 32.495487364620942 }, "geometry": { "type": "Polygon", "coordinates": [ [ [ -84.0403, 33.9095 ], [ -84.029, 33.9125 ], [ -84.0421, 33.9319 ], [ -84.0524, 33.9273 ], [ -84.0486, 33.9128 ], [ -84.0403, 33.9095 ] ] ] } },
{ "type": "Feature", "properties": { "county": "Gwinnett", "geoid": "13135050450", "pop": 2916.0, "pop_density": 1421.4481710066493, "median_hh_income": 74227.0, "mean_commute_min": 34.113584036838063 }, "geometry": { "type": "Polygon", "coordinates": [ [ [ -84.1889, 33.8956 ], [ -84.182, 33.8926 ], [ -84.1716, 33.9 ], [ -84.1831, 33.9083 ], [ -84.1922, 33.9079 ], [ -84.1889, 33.8956 ] ] ] } },
{ "type": "Feature", "properties": { "county": "Gwinnett", "geoid": "13135050460", "pop": 4221.0, "pop_density": 3812.6602721883555, "median_hh_income": 45208.0, "mean_commute_min": 20.751811594202898 }, "geometry": { "type": "Polygon", "coordinates": [ [ [ -84.159, 33.8937 ], [ -84.1546, 33.8966 ], [ -84.1496, 33.8957 ], [ -84.147, 33.9004 ], [ -84.156, 33.9061 ], [ -84.1628, 33.8958 ], [ -84.159, 33.8937 ] ] ] } },
{ "type": "Feature", "properties": { "county": "Gwinnett", "geoid": "13135050441", "pop": 4864.0, "pop_density": 1779.908333257097, "median_hh_income": 50899.0, "mean_commute_min": 32.76047261009667 }, "geometry": { "type": "Polygon", "coordinates": [ [ [ -84.1215, 33.9031 ], [ -84.0973, 33.9115 ], [ -84.1002, 33.9162 ], [ -84.1129, 33.9237 ], [ -84.1138, 33.9112 ], [ -84.1324, 33.9122 ], [ -84.1215, 33.9031 ] ] ] } },
{ "type": "Feature", "properties": { "county": "Gwinnett", "geoid": "13135050761", "pop": 3445.0, "pop_density": 903.90529066655472, "median_hh_income": 111382.0, "mean_commute_min": 32.822222222222223 }, "geometry": { "type": "Polygon", "coordinates": [ [ [ -84.0667, 33.8956 ], [ -84.0596, 33.8965 ], [ -84.057, 33.8905 ], [ -84.0551, 33.8955 ], [ -84.0344, 33.91 ], [ -84.0403, 33.9095 ], [ -84.0503, 33.9145 ], [ -84.0553, 33.9133 ], [ -84.0735, 33.8991 ], [ -84.0667, 33.8956 ] ] ] } },
{ "type": "Feature", "properties": { "county": "Gwinnett", "geoid": "13135050329", "pop": 2385.0, "pop_density": 1796.1325538293772, "median_hh_income": 49375.0, "mean_commute_min": 29.272300469483568 }, "geometry": { "type": "Polygon", "coordinates": [ [ [ -84.2077, 33.912 ], [ -84.1901, 33.9223 ], [ -84.1956, 33.9265 ], [ -84.2107, 33.9205 ], [ -84.2077, 33.912 ] ] ] } },
{ "type": "Feature", "properties": { "county": "Gwinnett", "geoid": "13135050438", "pop": 4225.0, "pop_density": 1778.4217044056873, "median_hh_income": 50536.0, "mean_commute_min": 38.191161356628982 }, "geometry": { "type": "Polygon", "coordinates": [ [ [ -84.1827, 33.9083 ], [ -84.1606, 33.9124 ], [ -84.176, 33.9283 ], [ -84.1812, 33.9258 ], [ -84.1751, 33.92 ], [ -84.1884, 33.9134 ], [ -84.1827, 33.9083 ] ] ] } },
{ "type": "Feature", "properties": { "county": "Gwinnett", "geoid": "13135050333", "pop": 5254.0, "pop_density": 2496.6226217578715, "median_hh_income": 60098.0, "mean_commute_min": 28.955555555555556 }, "geometry": { "type": "Polygon", "coordinates": [ [ [ -84.1636, 33.9382 ], [ -84.1593, 33.9362 ], [ -84.1452, 33.9447 ], [ -84.153, 33.9471 ], [ -84.161, 33.9557 ], [ -84.1683, 33.9521 ], [ -84.162, 33.945 ], [ -84.1679, 33.9361 ], [ -84.1636, 33.9382 ] ] ] } },
{ "type": "Feature", "properties": { "county": "Gwinnett", "geoid": "13135050633", "pop": 2504.0, "pop_density": 415.18378846584949, "median_hh_income": 68611.0, "mean_commute_min": 39.465098634294385 }, "geometry": { "type": "Polygon", "coordinates": [ [ [ -83.968, 34.0566 ], [ -83.9468, 34.0632 ], [ -83.9613, 34.0705 ], [ -83.9729, 34.0701 ], [ -83.9751, 34.0813 ], [ -83.981, 34.084 ], [ -83.9846, 34.0705 ], [ -83.9934, 34.0567 ], [ -83.968, 34.0566 ] ] ] } },
{ "type": "Feature", "properties": { "county": "Gwinnett", "geoid": "13135050636", "pop": 4395.0, "pop_density": 1092.7209123660205, "median_hh_income": 102604.0, "mean_commute_min": 35.470588235294116 }, "geometry": { "type": "Polygon", "coordinates": [ [ [ -83.9289, 34.0778 ], [ -83.9291, 34.0707 ], [ -83.9179, 34.0752 ], [ -83.9188, 34.0803 ], [ -83.9092, 34.0825 ], [ -83.9107, 34.0994 ], [ -83.9284, 34.0898 ], [ -83.9343, 34.0865 ], [ -83.9289, 34.0778 ] ] ] } },
{ "type": "Feature", "properties": { "county": "Gwinnett", "geoid": "13135050118", "pop": 2517.0, "pop_density": 1300.3766804281686, "median_hh_income": 112356.0, "mean_commute_min": 29.58167330677291 }, "geometry": { "type": "Polygon", "coordinates": [ [ [ -84.0614, 34.0962 ], [ -84.0537, 34.093 ], [ -84.0365, 34.1053 ], [ -84.0306, 34.106 ], [ -84.0361, 34.1097 ], [ -84.0624, 34.1017 ], [ -84.0614, 34.0962 ] ] ] } },
{ "type": "Feature", "properties": { "county": "Gwinnett", "geoid": "13135050111", "pop": 2611.0, "pop_density": 748.29877383321571, "median_hh_income": 59318.0, "mean_commute_min": 28.821811100292113 }, "geometry": { "type": "Polygon", "coordinates": [ [ [ -84.0276, 34.105 ], [ -84.0023, 34.1229 ], [ -83.9969, 34.1358 ], [ -83.9877, 34.1412 ], [ -83.9908, 34.1406 ], [ -84.0037, 34.134 ], [ -84.0202, 34.124 ], [ -84.0303, 34.1058 ], [ -84.0276, 34.105 ] ] ] } },
{ "type": "Feature", "properties": { "county": "Gwinnett", "geoid": "13135050557", "pop": 3211.0, "pop_density": 1333.9742170327445, "median_hh_income": 82952.0, "mean_commute_min": 38.445229681978802 }, "geometry": { "type": "Polygon", "coordinates": [ [ [ -84.0646, 33.9256 ], [ -84.0596, 33.9269 ], [ -84.0587, 33.9389 ], [ -84.0647, 33.9483 ], [ -84.0757, 33.9429 ], [ -84.0646, 33.9256 ] ] ] } },
{ "type": "Feature", "properties": { "county": "Gwinnett", "geoid": "13135050336", "pop": 3103.0, "pop_density": 584.68843624578392, "median_hh_income": 84875.0, "mean_commute_min": 21.549783549783548 }, "geometry": { "type": "Polygon", "coordinates": [ [ [ -84.2415, 33.9513 ], [ -84.2317, 33.949 ], [ -84.2085, 33.961 ], [ -84.2077, 33.9688 ], [ -84.2254, 33.9704 ], [ -84.2364, 33.9672 ], [ -84.2425, 33.9697 ], [ -84.2392, 33.9651 ], [ -84.246, 33.9597 ], [ -84.2415, 33.9513 ] ] ] } },
{ "type": "Feature", "properties": { "county": "Gwinnett", "geoid": "13135050632", "pop": 3545.0, "pop_density": 960.86292809221686, "median_hh_income": 102656.0, "mean_commute_min": 31.319816373374138 }, "geometry": { "type": "Polygon", "coordinates": [ [ [ -83.9695, 34.0796 ], [ -83.9553, 34.0933 ], [ -83.9614, 34.0998 ], [ -83.9736, 34.1041 ], [ -83.9791, 34.097 ], [ -83.9776, 34.09 ], [ -83.981, 34.084 ], [ -83.9695, 34.0796 ] ] ] } },
{ "type": "Feature", "properties": { "county": "Gwinnett", "geoid": "13135050331", "pop": 2167.0, "pop_density": 842.56906189052745, "median_hh_income": 59400.0, "mean_commute_min": 30.083798882681563 }, "geometry": { "type": "Polygon", "coordinates": [ [ [ -84.2524, 33.9116 ], [ -84.2386, 33.9053 ], [ -84.2343, 33.9087 ], [ -84.2471, 33.9261 ], [ -84.2581, 33.9181 ], [ -84.2524, 33.9116 ] ] ] } },
{ "type": "Feature", "properties": { "county": "Gwinnett", "geoid": "13135050112", "pop": 4988.0, "pop_density": 963.69694860856112, "median_hh_income": 91204.0, "mean_commute_min": 30.577963600590262 }, "geometry": { "type": "Polygon", "coordinates": [ [ [ -84.0466, 34.1125 ], [ -84.0303, 34.1058 ], [ -84.0204, 34.1238 ], [ -84.0423, 34.1298 ], [ -84.0584, 34.1267 ], [ -84.06, 34.1238 ], [ -84.0466, 34.1125 ] ] ] } },
{ "type": "Feature", "properties": { "county": "Gwinnett", "geoid": "13135050110", "pop": 6478.0, "pop_density": 507.7012591116623, "median_hh_income": 107500.0, "mean_commute_min": 34.853111712408193 }, "geometry": { "type": "Polygon", "coordinates": [ [ [ -84.0464, 34.1285 ], [ -84.0417, 34.1297 ], [ -84.0234, 34.124 ], [ -83.9885, 34.1415 ], [ -84.0432, 34.1609 ], [ -84.0449, 34.1497 ], [ -84.0519, 34.1466 ], [ -84.0464, 34.1285 ] ] ] } },
{ "type": "Feature", "properties": { "county": "Gwinnett", "geoid": "13135050618", "pop": 4346.0, "pop_density": 719.32122293876648, "median_hh_income": 125010.0, "mean_commute_min": 43.648648648648646 }, "geometry": { "type": "Polygon", "coordinates": [ [ [ -83.8956, 34.0528 ], [ -83.8799, 34.0575 ], [ -83.8677, 34.0737 ], [ -83.8804, 34.0767 ], [ -83.9061, 34.0692 ], [ -83.9001, 34.0531 ], [ -83.8956, 34.0528 ] ] ] } },
{ "type": "Feature", "properties": { "county": "Gwinnett", "geoid": "13135050754", "pop": 3954.0, "pop_density": 1170.2583891455427, "median_hh_income": 95781.0, "mean_commute_min": 47.32238605898123 }, "geometry": { "type": "Polygon", "coordinates": [ [ [ -83.998, 33.8414 ], [ -83.9904, 33.8404 ], [ -83.988, 33.8369 ], [ -83.991, 33.8282 ], [ -83.9854, 33.8265 ], [ -83.975, 33.8563 ], [ -83.9779, 33.8577 ], [ -83.9936, 33.8529 ], [ -83.9926, 33.8505 ], [ -83.9992, 33.8451 ], [ -83.998, 33.8414 ] ] ] } },
{ "type": "Feature", "properties": { "county": "Gwinnett", "geoid": "13135050447", "pop": 2360.0, "pop_density": 1903.2703184187374, "median_hh_income": 41298.0, "mean_commute_min": 32.455849889624723 }, "geometry": { "type": "Polygon", "coordinates": [ [ [ -84.1697, 33.9047 ], [ -84.164, 33.9047 ], [ -84.1636, 33.9003 ], [ -84.156, 33.9061 ], [ -84.1638, 33.9135 ], [ -84.1724, 33.9108 ], [ -84.1697, 33.9047 ] ] ] } },
{ "type": "Feature", "properties": { "county": "Gwinnett", "geoid": "13135050454", "pop": 3638.0, "pop_density": 2524.4009231618988, "median_hh_income": 59400.0, "mean_commute_min": 26.94110576923077 }, "geometry": { "type": "Polygon", "coordinates": [ [ [ -84.156, 33.9061 ], [ -84.1489, 33.9089 ], [ -84.1416, 33.9079 ], [ -84.1325, 33.9122 ], [ -84.137, 33.9156 ], [ -84.1489, 33.9158 ], [ -84.159, 33.9111 ], [ -84.156, 33.9061 ] ] ] } },
{ "type": "Feature", "properties": { "county": "Gwinnett", "geoid": "13135050462", "pop": 3548.0, "pop_density": 1014.8654330769472, "median_hh_income": 137972.0, "mean_commute_min": 34.004106776180699 }, "geometry": { "type": "Polygon", "coordinates": [ [ [ -84.1114, 33.8522 ], [ -84.0977, 33.8583 ], [ -84.0975, 33.8644 ], [ -84.0936, 33.8682 ], [ -84.101, 33.8692 ], [ -84.1073, 33.876 ], [ -84.1124, 33.8735 ], [ -84.1147, 33.8756 ], [ -84.1137, 33.869 ], [ -84.1186, 33.8639 ], [ -84.1114, 33.8522 ] ] ] } },
{ "type": "Feature", "properties": { "county": "Gwinnett", "geoid": "13135050442", "pop": 3140.0, "pop_density": 1097.879065474151, "median_hh_income": 78450.0, "mean_commute_min": 33.767812238055321 }, "geometry": { "type": "Polygon", "coordinates": [ [ [ -84.1165, 33.8961 ], [ -84.0886, 33.8972 ], [ -84.0948, 33.8999 ], [ -84.0912, 33.9068 ], [ -84.1016, 33.9106 ], [ -84.1214, 33.9031 ], [ -84.1165, 33.8961 ] ] ] } },
{ "type": "Feature", "properties": { "county": "Gwinnett", "geoid": "13135050334", "pop": 6487.0, "pop_density": 2051.6229707133743, "median_hh_income": 64976.0, "mean_commute_min": 31.798902195608783 }, "geometry": { "type": "Polygon", "coordinates": [ [ [ -84.1772, 33.9551 ], [ -84.1683, 33.9521 ], [ -84.161, 33.9557 ], [ -84.1558, 33.9517 ], [ -84.1596, 33.9583 ], [ -84.1569, 33.9657 ], [ -84.159, 33.9694 ], [ -84.1673, 33.9736 ], [ -84.1768, 33.9668 ], [ -84.1772, 33.9551 ] ] ] } },
{ "type": "Feature", "properties": { "county": "Gwinnett", "geoid": "13135050444", "pop": 3699.0, "pop_density": 1353.8262886054601, "median_hh_income": 73363.0, "mean_commute_min": 33.981132075471699 }, "geometry": { "type": "Polygon", "coordinates": [ [ [ -84.1879, 33.8801 ], [ -84.1787, 33.8829 ], [ -84.1727, 33.8888 ], [ -84.1656, 33.8854 ], [ -84.1628, 33.8958 ], [ -84.1716, 33.9 ], [ -84.177, 33.8975 ], [ -84.1773, 33.8939 ], [ -84.1813, 33.894 ], [ -84.1833, 33.8877 ], [ -84.1916, 33.8851 ], [ -84.1879, 33.8801 ] ] ] } },
{ "type": "Feature", "properties": { "county": "Gwinnett", "geoid": "13135050330", "pop": 2922.0, "pop_density": 1239.116910807754, "median_hh_income": 62338.0, "mean_commute_min": 30.161579892280074 }, "geometry": { "type": "Polygon", "coordinates": [ [ [ -84.2107, 33.9205 ], [ -84.1937, 33.9256 ], [ -84.2084, 33.9412 ], [ -84.2163, 33.9346 ], [ -84.2107, 33.9205 ] ] ] } },
{ "type": "Feature", "properties": { "county": "Gwinnett", "geoid": "13135050551", "pop": 3821.0, "pop_density": 1000.4673735309482, "median_hh_income": 99479.0, "mean_commute_min": 35.676605504587158 }, "geometry": { "type": "Polygon", "coordinates": [ [ [ -84.0912, 33.9068 ], [ -84.0947, 33.8994 ], [ -84.089, 33.8979 ], [ -84.0897, 33.8944 ], [ -84.0819, 33.8929 ], [ -84.0813, 33.8885 ], [ -84.0618, 33.9092 ], [ -84.069, 33.9183 ], [ -84.0695, 33.9126 ], [ -84.0784, 33.9132 ], [ -84.0795, 33.9025 ], [ -84.0896, 33.9074 ], [ -84.0988, 33.9088 ], [ -84.0912, 33.9068 ] ] ] } },
{ "type": "Feature", "properties": { "county": "Gwinnett", "geoid": "13135050590", "pop": 4939.0, "pop_density": 1534.086285287246, "median_hh_income": 108750.0, "mean_commute_min": 37.428696796840718 }, "geometry": { "type": "Polygon", "coordinates": [ [ [ -84.029, 33.9125 ], [ -84.0155, 33.9207 ], [ -84.0338, 33.9384 ], [ -84.0421, 33.9319 ], [ -84.029, 33.9125 ] ] ] } },
{ "type": "Feature", "properties": { "county": "Gwinnett", "geoid": "13135050437", "pop": 2710.0, "pop_density": 869.39281733960661, "median_hh_income": 62691.0, "mean_commute_min": 32.11596385542169 }, "geometry": { "type": "Polygon", "coordinates": [ [ [ -84.2053, 33.9022 ], [ -84.1942, 33.9079 ], [ -84.1831, 33.9083 ], [ -84.1878, 33.9156 ], [ -84.1751, 33.92 ], [ -84.1812, 33.9258 ], [ -84.2077, 33.912 ], [ -84.2053, 33.9022 ] ] ] } },
{ "type": "Feature", "properties": { "county": "Gwinnett", "geoid": "13135050757", "pop": 4898.0, "pop_density": 1658.3921992589715, "median_hh_income": 130417.0, "mean_commute_min": 33.08982376350199 }, "geometry": { "type": "Polygon", "coordinates": [ [ [ -84.0529, 33.8891 ], [ -84.0409, 33.8967 ], [ -84.0255, 33.9001 ], [ -84.0208, 33.9064 ], [ -84.0248, 33.9072 ], [ -84.0251, 33.9103 ], [ -84.0344, 33.91 ], [ -84.0551, 33.8955 ], [ -84.057, 33.8906 ], [ -84.0529, 33.8891 ] ] ] } },
{ "type": "Feature", "properties": { "county": "Gwinnett", "geoid": "13135050577", "pop": 4614.0, "pop_density": 2240.6857838830879, "median_hh_income": 57015.0, "mean_commute_min": 26.002774474831551 }, "geometry": { "type": "Polygon", "coordinates": [ [ [ -84.1199, 33.9314 ], [ -84.1139, 33.9248 ], [ -84.1022, 33.9303 ], [ -84.1083, 33.9362 ], [ -84.1079, 33.9411 ], [ -84.122, 33.9412 ], [ -84.1199, 33.9314 ] ] ] } },
{ "type": "Feature", "properties": { "county": "Gwinnett", "geoid": "13135050586", "pop": 5974.0, "pop_density": 1244.0932124448473, "median_hh_income": 86917.0, "mean_commute_min": 41.498211091234346 }, "geometry": { "type": "Polygon", "coordinates": [ [ [ -83.9517, 33.9309 ], [ -83.9416, 33.9387 ], [ -83.9381, 33.933 ], [ -83.9278, 33.9382 ], [ -83.9244, 33.9451 ], [ -83.9334, 33.9516 ], [ -83.9585, 33.9502 ], [ -83.9585, 33.944 ], [ -83.9548, 33.9432 ], [ -83.9552, 33.9367 ], [ -83.9588, 33.935 ], [ -83.9517, 33.9309 ] ] ] } },
{ "type": "Feature", "properties": { "county": "Gwinnett", "geoid": "13135050443", "pop": 3209.0, "pop_density": 1066.504480880855, "median_hh_income": 82283.0, "mean_commute_min": 38.196894848270993 }, "geometry": { "type": "Polygon", "coordinates": [ [ [ -84.1881, 33.8673 ], [ -84.1847, 33.867 ], [ -84.1773, 33.8694 ], [ -84.1635, 33.8816 ], [ -84.1727, 33.8888 ], [ -84.1787, 33.8829 ], [ -84.1893, 33.8802 ], [ -84.1881, 33.8673 ] ] ] } },
{ "type": "Feature", "properties": { "county": "Gwinnett", "geoid": "13135050456", "pop": 4169.0, "pop_density": 2963.9098300284095, "median_hh_income": 34679.0, "mean_commute_min": 28.686113789778208 }, "geometry": { "type": "Polygon", "coordinates": [ [ [ -84.2249, 33.8929 ], [ -84.2181, 33.8937 ], [ -84.2275, 33.909 ], [ -84.2378, 33.9049 ], [ -84.2249, 33.8929 ] ] ] } },
{ "type": "Feature", "properties": { "county": "Gwinnett", "geoid": "13135050452", "pop": 2403.0, "pop_density": 1177.6837024846527, "median_hh_income": 41662.0, "mean_commute_min": 31.357702349869452 }, "geometry": { "type": "Polygon", "coordinates": [ [ [ -84.2207, 33.8995 ], [ -84.2157, 33.9025 ], [ -84.2085, 33.8979 ], [ -84.2053, 33.9022 ], [ -84.2077, 33.912 ], [ -84.2275, 33.909 ], [ -84.2207, 33.8995 ] ] ] } },
{ "type": "Feature", "properties": { "county": "Gwinnett", "geoid": "13135050559", "pop": 5066.0, "pop_density": 1548.9091136454736, "median_hh_income": 76298.0, "mean_commute_min": 31.238329238329239 }, "geometry": { "type": "Polygon", "coordinates": [ [ [ -84.0583, 33.9369 ], [ -84.0596, 33.9269 ], [ -84.0395, 33.9322 ], [ -84.0338, 33.9384 ], [ -84.0426, 33.9449 ], [ -84.0409, 33.9413 ], [ -84.0465, 33.9392 ], [ -84.0528, 33.9456 ], [ -84.0615, 33.9439 ], [ -84.0583, 33.9369 ] ] ] } },
{ "type": "Feature", "properties": { "county": "Gwinnett", "geoid": "13135050328", "pop": 2954.0, "pop_density": 1463.5166213673429, "median_hh_income": 48105.0, "mean_commute_min": 30.134511913912377 }, "geometry": { "type": "Polygon", "coordinates": [ [ [ -84.176, 33.9283 ], [ -84.1783, 33.9327 ], [ -84.1936, 33.9396 ], [ -84.1907, 33.9312 ], [ -84.1962, 33.9285 ], [ -84.1901, 33.9223 ], [ -84.1972, 33.9181 ], [ -84.176, 33.9283 ] ] ] } },
{ "type": "Feature", "properties": { "county": "Gwinnett", "geoid": "13135050325", "pop": 3728.0, "pop_density": 997.80365429529309, "median_hh_income": 65625.0, "mean_commute_min": 35.105132962275817 }, "geometry": { "type": "Polygon", "coordinates": [ [ [ -84.191, 33.9501 ], [ -84.1755, 33.943 ], [ -84.17, 33.9452 ], [ -84.1675, 33.9402 ], [ -84.1621, 33.9448 ], [ -84.1683, 33.9521 ], [ -84.1772, 33.9551 ], [ -84.1773, 33.9664 ], [ -84.1979, 33.9496 ], [ -84.191, 33.9501 ] ] ] } },
{ "type": "Feature", "properties": { "county": "Gwinnett", "geoid": "13135050629", "pop": 1950.0, "pop_density": 1069.9776347239019, "median_hh_income": 141151.0, "mean_commute_min": 35.771396396396398 }, "geometry": { "type": "Polygon", "coordinates": [ [ [ -83.9209, 34.0207 ], [ -83.9106, 34.0148 ], [ -83.9077, 34.0319 ], [ -83.9102, 34.0356 ], [ -83.9172, 34.0327 ], [ -83.9228, 34.0254 ], [ -83.9209, 34.0207 ] ] ] } },
{ "type": "Feature", "properties": { "county": "Gwinnett", "geoid": "13135050613", "pop": 5044.0, "pop_density": 1344.2088821719899, "median_hh_income": 74712.0, "mean_commute_min": 28.480681074001311 }, "geometry": { "type": "Polygon", "coordinates": [ [ [ -83.9492, 34.03 ], [ -83.9443, 34.0326 ], [ -83.9364, 34.0309 ], [ -83.9309, 34.0227 ], [ -83.9247, 34.0256 ], [ -83.9382, 34.0367 ], [ -83.927, 34.0362 ], [ -83.9284, 34.0413 ], [ -83.9233, 34.0461 ], [ -83.9265, 34.0504 ], [ -83.9401, 34.0477 ], [ -83.9547, 34.0357 ], [ -83.9492, 34.03 ] ] ] } },
{ "type": "Feature", "properties": { "county": "Gwinnett", "geoid": "13135050745", "pop": 4144.0, "pop_density": 756.99549510957888, "median_hh_income": 82017.0, "mean_commute_min": 34.298724954462656 }, "geometry": { "type": "Polygon", "coordinates": [ [ [ -83.9915, 33.8979 ], [ -83.9779, 33.8942 ], [ -83.9791, 33.8911 ], [ -83.9731, 33.886 ], [ -83.9675, 33.8849 ], [ -83.9557, 33.8943 ], [ -83.9696, 33.9123 ], [ -83.9839, 33.9092 ], [ -83.9947, 33.9032 ], [ -83.9915, 33.8979 ] ] ] } },
{ "type": "Feature", "properties": { "county": "Gwinnett", "geoid": "13135050740", "pop": 1870.0, "pop_density": 588.57762819582706, "median_hh_income": 80893.0, "mean_commute_min": 42.61163734776725 }, "geometry": { "type": "Polygon", "coordinates": [ [ [ -83.9709, 33.9148 ], [ -83.9509, 33.9251 ], [ -83.9588, 33.935 ], [ -83.9671, 33.9319 ], [ -83.979, 33.9355 ], [ -83.9709, 33.9148 ] ] ] } },
{ "type": "Feature", "properties": { "county": "Gwinnett", "geoid": "13135050570", "pop": 4432.0, "pop_density": 1848.2754364111095, "median_hh_income": 118256.0, "mean_commute_min": 31.667977970102282 }, "geometry": { "type": "Polygon", "coordinates": [ [ [ -83.9588, 33.9502 ], [ -83.9334, 33.9516 ], [ -83.9462, 33.9625 ], [ -83.9617, 33.9547 ], [ -83.9671, 33.9548 ], [ -83.9588, 33.9502 ] ] ] } },
{ "type": "Feature", "properties": { "county": "Gwinnett", "geoid": "13135050558", "pop": 2418.0, "pop_density": 762.24053322791849, "median_hh_income": 84224.0, "mean_commute_min": 31.602671118530886 }, "geometry": { "type": "Polygon", "coordinates": [ [ [ -84.0615, 33.9439 ], [ -84.054, 33.9458 ], [ -84.0465, 33.9392 ], [ -84.0409, 33.9413 ], [ -84.0606, 33.9605 ], [ -84.0795, 33.9625 ], [ -84.0734, 33.9584 ], [ -84.0615, 33.9439 ] ] ] } },
{ "type": "Feature", "properties": { "county": "Gwinnett", "geoid": "13135050227", "pop": 2652.0, "pop_density": 1156.2482969099133, "median_hh_income": 123750.0, "mean_commute_min": 28.392999204455052 }, "geometry": { "type": "Polygon", "coordinates": [ [ [ -84.1893, 33.9889 ], [ -84.1828, 33.9903 ], [ -84.1752, 33.9882 ], [ -84.172, 33.998 ], [ -84.168, 33.9995 ], [ -84.1703, 34.0044 ], [ -84.1798, 34.008 ], [ -84.1807, 33.9994 ], [ -84.1927, 33.9907 ], [ -84.1919, 33.9844 ], [ -84.1893, 33.9889 ] ] ] } },
{ "type": "Feature", "properties": { "county": "Gwinnett", "geoid": "13135050232", "pop": 2145.0, "pop_density": 477.52355615910773, "median_hh_income": 114489.0, "mean_commute_min": 34.927325581395351 }, "geometry": { "type": "Polygon", "coordinates": [ [ [ -84.0863, 34.0262 ], [ -84.0829, 34.0137 ], [ -84.0907, 34.011 ], [ -84.0807, 34.0021 ], [ -84.0671, 34.0168 ], [ -84.0672, 34.0249 ], [ -84.0868, 34.0329 ], [ -84.0917, 34.0292 ], [ -84.0863, 34.0262 ] ] ] } },
{ "type": "Feature", "properties": { "county": "Gwinnett", "geoid": "13135050616", "pop": 3846.0, "pop_density": 602.04177631439916, "median_hh_income": 152180.0, "mean_commute_min": 20.874316939890711 }, "geometry": { "type": "Polygon", "coordinates": [ [ [ -83.9179, 34.0749 ], [ -83.8863, 34.0782 ], [ -83.8816, 34.0852 ], [ -83.8711, 34.0893 ], [ -83.8669, 34.0977 ], [ -83.8778, 34.1018 ], [ -83.8933, 34.0983 ], [ -83.8985, 34.0878 ], [ -83.9115, 34.0802 ], [ -83.919, 34.0801 ], [ -83.9179, 34.0749 ] ] ] } },
{ "type": "Feature", "properties": { "county": "Gwinnett", "geoid": "13135050117", "pop": 3814.0, "pop_density": 866.7059040078899, "median_hh_income": 111146.0, "mean_commute_min": 33.964079538165493 }, "geometry": { "type": "Polygon", "coordinates": [ [ [ -84.0801, 34.099 ], [ -84.0692, 34.1027 ], [ -84.0585, 34.1016 ], [ -84.0361, 34.1097 ], [ -84.0706, 34.1122 ], [ -84.0769, 34.1187 ], [ -84.0846, 34.1082 ], [ -84.0801, 34.099 ] ] ] } },
{ "type": "Feature", "properties": { "county": "Gwinnett", "geoid": "13135050630", "pop": 3772.0, "pop_density": 645.70167589713071, "median_hh_income": 130179.0, "mean_commute_min": 35.5136186770428 }, "geometry": { "type": "Polygon", "coordinates": [ [ [ -83.9413, 33.9907 ], [ -83.9309, 34.0013 ], [ -83.9109, 34.0125 ], [ -83.9145, 34.0191 ], [ -83.9209, 34.0207 ], [ -83.9226, 34.0266 ], [ -83.9398, 34.0166 ], [ -83.9416, 34.0003 ], [ -83.9483, 33.9886 ], [ -83.9413, 33.9907 ] ] ] } },
{ "type": "Feature", "properties": { "county": "Gwinnett", "geoid": "13135050459", "pop": 3345.0, "pop_density": 651.08665291825992, "median_hh_income": 64725.0, "mean_commute_min": 33.358034321372855 }, "geometry": { "type": "Polygon", "coordinates": [ [ [ -84.1635, 33.8816 ], [ -84.1616, 33.8829 ], [ -84.153, 33.8771 ], [ -84.1337, 33.8851 ], [ -84.1273, 33.8911 ], [ -84.1365, 33.894 ], [ -84.1439, 33.9008 ], [ -84.1496, 33.8957 ], [ -84.1546, 33.8966 ], [ -84.159, 33.8937 ], [ -84.1628, 33.8958 ], [ -84.1658, 33.8879 ], [ -84.1635, 33.8816 ] ] ] } },
{ "type": "Feature", "properties": { "county": "Gwinnett", "geoid": "13135050439", "pop": 2948.0, "pop_density": 1064.5500849509522, "median_hh_income": 39808.0, "mean_commute_min": 28.817847286108556 }, "geometry": { "type": "Polygon", "coordinates": [ [ [ -84.1417, 33.9297 ], [ -84.1381, 33.925 ], [ -84.1276, 33.9295 ], [ -84.1452, 33.9447 ], [ -84.1592, 33.9363 ], [ -84.1417, 33.9297 ] ] ] } },
{ "type": "Feature", "properties": { "county": "Clayton", "geoid": "13063040623", "pop": 5569.0, "pop_density": 1644.2289012275767, "median_hh_income": 45300.0, "mean_commute_min": 37.030420086914532 }, "geometry": { "type": "Polygon", "coordinates": [ [ [ -84.3744, 33.4639 ], [ -84.361, 33.4642 ], [ -84.3367, 33.4736 ], [ -84.3388, 33.4811 ], [ -84.3462, 33.4768 ], [ -84.3606, 33.4768 ], [ -84.375, 33.4695 ], [ -84.3744, 33.4639 ] ] ] } },
{ "type": "Feature", "properties": { "county": "Clayton", "geoid": "13063040627", "pop": 5775.0, "pop_density": 768.10493151297123, "median_hh_income": 77424.0, "mean_commute_min": 35.286138981791154 }, "geometry": { "type": "Polygon", "coordinates": [ [ [ -84.3531, 33.5124 ], [ -84.3465, 33.5018 ], [ -84.339, 33.4928 ], [ -84.3314, 33.4931 ], [ -84.3295, 33.5126 ], [ -84.3233, 33.5112 ], [ -84.3223, 33.5211 ], [ -84.3361, 33.5303 ], [ -84.3542, 33.5238 ], [ -84.3531, 33.5124 ] ] ] } },
{ "type": "Feature", "properties": { "county": "Clayton", "geoid": "13063040529", "pop": 3088.0, "pop_density": 1164.857076789657, "median_hh_income": 57756.0, "mean_commute_min": 35.405904059040587 }, "geometry": { "type": "Polygon", "coordinates": [ [ [ -84.4014, 33.5183 ], [ -84.391, 33.5182 ], [ -84.391, 33.5257 ], [ -84.4001, 33.5322 ], [ -84.4035, 33.5452 ], [ -84.4148, 33.5498 ], [ -84.4083, 33.5409 ], [ -84.4014, 33.5183 ] ] ] } },
{ "type": "Feature", "properties": { "county": "Clayton", "geoid": "13063040527", "pop": 3351.0, "pop_density": 1495.1451285753421, "median_hh_income": 56126.0, "mean_commute_min": 29.252597921662669 }, "geometry": { "type": "Polygon", "coordinates": [ [ [ -84.4339, 33.5352 ], [ -84.4281, 33.54 ], [ -84.4167, 33.5421 ], [ -84.4156, 33.5501 ], [ -84.4394, 33.5507 ], [ -84.4339, 33.5352 ] ] ] } },
{ "type": "Feature", "properties": { "county": "Clayton", "geoid": "13063040534", "pop": 2976.0, "pop_density": 1385.5438795135512, "median_hh_income": 53303.0, "mean_commute_min": 28.954732510288064 }, "geometry": { "type": "Polygon", "coordinates": [ [ [ -84.4011, 33.5556 ], [ -84.3923, 33.5509 ], [ -84.3848, 33.5541 ], [ -84.3927, 33.5658 ], [ -84.403, 33.5699 ], [ -84.4074, 33.566 ], [ -84.4011, 33.5556 ] ] ] } },
{ "type": "Feature", "properties": { "county": "Clayton", "geoid": "13063040630", "pop": 3429.0, "pop_density": 871.32826866895141, "median_hh_income": 50657.0, "mean_commute_min": 24.657631954350926 }, "geometry": { "type": "Polygon", "coordinates": [ [ [ -84.3638, 33.5323 ], [ -84.3604, 33.5312 ], [ -84.3586, 33.539 ], [ -84.3475, 33.5393 ], [ -84.3449, 33.542 ], [ -84.3455, 33.5533 ], [ -84.3705, 33.5556 ], [ -84.3638, 33.5323 ] ] ] } },
{ "type": "Feature", "properties": { "county": "Clayton", "geoid": "13063040421", "pop": 5321.0, "pop_density": 492.27099384064536, "median_hh_income": 73301.0, "mean_commute_min": 32.713123452423062 }, "geometry": { "type": "Polygon", "coordinates": [ [ [ -84.2697, 33.5985 ], [ -84.2543, 33.5822 ], [ -84.2532, 33.5903 ], [ -84.2439, 33.5903 ], [ -84.2439, 33.5986 ], [ -84.2532, 33.5988 ], [ -84.2532, 33.6069 ], [ -84.263, 33.607 ], [ -84.2626, 33.631 ], [ -84.2721, 33.6312 ], [ -84.2719, 33.6392 ], [ -84.2815, 33.6394 ], [ -84.2816, 33.6415 ], [ -84.2847, 33.6139 ], [ -84.2881, 33.6106 ], [ -84.2697, 33.5985 ] ] ] } },
{ "type": "Feature", "properties": { "county": "Clayton", "geoid": "13063040423", "pop": 5138.0, "pop_density": 2047.2125953380291, "median_hh_income": 54466.0, "mean_commute_min": 26.419328750505461 }, "geometry": { "type": "Polygon", "coordinates": [ [ [ -84.3751, 33.5561 ], [ -84.3698, 33.5498 ], [ -84.372, 33.5758 ], [ -84.3811, 33.5754 ], [ -84.3834, 33.5794 ], [ -84.3803, 33.57 ], [ -84.386, 33.5583 ], [ -84.3751, 33.5561 ] ] ] } },
{ "type": "Feature", "properties": { "county": "Clayton", "geoid": "13063040632", "pop": 5391.0, "pop_density": 1861.8404557105764, "median_hh_income": 54072.0, "mean_commute_min": 30.750610252237593 }, "geometry": { "type": "Polygon", "coordinates": [ [ [ -84.2839, 33.5491 ], [ -84.2692, 33.549 ], [ -84.2717, 33.5614 ], [ -84.2752, 33.5591 ], [ -84.2896, 33.5631 ], [ -84.2875, 33.5583 ], [ -84.2988, 33.5584 ], [ -84.2992, 33.5564 ], [ -84.2839, 33.5491 ] ] ] } },
{ "type": "Feature", "properties": { "county": "Clayton", "geoid": "13063040422", "pop": 2981.0, "pop_density": 1992.9388058813422, "median_hh_income": 36263.0, "mean_commute_min": 31.072874493927124 }, "geometry": { "type": "Polygon", "coordinates": [ [ [ -84.3802, 33.5752 ], [ -84.372, 33.5758 ], [ -84.3898, 33.5979 ], [ -84.3849, 33.579 ], [ -84.3802, 33.5752 ] ] ] } },
{ "type": "Feature", "properties": { "county": "Clayton", "geoid": "13063040532", "pop": 1625.0, "pop_density": 1489.2913081293309, "median_hh_income": 60871.0, "mean_commute_min": 34.740196078431374 }, "geometry": { "type": "Polygon", "coordinates": [ [ [ -84.4174, 33.596 ], [ -84.4079, 33.5939 ], [ -84.4051, 33.6032 ], [ -84.4198, 33.6058 ], [ -84.4174, 33.596 ] ] ] } },
{ "type": "Feature", "properties": { "county": "Clayton", "geoid": "13063040626", "pop": 6095.0, "pop_density": 1267.6920517060287, "median_hh_income": 72967.0, "mean_commute_min": 33.130065611732924 }, "geometry": { "type": "Polygon", "coordinates": [ [ [ -84.3687, 33.4527 ], [ -84.3514, 33.4523 ], [ -84.3428, 33.449 ], [ -84.3465, 33.4547 ], [ -84.3428, 33.461 ], [ -84.3425, 33.4718 ], [ -84.3624, 33.4638 ], [ -84.3744, 33.4639 ], [ -84.3807, 33.4585 ], [ -84.3687, 33.4527 ] ] ] } },
{ "type": "Feature", "properties": { "county": "Clayton", "geoid": "13063040531", "pop": 2597.0, "pop_density": 3403.6340379131016, "median_hh_income": 39853.0, "mean_commute_min": 28.526058631921824 }, "geometry": { "type": "Polygon", "coordinates": [ [ [ -84.429, 33.5971 ], [ -84.4174, 33.596 ], [ -84.4198, 33.6058 ], [ -84.4296, 33.6015 ], [ -84.429, 33.5971 ] ] ] } },
{ "type": "Feature", "properties": { "county": "Clayton", "geoid": "13063040426", "pop": 2430.0, "pop_density": 1298.3751609611181, "median_hh_income": 78125.0, "mean_commute_min": 32.552447552447553 }, "geometry": { "type": "Polygon", "coordinates": [ [ [ -84.3034, 33.5684 ], [ -84.2966, 33.5708 ], [ -84.2922, 33.5691 ], [ -84.2868, 33.5779 ], [ -84.2911, 33.5815 ], [ -84.3033, 33.5822 ], [ -84.3035, 33.5753 ], [ -84.3079, 33.5722 ], [ -84.3034, 33.5684 ] ] ] } },
{ "type": "Feature", "properties": { "county": "Clayton", "geoid": "13063040624", "pop": 2736.0, "pop_density": 562.9958623096494, "median_hh_income": 71435.0, "mean_commute_min": 31.871127633209419 }, "geometry": { "type": "Polygon", "coordinates": [ [ [ -84.3752, 33.4694 ], [ -84.3606, 33.4768 ], [ -84.3462, 33.4768 ], [ -84.3383, 33.4821 ], [ -84.3379, 33.4862 ], [ -84.3534, 33.4892 ], [ -84.367, 33.4859 ], [ -84.3826, 33.4877 ], [ -84.3752, 33.4694 ] ] ] } },
{ "type": "Feature", "properties": { "county": "Rockdale", "geoid": "13247060104", "pop": 3029.0, "pop_density": 114.43305298053902, "median_hh_income": 75476.0, "mean_commute_min": 44.426008968609864 }, "geometry": { "type": "Polygon", "coordinates": [ [ [ -83.9799, 33.6859 ], [ -83.9699, 33.6899 ], [ -83.9603, 33.6868 ], [ -83.9544, 33.6792 ], [ -83.9564, 33.6768 ], [ -83.9535, 33.6712 ], [ -83.9521, 33.6736 ], [ -83.9381, 33.6675 ], [ -83.9412, 33.6601 ], [ -83.9315, 33.6509 ], [ -83.9231, 33.6739 ], [ -83.9246, 33.6809 ], [ -83.9181, 33.6895 ], [ -83.9252, 33.7102 ], [ -83.9177, 33.7083 ], [ -83.9146, 33.7107 ], [ -83.9155, 33.7187 ], [ -83.9182, 33.722 ], [ -83.9242, 33.7204 ], [ -83.9341, 33.7072 ], [ -83.9483, 33.7007 ], [ -83.9626, 33.718 ], [ -83.9656, 33.73 ], [ -83.9744, 33.7322 ], [ -83.9796, 33.724 ], [ -83.982, 33.7046 ], [ -83.9899, 33.7025 ], [ -83.9969, 33.6927 ], [ -83.9799, 33.6859 ] ] ] } },
{ "type": "Feature", "properties": { "county": "Rockdale", "geoid": "13247060410", "pop": 5401.0, "pop_density": 1039.4238193369397, "median_hh_income": 77358.0, "mean_commute_min": 35.373616236162363 }, "geometry": { "type": "Polygon", "coordinates": [ [ [ -84.0174, 33.5965 ], [ -84.0042, 33.5963 ], [ -83.9925, 33.5911 ], [ -83.9999, 33.6044 ], [ -84.0115, 33.6076 ], [ -84.0196, 33.6134 ], [ -84.0352, 33.6323 ], [ -84.0391, 33.6299 ], [ -84.0174, 33.5965 ] ] ] } },
{ "type": "Feature", "properties": { "county": "Rockdale", "geoid": "13247060316", "pop": 5298.0, "pop_density": 1354.0895651782757, "median_hh_income": 53451.0, "mean_commute_min": 37.142857142857146 }, "geometry": { "type": "Polygon", "coordinates": [ [ [ -84.0109, 33.6653 ], [ -83.9951, 33.6633 ], [ -83.9868, 33.6695 ], [ -83.9914, 33.6799 ], [ -84.0006, 33.6833 ], [ -84.0135, 33.6759 ], [ -84.0164, 33.6696 ], [ -84.0109, 33.6653 ] ] ] } },
{ "type": "Feature", "properties": { "county": "Rockdale", "geoid": "13247060315", "pop": 3582.0, "pop_density": 884.2176044219766, "median_hh_income": 56578.0, "mean_commute_min": 25.004244482173174 }, "geometry": { "type": "Polygon", "coordinates": [ [ [ -83.9914, 33.6799 ], [ -83.9868, 33.6695 ], [ -83.9754, 33.6784 ], [ -83.9645, 33.6813 ], [ -83.962, 33.6874 ], [ -83.9699, 33.6899 ], [ -83.9799, 33.6859 ], [ -83.9865, 33.6904 ], [ -83.9969, 33.6924 ], [ -84.0006, 33.6833 ], [ -83.9914, 33.6799 ] ] ] } },
{ "type": "Feature", "properties": { "county": "Rockdale", "geoid": "13247060203", "pop": 4919.0, "pop_density": 396.93154726241102, "median_hh_income": 66971.0, "mean_commute_min": 33.718393653941497 }, "geometry": { "type": "Polygon", "coordinates": [ [ [ -84.0825, 33.6446 ], [ -84.06, 33.653 ], [ -84.0508, 33.6505 ], [ -84.0498, 33.6612 ], [ -84.0556, 33.6742 ], [ -84.0638, 33.6831 ], [ -84.0781, 33.6853 ], [ -84.0999, 33.6441 ], [ -84.0825, 33.6446 ] ] ] } },
{ "type": "Feature", "properties": { "county": "Rockdale", "geoid": "13247060103", "pop": 2235.0, "pop_density": 52.504755204155046, "median_hh_income": 77500.0, "mean_commute_min": 35.534883720930232 }, "geometry": { "type": "Polygon", "coordinates": [ [ [ -83.9887, 33.7358 ], [ -83.9656, 33.73 ], [ -83.9626, 33.718 ], [ -83.9483, 33.7007 ], [ -83.9351, 33.7064 ], [ -83.9251, 33.7197 ], [ -83.9182, 33.722 ], [ -83.9148, 33.7442 ], [ -83.982, 33.7861 ], [ -84.0188, 33.7566 ], [ -83.9887, 33.7358 ] ] ] } },
{ "type": "Feature", "properties": { "county": "Rockdale", "geoid": "13247060313", "pop": 4153.0, "pop_density": 792.19683258609052, "median_hh_income": 83510.0, "mean_commute_min": 39.419372592184921 }, "geometry": { "type": "Polygon", "coordinates": [ [ [ -83.9965, 33.6008 ], [ -83.9924, 33.5912 ], [ -83.9934, 33.5825 ], [ -83.9727, 33.6055 ], [ -83.9742, 33.6126 ], [ -83.9925, 33.6126 ], [ -83.9916, 33.6093 ], [ -84.0147, 33.614 ], [ -84.0148, 33.6111 ], [ -83.9965, 33.6008 ] ] ] } },
{ "type": "Feature", "properties": { "county": "Rockdale", "geoid": "13247060317", "pop": 3846.0, "pop_density": 721.48407360488227, "median_hh_income": 66696.0, "mean_commute_min": 26.381502890173412 }, "geometry": { "type": "Polygon", "coordinates": [ [ [ -84.0355, 33.6923 ], [ -84.0303, 33.6831 ], [ -84.0297, 33.6742 ], [ -84.0248, 33.6741 ], [ -84.0218, 33.6892 ], [ -84.0091, 33.6889 ], [ -84.0006, 33.6833 ], [ -83.9972, 33.6885 ], [ -83.9969, 33.6924 ], [ -84.0034, 33.6926 ], [ -84.0211, 33.7031 ], [ -84.0377, 33.7018 ], [ -84.0414, 33.6955 ], [ -84.0355, 33.6923 ] ] ] } },
{ "type": "Feature", "properties": { "county": "Rockdale", "geoid": "13247060314", "pop": 2282.0, "pop_density": 1037.9870510887947, "median_hh_income": 59573.0, "mean_commute_min": 35.334075723830736 }, "geometry": { "type": "Polygon", "coordinates": [ [ [ -83.9925, 33.6126 ], [ -83.9742, 33.6126 ], [ -83.9768, 33.6254 ], [ -83.9962, 33.6233 ], [ -83.9925, 33.6126 ] ] ] } },
{ "type": "Feature", "properties": { "county": "DeKalb", "geoid": "13089023501", "pop": 3582.0, "pop_density": 1558.546661764482, "median_hh_income": 53490.0, "mean_commute_min": 31.373540856031127 }, "geometry": { "type": "Polygon", "coordinates": [ [ [ -84.2832, 33.7318 ], [ -84.2522, 33.7314 ], [ -84.252, 33.7379 ], [ -84.2881, 33.7388 ], [ -84.2832, 33.7318 ] ] ] } },
{ "type": "Feature", "properties": { "county": "Fulton", "geoid": "13121001400", "pop": 2302.0, "pop_density": 3184.0790514708733, "median_hh_income": 91943.0, "mean_commute_min": 25.7375 }, "geometry": { "type": "Polygon", "coordinates": [ [ [ -84.3639, 33.7711 ], [ -84.3594, 33.7711 ], [ -84.3587, 33.7821 ], [ -84.3676, 33.7812 ], [ -84.3639, 33.7711 ] ] ] } },
{ "type": "Feature", "properties": { "county": "Fulton", "geoid": "13121001600", "pop": 2318.0, "pop_density": 2514.9753873094646, "median_hh_income": 116385.0, "mean_commute_min": 23.966244725738395 }, "geometry": { "type": "Polygon", "coordinates": [ [ [ -84.3597, 33.7657 ], [ -84.3617, 33.7613 ], [ -84.3492, 33.7655 ], [ -84.349, 33.7711 ], [ -84.3639, 33.7711 ], [ -84.3597, 33.7657 ] ] ] } },
{ "type": "Feature", "properties": { "county": "Fulton", "geoid": "13121003600", "pop": 1133.0, "pop_density": 2876.4887034982471, "median_hh_income": 77037.0, "mean_commute_min": 30.624 }, "geometry": { "type": "Polygon", "coordinates": [ [ [ -84.3976, 33.7534 ], [ -84.4065, 33.7547 ], [ -84.4024, 33.7486 ], [ -84.3976, 33.7534 ] ] ] } },
{ "type": "Feature", "properties": { "county": "Fulton", "geoid": "13121009802", "pop": 3936.0, "pop_density": 372.81899467312127, "median_hh_income": 178594.0, "mean_commute_min": 22.893101305158485 }, "geometry": { "type": "Polygon", "coordinates": [ [ [ -84.4499, 33.8644 ], [ -84.4376, 33.8629 ], [ -84.4308, 33.8489 ], [ -84.4222, 33.8513 ], [ -84.4073, 33.8473 ], [ -84.4036, 33.8604 ], [ -84.4097, 33.8748 ], [ -84.4171, 33.8821 ], [ -84.4431, 33.8792 ], [ -84.4539, 33.8676 ], [ -84.4499, 33.8644 ] ] ] } },
{ "type": "Feature", "properties": { "county": "Fulton", "geoid": "13121006801", "pop": 1758.0, "pop_density": 2661.0478897799417, "median_hh_income": -666666666.0, "mean_commute_min": null }, "geometry": { "type": "Polygon", "coordinates": [ [ [ -84.3669, 33.7047 ], [ -84.3606, 33.7098 ], [ -84.3688, 33.7138 ], [ -84.3736, 33.714 ], [ -84.3738, 33.7103 ], [ -84.3669, 33.7047 ] ] ] } },
{ "type": "Feature", "properties": { "county": "Fulton", "geoid": "13121009700", "pop": 3852.0, "pop_density": 366.01252538190442, "median_hh_income": 250001.0, "mean_commute_min": 22.522068095838588 }, "geometry": { "type": "Polygon", "coordinates": [ [ [ -84.4555, 33.8268 ], [ -84.4482, 33.8263 ], [ -84.445, 33.8321 ], [ -84.4416, 33.8251 ], [ -84.4348, 33.8264 ], [ -84.4292, 33.8223 ], [ -84.4238, 33.8249 ], [ -84.432, 33.8557 ], [ -84.4376, 33.8629 ], [ -84.4499, 33.8644 ], [ -84.4539, 33.8676 ], [ -84.4542, 33.8589 ], [ -84.4598, 33.8532 ], [ -84.4605, 33.8411 ], [ -84.4555, 33.8268 ] ] ] } },
{ "type": "Feature", "properties": { "county": "Fulton", "geoid": "13121010107", "pop": 1935.0, "pop_density": 363.87433078151179, "median_hh_income": 250001.0, "mean_commute_min": 34.316037735849058 }, "geometry": { "type": "Polygon", "coordinates": [ [ [ -84.3175, 33.9793 ], [ -84.3137, 33.9747 ], [ -84.3134, 33.968 ], [ -84.3166, 33.966 ], [ -84.3025, 33.9601 ], [ -84.3009, 33.9652 ], [ -84.295, 33.965 ], [ -84.2788, 33.9752 ], [ -84.2802, 33.9775 ], [ -84.2895, 33.9752 ], [ -84.2967, 33.9781 ], [ -84.2996, 33.9828 ], [ -84.2944, 33.9854 ], [ -84.297, 33.9887 ], [ -84.3066, 33.9836 ], [ -84.3164, 33.9855 ], [ -84.3207, 33.9787 ], [ -84.3175, 33.9793 ] ] ] } },
{ "type": "Feature", "properties": { "county": "Fulton", "geoid": "13121002500", "pop": 3123.0, "pop_density": 3580.600779637698, "median_hh_income": 32042.0, "mean_commute_min": 34.02097902097902 }, "geometry": { "type": "Polygon", "coordinates": [ [ [ -84.4079, 33.7547 ], [ -84.4078, 33.7634 ], [ -84.4175, 33.7635 ], [ -84.4175, 33.7556 ], [ -84.4079, 33.7547 ] ] ] } },
{ "type": "Feature", "properties": { "county": "Fulton", "geoid": "13121007100", "pop": 2391.0, "pop_density": 964.91985636374932, "median_hh_income": 29016.0, "mean_commute_min": 30.028735632183906 }, "geometry": { "type": "Polygon", "coordinates": [ [ [ -84.3526, 33.6863 ], [ -84.3525, 33.6804 ], [ -84.3494, 33.6803 ], [ -84.3495, 33.7093 ], [ -84.3595, 33.709 ], [ -84.3558, 33.7036 ], [ -84.3601, 33.6969 ], [ -84.3618, 33.6992 ], [ -84.3658, 33.697 ], [ -84.3526, 33.6863 ] ] ] } },
{ "type": "Feature", "properties": { "county": "Fulton", "geoid": "13121007200", "pop": 1833.0, "pop_density": 210.14003030006003, "median_hh_income": 53125.0, "mean_commute_min": 38.367729831144466 }, "geometry": { "type": "Polygon", "coordinates": [ [ [ -84.3501, 33.6479 ], [ -84.3494, 33.6803 ], [ -84.3665, 33.6765 ], [ -84.3645, 33.6673 ], [ -84.369, 33.6563 ], [ -84.3738, 33.6637 ], [ -84.3802, 33.665 ], [ -84.3958, 33.6528 ], [ -84.3973, 33.6485 ], [ -84.3501, 33.6479 ] ] ] } },
{ "type": "Feature", "properties": { "county": "Fulton", "geoid": "13121006200", "pop": 1509.0, "pop_density": 1446.9212890160552, "median_hh_income": 60750.0, "mean_commute_min": 27.45 }, "geometry": { "type": "Polygon", "coordinates": [ [ [ -84.423, 33.7223 ], [ -84.4141, 33.7334 ], [ -84.4234, 33.7334 ], [ -84.4272, 33.7307 ], [ -84.4274, 33.724 ], [ -84.423, 33.7223 ] ] ] } },
{ "type": "Feature", "properties": { "county": "Fulton", "geoid": "13121004200", "pop": 2274.0, "pop_density": 1840.9676009131977, "median_hh_income": 24464.0, "mean_commute_min": 31.947082767978291 }, "geometry": { "type": "Polygon", "coordinates": [ [ [ -84.4137, 33.7321 ], [ -84.4115, 33.7414 ], [ -84.414, 33.7444 ], [ -84.4233, 33.7453 ], [ -84.4234, 33.7335 ], [ -84.4137, 33.7321 ] ] ] } },
{ "type": "Feature", "properties": { "county": "Fulton", "geoid": "13121003700", "pop": 191.0, "pop_density": 2108.6798118748479, "median_hh_income": -666666666.0, "mean_commute_min": null }, "geometry": { "type": "Polygon", "coordinates": [ [ [ -84.4085, 33.7467 ], [ -84.4094, 33.7513 ], [ -84.4111, 33.7471 ], [ -84.4085, 33.7467 ] ] ] } },
{ "type": "Feature", "properties": { "county": "Fulton", "geoid": "13121011423", "pop": 6153.0, "pop_density": 950.85870128433146, "median_hh_income": 153720.0, "mean_commute_min": 29.876262626262626 }, "geometry": { "type": "Polygon", "coordinates": [ [ [ -84.3982, 34.0221 ], [ -84.4007, 34.0081 ], [ -84.3968, 34.0081 ], [ -84.3944, 34.0028 ], [ -84.3846, 34.0087 ], [ -84.3629, 34.0143 ], [ -84.3616, 34.0232 ], [ -84.3686, 34.0254 ], [ -84.3791, 34.0279 ], [ -84.3843, 34.0256 ], [ -84.3937, 34.0293 ], [ -84.4015, 34.0252 ], [ -84.3982, 34.0221 ] ] ] } },
{ "type": "Feature", "properties": { "county": "Fulton", "geoid": "13121010211", "pop": 3627.0, "pop_density": 946.69434797111944, "median_hh_income": 198182.0, "mean_commute_min": 22.391566265060241 }, "geometry": { "type": "Polygon", "coordinates": [ [ [ -84.4088, 33.8722 ], [ -84.4045, 33.8755 ], [ -84.3963, 33.8731 ], [ -84.3879, 33.877 ], [ -84.3799, 33.8768 ], [ -84.3816, 33.8881 ], [ -84.3921, 33.8918 ], [ -84.406, 33.8851 ], [ -84.4123, 33.8773 ], [ -84.4088, 33.8722 ] ] ] } },
{ "type": "Feature", "properties": { "county": "Fulton", "geoid": "13121012000", "pop": 3683.0, "pop_density": 1546.1037388171949, "median_hh_income": -666666666.0, "mean_commute_min": 29.08296943231441 }, "geometry": { "type": "Polygon", "coordinates": [ [ [ -84.3881, 33.7218 ], [ -84.3877, 33.7469 ], [ -84.3979, 33.7465 ], [ -84.3983, 33.7344 ], [ -84.4014, 33.7345 ], [ -84.3881, 33.7218 ] ] ] } },
{ "type": "Feature", "properties": { "county": "Fulton", "geoid": "13121007002", "pop": 3067.0, "pop_density": 701.37308588835981, "median_hh_income": 54217.0, "mean_commute_min": 30.726933830382105 }, "geometry": { "type": "Polygon", "coordinates": [ [ [ -84.3815, 33.7021 ], [ -84.3804, 33.697 ], [ -84.3739, 33.6969 ], [ -84.3739, 33.6888 ], [ -84.3771, 33.6883 ], [ -84.3732, 33.6853 ], [ -84.3587, 33.6791 ], [ -84.3525, 33.6804 ], [ -84.3526, 33.6862 ], [ -84.3654, 33.6961 ], [ -84.365, 33.6992 ], [ -84.3599, 33.6978 ], [ -84.37, 33.7085 ], [ -84.3738, 33.71 ], [ -84.3855, 33.7019 ], [ -84.3815, 33.7021 ] ] ] } },
{ "type": "Feature", "properties": { "county": "Fulton", "geoid": "13121009900", "pop": 4966.0, "pop_density": 639.95587577690981, "median_hh_income": 180500.0, "mean_commute_min": 20.228215767634854 }, "geometry": { "type": "Polygon", "coordinates": [ [ [ -84.4034, 33.8596 ], [ -84.4072, 33.8526 ], [ -84.4074, 33.835 ], [ -84.3827, 33.8533 ], [ -84.3799, 33.8768 ], [ -84.3879, 33.877 ], [ -84.3963, 33.8731 ], [ -84.4045, 33.8755 ], [ -84.4088, 33.8722 ], [ -84.4034, 33.8596 ] ] ] } },
{ "type": "Feature", "properties": { "county": "Fulton", "geoid": "13121011000", "pop": 2711.0, "pop_density": 957.51305145740832, "median_hh_income": 45685.0, "mean_commute_min": 27.2802734375 }, "geometry": { "type": "Polygon", "coordinates": [ [ [ -84.4361, 33.6698 ], [ -84.4188, 33.6658 ], [ -84.4151, 33.6813 ], [ -84.4396, 33.6794 ], [ -84.4361, 33.6698 ] ] ] } },
{ "type": "Feature", "properties": { "county": "Fulton", "geoid": "13121000100", "pop": 5160.0, "pop_density": 1548.5706482838928, "median_hh_income": 154808.0, "mean_commute_min": 20.906654756587763 }, "geometry": { "type": "Polygon", "coordinates": [ [ [ -84.3592, 33.7979 ], [ -84.3543, 33.7824 ], [ -84.3487, 33.7798 ], [ -84.3482, 33.809 ], [ -84.3574, 33.8111 ], [ -84.3674, 33.8054 ], [ -84.3592, 33.7979 ] ] ] } },
{ "type": "Feature", "properties": { "county": "Fulton", "geoid": "13121000400", "pop": 2014.0, "pop_density": 1294.8154662942948, "median_hh_income": 127500.0, "mean_commute_min": 18.753041362530414 }, "geometry": { "type": "Polygon", "coordinates": [ [ [ -84.3781, 33.7865 ], [ -84.3779, 33.7818 ], [ -84.3687, 33.7817 ], [ -84.3703, 33.7937 ], [ -84.3765, 33.7914 ], [ -84.3876, 33.7958 ], [ -84.3878, 33.7885 ], [ -84.3781, 33.7865 ] ] ] } },
{ "type": "Feature", "properties": { "county": "Gwinnett", "geoid": "13135050537", "pop": 4323.0, "pop_density": 1237.8264649188011, "median_hh_income": 52866.0, "mean_commute_min": 27.604070305272895 }, "geometry": { "type": "Polygon", "coordinates": [ [ [ -84.1015, 33.9518 ], [ -84.0828, 33.9495 ], [ -84.0795, 33.9625 ], [ -84.0968, 33.9642 ], [ -84.1143, 33.9595 ], [ -84.1015, 33.9518 ] ] ] } },
{ "type": "Feature", "properties": { "county": "Fulton", "geoid": "13121000502", "pop": 1779.0, "pop_density": 870.33479269740678, "median_hh_income": 120357.0, "mean_commute_min": 16.344537815126049 }, "geometry": { "type": "Polygon", "coordinates": [ [ [ -84.3839, 33.7931 ], [ -84.3765, 33.7914 ], [ -84.3703, 33.7937 ], [ -84.3773, 33.8066 ], [ -84.3758, 33.8131 ], [ -84.3921, 33.7997 ], [ -84.3839, 33.7931 ] ] ] } },
{ "type": "Feature", "properties": { "county": "Fulton", "geoid": "13121008905", "pop": 5268.0, "pop_density": 1024.0812671081155, "median_hh_income": 121589.0, "mean_commute_min": 23.99620558813384 }, "geometry": { "type": "Polygon", "coordinates": [ [ [ -84.4279, 33.7869 ], [ -84.4144, 33.7812 ], [ -84.4145, 33.7853 ], [ -84.395, 33.7973 ], [ -84.4078, 33.7961 ], [ -84.4078, 33.7992 ], [ -84.416, 33.7996 ], [ -84.424, 33.8051 ], [ -84.4275, 33.8117 ], [ -84.4356, 33.8083 ], [ -84.4388, 33.8105 ], [ -84.4279, 33.7869 ] ] ] } },
{ "type": "Feature", "properties": { "county": "Fulton", "geoid": "13121000601", "pop": 4626.0, "pop_density": 4515.8626264046179, "median_hh_income": 76346.0, "mean_commute_min": 19.848654708520179 }, "geometry": { "type": "Polygon", "coordinates": [ [ [ -84.413, 33.7799 ], [ -84.4027, 33.7796 ], [ -84.3987, 33.7862 ], [ -84.4074, 33.7862 ], [ -84.4077, 33.7886 ], [ -84.4153, 33.7841 ], [ -84.413, 33.7799 ] ] ] } },
{ "type": "Feature", "properties": { "county": "Fulton", "geoid": "13121011802", "pop": 1447.0, "pop_density": 1096.8303346734826, "median_hh_income": 38250.0, "mean_commute_min": 26.963028169014084 }, "geometry": { "type": "Polygon", "coordinates": [ [ [ -84.4088, 33.7673 ], [ -84.4089, 33.7634 ], [ -84.3978, 33.7634 ], [ -84.3996, 33.7702 ], [ -84.4082, 33.7747 ], [ -84.4164, 33.773 ], [ -84.4174, 33.7701 ], [ -84.4088, 33.7673 ] ] ] } },
{ "type": "Feature", "properties": { "county": "Fulton", "geoid": "13121009405", "pop": 3769.0, "pop_density": 5141.9387933292592, "median_hh_income": 74424.0, "mean_commute_min": 21.892532595811932 }, "geometry": { "type": "Polygon", "coordinates": [ [ [ -84.3602, 33.8207 ], [ -84.3676, 33.8206 ], [ -84.3674, 33.8285 ], [ -84.3722, 33.8235 ], [ -84.3739, 33.8158 ], [ -84.3602, 33.8207 ] ] ] } },
{ "type": "Feature", "properties": { "county": "Fulton", "geoid": "13121009203", "pop": 2768.0, "pop_density": 2032.144293991372, "median_hh_income": 81096.0, "mean_commute_min": 28.095577746077034 }, "geometry": { "type": "Polygon", "coordinates": [ [ [ -84.3661, 33.8076 ], [ -84.3549, 33.8123 ], [ -84.352, 33.8237 ], [ -84.3594, 33.8216 ], [ -84.3668, 33.8117 ], [ -84.3661, 33.8076 ] ] ] } },
{ "type": "Feature", "properties": { "county": "Fulton", "geoid": "13121000202", "pop": 4106.0, "pop_density": 2582.0424169325638, "median_hh_income": 182409.0, "mean_commute_min": 22.359723289777094 }, "geometry": { "type": "Polygon", "coordinates": [ [ [ -84.3543, 33.7824 ], [ -84.3594, 33.7932 ], [ -84.3701, 33.7923 ], [ -84.3678, 33.7812 ], [ -84.3543, 33.7824 ] ] ] } },
{ "type": "Feature", "properties": { "county": "Fulton", "geoid": "13121010522", "pop": 5735.0, "pop_density": 1218.2138584518339, "median_hh_income": 47548.0, "mean_commute_min": 25.994236311239192 }, "geometry": { "type": "Polygon", "coordinates": [ [ [ -84.4952, 33.5937 ], [ -84.4881, 33.5984 ], [ -84.4866, 33.5953 ], [ -84.4691, 33.5966 ], [ -84.4744, 33.6269 ], [ -84.4885, 33.6232 ], [ -84.4861, 33.605 ], [ -84.4973, 33.5949 ], [ -84.4952, 33.5937 ] ] ] } },
{ "type": "Feature", "properties": { "county": "Fulton", "geoid": "13121008909", "pop": 1635.0, "pop_density": 2102.4179735519674, "median_hh_income": 128585.0, "mean_commute_min": 22.252604166666668 }, "geometry": { "type": "Polygon", "coordinates": [ [ [ -84.424, 33.8051 ], [ -84.4159, 33.8005 ], [ -84.4132, 33.8054 ], [ -84.4187, 33.8102 ], [ -84.4269, 33.8103 ], [ -84.424, 33.8051 ] ] ] } },
{ "type": "Feature", "properties": { "county": "Fulton", "geoid": "13121008701", "pop": 3833.0, "pop_density": 920.20018255158334, "median_hh_income": 47228.0, "mean_commute_min": 43.75875486381323 }, "geometry": { "type": "Polygon", "coordinates": [ [ [ -84.4884, 33.7994 ], [ -84.4803, 33.7984 ], [ -84.4773, 33.7944 ], [ -84.4696, 33.7959 ], [ -84.4597, 33.7892 ], [ -84.4527, 33.7903 ], [ -84.4585, 33.7968 ], [ -84.458, 33.7997 ], [ -84.4547, 33.7995 ], [ -84.4618, 33.8069 ], [ -84.4827, 33.8058 ], [ -84.489, 33.8128 ], [ -84.4951, 33.8085 ], [ -84.4884, 33.7994 ] ] ] } },
{ "type": "Feature", "properties": { "county": "Fulton", "geoid": "13121009411", "pop": 2485.0, "pop_density": 1945.1263040565079, "median_hh_income": 104779.0, "mean_commute_min": 21.066212268743914 }, "geometry": { "type": "Polygon", "coordinates": [ [ [ -84.3491, 33.8259 ], [ -84.3485, 33.8397 ], [ -84.3581, 33.8416 ], [ -84.3546, 33.8273 ], [ -84.3491, 33.8259 ] ] ] } },
{ "type": "Feature", "properties": { "county": "Fulton", "geoid": "13121009409", "pop": 2075.0, "pop_density": 3960.0219089404891, "median_hh_income": 84886.0, "mean_commute_min": 20.137051039697543 }, "geometry": { "type": "Polygon", "coordinates": [ [ [ -84.3602, 33.8297 ], [ -84.3547, 33.8275 ], [ -84.3584, 33.8453 ], [ -84.3616, 33.8417 ], [ -84.3602, 33.8297 ] ] ] } },
{ "type": "Feature", "properties": { "county": "Fulton", "geoid": "13121010003", "pop": 3698.0, "pop_density": 1773.1159564133768, "median_hh_income": 137723.0, "mean_commute_min": 20.78531796841656 }, "geometry": { "type": "Polygon", "coordinates": [ [ [ -84.3713, 33.8437 ], [ -84.3692, 33.8449 ], [ -84.3691, 33.8641 ], [ -84.3736, 33.8663 ], [ -84.3807, 33.8648 ], [ -84.3827, 33.8544 ], [ -84.3713, 33.8437 ] ] ] } },
{ "type": "Feature", "properties": { "county": "Fulton", "geoid": "13121010222", "pop": 2564.0, "pop_density": 449.12479345777223, "median_hh_income": 197250.0, "mean_commute_min": 18.426806083650192 }, "geometry": { "type": "Polygon", "coordinates": [ [ [ -84.4086, 33.881 ], [ -84.406, 33.8851 ], [ -84.3929, 33.8906 ], [ -84.3977, 33.9006 ], [ -84.3925, 33.9132 ], [ -84.4142, 33.9159 ], [ -84.4086, 33.9033 ], [ -84.4095, 33.8973 ], [ -84.4198, 33.8926 ], [ -84.4086, 33.881 ] ] ] } },
{ "type": "Feature", "properties": { "county": "Fulton", "geoid": "13121010533", "pop": 2176.0, "pop_density": 705.85640233814934, "median_hh_income": 52940.0, "mean_commute_min": 25.884879725085909 }, "geometry": { "type": "Polygon", "coordinates": [ [ [ -84.5235, 33.5673 ], [ -84.5312, 33.559 ], [ -84.5307, 33.5552 ], [ -84.525, 33.5535 ], [ -84.5131, 33.5715 ], [ -84.5103, 33.5839 ], [ -84.5136, 33.5848 ], [ -84.5339, 33.5671 ], [ -84.5235, 33.5673 ] ] ] } },
{ "type": "Feature", "properties": { "county": "Fulton", "geoid": "13121010006", "pop": 4057.0, "pop_density": 6033.6558124316807, "median_hh_income": 102841.0, "mean_commute_min": 22.026301663982824 }, "geometry": { "type": "Polygon", "coordinates": [ [ [ -84.3595, 33.8536 ], [ -84.3697, 33.8575 ], [ -84.3676, 33.8473 ], [ -84.3595, 33.8536 ] ] ] } },
{ "type": "Feature", "properties": { "county": "Fulton", "geoid": "13121009406", "pop": 1658.0, "pop_density": 2744.6786673244183, "median_hh_income": 78365.0, "mean_commute_min": 21.783759124087592 }, "geometry": { "type": "Polygon", "coordinates": [ [ [ -84.3602, 33.8207 ], [ -84.3485, 33.8264 ], [ -84.3562, 33.8241 ], [ -84.3671, 33.8259 ], [ -84.3675, 33.8214 ], [ -84.3602, 33.8207 ] ] ] } },
{ "type": "Feature", "properties": { "county": "Fulton", "geoid": "13121011512", "pop": 3229.0, "pop_density": 551.95467852101444, "median_hh_income": 199714.0, "mean_commute_min": 29.892823858341099 }, "geometry": { "type": "Polygon", "coordinates": [ [ [ -84.4119, 34.0762 ], [ -84.4031, 34.0739 ], [ -84.3965, 34.085 ], [ -84.3891, 34.0844 ], [ -84.3886, 34.0764 ], [ -84.3824, 34.074 ], [ -84.3772, 34.0902 ], [ -84.399, 34.0905 ], [ -84.4107, 34.0966 ], [ -84.4186, 34.0966 ], [ -84.4189, 34.0703 ], [ -84.4119, 34.0762 ] ] ] } },
{ "type": "Feature", "properties": { "county": "Fulton", "geoid": "13121010215", "pop": 1519.0, "pop_density": 329.98009257690336, "median_hh_income": 123680.0, "mean_commute_min": 24.352564102564102 }, "geometry": { "type": "Polygon", "coordinates": [ [ [ -84.3749, 33.987 ], [ -84.3759, 33.9738 ], [ -84.3613, 33.9833 ], [ -84.3581, 33.9906 ], [ -84.3514, 33.9886 ], [ -84.3505, 34.0037 ], [ -84.3675, 33.9999 ], [ -84.3784, 34.0008 ], [ -84.3835, 33.9948 ], [ -84.3749, 33.987 ] ] ] } },
{ "type": "Feature", "properties": { "county": "Fulton", "geoid": "13121011657", "pop": 3310.0, "pop_density": 1987.9318721933976, "median_hh_income": 191645.0, "mean_commute_min": 29.39801699716714 }, "geometry": { "type": "Polygon", "coordinates": [ [ [ -84.1894, 34.0855 ], [ -84.2058, 34.0906 ], [ -84.2053, 34.0701 ], [ -84.1894, 34.0855 ] ] ] } },
{ "type": "Feature", "properties": { "county": "Fulton", "geoid": "13121011653", "pop": 3586.0, "pop_density": 925.35511728347115, "median_hh_income": 243819.0, "mean_commute_min": 33.134667879890813 }, "geometry": { "type": "Polygon", "coordinates": [ [ [ -84.2289, 34.0784 ], [ -84.2141, 34.0801 ], [ -84.2064, 34.0775 ], [ -84.2047, 34.0837 ], [ -84.2081, 34.093 ], [ -84.2187, 34.095 ], [ -84.2268, 34.0895 ], [ -84.2335, 34.0907 ], [ -84.2414, 34.0837 ], [ -84.2289, 34.0784 ] ] ] } },
{ "type": "Feature", "properties": { "county": "Fulton", "geoid": "13121011629", "pop": 4367.0, "pop_density": 1104.6308238795534, "median_hh_income": 191373.0, "mean_commute_min": 27.864983534577387 }, "geometry": { "type": "Polygon", "coordinates": [ [ [ -84.2008, 34.04 ], [ -84.2065, 34.0299 ], [ -84.19, 34.0178 ], [ -84.1844, 34.0402 ], [ -84.1914, 34.041 ], [ -84.1955, 34.0457 ], [ -84.2147, 34.0458 ], [ -84.2149, 34.0425 ], [ -84.2008, 34.04 ] ] ] } },
{ "type": "Feature", "properties": { "county": "Fulton", "geoid": "13121010132", "pop": 3352.0, "pop_density": 1885.2219297653596, "median_hh_income": 68827.0, "mean_commute_min": 22.75623268698061 }, "geometry": { "type": "Polygon", "coordinates": [ [ [ -84.3575, 33.9113 ], [ -84.3579, 33.9189 ], [ -84.379, 33.9191 ], [ -84.3791, 33.9121 ], [ -84.3575, 33.9113 ] ] ] } },
{ "type": "Feature", "properties": { "county": "Fulton", "geoid": "13121010216", "pop": 4150.0, "pop_density": 2094.6361667451524, "median_hh_income": 94663.0, "mean_commute_min": 27.856716417910448 }, "geometry": { "type": "Polygon", "coordinates": [ [ [ -84.3747, 33.9408 ], [ -84.3646, 33.9553 ], [ -84.3843, 33.9553 ], [ -84.3872, 33.9477 ], [ -84.3747, 33.9408 ] ] ] } },
{ "type": "Feature", "properties": { "county": "Fulton", "geoid": "13121010217", "pop": 2651.0, "pop_density": 1028.589431796489, "median_hh_income": 92500.0, "mean_commute_min": 26.57842157842158 }, "geometry": { "type": "Polygon", "coordinates": [ [ [ -84.3919, 33.9453 ], [ -84.3849, 33.9501 ], [ -84.3843, 33.9553 ], [ -84.3646, 33.9553 ], [ -84.3657, 33.9614 ], [ -84.3834, 33.9633 ], [ -84.4012, 33.9479 ], [ -84.3919, 33.9453 ] ] ] } },
{ "type": "Feature", "properties": { "county": "Fulton", "geoid": "13121011649", "pop": 5246.0, "pop_density": 890.49779777484196, "median_hh_income": 171680.0, "mean_commute_min": 31.765698852126942 }, "geometry": { "type": "Polygon", "coordinates": [ [ [ -84.1698, 34.0331 ], [ -84.1589, 34.0388 ], [ -84.1478, 34.0379 ], [ -84.1548, 34.052 ], [ -84.1605, 34.0553 ], [ -84.1536, 34.0599 ], [ -84.1635, 34.0667 ], [ -84.1681, 34.068 ], [ -84.1774, 34.0478 ], [ -84.1698, 34.0331 ] ] ] } },
{ "type": "Feature", "properties": { "county": "Fulton", "geoid": "13121010220", "pop": 4449.0, "pop_density": 918.65969429631878, "median_hh_income": 130139.0, "mean_commute_min": 22.745157384987895 }, "geometry": { "type": "Polygon", "coordinates": [ [ [ -84.4067, 33.9158 ], [ -84.3791, 33.9121 ], [ -84.3791, 33.9251 ], [ -84.3847, 33.9276 ], [ -84.3898, 33.9357 ], [ -84.3984, 33.9333 ], [ -84.4072, 33.9249 ], [ -84.4067, 33.9158 ] ] ] } },
{ "type": "Feature", "properties": { "county": "Fulton", "geoid": "13121009301", "pop": 3871.0, "pop_density": 3016.0941463931536, "median_hh_income": 129083.0, "mean_commute_min": 22.096153846153847 }, "geometry": { "type": "Polygon", "coordinates": [ [ [ -84.3868, 33.8124 ], [ -84.3788, 33.8146 ], [ -84.3818, 33.8228 ], [ -84.3784, 33.8228 ], [ -84.3785, 33.8287 ], [ -84.3874, 33.8286 ], [ -84.3903, 33.8149 ], [ -84.3868, 33.8124 ] ] ] } },
{ "type": "Feature", "properties": { "county": "Fulton", "geoid": "13121009105", "pop": 1169.0, "pop_density": 1681.3491064686636, "median_hh_income": 250001.0, "mean_commute_min": 16.563245823389021 }, "geometry": { "type": "Polygon", "coordinates": [ [ [ -84.3922, 33.7997 ], [ -84.3854, 33.8042 ], [ -84.3862, 33.8078 ], [ -84.3813, 33.8129 ], [ -84.3877, 33.8117 ], [ -84.3939, 33.8064 ], [ -84.3922, 33.7997 ] ] ] } },
{ "type": "Feature", "properties": { "county": "Fulton", "geoid": "13121010315", "pop": 5327.0, "pop_density": 525.99103692314895, "median_hh_income": 93065.0, "mean_commute_min": 34.136318897637793 }, "geometry": { "type": "Polygon", "coordinates": [ [ [ -84.6111, 33.6104 ], [ -84.6024, 33.6122 ], [ -84.593, 33.6217 ], [ -84.5844, 33.6243 ], [ -84.5868, 33.6402 ], [ -84.5946, 33.6514 ], [ -84.615, 33.6531 ], [ -84.6124, 33.6412 ], [ -84.621, 33.6281 ], [ -84.6111, 33.6104 ] ] ] } },
{ "type": "Feature", "properties": { "county": "Fulton", "geoid": "13121009408", "pop": 1648.0, "pop_density": 3235.5025728920637, "median_hh_income": 52031.0, "mean_commute_min": 23.112348178137651 }, "geometry": { "type": "Polygon", "coordinates": [ [ [ -84.3585, 33.8249 ], [ -84.3594, 33.8345 ], [ -84.3605, 33.8345 ], [ -84.3671, 33.8259 ], [ -84.3585, 33.8249 ] ] ] } },
{ "type": "Feature", "properties": { "county": "Fulton", "geoid": "13121010539", "pop": 2820.0, "pop_density": 540.85559903497551, "median_hh_income": 85981.0, "mean_commute_min": 34.37385740402194 }, "geometry": { "type": "Polygon", "coordinates": [ [ [ -84.5313, 33.5345 ], [ -84.5237, 33.5365 ], [ -84.5219, 33.5471 ], [ -84.5312, 33.559 ], [ -84.5235, 33.5673 ], [ -84.5339, 33.5671 ], [ -84.5426, 33.5612 ], [ -84.5403, 33.5589 ], [ -84.5454, 33.5572 ], [ -84.5386, 33.5377 ], [ -84.5313, 33.5345 ] ] ] } },
{ "type": "Feature", "properties": { "county": "Fulton", "geoid": "13121000602", "pop": 2960.0, "pop_density": 6845.1809694718804, "median_hh_income": 65391.0, "mean_commute_min": 23.116121062384188 }, "geometry": { "type": "Polygon", "coordinates": [ [ [ -84.3987, 33.7862 ], [ -84.3987, 33.7924 ], [ -84.4009, 33.7927 ], [ -84.4074, 33.7862 ], [ -84.3987, 33.7862 ] ] ] } },
{ "type": "Feature", "properties": { "county": "Fulton", "geoid": "13121010525", "pop": 2742.0, "pop_density": 1271.4770417709419, "median_hh_income": 45875.0, "mean_commute_min": 21.990818030050082 }, "geometry": { "type": "Polygon", "coordinates": [ [ [ -84.5339, 33.5671 ], [ -84.5136, 33.5848 ], [ -84.532, 33.5865 ], [ -84.5303, 33.5746 ], [ -84.5393, 33.5746 ], [ -84.5393, 33.5687 ], [ -84.5339, 33.5671 ] ] ] } },
{ "type": "Feature", "properties": { "county": "Fulton", "geoid": "13121010528", "pop": 4025.0, "pop_density": 715.54232597299529, "median_hh_income": 46431.0, "mean_commute_min": 31.748173130972457 }, "geometry": { "type": "Polygon", "coordinates": [ [ [ -84.5769, 33.5626 ], [ -84.573, 33.5658 ], [ -84.5615, 33.5579 ], [ -84.5539, 33.5563 ], [ -84.5339, 33.5671 ], [ -84.5508, 33.5731 ], [ -84.5512, 33.5817 ], [ -84.5814, 33.5671 ], [ -84.5769, 33.5626 ] ] ] } },
{ "type": "Feature", "properties": { "county": "Fulton", "geoid": "13121007809", "pop": 5009.0, "pop_density": 694.07407068691998, "median_hh_income": 61958.0, "mean_commute_min": 31.961883408071749 }, "geometry": { "type": "Polygon", "coordinates": [ [ [ -84.5495, 33.704 ], [ -84.5414, 33.6948 ], [ -84.5351, 33.696 ], [ -84.5338, 33.6875 ], [ -84.5378, 33.6807 ], [ -84.5188, 33.6936 ], [ -84.5279, 33.6956 ], [ -84.5295, 33.7067 ], [ -84.5353, 33.7102 ], [ -84.5339, 33.7262 ], [ -84.5176, 33.7266 ], [ -84.5299, 33.7335 ], [ -84.5411, 33.7335 ], [ -84.5396, 33.721 ], [ -84.5588, 33.7086 ], [ -84.5495, 33.704 ] ] ] } },
{ "type": "Feature", "properties": { "county": "Fulton", "geoid": "13121008203", "pop": 2535.0, "pop_density": 1243.7609565036923, "median_hh_income": 22088.0, "mean_commute_min": 36.80037313432836 }, "geometry": { "type": "Polygon", "coordinates": [ [ [ -84.4852, 33.7721 ], [ -84.4827, 33.7665 ], [ -84.473, 33.7703 ], [ -84.4737, 33.7763 ], [ -84.4905, 33.7858 ], [ -84.4905, 33.772 ], [ -84.4852, 33.7721 ] ] ] } },
{ "type": "Feature", "properties": { "county": "Fulton", "geoid": "13121010527", "pop": 7164.0, "pop_density": 855.09525288451414, "median_hh_income": 39837.0, "mean_commute_min": 27.669001751313484 }, "geometry": { "type": "Polygon", "coordinates": [ [ [ -84.5771, 33.5749 ], [ -84.5751, 33.57 ], [ -84.5515, 33.5815 ], [ -84.5489, 33.5917 ], [ -84.5495, 33.5942 ], [ -84.5565, 33.5933 ], [ -84.5725, 33.6011 ], [ -84.582, 33.5986 ], [ -84.5933, 33.5869 ], [ -84.5771, 33.5749 ] ] ] } },
{ "type": "Feature", "properties": { "county": "Fulton", "geoid": "13121007810", "pop": 4239.0, "pop_density": 688.16957121629719, "median_hh_income": 53887.0, "mean_commute_min": 27.622757318224739 }, "geometry": { "type": "Polygon", "coordinates": [ [ [ -84.5294, 33.7066 ], [ -84.5279, 33.6956 ], [ -84.5181, 33.6932 ], [ -84.5182, 33.7081 ], [ -84.5061, 33.7102 ], [ -84.5102, 33.7238 ], [ -84.5176, 33.7266 ], [ -84.5339, 33.7262 ], [ -84.5353, 33.7102 ], [ -84.5294, 33.7066 ] ] ] } },
{ "type": "Feature", "properties": { "county": "Fulton", "geoid": "13121010540", "pop": 5942.0, "pop_density": 673.07145544962464, "median_hh_income": 79920.0, "mean_commute_min": 31.176181102362204 }, "geometry": { "type": "Polygon", "coordinates": [ [ [ -84.5313, 33.5345 ], [ -84.5417, 33.5411 ], [ -84.5455, 33.5569 ], [ -84.5409, 33.5604 ], [ -84.5687, 33.55 ], [ -84.5644, 33.5435 ], [ -84.5768, 33.5427 ], [ -84.576, 33.5234 ], [ -84.5313, 33.5345 ] ] ] } },
{ "type": "Feature", "properties": { "county": "Fulton", "geoid": "13121010537", "pop": 4243.0, "pop_density": 915.38324958680471, "median_hh_income": 83291.0, "mean_commute_min": 43.069420539300054 }, "geometry": { "type": "Polygon", "coordinates": [ [ [ -84.4962, 33.5523 ], [ -84.4587, 33.5509 ], [ -84.4589, 33.5598 ], [ -84.4654, 33.5626 ], [ -84.4824, 33.5632 ], [ -84.5065, 33.5594 ], [ -84.4962, 33.5523 ] ] ] } },
{ "type": "Feature", "properties": { "county": "Fulton", "geoid": "13121007710", "pop": 2988.0, "pop_density": 437.66112022498243, "median_hh_income": 52657.0, "mean_commute_min": 42.404994571118351 }, "geometry": { "type": "Polygon", "coordinates": [ [ [ -84.5476, 33.6695 ], [ -84.5361, 33.6601 ], [ -84.5216, 33.6558 ], [ -84.5227, 33.6653 ], [ -84.5168, 33.6706 ], [ -84.5117, 33.6846 ], [ -84.5188, 33.6936 ], [ -84.5476, 33.6737 ], [ -84.5476, 33.6695 ] ] ] } },
{ "type": "Feature", "properties": { "county": "Fulton", "geoid": "13121011309", "pop": 3467.0, "pop_density": 978.09678221110812, "median_hh_income": 74489.0, "mean_commute_min": 26.753653444676409 }, "geometry": { "type": "Polygon", "coordinates": [ [ [ -84.5064, 33.6599 ], [ -84.4777, 33.6596 ], [ -84.4745, 33.6685 ], [ -84.4772, 33.6779 ], [ -84.4866, 33.6779 ], [ -84.4866, 33.6743 ], [ -84.4922, 33.6739 ], [ -84.4922, 33.6661 ], [ -84.5067, 33.6663 ], [ -84.5064, 33.6599 ] ] ] } },
{ "type": "Feature", "properties": { "county": "Fulton", "geoid": "13121010521", "pop": 1886.0, "pop_density": 823.01833026774284, "median_hh_income": 49245.0, "mean_commute_min": 34.207692307692305 }, "geometry": { "type": "Polygon", "coordinates": [ [ [ -84.4712, 33.6001 ], [ -84.4582, 33.5999 ], [ -84.4581, 33.6162 ], [ -84.4728, 33.6164 ], [ -84.4712, 33.6001 ] ] ] } },
{ "type": "Feature", "properties": { "county": "Fulton", "geoid": "13121010532", "pop": 3007.0, "pop_density": 808.47220799486786, "median_hh_income": 42731.0, "mean_commute_min": 28.588450962419799 }, "geometry": { "type": "Polygon", "coordinates": [ [ [ -84.4975, 33.5605 ], [ -84.4973, 33.5693 ], [ -84.5026, 33.5804 ], [ -84.5073, 33.583 ], [ -84.5116, 33.5824 ], [ -84.5129, 33.5719 ], [ -84.5226, 33.5574 ], [ -84.4975, 33.5605 ] ] ] } },
{ "type": "Feature", "properties": { "county": "Fulton", "geoid": "13121009604", "pop": 2879.0, "pop_density": 2113.8653117565859, "median_hh_income": 68302.0, "mean_commute_min": 26.63287472845764 }, "geometry": { "type": "Polygon", "coordinates": [ [ [ -84.3696, 33.8286 ], [ -84.3681, 33.837 ], [ -84.3813, 33.8371 ], [ -84.3874, 33.8293 ], [ -84.3696, 33.8286 ] ] ] } },
{ "type": "Feature", "properties": { "county": "Fulton", "geoid": "13121005504", "pop": 1344.0, "pop_density": 1188.8902452616885, "median_hh_income": 51534.0, "mean_commute_min": 20.710659898477157 }, "geometry": { "type": "Polygon", "coordinates": [ [ [ -84.3883, 33.7127 ], [ -84.3827, 33.7133 ], [ -84.3785, 33.7169 ], [ -84.3786, 33.7243 ], [ -84.3838, 33.7238 ], [ -84.3934, 33.7184 ], [ -84.3883, 33.7127 ] ] ] } },
{ "type": "Feature", "properties": { "county": "Fulton", "geoid": "13121011310", "pop": 5434.0, "pop_density": 1568.0865246712472, "median_hh_income": 51408.0, "mean_commute_min": 28.471767594108019 }, "geometry": { "type": "Polygon", "coordinates": [ [ [ -84.474, 33.6537 ], [ -84.4733, 33.6613 ], [ -84.4646, 33.6679 ], [ -84.4605, 33.6679 ], [ -84.4578, 33.6723 ], [ -84.4577, 33.6819 ], [ -84.4673, 33.6776 ], [ -84.4772, 33.6779 ], [ -84.4747, 33.666 ], [ -84.4776, 33.666 ], [ -84.4777, 33.6596 ], [ -84.4883, 33.6528 ], [ -84.474, 33.6537 ] ] ] } },
{ "type": "Feature", "properties": { "county": "Fulton", "geoid": "13121010307", "pop": 5690.0, "pop_density": 539.14791887955778, "median_hh_income": 127937.0, "mean_commute_min": 27.896039603960396 }, "geometry": { "type": "Polygon", "coordinates": [ [ [ -84.5618, 33.6382 ], [ -84.5631, 33.6257 ], [ -84.5581, 33.6186 ], [ -84.5532, 33.6244 ], [ -84.5349, 33.6304 ], [ -84.5266, 33.6369 ], [ -84.5207, 33.6471 ], [ -84.5216, 33.6558 ], [ -84.5297, 33.6592 ], [ -84.5411, 33.6463 ], [ -84.555, 33.6583 ], [ -84.5659, 33.6471 ], [ -84.5618, 33.6382 ] ] ] } },
{ "type": "Feature", "properties": { "county": "Fulton", "geoid": "13121010517", "pop": 5427.0, "pop_density": 1302.4323830720748, "median_hh_income": 71075.0, "mean_commute_min": 35.402504472271914 }, "geometry": { "type": "Polygon", "coordinates": [ [ [ -84.4696, 33.5632 ], [ -84.4589, 33.5598 ], [ -84.4583, 33.5864 ], [ -84.469, 33.5887 ], [ -84.4684, 33.573 ], [ -84.4788, 33.5726 ], [ -84.485, 33.5637 ], [ -84.4696, 33.5632 ] ] ] } },
{ "type": "Feature", "properties": { "county": "Fulton", "geoid": "13121010520", "pop": 6805.0, "pop_density": 370.70303162627988, "median_hh_income": 64916.0, "mean_commute_min": 36.35236830455954 }, "geometry": { "type": "Polygon", "coordinates": [ [ [ -84.6357, 33.5553 ], [ -84.6334, 33.5375 ], [ -84.626, 33.5379 ], [ -84.6144, 33.5268 ], [ -84.5915, 33.5392 ], [ -84.595, 33.555 ], [ -84.6046, 33.5492 ], [ -84.6088, 33.5514 ], [ -84.616, 33.5613 ], [ -84.6191, 33.5739 ], [ -84.6274, 33.5763 ], [ -84.6353, 33.5917 ], [ -84.6441, 33.6 ], [ -84.6525, 33.602 ], [ -84.6502, 33.5724 ], [ -84.6357, 33.5553 ] ] ] } },
{ "type": "Feature", "properties": { "county": "Fulton", "geoid": "13121010306", "pop": 4101.0, "pop_density": 271.3736529335452, "median_hh_income": 145029.0, "mean_commute_min": 36.081330868761555 }, "geometry": { "type": "Polygon", "coordinates": [ [ [ -84.5928, 33.6578 ], [ -84.5795, 33.6671 ], [ -84.5659, 33.6626 ], [ -84.5621, 33.6663 ], [ -84.5535, 33.6608 ], [ -84.555, 33.6583 ], [ -84.5497, 33.6516 ], [ -84.5411, 33.6463 ], [ -84.5307, 33.6571 ], [ -84.5297, 33.6592 ], [ -84.5357, 33.6598 ], [ -84.551, 33.6722 ], [ -84.5536, 33.6809 ], [ -84.5721, 33.6869 ], [ -84.5769, 33.6993 ], [ -84.5845, 33.6975 ], [ -84.6003, 33.687 ], [ -84.5928, 33.6578 ] ] ] } },
{ "type": "Feature", "properties": { "county": "Fulton", "geoid": "13121010124", "pop": 2340.0, "pop_density": 3657.9417980816124, "median_hh_income": 82743.0, "mean_commute_min": 25.402061855670102 }, "geometry": { "type": "Polygon", "coordinates": [ [ [ -84.3422, 33.9897 ], [ -84.3382, 33.9917 ], [ -84.337, 33.999 ], [ -84.3441, 33.9983 ], [ -84.3472, 33.9939 ], [ -84.3422, 33.9897 ] ] ] } },
{ "type": "Feature", "properties": { "county": "Fulton", "geoid": "13121010134", "pop": 2178.0, "pop_density": 3387.115586485751, "median_hh_income": 72469.0, "mean_commute_min": 25.558659217877096 }, "geometry": { "type": "Polygon", "coordinates": [ [ [ -84.3502, 33.9659 ], [ -84.3479, 33.9702 ], [ -84.3539, 33.975 ], [ -84.3611, 33.9687 ], [ -84.3502, 33.9659 ] ] ] } },
{ "type": "Feature", "properties": { "county": "Fulton", "geoid": "13121001101", "pop": 3405.0, "pop_density": 16210.503263524224, "median_hh_income": 123250.0, "mean_commute_min": 31.910958904109588 }, "geometry": { "type": "Polygon", "coordinates": [ [ [ -84.3781, 33.7865 ], [ -84.3878, 33.7867 ], [ -84.3789, 33.7843 ], [ -84.3781, 33.7865 ] ] ] } },
{ "type": "Feature", "properties": { "county": "Fulton", "geoid": "13121011659", "pop": 2840.0, "pop_density": 645.81135622886188, "median_hh_income": 172409.0, "mean_commute_min": 37.922680412371136 }, "geometry": { "type": "Polygon", "coordinates": [ [ [ -84.2213, 34.0204 ], [ -84.2111, 34.0162 ], [ -84.2081, 34.0254 ], [ -84.2026, 34.027 ], [ -84.2183, 34.0386 ], [ -84.2231, 34.0464 ], [ -84.2349, 34.0346 ], [ -84.2213, 34.0204 ] ] ] } },
{ "type": "Feature", "properties": { "county": "Fulton", "geoid": "13121007709", "pop": 4347.0, "pop_density": 1264.7054373896619, "median_hh_income": 80851.0, "mean_commute_min": 34.973442781265092 }, "geometry": { "type": "Polygon", "coordinates": [ [ [ -84.5216, 33.6558 ], [ -84.5062, 33.6542 ], [ -84.5067, 33.6663 ], [ -84.4975, 33.6661 ], [ -84.499, 33.6766 ], [ -84.5112, 33.6731 ], [ -84.5155, 33.6756 ], [ -84.5228, 33.6644 ], [ -84.5216, 33.6558 ] ] ] } },
{ "type": "Feature", "properties": { "county": "Fulton", "geoid": "13121009410", "pop": 3592.0, "pop_density": 4653.392234846031, "median_hh_income": 91622.0, "mean_commute_min": 25.533854166666668 }, "geometry": { "type": "Polygon", "coordinates": [ [ [ -84.3581, 33.8416 ], [ -84.3485, 33.8397 ], [ -84.3483, 33.8542 ], [ -84.3522, 33.8487 ], [ -84.3584, 33.8453 ], [ -84.3581, 33.8416 ] ] ] } },
{ "type": "Feature", "properties": { "county": "Fulton", "geoid": "13121010131", "pop": 2525.0, "pop_density": 1842.0935520889343, "median_hh_income": 65893.0, "mean_commute_min": 25.379746835443036 }, "geometry": { "type": "Polygon", "coordinates": [ [ [ -84.3544, 33.9517 ], [ -84.3478, 33.9501 ], [ -84.3474, 33.9681 ], [ -84.3462, 33.966 ], [ -84.3373, 33.9709 ], [ -84.3445, 33.9684 ], [ -84.3479, 33.9702 ], [ -84.358, 33.9487 ], [ -84.3544, 33.9517 ] ] ] } },
{ "type": "Feature", "properties": { "county": "Fulton", "geoid": "13121001102", "pop": 3488.0, "pop_density": 12678.288431061805, "median_hh_income": 113689.0, "mean_commute_min": 22.320793085917639 }, "geometry": { "type": "Polygon", "coordinates": [ [ [ -84.3779, 33.7818 ], [ -84.3779, 33.7837 ], [ -84.3878, 33.7846 ], [ -84.3878, 33.782 ], [ -84.3779, 33.7818 ] ] ] } },
{ "type": "Feature", "properties": { "county": "Fulton", "geoid": "13121001204", "pop": 1939.0, "pop_density": 6320.9023340722397, "median_hh_income": 104414.0, "mean_commute_min": 25.430579964850615 }, "geometry": { "type": "Polygon", "coordinates": [ [ [ -84.3777, 33.7757 ], [ -84.3777, 33.7818 ], [ -84.3825, 33.7817 ], [ -84.3829, 33.7762 ], [ -84.3777, 33.7757 ] ] ] } },
{ "type": "Feature", "properties": { "county": "Fulton", "geoid": "13121001205", "pop": 1973.0, "pop_density": 7459.639305833869, "median_hh_income": 100245.0, "mean_commute_min": 20.257289879931388 }, "geometry": { "type": "Polygon", "coordinates": [ [ [ -84.3834, 33.7713 ], [ -84.3828, 33.7773 ], [ -84.3873, 33.7775 ], [ -84.3874, 33.7715 ], [ -84.3834, 33.7713 ] ] ] } },
{ "type": "Feature", "properties": { "county": "Fulton", "geoid": "13121001203", "pop": 2717.0, "pop_density": 10424.460072821586, "median_hh_income": 73066.0, "mean_commute_min": 18.330414477524812 }, "geometry": { "type": "Polygon", "coordinates": [ [ [ -84.3777, 33.7712 ], [ -84.3777, 33.7757 ], [ -84.383, 33.776 ], [ -84.3834, 33.7714 ], [ -84.3777, 33.7712 ] ] ] } },
{ "type": "Feature", "properties": { "county": "Fulton", "geoid": "13121010526", "pop": 6036.0, "pop_density": 414.34845593075357, "median_hh_income": 75521.0, "mean_commute_min": 28.24296499656829 }, "geometry": { "type": "Polygon", "coordinates": [ [ [ -84.5933, 33.5869 ], [ -84.582, 33.5986 ], [ -84.5723, 33.6012 ], [ -84.5565, 33.5933 ], [ -84.5502, 33.5938 ], [ -84.5457, 33.5999 ], [ -84.5237, 33.6108 ], [ -84.5288, 33.6302 ], [ -84.5324, 33.6332 ], [ -84.5532, 33.6244 ], [ -84.5581, 33.6186 ], [ -84.5688, 33.6193 ], [ -84.5734, 33.6155 ], [ -84.5732, 33.6109 ], [ -84.5819, 33.6102 ], [ -84.5976, 33.5934 ], [ -84.5933, 33.5869 ] ] ] } },
{ "type": "Feature", "properties": { "county": "Fulton", "geoid": "13121001902", "pop": 2337.0, "pop_density": 2740.452098374843, "median_hh_income": 73618.0, "mean_commute_min": 20.952531645569621 }, "geometry": { "type": "Polygon", "coordinates": [ [ [ -84.3842, 33.7597 ], [ -84.3819, 33.7713 ], [ -84.3905, 33.7713 ], [ -84.3906, 33.761 ], [ -84.3842, 33.7597 ] ] ] } },
{ "type": "Feature", "properties": { "county": "Fulton", "geoid": "13121001301", "pop": 3271.0, "pop_density": 6557.3178946017897, "median_hh_income": 71086.0, "mean_commute_min": 23.953386103781881 }, "geometry": { "type": "Polygon", "coordinates": [ [ [ -84.3709, 33.7737 ], [ -84.3694, 33.7795 ], [ -84.3777, 33.7795 ], [ -84.3777, 33.7727 ], [ -84.3709, 33.7737 ] ] ] } },
{ "type": "Feature", "properties": { "county": "Fulton", "geoid": "13121010529", "pop": 5958.0, "pop_density": 631.97909695724024, "median_hh_income": 64936.0, "mean_commute_min": 29.248672289909404 }, "geometry": { "type": "Polygon", "coordinates": [ [ [ -84.524, 33.5946 ], [ -84.5246, 33.5867 ], [ -84.5136, 33.5848 ], [ -84.487, 33.6033 ], [ -84.4877, 33.6181 ], [ -84.4976, 33.6147 ], [ -84.513, 33.6168 ], [ -84.5302, 33.6076 ], [ -84.524, 33.5946 ] ] ] } },
{ "type": "Feature", "properties": { "county": "Fulton", "geoid": "13121011901", "pop": 2085.0, "pop_density": 1776.0748660277341, "median_hh_income": 46157.0, "mean_commute_min": 20.310596833130329 }, "geometry": { "type": "Polygon", "coordinates": [ [ [ -84.3938, 33.7549 ], [ -84.3849, 33.7494 ], [ -84.3766, 33.7492 ], [ -84.3766, 33.7544 ], [ -84.3843, 33.7545 ], [ -84.3842, 33.7597 ], [ -84.3943, 33.759 ], [ -84.3938, 33.7549 ] ] ] } },
{ "type": "Feature", "properties": { "county": "Fulton", "geoid": "13121008906", "pop": 2432.0, "pop_density": 1177.5933806856285, "median_hh_income": 200236.0, "mean_commute_min": 27.663755458515283 }, "geometry": { "type": "Polygon", "coordinates": [ [ [ -84.4311, 33.8116 ], [ -84.4256, 33.8123 ], [ -84.4306, 33.817 ], [ -84.4293, 33.8223 ], [ -84.4348, 33.8264 ], [ -84.4419, 33.8253 ], [ -84.4447, 33.832 ], [ -84.4482, 33.8263 ], [ -84.4558, 33.8258 ], [ -84.4311, 33.8116 ] ] ] } },
{ "type": "Feature", "properties": { "county": "Fulton", "geoid": "13121008907", "pop": 2858.0, "pop_density": 3112.3506305831465, "median_hh_income": 86111.0, "mean_commute_min": 24.200487012987011 }, "geometry": { "type": "Polygon", "coordinates": [ [ [ -84.4266, 33.8113 ], [ -84.4187, 33.8102 ], [ -84.4238, 33.8249 ], [ -84.4308, 33.8181 ], [ -84.4266, 33.8113 ] ] ] } },
{ "type": "Feature", "properties": { "county": "Fulton", "geoid": "13121009504", "pop": 2683.0, "pop_density": 1755.7900826327298, "median_hh_income": 92109.0, "mean_commute_min": 27.159187129551228 }, "geometry": { "type": "Polygon", "coordinates": [ [ [ -84.3915, 33.8443 ], [ -84.3878, 33.8363 ], [ -84.3813, 33.8371 ], [ -84.3789, 33.8423 ], [ -84.3827, 33.8533 ], [ -84.3957, 33.8452 ], [ -84.3915, 33.8443 ] ] ] } },
{ "type": "Feature", "properties": { "county": "Fulton", "geoid": "13121009804", "pop": 2436.0, "pop_density": 762.93680559361724, "median_hh_income": 250001.0, "mean_commute_min": 18.777624309392266 }, "geometry": { "type": "Polygon", "coordinates": [ [ [ -84.4207, 33.8221 ], [ -84.4129, 33.8243 ], [ -84.4123, 33.8207 ], [ -84.4076, 33.8203 ], [ -84.4087, 33.8391 ], [ -84.4295, 33.8386 ], [ -84.4207, 33.8221 ] ] ] } },
{ "type": "Feature", "properties": { "county": "Fulton", "geoid": "13121010530", "pop": 3643.0, "pop_density": 539.27108845274495, "median_hh_income": 54726.0, "mean_commute_min": 26.993888464476701 }, "geometry": { "type": "Polygon", "coordinates": [ [ [ -84.5266, 33.6265 ], [ -84.5237, 33.6108 ], [ -84.513, 33.6168 ], [ -84.4976, 33.6147 ], [ -84.4877, 33.6181 ], [ -84.4885, 33.6232 ], [ -84.5055, 33.6215 ], [ -84.5142, 33.6446 ], [ -84.5205, 33.6492 ], [ -84.5264, 33.6371 ], [ -84.5322, 33.6336 ], [ -84.5266, 33.6265 ] ] ] } },
{ "type": "Feature", "properties": { "county": "Fulton", "geoid": "13121009104", "pop": 2809.0, "pop_density": 2868.495464427695, "median_hh_income": 94306.0, "mean_commute_min": 20.879746835443036 }, "geometry": { "type": "Polygon", "coordinates": [ [ [ -84.3938, 33.8067 ], [ -84.3891, 33.8177 ], [ -84.3939, 33.8188 ], [ -84.4004, 33.8157 ], [ -84.403, 33.8185 ], [ -84.4021, 33.8099 ], [ -84.3938, 33.8067 ] ] ] } },
{ "type": "Feature", "properties": { "county": "Clayton", "geoid": "13063040634", "pop": 4306.0, "pop_density": 1669.0517646365684, "median_hh_income": 28066.0, "mean_commute_min": 26.386658431130328 }, "geometry": { "type": "Polygon", "coordinates": [ [ [ -84.3632, 33.5178 ], [ -84.3604, 33.5312 ], [ -84.3766, 33.537 ], [ -84.3756, 33.5244 ], [ -84.3785, 33.5184 ], [ -84.3632, 33.5178 ] ] ] } },
{ "type": "Feature", "properties": { "county": "Clayton", "geoid": "13063040637", "pop": 3936.0, "pop_density": 1827.4583981602841, "median_hh_income": 59583.0, "mean_commute_min": 42.436241610738257 }, "geometry": { "type": "Polygon", "coordinates": [ [ [ -84.3277, 33.4412 ], [ -84.3306, 33.436 ], [ -84.3232, 33.4359 ], [ -84.3234, 33.428 ], [ -84.3199, 33.4279 ], [ -84.325, 33.4486 ], [ -84.3428, 33.449 ], [ -84.3448, 33.443 ], [ -84.3277, 33.4412 ] ] ] } },
{ "type": "Feature", "properties": { "county": "Clayton", "geoid": "13063040625", "pop": 4132.0, "pop_density": 1278.6089526763062, "median_hh_income": 77917.0, "mean_commute_min": 29.554888039322776 }, "geometry": { "type": "Polygon", "coordinates": [ [ [ -84.3428, 33.449 ], [ -84.325, 33.4486 ], [ -84.3367, 33.4736 ], [ -84.3425, 33.4718 ], [ -84.3428, 33.461 ], [ -84.3465, 33.4552 ], [ -84.3428, 33.449 ] ] ] } },
{ "type": "Feature", "properties": { "county": "Clayton", "geoid": "13063040425", "pop": 5587.0, "pop_density": 1341.2800233541652, "median_hh_income": 45892.0, "mean_commute_min": 19.969567863664029 }, "geometry": { "type": "Polygon", "coordinates": [ [ [ -84.3201, 33.5649 ], [ -84.304, 33.5746 ], [ -84.3033, 33.5822 ], [ -84.334, 33.5802 ], [ -84.3392, 33.5833 ], [ -84.3408, 33.5769 ], [ -84.3201, 33.5649 ] ] ] } },
{ "type": "Feature", "properties": { "county": "Clayton", "geoid": "13063040419", "pop": 7603.0, "pop_density": 2036.2344205837778, "median_hh_income": 52760.0, "mean_commute_min": 32.060903732809429 }, "geometry": { "type": "Polygon", "coordinates": [ [ [ -84.334, 33.5802 ], [ -84.3129, 33.583 ], [ -84.3183, 33.5969 ], [ -84.3215, 33.5993 ], [ -84.3328, 33.5995 ], [ -84.3392, 33.5833 ], [ -84.334, 33.5802 ] ] ] } },
{ "type": "Feature", "properties": { "county": "Clayton", "geoid": "13063040536", "pop": 4540.0, "pop_density": 1948.2670722266375, "median_hh_income": 57674.0, "mean_commute_min": 37.959625090122564 }, "geometry": { "type": "Polygon", "coordinates": [ [ [ -84.391, 33.5182 ], [ -84.3786, 33.518 ], [ -84.3756, 33.5244 ], [ -84.3766, 33.537 ], [ -84.3858, 33.5399 ], [ -84.3852, 33.5291 ], [ -84.391, 33.5257 ], [ -84.391, 33.5182 ] ] ] } },
{ "type": "Feature", "properties": { "county": "Clayton", "geoid": "13063040535", "pop": 3954.0, "pop_density": 1902.0909049363443, "median_hh_income": 66190.0, "mean_commute_min": 39.358683314415437 }, "geometry": { "type": "Polygon", "coordinates": [ [ [ -84.3975, 33.5297 ], [ -84.391, 33.5257 ], [ -84.3852, 33.5291 ], [ -84.3858, 33.5399 ], [ -84.4035, 33.5452 ], [ -84.3975, 33.5297 ] ] ] } },
{ "type": "Feature", "properties": { "county": "Clayton", "geoid": "13063040530", "pop": 3772.0, "pop_density": 1152.2606088469299, "median_hh_income": 54246.0, "mean_commute_min": 33.002469135802471 }, "geometry": { "type": "Polygon", "coordinates": [ [ [ -84.4105, 33.5218 ], [ -84.4106, 33.5184 ], [ -84.4014, 33.5183 ], [ -84.4083, 33.5409 ], [ -84.4153, 33.5467 ], [ -84.4202, 33.5304 ], [ -84.4227, 33.5254 ], [ -84.4105, 33.5218 ] ] ] } },
{ "type": "Feature", "properties": { "county": "Clayton", "geoid": "13063040631", "pop": 6457.0, "pop_density": 506.31803673122897, "median_hh_income": 81218.0, "mean_commute_min": 36.535474761736673 }, "geometry": { "type": "Polygon", "coordinates": [ [ [ -84.3871, 33.4766 ], [ -84.3865, 33.4673 ], [ -84.3816, 33.463 ], [ -84.3848, 33.4587 ], [ -84.381, 33.4581 ], [ -84.3741, 33.4662 ], [ -84.3834, 33.4879 ], [ -84.367, 33.4859 ], [ -84.3554, 33.4894 ], [ -84.3379, 33.4862 ], [ -84.3376, 33.4895 ], [ -84.3468, 33.5022 ], [ -84.3634, 33.5027 ], [ -84.3705, 33.4993 ], [ -84.3721, 33.5034 ], [ -84.3637, 33.5177 ], [ -84.3786, 33.518 ], [ -84.3818, 33.5078 ], [ -84.3882, 33.5037 ], [ -84.3863, 33.499 ], [ -84.3975, 33.4857 ], [ -84.3871, 33.4766 ] ] ] } },
{ "type": "Feature", "properties": { "county": "Clayton", "geoid": "13063040533", "pop": 4497.0, "pop_density": 1396.7361038423753, "median_hh_income": 49310.0, "mean_commute_min": 31.940867906533143 }, "geometry": { "type": "Polygon", "coordinates": [ [ [ -84.3766, 33.537 ], [ -84.3751, 33.5391 ], [ -84.3756, 33.5466 ], [ -84.3847, 33.5541 ], [ -84.3923, 33.5509 ], [ -84.4011, 33.5556 ], [ -84.4035, 33.5453 ], [ -84.3766, 33.537 ] ] ] } },
{ "type": "Feature", "properties": { "county": "Clayton", "geoid": "13063040528", "pop": 2746.0, "pop_density": 1092.3905411549981, "median_hh_income": 52600.0, "mean_commute_min": 38.004857737682165 }, "geometry": { "type": "Polygon", "coordinates": [ [ [ -84.4336, 33.5244 ], [ -84.4275, 33.5171 ], [ -84.4167, 33.5421 ], [ -84.4281, 33.54 ], [ -84.4339, 33.5352 ], [ -84.4336, 33.5244 ] ] ] } },
{ "type": "Feature", "properties": { "county": "Clayton", "geoid": "13063040636", "pop": 6340.0, "pop_density": 234.67414070491449, "median_hh_income": 111125.0, "mean_commute_min": 37.871809100998888 }, "geometry": { "type": "Polygon", "coordinates": [ [ [ -84.3961, 33.3686 ], [ -84.3925, 33.3666 ], [ -84.3951, 33.3603 ], [ -84.3886, 33.3563 ], [ -84.3881, 33.3525 ], [ -84.3544, 33.3525 ], [ -84.3536, 33.4362 ], [ -84.3306, 33.436 ], [ -84.3277, 33.4412 ], [ -84.3531, 33.4433 ], [ -84.3599, 33.4325 ], [ -84.3695, 33.4281 ], [ -84.371, 33.4223 ], [ -84.3892, 33.4137 ], [ -84.3842, 33.402 ], [ -84.3886, 33.3961 ], [ -84.3947, 33.3946 ], [ -84.3947, 33.3886 ], [ -84.3899, 33.386 ], [ -84.3865, 33.376 ], [ -84.3963, 33.3733 ], [ -84.3961, 33.3686 ] ] ] } },
{ "type": "Feature", "properties": { "county": "Clayton", "geoid": "13063040638", "pop": 4046.0, "pop_density": 986.53619485723505, "median_hh_income": 81163.0, "mean_commute_min": 34.469906129210379 }, "geometry": { "type": "Polygon", "coordinates": [ [ [ -84.3931, 33.42 ], [ -84.3931, 33.412 ], [ -84.3886, 33.412 ], [ -84.3822, 33.4208 ], [ -84.3876, 33.426 ], [ -84.3828, 33.4342 ], [ -84.3837, 33.4444 ], [ -84.3925, 33.4445 ], [ -84.3926, 33.4365 ], [ -84.4022, 33.4364 ], [ -84.4023, 33.4201 ], [ -84.3931, 33.42 ] ] ] } },
{ "type": "Feature", "properties": { "county": "Rockdale", "geoid": "13247060408", "pop": 3039.0, "pop_density": 98.971288067837179, "median_hh_income": 112500.0, "mean_commute_min": 42.409942363112393 }, "geometry": { "type": "Polygon", "coordinates": [ [ [ -84.1281, 33.5625 ], [ -84.1232, 33.561 ], [ -84.1153, 33.5661 ], [ -84.1068, 33.5664 ], [ -84.0899, 33.5547 ], [ -84.0821, 33.5555 ], [ -84.0701, 33.547 ], [ -84.0657, 33.5495 ], [ -84.0596, 33.5406 ], [ -84.0501, 33.5414 ], [ -84.0509, 33.5304 ], [ -84.0558, 33.5305 ], [ -84.0558, 33.5263 ], [ -84.0466, 33.5307 ], [ -84.0445, 33.5258 ], [ -84.0332, 33.5382 ], [ -84.0429, 33.5438 ], [ -84.0732, 33.5829 ], [ -84.0928, 33.6002 ], [ -84.0978, 33.6021 ], [ -84.1145, 33.5942 ], [ -84.1357, 33.593 ], [ -84.1467, 33.5865 ], [ -84.1281, 33.5625 ] ] ] } },
{ "type": "Feature", "properties": { "county": "Rockdale", "geoid": "13247060318", "pop": 4171.0, "pop_density": 1386.570642798991, "median_hh_income": 52656.0, "mean_commute_min": 26.438795656465942 }, "geometry": { "type": "Polygon", "coordinates": [ [ [ -84.0173, 33.6675 ], [ -84.0135, 33.6759 ], [ -84.0006, 33.6833 ], [ -84.0124, 33.6894 ], [ -84.0218, 33.6892 ], [ -84.0248, 33.6741 ], [ -84.0173, 33.6675 ] ] ] } },
{ "type": "Feature", "properties": { "county": "Rockdale", "geoid": "13247060310", "pop": 2223.0, "pop_density": 241.18309257698544, "median_hh_income": 55320.0, "mean_commute_min": 35.320397111913358 }, "geometry": { "type": "Polygon", "coordinates": [ [ [ -84.0556, 33.6742 ], [ -84.0066, 33.653 ], [ -83.9951, 33.6633 ], [ -84.0109, 33.6653 ], [ -84.0173, 33.6675 ], [ -84.0214, 33.6734 ], [ -84.0297, 33.6742 ], [ -84.0298, 33.682 ], [ -84.0351, 33.6918 ], [ -84.0415, 33.6953 ], [ -84.0494, 33.6855 ], [ -84.0638, 33.6831 ], [ -84.0556, 33.6742 ] ] ] } },
{ "type": "Feature", "properties": { "county": "Rockdale", "geoid": "13247060311", "pop": 4029.0, "pop_density": 329.92346905561061, "median_hh_income": 73010.0, "mean_commute_min": 26.286635404454866 }, "geometry": { "type": "Polygon", "coordinates": [ [ [ -84.0498, 33.6612 ], [ -84.0508, 33.6505 ], [ -84.0319, 33.6459 ], [ -84.0351, 33.6319 ], [ -84.0148, 33.6098 ], [ -84.0143, 33.6442 ], [ -84.0063, 33.6529 ], [ -84.0557, 33.6737 ], [ -84.0498, 33.6612 ] ] ] } },
{ "type": "Feature", "properties": { "county": "Rockdale", "geoid": "13247060409", "pop": 3895.0, "pop_density": 262.69492621105229, "median_hh_income": 99464.0, "mean_commute_min": 36.541878172588831 }, "geometry": { "type": "Polygon", "coordinates": [ [ [ -84.0732, 33.5829 ], [ -84.0429, 33.5438 ], [ -84.0332, 33.5382 ], [ -84.0243, 33.5482 ], [ -84.0375, 33.5564 ], [ -84.0315, 33.5648 ], [ -84.0391, 33.5663 ], [ -84.0465, 33.5729 ], [ -84.0403, 33.5804 ], [ -84.04, 33.5922 ], [ -84.0498, 33.5911 ], [ -84.0746, 33.6012 ], [ -84.0827, 33.5992 ], [ -84.0894, 33.6047 ], [ -84.0954, 33.6052 ], [ -84.0978, 33.6021 ], [ -84.0732, 33.5829 ] ] ] } },
{ "type": "Feature", "properties": { "county": "Rockdale", "geoid": "13247060312", "pop": 3445.0, "pop_density": 492.14588032469339, "median_hh_income": 109156.0, "mean_commute_min": 39.25595238095238 }, "geometry": { "type": "Polygon", "coordinates": [ [ [ -83.9916, 33.6093 ], [ -83.9963, 33.6232 ], [ -83.9768, 33.6254 ], [ -83.9786, 33.6305 ], [ -84.0144, 33.6428 ], [ -84.0147, 33.6146 ], [ -83.9916, 33.6093 ] ] ] } },
{ "type": "Feature", "properties": { "county": "Rockdale", "geoid": "13247060204", "pop": 4381.0, "pop_density": 273.53194170654086, "median_hh_income": 69811.0, "mean_commute_min": 38.919638105375199 }, "geometry": { "type": "Polygon", "coordinates": [ [ [ -84.0829, 33.6251 ], [ -84.0804, 33.6191 ], [ -84.0569, 33.6205 ], [ -84.0352, 33.6323 ], [ -84.0319, 33.6459 ], [ -84.06, 33.653 ], [ -84.0825, 33.6446 ], [ -84.0999, 33.6441 ], [ -84.1043, 33.636 ], [ -84.0829, 33.6251 ] ] ] } },
{ "type": "Feature", "properties": { "county": "Rockdale", "geoid": "13247060411", "pop": 2367.0, "pop_density": 232.67225709193298, "median_hh_income": 84583.0, "mean_commute_min": 38.468354430379748 }, "geometry": { "type": "Polygon", "coordinates": [ [ [ -84.0484, 33.5909 ], [ -84.0174, 33.5965 ], [ -84.0391, 33.6299 ], [ -84.0562, 33.6206 ], [ -84.0614, 33.605 ], [ -84.057, 33.6044 ], [ -84.0618, 33.5963 ], [ -84.0484, 33.5909 ] ] ] } },
{ "type": "Feature", "properties": { "county": "Fayette", "geoid": "13113140210", "pop": 6485.0, "pop_density": 461.38519004054001, "median_hh_income": 110902.0, "mean_commute_min": 32.680387409200968 }, "geometry": { "type": "Polygon", "coordinates": [ [ [ -84.6192, 33.4225 ], [ -84.6186, 33.4086 ], [ -84.6091, 33.4004 ], [ -84.6097, 33.3971 ], [ -84.5909, 33.3974 ], [ -84.6016, 33.4083 ], [ -84.6038, 33.4227 ], [ -84.5912, 33.4413 ], [ -84.6057, 33.4423 ], [ -84.597, 33.4531 ], [ -84.5966, 33.4649 ], [ -84.6267, 33.4571 ], [ -84.6244, 33.449 ], [ -84.6272, 33.4403 ], [ -84.6192, 33.4225 ] ] ] } },
{ "type": "Feature", "properties": { "county": "Fayette", "geoid": "13113140308", "pop": 2109.0, "pop_density": 270.22005829783143, "median_hh_income": 146897.0, "mean_commute_min": 28.484636871508378 }, "geometry": { "type": "Polygon", "coordinates": [ [ [ -84.5633, 33.3543 ], [ -84.5616, 33.3412 ], [ -84.5518, 33.3423 ], [ -84.5395, 33.3333 ], [ -84.5337, 33.3421 ], [ -84.5252, 33.3422 ], [ -84.5332, 33.3614 ], [ -84.5376, 33.3609 ], [ -84.5432, 33.3483 ], [ -84.5653, 33.374 ], [ -84.5712, 33.3695 ], [ -84.5633, 33.3543 ] ] ] } },
{ "type": "Feature", "properties": { "county": "Fayette", "geoid": "13113140209", "pop": 2222.0, "pop_density": 732.18286382354324, "median_hh_income": 81458.0, "mean_commute_min": 28.172110552763819 }, "geometry": { "type": "Polygon", "coordinates": [ [ [ -84.6016, 33.4083 ], [ -84.5962, 33.4007 ], [ -84.5909, 33.3974 ], [ -84.5817, 33.4015 ], [ -84.5911, 33.417 ], [ -84.6036, 33.4205 ], [ -84.6016, 33.4083 ] ] ] } },
{ "type": "Feature", "properties": { "county": "Fayette", "geoid": "13113140409", "pop": 3960.0, "pop_density": 439.41036012009221, "median_hh_income": 88571.0, "mean_commute_min": 35.295786061588331 }, "geometry": { "type": "Polygon", "coordinates": [ [ [ -84.4101, 33.4109 ], [ -84.4027, 33.4253 ], [ -84.4109, 33.4256 ], [ -84.4403, 33.4394 ], [ -84.4502, 33.4487 ], [ -84.4552, 33.4486 ], [ -84.4432, 33.4152 ], [ -84.4101, 33.4109 ] ] ] } },
{ "type": "Feature", "properties": { "county": "Fayette", "geoid": "13113140309", "pop": 6260.0, "pop_density": 1141.9787938551326, "median_hh_income": 78400.0, "mean_commute_min": 22.729188619599579 }, "geometry": { "type": "Polygon", "coordinates": [ [ [ -84.5427, 33.3483 ], [ -84.5376, 33.3609 ], [ -84.5332, 33.3614 ], [ -84.5395, 33.3742 ], [ -84.5398, 33.3842 ], [ -84.5653, 33.374 ], [ -84.5427, 33.3483 ] ] ] } },
{ "type": "Feature", "properties": { "county": "Fayette", "geoid": "13113140104", "pop": 5891.0, "pop_density": 209.72627214773161, "median_hh_income": 100446.0, "mean_commute_min": 31.757405924739793 }, "geometry": { "type": "Polygon", "coordinates": [ [ [ -84.5125, 33.5308 ], [ -84.5008, 33.5212 ], [ -84.4987, 33.5107 ], [ -84.4297, 33.5094 ], [ -84.4275, 33.5171 ], [ -84.4336, 33.5244 ], [ -84.4348, 33.5411 ], [ -84.4394, 33.5507 ], [ -84.4587, 33.5509 ], [ -84.5306, 33.5347 ], [ -84.5125, 33.5308 ] ] ] } },
{ "type": "Feature", "properties": { "county": "Fulton", "geoid": "13121011431", "pop": 4092.0, "pop_density": 6057.6991401975411, "median_hh_income": 103775.0, "mean_commute_min": 25.694864048338367 }, "geometry": { "type": "Polygon", "coordinates": [ [ [ -84.3233, 34.0299 ], [ -84.3167, 34.0355 ], [ -84.3306, 34.0357 ], [ -84.3298, 34.0285 ], [ -84.3233, 34.0299 ] ] ] } },
{ "type": "Feature", "properties": { "county": "Fulton", "geoid": "13121011430", "pop": 3887.0, "pop_density": 3935.8796898684764, "median_hh_income": 48167.0, "mean_commute_min": 23.499193114577729 }, "geometry": { "type": "Polygon", "coordinates": [ [ [ -84.3244, 34.0218 ], [ -84.3157, 34.0338 ], [ -84.3296, 34.0284 ], [ -84.3308, 34.0318 ], [ -84.335, 34.0285 ], [ -84.3244, 34.0218 ] ] ] } },
{ "type": "Feature", "properties": { "county": "Fulton", "geoid": "13121011438", "pop": 5588.0, "pop_density": 1140.8556580764946, "median_hh_income": 112381.0, "mean_commute_min": 23.941518467852259 }, "geometry": { "type": "Polygon", "coordinates": [ [ [ -84.3555, 34.0088 ], [ -84.3505, 34.0037 ], [ -84.3444, 34.0041 ], [ -84.3372, 34.0096 ], [ -84.3334, 34.0094 ], [ -84.3244, 34.0218 ], [ -84.3352, 34.0283 ], [ -84.3463, 34.0248 ], [ -84.3458, 34.0185 ], [ -84.3621, 34.0177 ], [ -84.36, 34.0086 ], [ -84.3555, 34.0088 ] ] ] } },
{ "type": "Feature", "properties": { "county": "Fulton", "geoid": "13121011435", "pop": 3911.0, "pop_density": 1246.4266023322295, "median_hh_income": 92451.0, "mean_commute_min": 26.230529595015575 }, "geometry": { "type": "Polygon", "coordinates": [ [ [ -84.3286, 34.0006 ], [ -84.3144, 34.0057 ], [ -84.3057, 34.0132 ], [ -84.3244, 34.0218 ], [ -84.3334, 34.0094 ], [ -84.3286, 34.0006 ] ] ] } },
{ "type": "Feature", "properties": { "county": "Fulton", "geoid": "13121011436", "pop": 3066.0, "pop_density": 753.7506840545592, "median_hh_income": 180750.0, "mean_commute_min": 33.659112370160528 }, "geometry": { "type": "Polygon", "coordinates": [ [ [ -84.3234, 33.987 ], [ -84.3147, 33.9855 ], [ -84.3143, 33.9892 ], [ -84.3068, 33.9935 ], [ -84.2974, 34.005 ], [ -84.3057, 34.0132 ], [ -84.3144, 34.0057 ], [ -84.3286, 34.0006 ], [ -84.3234, 33.987 ] ] ] } },
{ "type": "Feature", "properties": { "county": "Fulton", "geoid": "13121011507", "pop": 4333.0, "pop_density": 203.34973756714402, "median_hh_income": 245139.0, "mean_commute_min": 35.41 }, "geometry": { "type": "Polygon", "coordinates": [ [ [ -84.3535, 34.1309 ], [ -84.3451, 34.1292 ], [ -84.3379, 34.1324 ], [ -84.333, 34.1307 ], [ -84.3274, 34.1346 ], [ -84.3234, 34.1299 ], [ -84.3192, 34.1298 ], [ -84.3197, 34.1438 ], [ -84.3158, 34.1555 ], [ -84.3202, 34.1614 ], [ -84.32, 34.1681 ], [ -84.299, 34.1858 ], [ -84.3283, 34.1861 ], [ -84.3427, 34.1762 ], [ -84.3522, 34.1768 ], [ -84.3605, 34.1623 ], [ -84.3568, 34.1548 ], [ -84.3602, 34.1523 ], [ -84.3588, 34.1409 ], [ -84.3613, 34.1371 ], [ -84.3535, 34.1309 ] ] ] } },
{ "type": "Feature", "properties": { "county": "Fulton", "geoid": "13121011511", "pop": 2676.0, "pop_density": 432.59671187701059, "median_hh_income": 201538.0, "mean_commute_min": 28.322237017310254 }, "geometry": { "type": "Polygon", "coordinates": [ [ [ -84.3394, 34.103 ], [ -84.34, 34.0784 ], [ -84.3275, 34.0755 ], [ -84.3137, 34.0816 ], [ -84.3212, 34.0827 ], [ -84.3264, 34.0872 ], [ -84.3262, 34.0959 ], [ -84.3304, 34.0958 ], [ -84.3321, 34.1045 ], [ -84.3299, 34.1111 ], [ -84.3165, 34.1123 ], [ -84.3157, 34.1166 ], [ -84.3316, 34.1199 ], [ -84.3415, 34.1189 ], [ -84.338, 34.1135 ], [ -84.3419, 34.1069 ], [ -84.3394, 34.103 ] ] ] } },
{ "type": "Feature", "properties": { "county": "Fulton", "geoid": "13121011655", "pop": 2571.0, "pop_density": 829.32594606381451, "median_hh_income": 171875.0, "mean_commute_min": 27.105855855855857 }, "geometry": { "type": "Polygon", "coordinates": [ [ [ -84.3216, 34.083 ], [ -84.3151, 34.0827 ], [ -84.3081, 34.0767 ], [ -84.2945, 34.0756 ], [ -84.2947, 34.0812 ], [ -84.3106, 34.0888 ], [ -84.3146, 34.0942 ], [ -84.3262, 34.0959 ], [ -84.3263, 34.089 ], [ -84.3216, 34.083 ] ] ] } },
{ "type": "Feature", "properties": { "county": "Fulton", "geoid": "13121011641", "pop": 4994.0, "pop_density": 563.80871869106056, "median_hh_income": 242799.0, "mean_commute_min": 26.112234580384225 }, "geometry": { "type": "Polygon", "coordinates": [ [ [ -84.3304, 34.0958 ], [ -84.3146, 34.0942 ], [ -84.3106, 34.0888 ], [ -84.2973, 34.0815 ], [ -84.2919, 34.1041 ], [ -84.2952, 34.1174 ], [ -84.307, 34.1179 ], [ -84.3165, 34.1123 ], [ -84.3273, 34.1123 ], [ -84.3321, 34.1046 ], [ -84.3304, 34.0958 ] ] ] } },
{ "type": "Feature", "properties": { "county": "Fulton", "geoid": "13121011654", "pop": 2359.0, "pop_density": 1377.4820515665283, "median_hh_income": 132604.0, "mean_commute_min": 27.206959706959708 }, "geometry": { "type": "Polygon", "coordinates": [ [ [ -84.3199, 34.0729 ], [ -84.2968, 34.0711 ], [ -84.2945, 34.0756 ], [ -84.3078, 34.0766 ], [ -84.3137, 34.0816 ], [ -84.3269, 34.0761 ], [ -84.3199, 34.0729 ] ] ] } },
{ "type": "Feature", "properties": { "county": "Fulton", "geoid": "13121011647", "pop": 4987.0, "pop_density": 616.09879620447566, "median_hh_income": 76375.0, "mean_commute_min": 31.034278959810873 }, "geometry": { "type": "Polygon", "coordinates": [ [ [ -84.331, 34.057 ], [ -84.3248, 34.0542 ], [ -84.3275, 34.0544 ], [ -84.3285, 34.049 ], [ -84.321, 34.0434 ], [ -84.3112, 34.0442 ], [ -84.3041, 34.0493 ], [ -84.301, 34.0542 ], [ -84.303, 34.0654 ], [ -84.2968, 34.0711 ], [ -84.3275, 34.0755 ], [ -84.3354, 34.073 ], [ -84.3307, 34.0624 ], [ -84.331, 34.057 ] ] ] } },
{ "type": "Feature", "properties": { "county": "Fulton", "geoid": "13121011643", "pop": 4376.0, "pop_density": 1713.5464145529274, "median_hh_income": 85590.0, "mean_commute_min": 31.240491515506143 }, "geometry": { "type": "Polygon", "coordinates": [ [ [ -84.2735, 34.0889 ], [ -84.2648, 34.0872 ], [ -84.2446, 34.1027 ], [ -84.2538, 34.1044 ], [ -84.2596, 34.0975 ], [ -84.2718, 34.098 ], [ -84.2787, 34.0943 ], [ -84.2735, 34.0889 ] ] ] } },
{ "type": "Feature", "properties": { "county": "Fulton", "geoid": "13121011640", "pop": 5238.0, "pop_density": 1451.1267009806327, "median_hh_income": 116908.0, "mean_commute_min": 28.796791443850267 }, "geometry": { "type": "Polygon", "coordinates": [ [ [ -84.272, 34.0688 ], [ -84.262, 34.088 ], [ -84.2945, 34.0785 ], [ -84.2967, 34.0713 ], [ -84.272, 34.0688 ] ] ] } },
{ "type": "Feature", "properties": { "county": "Fulton", "geoid": "13121011434", "pop": 3597.0, "pop_density": 888.10385259796931, "median_hh_income": 82487.0, "mean_commute_min": 27.84690220174091 }, "geometry": { "type": "Polygon", "coordinates": [ [ [ -84.3177, 34.0202 ], [ -84.3023, 34.0257 ], [ -84.2897, 34.0224 ], [ -84.292, 34.0376 ], [ -84.2848, 34.042 ], [ -84.2997, 34.0403 ], [ -84.3076, 34.0346 ], [ -84.3157, 34.0338 ], [ -84.3244, 34.0218 ], [ -84.3177, 34.0202 ] ] ] } },
{ "type": "Feature", "properties": { "county": "Fulton", "geoid": "13121011636", "pop": 1900.0, "pop_density": 1089.9832830984897, "median_hh_income": 100769.0, "mean_commute_min": 29.126666666666665 }, "geometry": { "type": "Polygon", "coordinates": [ [ [ -84.2538, 34.0675 ], [ -84.2493, 34.0703 ], [ -84.2507, 34.0785 ], [ -84.269, 34.0748 ], [ -84.272, 34.0688 ], [ -84.2538, 34.0675 ] ] ] } },
{ "type": "Feature", "properties": { "county": "Fulton", "geoid": "13121011646", "pop": 4225.0, "pop_density": 705.89516863626739, "median_hh_income": 83869.0, "mean_commute_min": 24.385813148788927 }, "geometry": { "type": "Polygon", "coordinates": [ [ [ -84.3171, 34.0413 ], [ -84.3175, 34.0337 ], [ -84.3141, 34.0333 ], [ -84.2997, 34.0403 ], [ -84.2848, 34.042 ], [ -84.2856, 34.0537 ], [ -84.2936, 34.0708 ], [ -84.3029, 34.0655 ], [ -84.301, 34.0542 ], [ -84.3041, 34.0493 ], [ -84.3112, 34.0442 ], [ -84.321, 34.0434 ], [ -84.3171, 34.0413 ] ] ] } },
{ "type": "Feature", "properties": { "county": "Fulton", "geoid": "13121001206", "pop": 3319.0, "pop_density": 16373.063129282575, "median_hh_income": 126410.0, "mean_commute_min": 23.981525343439127 }, "geometry": { "type": "Polygon", "coordinates": [ [ [ -84.3873, 33.7775 ], [ -84.3828, 33.7773 ], [ -84.3825, 33.7817 ], [ -84.3878, 33.7815 ], [ -84.3873, 33.7775 ] ] ] } },
{ "type": "Feature", "properties": { "county": "Bartow", "geoid": "13015960902", "pop": 7677.0, "pop_density": 209.43252216173644, "median_hh_income": 85792.0, "mean_commute_min": 32.007733491969063 }, "geometry": { "type": "Polygon", "coordinates": [ [ [ -84.9165, 34.1836 ], [ -84.915, 34.1764 ], [ -84.9174, 34.1517 ], [ -84.9212, 34.1478 ], [ -84.8974, 34.1482 ], [ -84.8862, 34.1447 ], [ -84.8665, 34.1443 ], [ -84.847, 34.1499 ], [ -84.8327, 34.1468 ], [ -84.825, 34.1515 ], [ -84.8288, 34.1551 ], [ -84.8292, 34.1833 ], [ -84.8418, 34.1835 ], [ -84.8501, 34.1871 ], [ -84.8855, 34.1871 ], [ -84.9036, 34.1935 ], [ -84.9226, 34.1883 ], [ -84.9165, 34.1836 ] ] ] } },
{ "type": "Feature", "properties": { "county": "Bartow", "geoid": "13015960802", "pop": 3391.0, "pop_density": 244.81242754804722, "median_hh_income": 50774.0, "mean_commute_min": 27.525410476935104 }, "geometry": { "type": "Polygon", "coordinates": [ [ [ -84.7094, 34.1256 ], [ -84.7009, 34.1024 ], [ -84.7153, 34.094 ], [ -84.7125, 34.0874 ], [ -84.7012, 34.0874 ], [ -84.6928, 34.0786 ], [ -84.6764, 34.0785 ], [ -84.6765, 34.0857 ], [ -84.6851, 34.0966 ], [ -84.6807, 34.106 ], [ -84.6807, 34.1263 ], [ -84.6952, 34.1345 ], [ -84.6994, 34.1438 ], [ -84.7037, 34.1433 ], [ -84.7074, 34.1478 ], [ -84.7199, 34.146 ], [ -84.7202, 34.1262 ], [ -84.7094, 34.1256 ] ] ] } },
{ "type": "Feature", "properties": { "county": "Bartow", "geoid": "13015960801", "pop": 4728.0, "pop_density": 243.21732069474348, "median_hh_income": 60045.0, "mean_commute_min": 30.964646464646464 }, "geometry": { "type": "Polygon", "coordinates": [ [ [ -84.7209, 34.1575 ], [ -84.7199, 34.146 ], [ -84.7076, 34.1479 ], [ -84.7036, 34.1432 ], [ -84.6997, 34.1441 ], [ -84.6953, 34.1345 ], [ -84.6803, 34.1256 ], [ -84.6807, 34.106 ], [ -84.6851, 34.0966 ], [ -84.6765, 34.0857 ], [ -84.6764, 34.0785 ], [ -84.6592, 34.0782 ], [ -84.6579, 34.1424 ], [ -84.6603, 34.1458 ], [ -84.671, 34.1499 ], [ -84.6716, 34.142 ], [ -84.675, 34.1395 ], [ -84.7045, 34.1687 ], [ -84.7257, 34.1648 ], [ -84.7209, 34.1575 ] ] ] } },
{ "type": "Feature", "properties": { "county": "Douglas", "geoid": "13097080602", "pop": 6764.0, "pop_density": 278.7114515258607, "median_hh_income": 84523.0, "mean_commute_min": 33.034351145038165 }, "geometry": { "type": "Polygon", "coordinates": [ [ [ -84.6603, 33.7249 ], [ -84.6621, 33.7088 ], [ -84.6407, 33.6939 ], [ -84.6301, 33.6931 ], [ -84.6321, 33.7003 ], [ -84.6212, 33.7045 ], [ -84.6052, 33.7171 ], [ -84.6165, 33.7172 ], [ -84.616, 33.7237 ], [ -84.6199, 33.7227 ], [ -84.6292, 33.731 ], [ -84.6284, 33.7373 ], [ -84.624, 33.7393 ], [ -84.6226, 33.7472 ], [ -84.6261, 33.7527 ], [ -84.6224, 33.7557 ], [ -84.6359, 33.7536 ], [ -84.6396, 33.7542 ], [ -84.6404, 33.7582 ], [ -84.6532, 33.7555 ], [ -84.6687, 33.7383 ], [ -84.6756, 33.7391 ], [ -84.6603, 33.7249 ] ] ] } },
{ "type": "Feature", "properties": { "county": "Fulton", "geoid": "13121009103", "pop": 3774.0, "pop_density": 5224.4332929572593, "median_hh_income": 92522.0, "mean_commute_min": 23.491644678979771 }, "geometry": { "type": "Polygon", "coordinates": [ [ [ -84.4011, 33.8021 ], [ -84.395, 33.7973 ], [ -84.3922, 33.7997 ], [ -84.3938, 33.8067 ], [ -84.4031, 33.81 ], [ -84.4011, 33.8021 ] ] ] } },
{ "type": "Feature", "properties": { "county": "Fulton", "geoid": "13121000501", "pop": 4385.0, "pop_density": 3499.1010861177851, "median_hh_income": 103485.0, "mean_commute_min": 21.113189897100092 }, "geometry": { "type": "Polygon", "coordinates": [ [ [ -84.3987, 33.7862 ], [ -84.3878, 33.7867 ], [ -84.3877, 33.7965 ], [ -84.3922, 33.7997 ], [ -84.4009, 33.7927 ], [ -84.3987, 33.7862 ] ] ] } },
{ "type": "Feature", "properties": { "county": "Fulton", "geoid": "13121011428", "pop": 2611.0, "pop_density": 816.0226723664282, "median_hh_income": 152414.0, "mean_commute_min": 32.021640091116176 }, "geometry": { "type": "Polygon", "coordinates": [ [ [ -84.2897, 34.0224 ], [ -84.2775, 34.0199 ], [ -84.27, 34.0214 ], [ -84.2719, 34.0329 ], [ -84.2802, 34.0357 ], [ -84.2847, 34.0413 ], [ -84.2914, 34.0378 ], [ -84.2897, 34.0224 ] ] ] } },
{ "type": "Feature", "properties": { "county": "Fulton", "geoid": "13121011432", "pop": 4095.0, "pop_density": 2227.3011093536857, "median_hh_income": 87059.0, "mean_commute_min": 26.097718467498925 }, "geometry": { "type": "Polygon", "coordinates": [ [ [ -84.2845, 34.0002 ], [ -84.2738, 33.9888 ], [ -84.2743, 33.9986 ], [ -84.2813, 34.0124 ], [ -84.2921, 34.0033 ], [ -84.2845, 34.0002 ] ] ] } },
{ "type": "Feature", "properties": { "county": "Fulton", "geoid": "13121011639", "pop": 2199.0, "pop_density": 1031.7530323873798, "median_hh_income": 112679.0, "mean_commute_min": 16.263383297644541 }, "geometry": { "type": "Polygon", "coordinates": [ [ [ -84.2772, 34.0593 ], [ -84.272, 34.0688 ], [ -84.2936, 34.071 ], [ -84.2858, 34.0545 ], [ -84.2772, 34.0593 ] ] ] } },
{ "type": "Feature", "properties": { "county": "Fulton", "geoid": "13121011637", "pop": 2445.0, "pop_density": 701.24839422722005, "median_hh_income": 204654.0, "mean_commute_min": 29.536945812807883 }, "geometry": { "type": "Polygon", "coordinates": [ [ [ -84.2797, 34.043 ], [ -84.2687, 34.0369 ], [ -84.2574, 34.0394 ], [ -84.2601, 34.0421 ], [ -84.2585, 34.046 ], [ -84.2743, 34.053 ], [ -84.2763, 34.0606 ], [ -84.2858, 34.0545 ], [ -84.2848, 34.042 ], [ -84.2797, 34.043 ] ] ] } },
{ "type": "Feature", "properties": { "county": "Fulton", "geoid": "13121011638", "pop": 4253.0, "pop_density": 1383.5798705882735, "median_hh_income": 119842.0, "mean_commute_min": 29.314935064935064 }, "geometry": { "type": "Polygon", "coordinates": [ [ [ -84.2466, 34.0428 ], [ -84.2388, 34.0379 ], [ -84.2333, 34.0448 ], [ -84.2349, 34.0368 ], [ -84.2231, 34.0464 ], [ -84.2313, 34.0558 ], [ -84.2383, 34.0495 ], [ -84.2585, 34.046 ], [ -84.2574, 34.0394 ], [ -84.2466, 34.0428 ] ] ] } },
{ "type": "Feature", "properties": { "county": "Fulton", "geoid": "13121011650", "pop": 4451.0, "pop_density": 1635.3280833337619, "median_hh_income": 166488.0, "mean_commute_min": 29.933008526187574 }, "geometry": { "type": "Polygon", "coordinates": [ [ [ -84.2577, 34.0591 ], [ -84.2497, 34.0596 ], [ -84.2364, 34.0508 ], [ -84.2313, 34.0558 ], [ -84.2414, 34.0604 ], [ -84.2366, 34.066 ], [ -84.2418, 34.0694 ], [ -84.2595, 34.0667 ], [ -84.2577, 34.0591 ] ] ] } },
{ "type": "Feature", "properties": { "county": "Fayette", "geoid": "13113140410", "pop": 3951.0, "pop_density": 307.17822090086952, "median_hh_income": 65068.0, "mean_commute_min": 36.178198433420363 }, "geometry": { "type": "Polygon", "coordinates": [ [ [ -84.4403, 33.4394 ], [ -84.4109, 33.4256 ], [ -84.4029, 33.4252 ], [ -84.4022, 33.4364 ], [ -84.3926, 33.4365 ], [ -84.3925, 33.4445 ], [ -84.3837, 33.4444 ], [ -84.3888, 33.4497 ], [ -84.3836, 33.4556 ], [ -84.388, 33.4591 ], [ -84.4196, 33.4569 ], [ -84.4502, 33.4487 ], [ -84.4403, 33.4394 ] ] ] } },
{ "type": "Feature", "properties": { "county": "Henry", "geoid": "13151070405", "pop": 3198.0, "pop_density": 160.23460189567857, "median_hh_income": 75536.0, "mean_commute_min": 29.825978868862649 }, "geometry": { "type": "Polygon", "coordinates": [ [ [ -84.1208, 33.362 ], [ -84.1101, 33.349 ], [ -84.1019, 33.3524 ], [ -84.0831, 33.3504 ], [ -84.067, 33.3545 ], [ -84.0539, 33.3543 ], [ -84.0373, 33.3653 ], [ -84.0476, 33.37 ], [ -84.0584, 33.3839 ], [ -84.0709, 33.3761 ], [ -84.0828, 33.376 ], [ -84.0883, 33.3703 ], [ -84.102, 33.3783 ], [ -84.1052, 33.385 ], [ -84.1154, 33.3851 ], [ -84.1166, 33.3766 ], [ -84.1251, 33.3736 ], [ -84.1208, 33.362 ] ] ] } },
{ "type": "Feature", "properties": { "county": "Fayette", "geoid": "13113140103", "pop": 1607.0, "pop_density": 118.18906116478813, "median_hh_income": 63438.0, "mean_commute_min": 35.152877697841724 }, "geometry": { "type": "Polygon", "coordinates": [ [ [ -84.5573, 33.5148 ], [ -84.5372, 33.5032 ], [ -84.527, 33.5005 ], [ -84.4987, 33.5107 ], [ -84.5008, 33.5212 ], [ -84.5125, 33.5308 ], [ -84.5313, 33.5345 ], [ -84.5569, 33.5284 ], [ -84.5554, 33.5231 ], [ -84.5588, 33.5182 ], [ -84.5573, 33.5148 ] ] ] } },
{ "type": "Feature", "properties": { "county": "Henry", "geoid": "13151070406", "pop": 5717.0, "pop_density": 352.62459839376629, "median_hh_income": 61473.0, "mean_commute_min": 32.2741742936729 }, "geometry": { "type": "Polygon", "coordinates": [ [ [ -84.1072, 33.3435 ], [ -84.0894, 33.3347 ], [ -84.0691, 33.3297 ], [ -84.0537, 33.3194 ], [ -84.0536, 33.3295 ], [ -84.0427, 33.3313 ], [ -84.0425, 33.3411 ], [ -84.033, 33.3428 ], [ -84.032, 33.3616 ], [ -84.0373, 33.3653 ], [ -84.0539, 33.3543 ], [ -84.067, 33.3545 ], [ -84.0831, 33.3504 ], [ -84.1019, 33.3524 ], [ -84.1103, 33.349 ], [ -84.1072, 33.3435 ] ] ] } },
{ "type": "Feature", "properties": { "county": "DeKalb", "geoid": "13089023433", "pop": 5275.0, "pop_density": 444.60237544938553, "median_hh_income": 61438.0, "mean_commute_min": 42.189160467587669 }, "geometry": { "type": "Polygon", "coordinates": [ [ [ -84.1514, 33.6487 ], [ -84.1486, 33.6421 ], [ -84.1506, 33.6386 ], [ -84.1383, 33.6377 ], [ -84.1414, 33.6332 ], [ -84.1389, 33.6308 ], [ -84.1278, 33.6304 ], [ -84.1297, 33.6367 ], [ -84.1244, 33.6607 ], [ -84.1148, 33.676 ], [ -84.125, 33.675 ], [ -84.1276, 33.6773 ], [ -84.1396, 33.6728 ], [ -84.1487, 33.6735 ], [ -84.1573, 33.6526 ], [ -84.1514, 33.6487 ] ] ] } },
{ "type": "Feature", "properties": { "county": "DeKalb", "geoid": "13089023434", "pop": 4588.0, "pop_density": 303.60617699604848, "median_hh_income": 85105.0, "mean_commute_min": 36.701402805611224 }, "geometry": { "type": "Polygon", "coordinates": [ [ [ -84.1285, 33.6275 ], [ -84.1155, 33.6189 ], [ -84.1158, 33.6147 ], [ -84.0846, 33.6751 ], [ -84.0898, 33.6772 ], [ -84.0969, 33.6745 ], [ -84.1036, 33.6778 ], [ -84.1148, 33.676 ], [ -84.1226, 33.6658 ], [ -84.1297, 33.6367 ], [ -84.1285, 33.6275 ] ] ] } },
{ "type": "Feature", "properties": { "county": "DeKalb", "geoid": "13089021821", "pop": 2961.0, "pop_density": 851.50314317100799, "median_hh_income": 154125.0, "mean_commute_min": 25.191860465116278 }, "geometry": { "type": "Polygon", "coordinates": [ [ [ -84.2506, 33.8678 ], [ -84.2377, 33.866 ], [ -84.2231, 33.8545 ], [ -84.2173, 33.8548 ], [ -84.2192, 33.881 ], [ -84.2301, 33.8777 ], [ -84.228, 33.8733 ], [ -84.2331, 33.8691 ], [ -84.2404, 33.8675 ], [ -84.2506, 33.8712 ], [ -84.2506, 33.8678 ] ] ] } },
{ "type": "Feature", "properties": { "county": "DeKalb", "geoid": "13089023445", "pop": 3548.0, "pop_density": 784.54837720325315, "median_hh_income": 52313.0, "mean_commute_min": 38.726541554959788 }, "geometry": { "type": "Polygon", "coordinates": [ [ [ -84.2515, 33.6989 ], [ -84.2413, 33.6981 ], [ -84.2383, 33.6947 ], [ -84.223, 33.6985 ], [ -84.2185, 33.707 ], [ -84.222, 33.7123 ], [ -84.241, 33.7148 ], [ -84.2522, 33.7019 ], [ -84.2515, 33.6989 ] ] ] } },
{ "type": "Feature", "properties": { "county": "DeKalb", "geoid": "13089021224", "pop": 3983.0, "pop_density": 1794.8046645995394, "median_hh_income": 58178.0, "mean_commute_min": 22.521514629948364 }, "geometry": { "type": "Polygon", "coordinates": [ [ [ -84.3052, 33.9204 ], [ -84.2969, 33.9202 ], [ -84.2939, 33.9367 ], [ -84.2979, 33.94 ], [ -84.2988, 33.9359 ], [ -84.3073, 33.9346 ], [ -84.3134, 33.9295 ], [ -84.3052, 33.9204 ] ] ] } },
{ "type": "Feature", "properties": { "county": "DeKalb", "geoid": "13089023448", "pop": 3276.0, "pop_density": 845.22893293975324, "median_hh_income": 90101.0, "mean_commute_min": 38.189837685250531 }, "geometry": { "type": "Polygon", "coordinates": [ [ [ -84.2216, 33.6955 ], [ -84.2074, 33.6934 ], [ -84.2017, 33.6863 ], [ -84.1998, 33.6953 ], [ -84.1922, 33.6992 ], [ -84.1985, 33.7002 ], [ -84.1971, 33.7046 ], [ -84.2057, 33.7084 ], [ -84.222, 33.7123 ], [ -84.2185, 33.707 ], [ -84.223, 33.6985 ], [ -84.2216, 33.6955 ] ] ] } },
{ "type": "Feature", "properties": { "county": "DeKalb", "geoid": "13089021230", "pop": 3947.0, "pop_density": 1583.9580008339158, "median_hh_income": 112717.0, "mean_commute_min": 22.984403119376125 }, "geometry": { "type": "Polygon", "coordinates": [ [ [ -84.3382, 33.918 ], [ -84.338, 33.9436 ], [ -84.3478, 33.938 ], [ -84.3479, 33.915 ], [ -84.3382, 33.918 ] ] ] } },
{ "type": "Feature", "properties": { "county": "DeKalb", "geoid": "13089021916", "pop": 3003.0, "pop_density": 1884.7485370133734, "median_hh_income": 56344.0, "mean_commute_min": 33.80880121396055 }, "geometry": { "type": "Polygon", "coordinates": [ [ [ -84.2036, 33.7864 ], [ -84.2047, 33.7926 ], [ -84.2139, 33.7932 ], [ -84.2061, 33.8012 ], [ -84.2149, 33.8005 ], [ -84.2177, 33.7904 ], [ -84.2217, 33.7908 ], [ -84.2247, 33.786 ], [ -84.2036, 33.7864 ] ] ] } },
{ "type": "Feature", "properties": { "county": "DeKalb", "geoid": "13089023215", "pop": 4233.0, "pop_density": 1247.4607998778768, "median_hh_income": 48417.0, "mean_commute_min": 34.17606669936243 }, "geometry": { "type": "Polygon", "coordinates": [ [ [ -84.2197, 33.7563 ], [ -84.2223, 33.7472 ], [ -84.2187, 33.7438 ], [ -84.2027, 33.753 ], [ -84.1972, 33.7529 ], [ -84.1966, 33.7618 ], [ -84.2232, 33.7638 ], [ -84.2197, 33.7563 ] ] ] } },
{ "type": "Feature", "properties": { "county": "DeKalb", "geoid": "13089021608", "pop": 3360.0, "pop_density": 1770.0373762356678, "median_hh_income": 65385.0, "mean_commute_min": 24.929620563035495 }, "geometry": { "type": "Polygon", "coordinates": [ [ [ -84.2947, 33.8509 ], [ -84.288, 33.8448 ], [ -84.2844, 33.8465 ], [ -84.2813, 33.8546 ], [ -84.2889, 33.8647 ], [ -84.2953, 33.8563 ], [ -84.3033, 33.8496 ], [ -84.2947, 33.8509 ] ] ] } },
{ "type": "Feature", "properties": { "county": "DeKalb", "geoid": "13089021710", "pop": 2398.0, "pop_density": 855.37157655183239, "median_hh_income": 164167.0, "mean_commute_min": 25.500505561172901 }, "geometry": { "type": "Polygon", "coordinates": [ [ [ -84.2569, 33.8489 ], [ -84.2593, 33.8545 ], [ -84.2515, 33.8612 ], [ -84.2506, 33.8713 ], [ -84.2655, 33.8675 ], [ -84.2734, 33.8717 ], [ -84.2778, 33.8679 ], [ -84.2569, 33.8489 ] ] ] } },
{ "type": "Feature", "properties": { "county": "DeKalb", "geoid": "13089021820", "pop": 2114.0, "pop_density": 1372.2460955249458, "median_hh_income": 58820.0, "mean_commute_min": 29.817176870748298 }, "geometry": { "type": "Polygon", "coordinates": [ [ [ -84.2535, 33.8465 ], [ -84.2473, 33.8464 ], [ -84.2495, 33.8678 ], [ -84.2518, 33.8606 ], [ -84.2594, 33.8542 ], [ -84.2535, 33.8465 ] ] ] } },
{ "type": "Feature", "properties": { "county": "DeKalb", "geoid": "13089021915", "pop": 4577.0, "pop_density": 280.73600799039571, "median_hh_income": 119615.0, "mean_commute_min": 38.960581886438291 }, "geometry": { "type": "Polygon", "coordinates": [ [ [ -84.1654, 33.8129 ], [ -84.1612, 33.8121 ], [ -84.1633, 33.806 ], [ -84.1456, 33.7953 ], [ -84.1336, 33.7954 ], [ -84.1456, 33.7891 ], [ -84.1305, 33.7848 ], [ -84.1021, 33.7851 ], [ -84.0971, 33.7944 ], [ -84.0979, 33.7995 ], [ -84.1134, 33.8075 ], [ -84.1261, 33.8229 ], [ -84.1525, 33.8241 ], [ -84.1665, 33.8203 ], [ -84.1654, 33.8129 ] ] ] } },
{ "type": "Feature", "properties": { "county": "DeKalb", "geoid": "13089021824", "pop": 2868.0, "pop_density": 1163.4878998069778, "median_hh_income": 42037.0, "mean_commute_min": 26.512287334593573 }, "geometry": { "type": "Polygon", "coordinates": [ [ [ -84.2001, 33.8349 ], [ -84.2, 33.8559 ], [ -84.2135, 33.8509 ], [ -84.2137, 33.8347 ], [ -84.2001, 33.8349 ] ] ] } },
{ "type": "Feature", "properties": { "county": "DeKalb", "geoid": "13089021220", "pop": 3655.0, "pop_density": 1459.8458514615832, "median_hh_income": 114836.0, "mean_commute_min": 25.69494584837545 }, "geometry": { "type": "Polygon", "coordinates": [ [ [ -84.3294, 33.9019 ], [ -84.3082, 33.9013 ], [ -84.3109, 33.9114 ], [ -84.3041, 33.9181 ], [ -84.3052, 33.9204 ], [ -84.3147, 33.9204 ], [ -84.3148, 33.9123 ], [ -84.332, 33.9056 ], [ -84.3294, 33.9019 ] ] ] } },
{ "type": "Feature", "properties": { "county": "DeKalb", "geoid": "13089021225", "pop": 2523.0, "pop_density": 4409.9448363618567, "median_hh_income": 66591.0, "mean_commute_min": 28.402306648575305 }, "geometry": { "type": "Polygon", "coordinates": [ [ [ -84.3052, 33.9204 ], [ -84.3138, 33.9293 ], [ -84.3147, 33.9204 ], [ -84.3052, 33.9204 ] ] ] } },
{ "type": "Feature", "properties": { "county": "DeKalb", "geoid": "13089021815", "pop": 4429.0, "pop_density": 4872.430120397099, "median_hh_income": 46745.0, "mean_commute_min": 31.014621178555604 }, "geometry": { "type": "Polygon", "coordinates": [ [ [ -84.2276, 33.8905 ], [ -84.2219, 33.8913 ], [ -84.2322, 33.902 ], [ -84.2428, 33.8978 ], [ -84.2276, 33.8905 ] ] ] } },
{ "type": "Feature", "properties": { "county": "DeKalb", "geoid": "13089022013", "pop": 3209.0, "pop_density": 3118.5708024416012, "median_hh_income": 52379.0, "mean_commute_min": 42.796480489671005 }, "geometry": { "type": "Polygon", "coordinates": [ [ [ -84.2399, 33.8174 ], [ -84.2208, 33.8179 ], [ -84.2279, 33.8256 ], [ -84.242, 33.821 ], [ -84.2399, 33.8174 ] ] ] } },
{ "type": "Feature", "properties": { "county": "DeKalb", "geoid": "13089021227", "pop": 5615.0, "pop_density": 2366.3088195258615, "median_hh_income": 98525.0, "mean_commute_min": 25.651240458015266 }, "geometry": { "type": "Polygon", "coordinates": [ [ [ -84.3302, 33.9221 ], [ -84.3148, 33.924 ], [ -84.3138, 33.9293 ], [ -84.3274, 33.9388 ], [ -84.3379, 33.9363 ], [ -84.3302, 33.9221 ] ] ] } },
{ "type": "Feature", "properties": { "county": "DeKalb", "geoid": "13089022405", "pop": 2550.0, "pop_density": 1771.5308736148193, "median_hh_income": 59519.0, "mean_commute_min": 17.766666666666666 }, "geometry": { "type": "Polygon", "coordinates": [ [ [ -84.3157, 33.7923 ], [ -84.3078, 33.7908 ], [ -84.3059, 33.8018 ], [ -84.3118, 33.8 ], [ -84.3205, 33.8044 ], [ -84.3238, 33.7986 ], [ -84.3157, 33.7923 ] ] ] } },
{ "type": "Feature", "properties": { "county": "DeKalb", "geoid": "13089021506", "pop": 2774.0, "pop_density": 1497.5312867432312, "median_hh_income": 109360.0, "mean_commute_min": 27.447826086956521 }, "geometry": { "type": "Polygon", "coordinates": [ [ [ -84.3118, 33.8 ], [ -84.3059, 33.8018 ], [ -84.3047, 33.805 ], [ -84.31, 33.8077 ], [ -84.3078, 33.8128 ], [ -84.3121, 33.8177 ], [ -84.3189, 33.8152 ], [ -84.3224, 33.8041 ], [ -84.3118, 33.8 ] ] ] } },
{ "type": "Feature", "properties": { "county": "DeKalb", "geoid": "13089021309", "pop": 1936.0, "pop_density": 1700.6444177401106, "median_hh_income": 34610.0, "mean_commute_min": 25.929032258064517 }, "geometry": { "type": "Polygon", "coordinates": [ [ [ -84.2592, 33.892 ], [ -84.2527, 33.896 ], [ -84.2645, 33.9008 ], [ -84.2668, 33.909 ], [ -84.2739, 33.903 ], [ -84.2592, 33.892 ] ] ] } },
{ "type": "Feature", "properties": { "county": "DeKalb", "geoid": "13089021822", "pop": 4005.0, "pop_density": 799.11632300341637, "median_hh_income": 101473.0, "mean_commute_min": 33.440258975868154 }, "geometry": { "type": "Polygon", "coordinates": [ [ [ -84.2102, 33.8518 ], [ -84.2087, 33.8565 ], [ -84.1909, 33.8672 ], [ -84.203, 33.8726 ], [ -84.2134, 33.8829 ], [ -84.2196, 33.8824 ], [ -84.2173, 33.8548 ], [ -84.2231, 33.8545 ], [ -84.2232, 33.8501 ], [ -84.2102, 33.8518 ] ] ] } },
{ "type": "Feature", "properties": { "county": "DeKalb", "geoid": "13089021917", "pop": 2979.0, "pop_density": 1637.1676066137395, "median_hh_income": 52564.0, "mean_commute_min": 38.73770491803279 }, "geometry": { "type": "Polygon", "coordinates": [ [ [ -84.2047, 33.7926 ], [ -84.2036, 33.7864 ], [ -84.1957, 33.7871 ], [ -84.1936, 33.8024 ], [ -84.2061, 33.8012 ], [ -84.2138, 33.7934 ], [ -84.2047, 33.7926 ] ] ] } },
{ "type": "Feature", "properties": { "county": "DeKalb", "geoid": "13089023324", "pop": 3587.0, "pop_density": 1105.1517881460686, "median_hh_income": 100446.0, "mean_commute_min": 38.85948905109489 }, "geometry": { "type": "Polygon", "coordinates": [ [ [ -84.1461, 33.7588 ], [ -84.1389, 33.7642 ], [ -84.1338, 33.7627 ], [ -84.1312, 33.7662 ], [ -84.1437, 33.7784 ], [ -84.156, 33.7755 ], [ -84.1622, 33.7777 ], [ -84.1631, 33.7724 ], [ -84.1461, 33.7588 ] ] ] } },
{ "type": "Feature", "properties": { "county": "DeKalb", "geoid": "13089023332", "pop": 2671.0, "pop_density": 1229.2271654141221, "median_hh_income": 64902.0, "mean_commute_min": 31.972913616398245 }, "geometry": { "type": "Polygon", "coordinates": [ [ [ -84.1574, 33.7388 ], [ -84.1492, 33.7492 ], [ -84.1615, 33.756 ], [ -84.1643, 33.7617 ], [ -84.1655, 33.7456 ], [ -84.169, 33.7391 ], [ -84.1574, 33.7388 ] ] ] } },
{ "type": "Feature", "properties": { "county": "DeKalb", "geoid": "13089022011", "pop": 6572.0, "pop_density": 4761.0871680297196, "median_hh_income": 46250.0, "mean_commute_min": 53.482744107744111 }, "geometry": { "type": "Polygon", "coordinates": [ [ [ -84.2364, 33.7958 ], [ -84.2285, 33.7958 ], [ -84.229, 33.8019 ], [ -84.224, 33.8079 ], [ -84.2372, 33.8098 ], [ -84.24, 33.8058 ], [ -84.2364, 33.7958 ] ] ] } },
{ "type": "Feature", "properties": { "county": "DeKalb", "geoid": "13089022012", "pop": 3502.0, "pop_density": 3965.9710173814174, "median_hh_income": 37357.0, "mean_commute_min": 33.455284552845526 }, "geometry": { "type": "Polygon", "coordinates": [ [ [ -84.2463, 33.796 ], [ -84.2365, 33.7967 ], [ -84.24, 33.8058 ], [ -84.238, 33.8087 ], [ -84.2474, 33.8032 ], [ -84.2463, 33.796 ] ] ] } },
{ "type": "Feature", "properties": { "county": "DeKalb", "geoid": "13089021104", "pop": 1912.0, "pop_density": 1626.3108516272039, "median_hh_income": 112514.0, "mean_commute_min": 24.020134228187921 }, "geometry": { "type": "Polygon", "coordinates": [ [ [ -84.3403, 33.8582 ], [ -84.3368, 33.8651 ], [ -84.3416, 33.8704 ], [ -84.3482, 33.8652 ], [ -84.3483, 33.8542 ], [ -84.3403, 33.8582 ] ] ] } },
{ "type": "Feature", "properties": { "county": "DeKalb", "geoid": "13089021228", "pop": 3486.0, "pop_density": 1336.0923935102551, "median_hh_income": 250001.0, "mean_commute_min": 24.797854785478549 }, "geometry": { "type": "Polygon", "coordinates": [ [ [ -84.3246, 33.9486 ], [ -84.2998, 33.9593 ], [ -84.3179, 33.9666 ], [ -84.3217, 33.9601 ], [ -84.3261, 33.959 ], [ -84.3246, 33.9486 ] ] ] } },
{ "type": "Feature", "properties": { "county": "DeKalb", "geoid": "13089021310", "pop": 5445.0, "pop_density": 1677.1665403273078, "median_hh_income": 37003.0, "mean_commute_min": 32.730480811645343 }, "geometry": { "type": "Polygon", "coordinates": [ [ [ -84.2645, 33.9008 ], [ -84.2527, 33.896 ], [ -84.2381, 33.9051 ], [ -84.2524, 33.9116 ], [ -84.2583, 33.9179 ], [ -84.2668, 33.909 ], [ -84.2645, 33.9008 ] ] ] } },
{ "type": "Feature", "properties": { "county": "DeKalb", "geoid": "13089021606", "pop": 4248.0, "pop_density": 1613.1010538699047, "median_hh_income": 84865.0, "mean_commute_min": 25.380794701986755 }, "geometry": { "type": "Polygon", "coordinates": [ [ [ -84.3152, 33.8217 ], [ -84.3078, 33.8128 ], [ -84.3039, 33.8203 ], [ -84.3119, 33.8375 ], [ -84.3297, 33.8276 ], [ -84.3152, 33.8217 ] ] ] } },
{ "type": "Feature", "properties": { "county": "DeKalb", "geoid": "13089021223", "pop": 1876.0, "pop_density": 2563.2372210464187, "median_hh_income": 125824.0, "mean_commute_min": 29.434121621621621 }, "geometry": { "type": "Polygon", "coordinates": [ [ [ -84.3379, 33.9363 ], [ -84.3274, 33.9388 ], [ -84.3343, 33.9461 ], [ -84.3383, 33.9416 ], [ -84.3379, 33.9363 ] ] ] } },
{ "type": "Feature", "properties": { "county": "DeKalb", "geoid": "13089023321", "pop": 4466.0, "pop_density": 4434.735117422174, "median_hh_income": 61211.0, "mean_commute_min": 39.038543897216272 }, "geometry": { "type": "Polygon", "coordinates": [ [ [ -84.1356, 33.7056 ], [ -84.1338, 33.7115 ], [ -84.1363, 33.7158 ], [ -84.1379, 33.7112 ], [ -84.1417, 33.7112 ], [ -84.1403, 33.7149 ], [ -84.1456, 33.7145 ], [ -84.1469, 33.7053 ], [ -84.1356, 33.7056 ] ] ] } },
{ "type": "Feature", "properties": { "county": "DeKalb", "geoid": "13089021226", "pop": 3148.0, "pop_density": 2416.0243505783337, "median_hh_income": 59387.0, "mean_commute_min": 22.001599147121535 }, "geometry": { "type": "Polygon", "coordinates": [ [ [ -84.3148, 33.9202 ], [ -84.3142, 33.9223 ], [ -84.3302, 33.9221 ], [ -84.3352, 33.9317 ], [ -84.3382, 33.918 ], [ -84.3148, 33.9202 ] ] ] } },
{ "type": "Feature", "properties": { "county": "DeKalb", "geoid": "13089021221", "pop": 2900.0, "pop_density": 1638.5523107825218, "median_hh_income": 117831.0, "mean_commute_min": 24.370838881491345 }, "geometry": { "type": "Polygon", "coordinates": [ [ [ -84.3262, 33.8923 ], [ -84.3207, 33.8997 ], [ -84.3118, 33.9005 ], [ -84.315, 33.9029 ], [ -84.3266, 33.9015 ], [ -84.3312, 33.9036 ], [ -84.3381, 33.9016 ], [ -84.3379, 33.8986 ], [ -84.3452, 33.8978 ], [ -84.3262, 33.8923 ] ] ] } },
{ "type": "Feature", "properties": { "county": "DeKalb", "geoid": "13089021712", "pop": 2272.0, "pop_density": 953.80750552469488, "median_hh_income": 43102.0, "mean_commute_min": 18.151986183074268 }, "geometry": { "type": "Polygon", "coordinates": [ [ [ -84.2658, 33.8676 ], [ -84.2603, 33.8679 ], [ -84.2506, 33.8712 ], [ -84.2526, 33.8762 ], [ -84.2448, 33.8831 ], [ -84.2539, 33.8856 ], [ -84.2525, 33.8779 ], [ -84.2649, 33.8765 ], [ -84.273, 33.8789 ], [ -84.2771, 33.8737 ], [ -84.2658, 33.8676 ] ] ] } },
{ "type": "Feature", "properties": { "county": "DeKalb", "geoid": "13089021418", "pop": 2193.0, "pop_density": 4727.4443991747994, "median_hh_income": 50000.0, "mean_commute_min": 18.75 }, "geometry": { "type": "Polygon", "coordinates": [ [ [ -84.3152, 33.8456 ], [ -84.3119, 33.858 ], [ -84.3193, 33.8514 ], [ -84.3198, 33.8457 ], [ -84.3152, 33.8456 ] ] ] } },
{ "type": "Feature", "properties": { "county": "DeKalb", "geoid": "13089021421", "pop": 1864.0, "pop_density": 2941.5849209054527, "median_hh_income": 85494.0, "mean_commute_min": 26.266187050359711 }, "geometry": { "type": "Polygon", "coordinates": [ [ [ -84.3222, 33.8487 ], [ -84.3119, 33.858 ], [ -84.3173, 33.8559 ], [ -84.3286, 33.8549 ], [ -84.3222, 33.8487 ] ] ] } },
{ "type": "Feature", "properties": { "county": "DeKalb", "geoid": "13089021419", "pop": 1988.0, "pop_density": 3219.7929809160864, "median_hh_income": 81680.0, "mean_commute_min": 23.981042654028435 }, "geometry": { "type": "Polygon", "coordinates": [ [ [ -84.3202, 33.8395 ], [ -84.3132, 33.8406 ], [ -84.3213, 33.8496 ], [ -84.3274, 33.8441 ], [ -84.3202, 33.8395 ] ] ] } },
{ "type": "Feature", "properties": { "county": "DeKalb", "geoid": "13089022015", "pop": 2368.0, "pop_density": 1491.8114168932523, "median_hh_income": 90625.0, "mean_commute_min": 41.429223744292237 }, "geometry": { "type": "Polygon", "coordinates": [ [ [ -84.2263, 33.7949 ], [ -84.2208, 33.7989 ], [ -84.2176, 33.8176 ], [ -84.2264, 33.8186 ], [ -84.224, 33.8079 ], [ -84.229, 33.8019 ], [ -84.2263, 33.7949 ] ] ] } },
{ "type": "Feature", "properties": { "county": "DeKalb", "geoid": "13089021229", "pop": 3441.0, "pop_density": 1154.0512531567881, "median_hh_income": 169531.0, "mean_commute_min": 26.369458128078819 }, "geometry": { "type": "Polygon", "coordinates": [ [ [ -84.3352, 33.9471 ], [ -84.3246, 33.9486 ], [ -84.3261, 33.9596 ], [ -84.3217, 33.9601 ], [ -84.3179, 33.9666 ], [ -84.3389, 33.9697 ], [ -84.3352, 33.9471 ] ] ] } },
{ "type": "Feature", "properties": { "county": "DeKalb", "geoid": "13089022205", "pop": 4908.0, "pop_density": 2442.040108568287, "median_hh_income": 76638.0, "mean_commute_min": 27.650814619110523 }, "geometry": { "type": "Polygon", "coordinates": [ [ [ -84.2686, 33.8081 ], [ -84.2628, 33.7948 ], [ -84.2567, 33.7999 ], [ -84.2601, 33.8004 ], [ -84.261, 33.8221 ], [ -84.2728, 33.8106 ], [ -84.2686, 33.8081 ] ] ] } },
{ "type": "Feature", "properties": { "county": "DeKalb", "geoid": "13089022206", "pop": 2945.0, "pop_density": 1389.3134668583871, "median_hh_income": 73969.0, "mean_commute_min": 26.40592694693315 }, "geometry": { "type": "Polygon", "coordinates": [ [ [ -84.2636, 33.7936 ], [ -84.2695, 33.809 ], [ -84.273, 33.8102 ], [ -84.2851, 33.7925 ], [ -84.2636, 33.7936 ] ] ] } },
{ "type": "Feature", "properties": { "county": "DeKalb", "geoid": "13089023444", "pop": 2072.0, "pop_density": 137.93988643659466, "median_hh_income": 78605.0, "mean_commute_min": 38.640500568828216 }, "geometry": { "type": "Polygon", "coordinates": [ [ [ -84.3188, 33.6477 ], [ -84.3252, 33.656 ], [ -84.3254, 33.6579 ], [ -84.3211, 33.6567 ], [ -84.3207, 33.6666 ], [ -84.3247, 33.6746 ], [ -84.3096, 33.6834 ], [ -84.3079, 33.6796 ], [ -84.3023, 33.6831 ], [ -84.2726, 33.6845 ], [ -84.2708, 33.6991 ], [ -84.2936, 33.693 ], [ -84.3007, 33.7011 ], [ -84.3069, 33.6894 ], [ -84.3215, 33.6889 ], [ -84.321, 33.6817 ], [ -84.3296, 33.6818 ], [ -84.3353, 33.6783 ], [ -84.3494, 33.6803 ], [ -84.3502, 33.649 ], [ -84.3188, 33.6477 ] ] ] } },
{ "type": "Feature", "properties": { "county": "DeKalb", "geoid": "13089021708", "pop": 3903.0, "pop_density": 875.34684188854237, "median_hh_income": 81739.0, "mean_commute_min": 26.109324758842444 }, "geometry": { "type": "Polygon", "coordinates": [ [ [ -84.2666, 33.8317 ], [ -84.2629, 33.8226 ], [ -84.2376, 33.8378 ], [ -84.2446, 33.8469 ], [ -84.2536, 33.8465 ], [ -84.2676, 33.8395 ], [ -84.2716, 33.8345 ], [ -84.2666, 33.8317 ] ] ] } },
{ "type": "Feature", "properties": { "county": "DeKalb", "geoid": "13089023442", "pop": 2928.0, "pop_density": 781.66191253555587, "median_hh_income": 73017.0, "mean_commute_min": 36.512251148545175 }, "geometry": { "type": "Polygon", "coordinates": [ [ [ -84.1943, 33.6814 ], [ -84.1825, 33.6949 ], [ -84.1738, 33.6948 ], [ -84.1702, 33.7035 ], [ -84.1971, 33.7047 ], [ -84.1987, 33.7004 ], [ -84.1922, 33.6991 ], [ -84.1998, 33.6953 ], [ -84.2017, 33.6863 ], [ -84.1943, 33.6814 ] ] ] } },
{ "type": "Feature", "properties": { "county": "DeKalb", "geoid": "13089021505", "pop": 2944.0, "pop_density": 1597.8793362287661, "median_hh_income": 101563.0, "mean_commute_min": 20.296442687747035 }, "geometry": { "type": "Polygon", "coordinates": [ [ [ -84.3336, 33.8055 ], [ -84.3224, 33.8041 ], [ -84.3189, 33.8152 ], [ -84.3348, 33.8157 ], [ -84.3369, 33.8006 ], [ -84.3336, 33.8055 ] ] ] } },
{ "type": "Feature", "properties": { "county": "DeKalb", "geoid": "13089023701", "pop": 2590.0, "pop_density": 970.0516224768827, "median_hh_income": 36700.0, "mean_commute_min": 29.095070422535212 }, "geometry": { "type": "Polygon", "coordinates": [ [ [ -84.3293, 33.7307 ], [ -84.3215, 33.7266 ], [ -84.3112, 33.7395 ], [ -84.3154, 33.742 ], [ -84.3145, 33.7473 ], [ -84.3286, 33.7474 ], [ -84.3271, 33.7399 ], [ -84.3294, 33.7398 ], [ -84.3293, 33.7307 ] ] ] } },
{ "type": "Feature", "properties": { "county": "DeKalb", "geoid": "13089020901", "pop": 3027.0, "pop_density": 1209.4096626518156, "median_hh_income": 99773.0, "mean_commute_min": 27.162790697674417 }, "geometry": { "type": "Polygon", "coordinates": [ [ [ -84.3486, 33.7325 ], [ -84.3381, 33.7321 ], [ -84.3394, 33.7401 ], [ -84.3271, 33.7399 ], [ -84.3286, 33.7474 ], [ -84.3492, 33.7476 ], [ -84.3494, 33.7236 ], [ -84.3486, 33.7325 ] ] ] } },
{ "type": "Feature", "properties": { "county": "DeKalb", "geoid": "13089023437", "pop": 7085.0, "pop_density": 700.9375844018881, "median_hh_income": 83710.0, "mean_commute_min": 31.22850122850123 }, "geometry": { "type": "Polygon", "coordinates": [ [ [ -84.2457, 33.6468 ], [ -84.2455, 33.6307 ], [ -84.2242, 33.6307 ], [ -84.224, 33.6466 ], [ -84.1874, 33.6462 ], [ -84.187, 33.6518 ], [ -84.1916, 33.6513 ], [ -84.1916, 33.6561 ], [ -84.2039, 33.6518 ], [ -84.2033, 33.6585 ], [ -84.2085, 33.6606 ], [ -84.2119, 33.6587 ], [ -84.213, 33.6633 ], [ -84.2211, 33.6628 ], [ -84.2226, 33.6667 ], [ -84.2309, 33.6553 ], [ -84.2538, 33.6471 ], [ -84.2457, 33.6468 ] ] ] } },
{ "type": "Feature", "properties": { "county": "DeKalb", "geoid": "13089021609", "pop": 1738.0, "pop_density": 994.66042476235168, "median_hh_income": 143317.0, "mean_commute_min": 28.624661246612465 }, "geometry": { "type": "Polygon", "coordinates": [ [ [ -84.3119, 33.8375 ], [ -84.3024, 33.8386 ], [ -84.288, 33.8448 ], [ -84.2922, 33.85 ], [ -84.3009, 33.8506 ], [ -84.3132, 33.8406 ], [ -84.3119, 33.8375 ] ] ] } },
{ "type": "Feature", "properties": { "county": "DeKalb", "geoid": "13089021709", "pop": 3006.0, "pop_density": 1268.2399142018401, "median_hh_income": 66250.0, "mean_commute_min": 28.077984817115251 }, "geometry": { "type": "Polygon", "coordinates": [ [ [ -84.2813, 33.8546 ], [ -84.2651, 33.8558 ], [ -84.2668, 33.8602 ], [ -84.2773, 33.8664 ], [ -84.2731, 33.8734 ], [ -84.2772, 33.8735 ], [ -84.2887, 33.8648 ], [ -84.2813, 33.8546 ] ] ] } },
{ "type": "Feature", "properties": { "county": "DeKalb", "geoid": "13089021222", "pop": 5045.0, "pop_density": 1670.0332152889639, "median_hh_income": 84503.0, "mean_commute_min": 25.830498866213151 }, "geometry": { "type": "Polygon", "coordinates": [ [ [ -84.3046, 33.8956 ], [ -84.3082, 33.9013 ], [ -84.3204, 33.8998 ], [ -84.3247, 33.8954 ], [ -84.328, 33.8751 ], [ -84.3046, 33.8956 ] ] ] } },
{ "type": "Feature", "properties": { "county": "DeKalb", "geoid": "13089023441", "pop": 3177.0, "pop_density": 547.4120522317595, "median_hh_income": 68793.0, "mean_commute_min": 37.447229551451187 }, "geometry": { "type": "Polygon", "coordinates": [ [ [ -84.188, 33.6541 ], [ -84.184, 33.6551 ], [ -84.1797, 33.6625 ], [ -84.1738, 33.6948 ], [ -84.1825, 33.6949 ], [ -84.196, 33.6815 ], [ -84.198, 33.6682 ], [ -84.188, 33.6541 ] ] ] } },
{ "type": "Feature", "properties": { "county": "DeKalb", "geoid": "13089021711", "pop": 2669.0, "pop_density": 987.3742614577402, "median_hh_income": 72112.0, "mean_commute_min": 21.969178082191782 }, "geometry": { "type": "Polygon", "coordinates": [ [ [ -84.2649, 33.8765 ], [ -84.2517, 33.8785 ], [ -84.2539, 33.8856 ], [ -84.2479, 33.8856 ], [ -84.2507, 33.8973 ], [ -84.2658, 33.8877 ], [ -84.273, 33.8789 ], [ -84.2649, 33.8765 ] ] ] } },
{ "type": "Feature", "properties": { "county": "DeKalb", "geoid": "13089023216", "pop": 4337.0, "pop_density": 1126.246609834104, "median_hh_income": 66105.0, "mean_commute_min": 37.519409937888199 }, "geometry": { "type": "Polygon", "coordinates": [ [ [ -84.2143, 33.7348 ], [ -84.1945, 33.7312 ], [ -84.1972, 33.7529 ], [ -84.2027, 33.753 ], [ -84.2187, 33.7438 ], [ -84.2143, 33.7348 ] ] ] } },
{ "type": "Feature", "properties": { "county": "DeKalb", "geoid": "13089023318", "pop": 3904.0, "pop_density": 521.12220142093895, "median_hh_income": 87813.0, "mean_commute_min": 42.462437395659435 }, "geometry": { "type": "Polygon", "coordinates": [ [ [ -84.1079, 33.7129 ], [ -84.101, 33.72 ], [ -84.0931, 33.723 ], [ -84.0604, 33.7194 ], [ -84.0465, 33.7348 ], [ -84.0649, 33.7326 ], [ -84.0721, 33.7355 ], [ -84.0873, 33.7348 ], [ -84.0872, 33.7389 ], [ -84.0961, 33.7388 ], [ -84.1039, 33.7336 ], [ -84.1066, 33.7268 ], [ -84.1108, 33.7269 ], [ -84.1079, 33.7129 ] ] ] } },
{ "type": "Feature", "properties": { "county": "DeKalb", "geoid": "13089023218", "pop": 2906.0, "pop_density": 2824.0983244914241, "median_hh_income": 33899.0, "mean_commute_min": 33.183361629881155 }, "geometry": { "type": "Polygon", "coordinates": [ [ [ -84.1878, 33.7498 ], [ -84.1858, 33.7539 ], [ -84.1893, 33.7599 ], [ -84.1966, 33.7618 ], [ -84.1974, 33.75 ], [ -84.1878, 33.7498 ] ] ] } },
{ "type": "Feature", "properties": { "county": "DeKalb", "geoid": "13089023430", "pop": 4437.0, "pop_density": 2351.5071215634316, "median_hh_income": 42105.0, "mean_commute_min": 39.831102613129381 }, "geometry": { "type": "Polygon", "coordinates": [ [ [ -84.1598, 33.6991 ], [ -84.1641, 33.6904 ], [ -84.1578, 33.6907 ], [ -84.1529, 33.6862 ], [ -84.1527, 33.6905 ], [ -84.1488, 33.6927 ], [ -84.1522, 33.7033 ], [ -84.1651, 33.7021 ], [ -84.1598, 33.6991 ] ] ] } },
{ "type": "Feature", "properties": { "county": "DeKalb", "geoid": "13089022501", "pop": 4451.0, "pop_density": 3475.9262238368419, "median_hh_income": 109943.0, "mean_commute_min": 25.75885328836425 }, "geometry": { "type": "Polygon", "coordinates": [ [ [ -84.3124, 33.7651 ], [ -84.2965, 33.7699 ], [ -84.2965, 33.7779 ], [ -84.3038, 33.7772 ], [ -84.3129, 33.7703 ], [ -84.3124, 33.7651 ] ] ] } },
{ "type": "Feature", "properties": { "county": "DeKalb", "geoid": "13089022014", "pop": 2835.0, "pop_density": 4054.7730471297641, "median_hh_income": 38292.0, "mean_commute_min": 27.198124267291909 }, "geometry": { "type": "Polygon", "coordinates": [ [ [ -84.2396, 33.8094 ], [ -84.2342, 33.8171 ], [ -84.2399, 33.8174 ], [ -84.242, 33.821 ], [ -84.2467, 33.8185 ], [ -84.2396, 33.8094 ] ] ] } },
{ "type": "Feature", "properties": { "county": "DeKalb", "geoid": "13089023319", "pop": 2928.0, "pop_density": 822.70462459465364, "median_hh_income": 71233.0, "mean_commute_min": 39.455852156057496 }, "geometry": { "type": "Polygon", "coordinates": [ [ [ -84.1463, 33.7033 ], [ -84.1458, 33.7176 ], [ -84.167, 33.7229 ], [ -84.1656, 33.7135 ], [ -84.17, 33.704 ], [ -84.1463, 33.7033 ] ] ] } },
{ "type": "Feature", "properties": { "county": "DeKalb", "geoid": "13089020902", "pop": 2738.0, "pop_density": 1491.5746190437796, "median_hh_income": 92583.0, "mean_commute_min": 30.976394849785407 }, "geometry": { "type": "Polygon", "coordinates": [ [ [ -84.3293, 33.7184 ], [ -84.3215, 33.7266 ], [ -84.3293, 33.7307 ], [ -84.3287, 33.7391 ], [ -84.3394, 33.7401 ], [ -84.3388, 33.7337 ], [ -84.3293, 33.7184 ] ] ] } },
{ "type": "Feature", "properties": { "county": "DeKalb", "geoid": "13089023702", "pop": 2992.0, "pop_density": 1390.9460199511498, "median_hh_income": 45147.0, "mean_commute_min": 27.673640167364017 }, "geometry": { "type": "Polygon", "coordinates": [ [ [ -84.3216, 33.7214 ], [ -84.3056, 33.7153 ], [ -84.3092, 33.7188 ], [ -84.3097, 33.7394 ], [ -84.3122, 33.7385 ], [ -84.324, 33.7252 ], [ -84.3216, 33.7214 ] ] ] } },
{ "type": "Feature", "properties": { "county": "DeKalb", "geoid": "13089022601", "pop": 4284.0, "pop_density": 2003.7240080654101, "median_hh_income": 79550.0, "mean_commute_min": 23.08265078183172 }, "geometry": { "type": "Polygon", "coordinates": [ [ [ -84.2971, 33.7801 ], [ -84.2965, 33.7699 ], [ -84.2799, 33.7757 ], [ -84.2878, 33.7757 ], [ -84.2889, 33.7861 ], [ -84.2958, 33.7875 ], [ -84.2958, 33.7936 ], [ -84.3006, 33.7915 ], [ -84.3005, 33.7876 ], [ -84.3068, 33.7877 ], [ -84.2971, 33.7801 ] ] ] } },
{ "type": "Feature", "properties": { "county": "DeKalb", "geoid": "13089023429", "pop": 4028.0, "pop_density": 957.38086455199903, "median_hh_income": 50528.0, "mean_commute_min": 36.627737226277375 }, "geometry": { "type": "Polygon", "coordinates": [ [ [ -84.1478, 33.6839 ], [ -84.133, 33.6865 ], [ -84.1262, 33.6972 ], [ -84.1165, 33.7014 ], [ -84.1522, 33.7033 ], [ -84.1488, 33.6925 ], [ -84.154, 33.6858 ], [ -84.1478, 33.6839 ] ] ] } },
{ "type": "Feature", "properties": { "county": "DeKalb", "geoid": "13089023446", "pop": 2088.0, "pop_density": 741.79996624952264, "median_hh_income": 39141.0, "mean_commute_min": 31.436031331592691 }, "geometry": { "type": "Polygon", "coordinates": [ [ [ -84.2719, 33.7098 ], [ -84.2656, 33.7097 ], [ -84.2625, 33.7034 ], [ -84.2576, 33.703 ], [ -84.258, 33.699 ], [ -84.241, 33.7148 ], [ -84.257, 33.7165 ], [ -84.2723, 33.7137 ], [ -84.2719, 33.7098 ] ] ] } },
{ "type": "Feature", "properties": { "county": "DeKalb", "geoid": "13089023443", "pop": 6296.0, "pop_density": 820.56126338283161, "median_hh_income": 106194.0, "mean_commute_min": 34.140764558770989 }, "geometry": { "type": "Polygon", "coordinates": [ [ [ -84.3188, 33.6477 ], [ -84.2826, 33.6473 ], [ -84.2865, 33.6581 ], [ -84.3062, 33.6626 ], [ -84.3096, 33.6834 ], [ -84.3247, 33.6746 ], [ -84.3207, 33.6666 ], [ -84.3211, 33.6567 ], [ -84.3254, 33.6579 ], [ -84.3188, 33.6477 ] ] ] } },
{ "type": "Feature", "properties": { "county": "DeKalb", "geoid": "13089021420", "pop": 1370.0, "pop_density": 4120.6849360391498, "median_hh_income": 52419.0, "mean_commute_min": 26.964539007092199 }, "geometry": { "type": "Polygon", "coordinates": [ [ [ -84.3274, 33.8441 ], [ -84.3222, 33.8487 ], [ -84.3282, 33.852 ], [ -84.3305, 33.8489 ], [ -84.3274, 33.8441 ] ] ] } },
{ "type": "Feature", "properties": { "county": "DeKalb", "geoid": "13089021707", "pop": 2748.0, "pop_density": 1022.2084836608456, "median_hh_income": 137708.0, "mean_commute_min": 28.898781630740395 }, "geometry": { "type": "Polygon", "coordinates": [ [ [ -84.2826, 33.8267 ], [ -84.2828, 33.8172 ], [ -84.273, 33.8252 ], [ -84.2648, 33.8243 ], [ -84.2649, 33.8273 ], [ -84.2671, 33.8321 ], [ -84.2812, 33.8345 ], [ -84.2897, 33.8321 ], [ -84.2927, 33.8249 ], [ -84.2826, 33.8267 ] ] ] } },
{ "type": "Feature", "properties": { "county": "DeKalb", "geoid": "13089022304", "pop": 3013.0, "pop_density": 1604.0819173171103, "median_hh_income": 88472.0, "mean_commute_min": 22.520817562452688 }, "geometry": { "type": "Polygon", "coordinates": [ [ [ -84.3005, 33.7876 ], [ -84.2971, 33.8005 ], [ -84.2872, 33.8035 ], [ -84.3027, 33.8056 ], [ -84.3094, 33.7879 ], [ -84.3005, 33.7876 ] ] ] } },
{ "type": "Feature", "properties": { "county": "DeKalb", "geoid": "13089022303", "pop": 3653.0, "pop_density": 1496.2205379103291, "median_hh_income": 99669.0, "mean_commute_min": 28.62552176505665 }, "geometry": { "type": "Polygon", "coordinates": [ [ [ -84.2896, 33.7875 ], [ -84.2763, 33.8045 ], [ -84.2818, 33.8085 ], [ -84.287, 33.8078 ], [ -84.2891, 33.8019 ], [ -84.2971, 33.8005 ], [ -84.2958, 33.7875 ], [ -84.2896, 33.7875 ] ] ] } },
{ "type": "Feature", "properties": { "county": "DeKalb", "geoid": "13089023439", "pop": 2812.0, "pop_density": 1017.631589137398, "median_hh_income": 37602.0, "mean_commute_min": 32.117077464788736 }, "geometry": { "type": "Polygon", "coordinates": [ [ [ -84.2667, 33.6831 ], [ -84.258, 33.6872 ], [ -84.2518, 33.6817 ], [ -84.2488, 33.6838 ], [ -84.258, 33.699 ], [ -84.2708, 33.6991 ], [ -84.2726, 33.6846 ], [ -84.2667, 33.6831 ] ] ] } },
{ "type": "Feature", "properties": { "county": "DeKalb", "geoid": "13089021818", "pop": 5167.0, "pop_density": 1224.5256829272398, "median_hh_income": 83133.0, "mean_commute_min": 26.61467889908257 }, "geometry": { "type": "Polygon", "coordinates": [ [ [ -84.2335, 33.8253 ], [ -84.2137, 33.8347 ], [ -84.2135, 33.8509 ], [ -84.2259, 33.8483 ], [ -84.2376, 33.8378 ], [ -84.2335, 33.8253 ] ] ] } },
{ "type": "Feature", "properties": { "county": "DeKalb", "geoid": "13089023220", "pop": 2967.0, "pop_density": 776.623501721293, "median_hh_income": 61795.0, "mean_commute_min": 33.69318181818182 }, "geometry": { "type": "Polygon", "coordinates": [ [ [ -84.2174, 33.7626 ], [ -84.1966, 33.7618 ], [ -84.1924, 33.7776 ], [ -84.1957, 33.7871 ], [ -84.2036, 33.7864 ], [ -84.2103, 33.7712 ], [ -84.223, 33.7674 ], [ -84.2174, 33.7626 ] ] ] } },
{ "type": "Feature", "properties": { "county": "DeKalb", "geoid": "13089023431", "pop": 1823.0, "pop_density": 1200.4936313911633, "median_hh_income": 51618.0, "mean_commute_min": 36.091811414392062 }, "geometry": { "type": "Polygon", "coordinates": [ [ [ -84.1641, 33.6904 ], [ -84.1598, 33.6991 ], [ -84.1645, 33.7005 ], [ -84.1649, 33.7034 ], [ -84.1702, 33.7035 ], [ -84.1756, 33.6879 ], [ -84.1641, 33.6904 ] ] ] } },
{ "type": "Feature", "properties": { "county": "DeKalb", "geoid": "13089023222", "pop": 4192.0, "pop_density": 1811.9622358023335, "median_hh_income": 44357.0, "mean_commute_min": 31.304347826086957 }, "geometry": { "type": "Polygon", "coordinates": [ [ [ -84.1893, 33.7599 ], [ -84.1823, 33.7839 ], [ -84.184, 33.7896 ], [ -84.1957, 33.7871 ], [ -84.1924, 33.7776 ], [ -84.1966, 33.7624 ], [ -84.1893, 33.7599 ] ] ] } },
{ "type": "Feature", "properties": { "county": "DeKalb", "geoid": "13089022404", "pop": 3293.0, "pop_density": 1922.0341693666392, "median_hh_income": 40191.0, "mean_commute_min": 18.269461077844312 }, "geometry": { "type": "Polygon", "coordinates": [ [ [ -84.3262, 33.7885 ], [ -84.3145, 33.792 ], [ -84.3238, 33.7986 ], [ -84.3224, 33.8041 ], [ -84.3334, 33.8055 ], [ -84.3361, 33.8029 ], [ -84.3262, 33.7885 ] ] ] } },
{ "type": "Feature", "properties": { "county": "DeKalb", "geoid": "13089021817", "pop": 2643.0, "pop_density": 1261.6191399509385, "median_hh_income": 91389.0, "mean_commute_min": 37.968164794007492 }, "geometry": { "type": "Polygon", "coordinates": [ [ [ -84.2177, 33.8225 ], [ -84.2098, 33.8263 ], [ -84.2065, 33.8326 ], [ -84.1982, 33.8321 ], [ -84.2001, 33.8349 ], [ -84.2137, 33.8347 ], [ -84.2335, 33.8253 ], [ -84.2177, 33.8225 ] ] ] } },
{ "type": "Feature", "properties": { "county": "DeKalb", "geoid": "13089022502", "pop": 2644.0, "pop_density": 1685.1261486454621, "median_hh_income": 205469.0, "mean_commute_min": 22.822252374491182 }, "geometry": { "type": "Polygon", "coordinates": [ [ [ -84.3128, 33.7738 ], [ -84.308, 33.7727 ], [ -84.3038, 33.7772 ], [ -84.2965, 33.7779 ], [ -84.3068, 33.7877 ], [ -84.3094, 33.7879 ], [ -84.3139, 33.7798 ], [ -84.3128, 33.7738 ] ] ] } },
{ "type": "Feature", "properties": { "county": "DeKalb", "geoid": "13089022602", "pop": 2513.0, "pop_density": 2562.8447678907064, "median_hh_income": 154044.0, "mean_commute_min": 34.692708333333336 }, "geometry": { "type": "Polygon", "coordinates": [ [ [ -84.2878, 33.7757 ], [ -84.2803, 33.7764 ], [ -84.2793, 33.7846 ], [ -84.2825, 33.7841 ], [ -84.2836, 33.7875 ], [ -84.2901, 33.7867 ], [ -84.2878, 33.7757 ] ] ] } },
{ "type": "Feature", "properties": { "county": "DeKalb", "geoid": "13089021819", "pop": 3181.0, "pop_density": 641.10561192129944, "median_hh_income": 126518.0, "mean_commute_min": 26.414473684210527 }, "geometry": { "type": "Polygon", "coordinates": [ [ [ -84.2473, 33.8464 ], [ -84.2446, 33.8469 ], [ -84.2376, 33.8378 ], [ -84.2231, 33.8495 ], [ -84.2232, 33.855 ], [ -84.2345, 33.8644 ], [ -84.2493, 33.8678 ], [ -84.2473, 33.8464 ] ] ] } },
{ "type": "Feature", "properties": { "county": "DeKalb", "geoid": "13089023325", "pop": 4923.0, "pop_density": 1358.4564535097736, "median_hh_income": 97232.0, "mean_commute_min": 37.224933451641526 }, "geometry": { "type": "Polygon", "coordinates": [ [ [ -84.0898, 33.7725 ], [ -84.0794, 33.7716 ], [ -84.0733, 33.775 ], [ -84.0581, 33.7727 ], [ -84.0759, 33.7775 ], [ -84.0972, 33.7984 ], [ -84.1035, 33.7807 ], [ -84.0898, 33.7725 ] ] ] } },
{ "type": "Feature", "properties": { "county": "DeKalb", "geoid": "13089021816", "pop": 2376.0, "pop_density": 1561.7204954124461, "median_hh_income": 103086.0, "mean_commute_min": 35.0476889214967 }, "geometry": { "type": "Polygon", "coordinates": [ [ [ -84.2423, 33.8894 ], [ -84.2342, 33.8918 ], [ -84.2295, 33.8861 ], [ -84.2134, 33.8829 ], [ -84.2219, 33.8913 ], [ -84.2276, 33.8905 ], [ -84.2428, 33.8978 ], [ -84.247, 33.8935 ], [ -84.2423, 33.8894 ] ] ] } },
{ "type": "Feature", "properties": { "county": "DeKalb", "geoid": "13089023328", "pop": 4689.0, "pop_density": 1853.9187905285269, "median_hh_income": 68614.0, "mean_commute_min": 38.143159006867407 }, "geometry": { "type": "Polygon", "coordinates": [ [ [ -84.1367, 33.7167 ], [ -84.1244, 33.7142 ], [ -84.1178, 33.7269 ], [ -84.1473, 33.7271 ], [ -84.1488, 33.7253 ], [ -84.1367, 33.7167 ] ] ] } },
{ "type": "Feature", "properties": { "county": "DeKalb", "geoid": "13089021103", "pop": 4981.0, "pop_density": 2066.4268488629259, "median_hh_income": 137933.0, "mean_commute_min": 24.980434782608697 }, "geometry": { "type": "Polygon", "coordinates": [ [ [ -84.3416, 33.8704 ], [ -84.3368, 33.8651 ], [ -84.328, 33.8751 ], [ -84.3273, 33.8804 ], [ -84.3481, 33.8821 ], [ -84.3467, 33.865 ], [ -84.3416, 33.8704 ] ] ] } },
{ "type": "Feature", "properties": { "county": "DeKalb", "geoid": "13089023432", "pop": 3656.0, "pop_density": 374.02108472252769, "median_hh_income": 90770.0, "mean_commute_min": 42.745485327313773 }, "geometry": { "type": "Polygon", "coordinates": [ [ [ -84.1874, 33.6462 ], [ -84.1702, 33.6459 ], [ -84.1731, 33.641 ], [ -84.1695, 33.6391 ], [ -84.1611, 33.6378 ], [ -84.1588, 33.6443 ], [ -84.1548, 33.6458 ], [ -84.1512, 33.6388 ], [ -84.1487, 33.6417 ], [ -84.1514, 33.6487 ], [ -84.1572, 33.6522 ], [ -84.1527, 33.6667 ], [ -84.1575, 33.6755 ], [ -84.1784, 33.6786 ], [ -84.1809, 33.6586 ], [ -84.1878, 33.6542 ], [ -84.1874, 33.6462 ] ] ] } },
{ "type": "Feature", "properties": { "county": "DeKalb", "geoid": "13089023436", "pop": 3319.0, "pop_density": 1064.092411568759, "median_hh_income": 80230.0, "mean_commute_min": 32.087696335078533 }, "geometry": { "type": "Polygon", "coordinates": [ [ [ -84.2309, 33.6553 ], [ -84.2243, 33.6655 ], [ -84.2366, 33.6638 ], [ -84.2411, 33.6705 ], [ -84.2475, 33.6699 ], [ -84.2464, 33.6602 ], [ -84.2532, 33.6547 ], [ -84.2541, 33.6471 ], [ -84.2309, 33.6553 ] ] ] } },
{ "type": "Feature", "properties": { "county": "DeKalb", "geoid": "13089023219", "pop": 4398.0, "pop_density": 1535.414556693559, "median_hh_income": 66094.0, "mean_commute_min": 28.724431818181817 }, "geometry": { "type": "Polygon", "coordinates": [ [ [ -84.2196, 33.7825 ], [ -84.223, 33.7674 ], [ -84.2103, 33.7712 ], [ -84.2036, 33.7864 ], [ -84.2248, 33.7857 ], [ -84.2196, 33.7825 ] ] ] } },
{ "type": "Feature", "properties": { "county": "DeKalb", "geoid": "13089023447", "pop": 2804.0, "pop_density": 945.105673869783, "median_hh_income": 44158.0, "mean_commute_min": 31.472103004291846 }, "geometry": { "type": "Polygon", "coordinates": [ [ [ -84.2206, 33.6797 ], [ -84.2023, 33.6865 ], [ -84.2107, 33.6952 ], [ -84.2216, 33.6955 ], [ -84.2233, 33.6977 ], [ -84.23, 33.6813 ], [ -84.2206, 33.6797 ] ] ] } },
{ "type": "Feature", "properties": { "county": "DeKalb", "geoid": "13089023435", "pop": 3040.0, "pop_density": 800.95039087169482, "median_hh_income": 74839.0, "mean_commute_min": 35.531531531531535 }, "geometry": { "type": "Polygon", "coordinates": [ [ [ -84.0923, 33.6757 ], [ -84.0892, 33.6779 ], [ -84.089, 33.6879 ], [ -84.1093, 33.6936 ], [ -84.1126, 33.6911 ], [ -84.1149, 33.6767 ], [ -84.0923, 33.6757 ] ] ] } },
{ "type": "Feature", "properties": { "county": "DeKalb", "geoid": "13089023221", "pop": 3568.0, "pop_density": 1519.3607783487682, "median_hh_income": 69761.0, "mean_commute_min": 40.858407079646021 }, "geometry": { "type": "Polygon", "coordinates": [ [ [ -84.1784, 33.7598 ], [ -84.1811, 33.7752 ], [ -84.1749, 33.7906 ], [ -84.185, 33.7884 ], [ -84.1823, 33.7839 ], [ -84.1893, 33.7599 ], [ -84.1784, 33.7598 ] ] ] } },
{ "type": "Feature", "properties": { "county": "DeKalb", "geoid": "13089021607", "pop": 1667.0, "pop_density": 1376.9803902132792, "median_hh_income": 98306.0, "mean_commute_min": 23.516166281755197 }, "geometry": { "type": "Polygon", "coordinates": [ [ [ -84.3297, 33.8276 ], [ -84.3119, 33.8375 ], [ -84.3132, 33.8406 ], [ -84.3201, 33.8395 ], [ -84.3357, 33.8322 ], [ -84.3297, 33.8276 ] ] ] } },
{ "type": "Feature", "properties": { "county": "DeKalb", "geoid": "13089023217", "pop": 4231.0, "pop_density": 1406.1266710424647, "median_hh_income": 70018.0, "mean_commute_min": 26.355475763016159 }, "geometry": { "type": "Polygon", "coordinates": [ [ [ -84.1858, 33.7539 ], [ -84.1878, 33.7498 ], [ -84.1807, 33.7439 ], [ -84.176, 33.743 ], [ -84.1712, 33.7475 ], [ -84.1654, 33.7476 ], [ -84.1654, 33.7559 ], [ -84.1691, 33.7594 ], [ -84.1894, 33.7596 ], [ -84.1858, 33.7539 ] ] ] } },
{ "type": "Feature", "properties": { "county": "DeKalb", "geoid": "13089021823", "pop": 3829.0, "pop_density": 422.07083228201429, "median_hh_income": 97614.0, "mean_commute_min": 34.563994374120959 }, "geometry": { "type": "Polygon", "coordinates": [ [ [ -84.2, 33.8559 ], [ -84.2009, 33.8376 ], [ -84.1962, 33.829 ], [ -84.1888, 33.829 ], [ -84.1889, 33.8331 ], [ -84.1781, 33.8289 ], [ -84.1777, 33.8333 ], [ -84.1831, 33.8343 ], [ -84.1816, 33.8483 ], [ -84.1694, 33.848 ], [ -84.1638, 33.855 ], [ -84.181, 33.8651 ], [ -84.1909, 33.8672 ], [ -84.2095, 33.8547 ], [ -84.2, 33.8559 ] ] ] } },
{ "type": "Feature", "properties": { "county": "DeKalb", "geoid": "13089023331", "pop": 3256.0, "pop_density": 1061.4243950272137, "median_hh_income": 59375.0, "mean_commute_min": 41.385224274406333 }, "geometry": { "type": "Polygon", "coordinates": [ [ [ -84.1682, 33.7343 ], [ -84.1473, 33.7271 ], [ -84.1412, 33.7466 ], [ -84.1492, 33.7492 ], [ -84.1574, 33.7388 ], [ -84.1695, 33.7376 ], [ -84.1682, 33.7343 ] ] ] } },
{ "type": "Feature", "properties": { "county": "DeKalb", "geoid": "13089022016", "pop": 3839.0, "pop_density": 1838.1472777800125, "median_hh_income": 73118.0, "mean_commute_min": 27.792004996876951 }, "geometry": { "type": "Polygon", "coordinates": [ [ [ -84.2061, 33.8012 ], [ -84.2053, 33.8102 ], [ -84.2113, 33.8186 ], [ -84.2176, 33.8176 ], [ -84.2208, 33.7992 ], [ -84.2061, 33.8012 ] ] ] } },
{ "type": "Feature", "properties": { "county": "DeKalb", "geoid": "13089021914", "pop": 3694.0, "pop_density": 692.35346762441611, "median_hh_income": 38675.0, "mean_commute_min": 32.141414141414138 }, "geometry": { "type": "Polygon", "coordinates": [ [ [ -84.171, 33.8081 ], [ -84.1631, 33.7868 ], [ -84.1456, 33.7891 ], [ -84.1336, 33.7954 ], [ -84.1456, 33.7953 ], [ -84.1633, 33.806 ], [ -84.1612, 33.8121 ], [ -84.1654, 33.8129 ], [ -84.1665, 33.8203 ], [ -84.1868, 33.8063 ], [ -84.171, 33.8081 ] ] ] } },
{ "type": "Feature", "properties": { "county": "DeKalb", "geoid": "13089023320", "pop": 3960.0, "pop_density": 1293.1993065055435, "median_hh_income": 34663.0, "mean_commute_min": 32.479247371333699 }, "geometry": { "type": "Polygon", "coordinates": [ [ [ -84.1403, 33.7149 ], [ -84.1417, 33.7112 ], [ -84.1379, 33.7112 ], [ -84.1363, 33.7158 ], [ -84.1338, 33.7115 ], [ -84.1356, 33.7056 ], [ -84.1463, 33.7033 ], [ -84.1084, 33.7016 ], [ -84.1271, 33.7161 ], [ -84.1458, 33.7176 ], [ -84.1464, 33.714 ], [ -84.1403, 33.7149 ] ] ] } },
{ "type": "Feature", "properties": { "county": "DeKalb", "geoid": "13089023317", "pop": 3410.0, "pop_density": 292.1693807859819, "median_hh_income": 27458.0, "mean_commute_min": 41.465324384787472 }, "geometry": { "type": "Polygon", "coordinates": [ [ [ -84.1084, 33.7016 ], [ -84.0917, 33.7014 ], [ -84.0743, 33.6929 ], [ -84.0604, 33.7194 ], [ -84.0931, 33.723 ], [ -84.101, 33.72 ], [ -84.1079, 33.7129 ], [ -84.1111, 33.7269 ], [ -84.1178, 33.7269 ], [ -84.1244, 33.7142 ], [ -84.1084, 33.7016 ] ] ] } },
{ "type": "Feature", "properties": { "county": "DeKalb", "geoid": "13089021219", "pop": 4827.0, "pop_density": 1041.2808423092663, "median_hh_income": 177946.0, "mean_commute_min": 22.593808630393998 }, "geometry": { "type": "Polygon", "coordinates": [ [ [ -84.3379, 33.8986 ], [ -84.3381, 33.9016 ], [ -84.3312, 33.9036 ], [ -84.3269, 33.9091 ], [ -84.3148, 33.9123 ], [ -84.3148, 33.9202 ], [ -84.3313, 33.9199 ], [ -84.3479, 33.915 ], [ -84.3452, 33.8978 ], [ -84.3379, 33.8986 ] ] ] } },
{ "type": "Feature", "properties": { "county": "DeKalb", "geoid": "13089023440", "pop": 3821.0, "pop_density": 380.4859405914172, "median_hh_income": 78415.0, "mean_commute_min": 35.1875 }, "geometry": { "type": "Polygon", "coordinates": [ [ [ -84.1396, 33.6728 ], [ -84.1276, 33.6773 ], [ -84.125, 33.675 ], [ -84.1148, 33.676 ], [ -84.1126, 33.6911 ], [ -84.1093, 33.6936 ], [ -84.089, 33.6879 ], [ -84.0898, 33.6772 ], [ -84.084, 33.6743 ], [ -84.0743, 33.6929 ], [ -84.0917, 33.7014 ], [ -84.1165, 33.7014 ], [ -84.1262, 33.6972 ], [ -84.1354, 33.683 ], [ -84.1487, 33.6736 ], [ -84.1396, 33.6728 ] ] ] } },
{ "type": "Feature", "properties": { "county": "DeKalb", "geoid": "13089023326", "pop": 4206.0, "pop_density": 2522.9758157831752, "median_hh_income": 94904.0, "mean_commute_min": 34.119697850087157 }, "geometry": { "type": "Polygon", "coordinates": [ [ [ -84.1008, 33.7681 ], [ -84.078, 33.7673 ], [ -84.0769, 33.7733 ], [ -84.092, 33.7731 ], [ -84.1035, 33.7802 ], [ -84.1008, 33.7681 ] ] ] } },
{ "type": "Feature", "properties": { "county": "DeKalb", "geoid": "13089023329", "pop": 3669.0, "pop_density": 576.64543551111149, "median_hh_income": 68239.0, "mean_commute_min": 51.489795918367349 }, "geometry": { "type": "Polygon", "coordinates": [ [ [ -84.1608, 33.7554 ], [ -84.1369, 33.745 ], [ -84.132, 33.7449 ], [ -84.1272, 33.7541 ], [ -84.118, 33.7587 ], [ -84.1192, 33.766 ], [ -84.1294, 33.7685 ], [ -84.1338, 33.7627 ], [ -84.1389, 33.7642 ], [ -84.1461, 33.7588 ], [ -84.1632, 33.7722 ], [ -84.1645, 33.7641 ], [ -84.1608, 33.7554 ] ] ] } },
{ "type": "Feature", "properties": { "county": "DeKalb", "geoid": "13089023323", "pop": 3940.0, "pop_density": 1038.6920705087375, "median_hh_income": 71157.0, "mean_commute_min": 39.589077412513255 }, "geometry": { "type": "Polygon", "coordinates": [ [ [ -84.1312, 33.7662 ], [ -84.1294, 33.7685 ], [ -84.1194, 33.7657 ], [ -84.1188, 33.7741 ], [ -84.1276, 33.7778 ], [ -84.1286, 33.7848 ], [ -84.1433, 33.7889 ], [ -84.1534, 33.7885 ], [ -84.1312, 33.7662 ] ] ] } },
{ "type": "Feature", "properties": { "county": "DeKalb", "geoid": "13089023322", "pop": 3157.0, "pop_density": 1954.6293200589423, "median_hh_income": 44280.0, "mean_commute_min": 42.904977375565608 }, "geometry": { "type": "Polygon", "coordinates": [ [ [ -84.1621, 33.7762 ], [ -84.1437, 33.7784 ], [ -84.1539, 33.7884 ], [ -84.1631, 33.7868 ], [ -84.1621, 33.7762 ] ] ] } },
{ "type": "Feature", "properties": { "county": "DeKalb", "geoid": "13089023330", "pop": 4252.0, "pop_density": 744.03876560959031, "median_hh_income": 73528.0, "mean_commute_min": 38.307210031347964 }, "geometry": { "type": "Polygon", "coordinates": [ [ [ -84.1204, 33.7398 ], [ -84.1111, 33.7269 ], [ -84.1066, 33.7268 ], [ -84.1028, 33.7415 ], [ -84.1079, 33.7611 ], [ -84.1249, 33.7561 ], [ -84.1315, 33.7453 ], [ -84.1204, 33.7398 ] ] ] } },
{ "type": "Feature", "properties": { "county": "DeKalb", "geoid": "13089023438", "pop": 3769.0, "pop_density": 1121.6173668864271, "median_hh_income": 59930.0, "mean_commute_min": 33.6524626452684 }, "geometry": { "type": "Polygon", "coordinates": [ [ [ -84.2505, 33.6746 ], [ -84.2458, 33.6698 ], [ -84.2398, 33.6737 ], [ -84.2447, 33.6745 ], [ -84.2421, 33.6789 ], [ -84.249, 33.6801 ], [ -84.258, 33.6872 ], [ -84.2667, 33.6831 ], [ -84.2726, 33.6845 ], [ -84.2774, 33.6742 ], [ -84.2505, 33.6746 ] ] ] } },
{ "type": "Feature", "properties": { "county": "DeKalb", "geoid": "13089023327", "pop": 7251.0, "pop_density": 2757.9874565011255, "median_hh_income": 60462.0, "mean_commute_min": 44.589671029359742 }, "geometry": { "type": "Polygon", "coordinates": [ [ [ -84.167, 33.7229 ], [ -84.1367, 33.7167 ], [ -84.1488, 33.7252 ], [ -84.1473, 33.7271 ], [ -84.1682, 33.7343 ], [ -84.167, 33.7229 ] ] ] } },
{ "type": "Feature", "properties": { "county": "Cherokee", "geoid": "13057091006", "pop": 4594.0, "pop_density": 947.70207002969573, "median_hh_income": 144125.0, "mean_commute_min": 34.693441064638783 }, "geometry": { "type": "Polygon", "coordinates": [ [ [ -84.5664, 34.1138 ], [ -84.5538, 34.1107 ], [ -84.554, 34.1202 ], [ -84.5614, 34.1312 ], [ -84.5657, 34.1317 ], [ -84.5702, 34.1282 ], [ -84.5859, 34.1287 ], [ -84.5819, 34.1119 ], [ -84.5664, 34.1138 ] ] ] } },
{ "type": "Feature", "properties": { "county": "Cherokee", "geoid": "13057091101", "pop": 6599.0, "pop_density": 474.74557155330865, "median_hh_income": 100055.0, "mean_commute_min": 39.058171745152357 }, "geometry": { "type": "Polygon", "coordinates": [ [ [ -84.6161, 34.1679 ], [ -84.6118, 34.1619 ], [ -84.6118, 34.1587 ], [ -84.6234, 34.1577 ], [ -84.6272, 34.1546 ], [ -84.6208, 34.1433 ], [ -84.6228, 34.1319 ], [ -84.6119, 34.13 ], [ -84.6137, 34.1229 ], [ -84.5856, 34.1199 ], [ -84.5849, 34.1394 ], [ -84.5906, 34.1468 ], [ -84.5815, 34.1627 ], [ -84.593, 34.1738 ], [ -84.6096, 34.1754 ], [ -84.6115, 34.18 ], [ -84.6148, 34.1788 ], [ -84.6161, 34.1725 ], [ -84.6257, 34.1768 ], [ -84.6279, 34.1747 ], [ -84.6161, 34.1679 ] ] ] } },
{ "type": "Feature", "properties": { "county": "Fayette", "geoid": "13113140304", "pop": 5914.0, "pop_density": 428.84849465766735, "median_hh_income": 104842.0, "mean_commute_min": 29.708162334701321 }, "geometry": { "type": "Polygon", "coordinates": [ [ [ -84.5635, 33.3857 ], [ -84.5569, 33.3773 ], [ -84.5341, 33.3873 ], [ -84.5314, 33.3937 ], [ -84.5373, 33.4078 ], [ -84.5367, 33.417 ], [ -84.5479, 33.4383 ], [ -84.5546, 33.4326 ], [ -84.5601, 33.4156 ], [ -84.5689, 33.4078 ], [ -84.5635, 33.3857 ] ] ] } },
{ "type": "Feature", "properties": { "county": "Fayette", "geoid": "13113140307", "pop": 5365.0, "pop_density": 314.67414392649869, "median_hh_income": 210341.0, "mean_commute_min": 34.507352941176471 }, "geometry": { "type": "Polygon", "coordinates": [ [ [ -84.5395, 33.374 ], [ -84.5252, 33.3422 ], [ -84.5337, 33.3421 ], [ -84.5355, 33.3316 ], [ -84.5222, 33.3191 ], [ -84.5064, 33.3318 ], [ -84.5093, 33.3609 ], [ -84.5027, 33.3694 ], [ -84.5056, 33.3778 ], [ -84.5037, 33.3828 ], [ -84.5118, 33.3807 ], [ -84.5243, 33.3829 ], [ -84.5247, 33.397 ], [ -84.533, 33.397 ], [ -84.5338, 33.3878 ], [ -84.5398, 33.3842 ], [ -84.5395, 33.374 ] ] ] } },
{ "type": "Feature", "properties": { "county": "Fayette", "geoid": "13113140404", "pop": 6748.0, "pop_density": 489.37200474490686, "median_hh_income": 91558.0, "mean_commute_min": 31.827125790583274 }, "geometry": { "type": "Polygon", "coordinates": [ [ [ -84.4916, 33.441 ], [ -84.4943, 33.4328 ], [ -84.4925, 33.4165 ], [ -84.4809, 33.4144 ], [ -84.4635, 33.4272 ], [ -84.4593, 33.4256 ], [ -84.4547, 33.4561 ], [ -84.4928, 33.4569 ], [ -84.4959, 33.4605 ], [ -84.4984, 33.4587 ], [ -84.4916, 33.441 ] ] ] } },
{ "type": "Feature", "properties": { "county": "Fayette", "geoid": "13113140405", "pop": 4233.0, "pop_density": 212.56564778439605, "median_hh_income": 129185.0, "mean_commute_min": 26.287655050206734 }, "geometry": { "type": "Polygon", "coordinates": [ [ [ -84.5037, 33.3828 ], [ -84.5011, 33.383 ], [ -84.4962, 33.3892 ], [ -84.4882, 33.3887 ], [ -84.4856, 33.3958 ], [ -84.4697, 33.3922 ], [ -84.4748, 33.383 ], [ -84.4644, 33.3829 ], [ -84.4617, 33.3881 ], [ -84.4439, 33.3879 ], [ -84.4433, 33.4189 ], [ -84.4475, 33.4312 ], [ -84.4547, 33.4398 ], [ -84.4593, 33.4256 ], [ -84.4635, 33.4272 ], [ -84.4809, 33.4144 ], [ -84.4923, 33.4162 ], [ -84.4928, 33.4213 ], [ -84.5018, 33.4076 ], [ -84.5021, 33.3943 ], [ -84.5056, 33.3888 ], [ -84.5037, 33.3828 ] ] ] } },
{ "type": "Feature", "properties": { "county": "Fayette", "geoid": "13113140403", "pop": 5197.0, "pop_density": 331.91572470065472, "median_hh_income": 112341.0, "mean_commute_min": 33.335424508573816 }, "geometry": { "type": "Polygon", "coordinates": [ [ [ -84.4928, 33.4569 ], [ -84.4547, 33.4561 ], [ -84.4415, 33.4744 ], [ -84.4645, 33.484 ], [ -84.4731, 33.494 ], [ -84.484, 33.4913 ], [ -84.4811, 33.4851 ], [ -84.5004, 33.4897 ], [ -84.5081, 33.4871 ], [ -84.4928, 33.4569 ] ] ] } },
{ "type": "Feature", "properties": { "county": "Fayette", "geoid": "13113140502", "pop": 3920.0, "pop_density": 55.719637886033325, "median_hh_income": 125885.0, "mean_commute_min": 35.751022793687902 }, "geometry": { "type": "Polygon", "coordinates": [ [ [ -84.518, 33.3178 ], [ -84.5219, 33.3133 ], [ -84.5147, 33.3037 ], [ -84.5186, 33.297 ], [ -84.5134, 33.2821 ], [ -84.5044, 33.281 ], [ -84.5067, 33.2752 ], [ -84.5001, 33.265 ], [ -84.5022, 33.2614 ], [ -84.4975, 33.2574 ], [ -84.4329, 33.2565 ], [ -84.4308, 33.2758 ], [ -84.4229, 33.2865 ], [ -84.4191, 33.2873 ], [ -84.4191, 33.2936 ], [ -84.4086, 33.2941 ], [ -84.403, 33.3053 ], [ -84.3972, 33.3015 ], [ -84.3928, 33.3081 ], [ -84.3965, 33.312 ], [ -84.4042, 33.3124 ], [ -84.4074, 33.3164 ], [ -84.4177, 33.316 ], [ -84.4237, 33.3305 ], [ -84.4424, 33.3344 ], [ -84.4701, 33.3305 ], [ -84.4833, 33.3343 ], [ -84.5152, 33.3258 ], [ -84.5222, 33.3191 ], [ -84.518, 33.3178 ] ] ] } },
{ "type": "Feature", "properties": { "county": "Fayette", "geoid": "13113140501", "pop": 6706.0, "pop_density": 93.757198077460131, "median_hh_income": 131250.0, "mean_commute_min": 33.372011251758089 }, "geometry": { "type": "Polygon", "coordinates": [ [ [ -84.5091, 33.328 ], [ -84.4808, 33.3347 ], [ -84.4701, 33.3305 ], [ -84.4424, 33.3344 ], [ -84.4237, 33.3305 ], [ -84.4177, 33.316 ], [ -84.4074, 33.3164 ], [ -84.4042, 33.3124 ], [ -84.3965, 33.312 ], [ -84.393, 33.3089 ], [ -84.3933, 33.3169 ], [ -84.3888, 33.3154 ], [ -84.3841, 33.3195 ], [ -84.3848, 33.3274 ], [ -84.3905, 33.3344 ], [ -84.386, 33.3412 ], [ -84.3834, 33.339 ], [ -84.3828, 33.3431 ], [ -84.3886, 33.3563 ], [ -84.3951, 33.3603 ], [ -84.3925, 33.3666 ], [ -84.3962, 33.3687 ], [ -84.3962, 33.3735 ], [ -84.3866, 33.376 ], [ -84.3917, 33.3867 ], [ -84.4156, 33.3847 ], [ -84.424, 33.3888 ], [ -84.4617, 33.3881 ], [ -84.4644, 33.3829 ], [ -84.4748, 33.383 ], [ -84.4697, 33.3922 ], [ -84.4856, 33.3958 ], [ -84.4882, 33.3887 ], [ -84.4962, 33.3892 ], [ -84.5048, 33.3814 ], [ -84.5027, 33.3694 ], [ -84.5092, 33.3613 ], [ -84.5062, 33.344 ], [ -84.5091, 33.328 ] ] ] } },
{ "type": "Feature", "properties": { "county": "Fayette", "geoid": "13113140408", "pop": 3891.0, "pop_density": 248.70443271068592, "median_hh_income": 120638.0, "mean_commute_min": 32.5 }, "geometry": { "type": "Polygon", "coordinates": [ [ [ -84.424, 33.3888 ], [ -84.4156, 33.3847 ], [ -84.3899, 33.3857 ], [ -84.3905, 33.3865 ], [ -84.3947, 33.3886 ], [ -84.3948, 33.3945 ], [ -84.3886, 33.3961 ], [ -84.3841, 33.4025 ], [ -84.3881, 33.4117 ], [ -84.3931, 33.412 ], [ -84.3931, 33.42 ], [ -84.4023, 33.4201 ], [ -84.4027, 33.4253 ], [ -84.4101, 33.4109 ], [ -84.4432, 33.4152 ], [ -84.4439, 33.3888 ], [ -84.424, 33.3888 ] ] ] } },
{ "type": "Feature", "properties": { "county": "Fayette", "geoid": "13113140102", "pop": 6372.0, "pop_density": 206.4116204688932, "median_hh_income": 75682.0, "mean_commute_min": 39.361562088635367 }, "geometry": { "type": "Polygon", "coordinates": [ [ [ -84.5255, 33.4981 ], [ -84.5169, 33.4994 ], [ -84.5178, 33.4954 ], [ -84.5095, 33.4941 ], [ -84.5081, 33.4873 ], [ -84.5004, 33.4897 ], [ -84.4811, 33.4851 ], [ -84.484, 33.4913 ], [ -84.4731, 33.494 ], [ -84.4645, 33.484 ], [ -84.4399, 33.4757 ], [ -84.4375, 33.4696 ], [ -84.4176, 33.4665 ], [ -84.4107, 33.4778 ], [ -84.3975, 33.4857 ], [ -84.4097, 33.4939 ], [ -84.4206, 33.494 ], [ -84.4204, 33.5096 ], [ -84.4275, 33.5171 ], [ -84.4297, 33.5094 ], [ -84.4969, 33.5111 ], [ -84.5269, 33.5005 ], [ -84.5255, 33.4981 ] ] ] } },
{ "type": "Feature", "properties": { "county": "Fayette", "geoid": "13113140406", "pop": 3766.0, "pop_density": 282.82070016222013, "median_hh_income": 64226.0, "mean_commute_min": 29.709639953542393 }, "geometry": { "type": "Polygon", "coordinates": [ [ [ -84.4502, 33.4487 ], [ -84.4199, 33.4569 ], [ -84.3848, 33.4587 ], [ -84.3817, 33.4633 ], [ -84.3865, 33.4673 ], [ -84.3871, 33.4766 ], [ -84.3975, 33.4857 ], [ -84.4107, 33.4778 ], [ -84.4176, 33.4665 ], [ -84.4375, 33.4696 ], [ -84.4399, 33.4757 ], [ -84.4543, 33.4568 ], [ -84.4551, 33.4505 ], [ -84.4502, 33.4487 ] ] ] } },
{ "type": "Feature", "properties": { "county": "Fayette", "geoid": "13113140303", "pop": 5095.0, "pop_density": 364.83659760048511, "median_hh_income": 135099.0, "mean_commute_min": 30.626072041166381 }, "geometry": { "type": "Polygon", "coordinates": [ [ [ -84.6067, 33.3954 ], [ -84.6091, 33.3931 ], [ -84.6062, 33.3933 ], [ -84.5978, 33.3856 ], [ -84.5973, 33.3814 ], [ -84.5927, 33.3797 ], [ -84.5862, 33.358 ], [ -84.577, 33.3586 ], [ -84.5715, 33.3486 ], [ -84.5628, 33.3425 ], [ -84.5633, 33.3543 ], [ -84.5717, 33.3691 ], [ -84.5569, 33.3773 ], [ -84.5635, 33.3857 ], [ -84.5676, 33.4067 ], [ -84.5923, 33.397 ], [ -84.6097, 33.3971 ], [ -84.6067, 33.3954 ] ] ] } },
{ "type": "Feature", "properties": { "county": "Fayette", "geoid": "13113140203", "pop": 6490.0, "pop_density": 247.54468286417512, "median_hh_income": 106931.0, "mean_commute_min": 31.467978395061728 }, "geometry": { "type": "Polygon", "coordinates": [ [ [ -84.5966, 33.4649 ], [ -84.5967, 33.4539 ], [ -84.5667, 33.4542 ], [ -84.5705, 33.4578 ], [ -84.5643, 33.4762 ], [ -84.5686, 33.4851 ], [ -84.5811, 33.4867 ], [ -84.5854, 33.4828 ], [ -84.5845, 33.4902 ], [ -84.5765, 33.4999 ], [ -84.576, 33.5234 ], [ -84.5947, 33.5187 ], [ -84.5981, 33.5137 ], [ -84.6067, 33.5098 ], [ -84.6179, 33.4839 ], [ -84.6262, 33.4767 ], [ -84.6232, 33.4684 ], [ -84.6267, 33.4571 ], [ -84.5966, 33.4649 ] ] ] } },
{ "type": "Feature", "properties": { "county": "Fayette", "geoid": "13113140204", "pop": 6201.0, "pop_density": 150.86002255382883, "median_hh_income": 86027.0, "mean_commute_min": 35.2421875 }, "geometry": { "type": "Polygon", "coordinates": [ [ [ -84.5811, 33.4867 ], [ -84.5686, 33.4851 ], [ -84.5643, 33.4762 ], [ -84.5705, 33.4578 ], [ -84.5667, 33.4542 ], [ -84.5489, 33.4541 ], [ -84.5265, 33.4449 ], [ -84.5109, 33.4505 ], [ -84.4945, 33.4499 ], [ -84.4984, 33.4533 ], [ -84.4948, 33.4644 ], [ -84.5056, 33.4804 ], [ -84.5095, 33.4941 ], [ -84.517, 33.4948 ], [ -84.5171, 33.4995 ], [ -84.5255, 33.4981 ], [ -84.5275, 33.5023 ], [ -84.5358, 33.5025 ], [ -84.5573, 33.5148 ], [ -84.5569, 33.5284 ], [ -84.576, 33.5234 ], [ -84.5765, 33.4999 ], [ -84.5845, 33.4902 ], [ -84.5854, 33.4829 ], [ -84.5811, 33.4867 ] ] ] } },
{ "type": "Feature", "properties": { "county": "Fayette", "geoid": "13113140206", "pop": 4293.0, "pop_density": 309.61630152545712, "median_hh_income": 154750.0, "mean_commute_min": 30.788681517158338 }, "geometry": { "type": "Polygon", "coordinates": [ [ [ -84.5861, 33.4408 ], [ -84.5798, 33.4368 ], [ -84.5747, 33.4271 ], [ -84.5676, 33.4223 ], [ -84.5676, 33.417 ], [ -84.5727, 33.4126 ], [ -84.5689, 33.4078 ], [ -84.5599, 33.4158 ], [ -84.5525, 33.4352 ], [ -84.5265, 33.4449 ], [ -84.5489, 33.4541 ], [ -84.5952, 33.4545 ], [ -84.6057, 33.4423 ], [ -84.5861, 33.4408 ] ] ] } },
{ "type": "Feature", "properties": { "county": "Fayette", "geoid": "13113140305", "pop": 6226.0, "pop_density": 243.44245936786604, "median_hh_income": 132399.0, "mean_commute_min": 36.697464546626556 }, "geometry": { "type": "Polygon", "coordinates": [ [ [ -84.5371, 33.418 ], [ -84.5374, 33.408 ], [ -84.533, 33.397 ], [ -84.5247, 33.397 ], [ -84.525, 33.3835 ], [ -84.5118, 33.3807 ], [ -84.5037, 33.3828 ], [ -84.5055, 33.3902 ], [ -84.5021, 33.3943 ], [ -84.5018, 33.4076 ], [ -84.4957, 33.4134 ], [ -84.4922, 33.424 ], [ -84.4943, 33.4328 ], [ -84.4916, 33.441 ], [ -84.4958, 33.4484 ], [ -84.5121, 33.4503 ], [ -84.5479, 33.4383 ], [ -84.5371, 33.418 ] ] ] } },
{ "type": "Feature", "properties": { "county": "Fulton", "geoid": "13121002900", "pop": 2350.0, "pop_density": 3287.2649955237243, "median_hh_income": 100718.0, "mean_commute_min": 21.442878338278931 }, "geometry": { "type": "Polygon", "coordinates": [ [ [ -84.3656, 33.7543 ], [ -84.3617, 33.7613 ], [ -84.3743, 33.7614 ], [ -84.3744, 33.7547 ], [ -84.3656, 33.7543 ] ] ] } },
{ "type": "Feature", "properties": { "county": "Fulton", "geoid": "13121010106", "pop": 3674.0, "pop_density": 551.41659583850071, "median_hh_income": 92321.0, "mean_commute_min": 27.109286523216308 }, "geometry": { "type": "Polygon", "coordinates": [ [ [ -84.3395, 33.971 ], [ -84.3166, 33.966 ], [ -84.3134, 33.968 ], [ -84.3139, 33.975 ], [ -84.3175, 33.9793 ], [ -84.3209, 33.9786 ], [ -84.3164, 33.9855 ], [ -84.3235, 33.9872 ], [ -84.3334, 34.0094 ], [ -84.3358, 34.0051 ], [ -84.3416, 33.9827 ], [ -84.3395, 33.971 ] ] ] } },
{ "type": "Feature", "properties": { "county": "Fulton", "geoid": "13121010204", "pop": 5278.0, "pop_density": 560.30770850920351, "median_hh_income": 172500.0, "mean_commute_min": 26.801712779973649 }, "geometry": { "type": "Polygon", "coordinates": [ [ [ -84.4427, 33.9015 ], [ -84.4204, 33.9149 ], [ -84.4067, 33.9158 ], [ -84.408, 33.9244 ], [ -84.3984, 33.9333 ], [ -84.3885, 33.937 ], [ -84.3872, 33.9476 ], [ -84.392, 33.9453 ], [ -84.4013, 33.9478 ], [ -84.4182, 33.9318 ], [ -84.4367, 33.9226 ], [ -84.4475, 33.909 ], [ -84.4427, 33.9015 ] ] ] } },
{ "type": "Feature", "properties": { "county": "Fulton", "geoid": "13121006602", "pop": 829.0, "pop_density": 1310.8232254473639, "median_hh_income": 21346.0, "mean_commute_min": 36.79054054054054 }, "geometry": { "type": "Polygon", "coordinates": [ [ [ -84.4261, 33.7146 ], [ -84.423, 33.7223 ], [ -84.4325, 33.7224 ], [ -84.4332, 33.7148 ], [ -84.4261, 33.7146 ] ] ] } },
{ "type": "Feature", "properties": { "county": "Fulton", "geoid": "13121011624", "pop": 4050.0, "pop_density": 1513.2957039590058, "median_hh_income": 227604.0, "mean_commute_min": 29.753711201079621 }, "geometry": { "type": "Polygon", "coordinates": [ [ [ -84.1895, 34.0686 ], [ -84.1783, 34.0704 ], [ -84.1894, 34.0855 ], [ -84.2057, 34.0698 ], [ -84.1895, 34.0686 ] ] ] } },
{ "type": "Feature", "properties": { "county": "Cherokee", "geoid": "13057091001", "pop": 5471.0, "pop_density": 615.24648488012917, "median_hh_income": 69740.0, "mean_commute_min": 28.339580209895054 }, "geometry": { "type": "Polygon", "coordinates": [ [ [ -84.522, 34.0754 ], [ -84.5175, 34.0857 ], [ -84.5204, 34.0967 ], [ -84.5178, 34.1101 ], [ -84.5044, 34.1223 ], [ -84.513, 34.1297 ], [ -84.5171, 34.1263 ], [ -84.5246, 34.1341 ], [ -84.5264, 34.1241 ], [ -84.5336, 34.1136 ], [ -84.5303, 34.0993 ], [ -84.5389, 34.0758 ], [ -84.522, 34.0754 ] ] ] } },
{ "type": "Feature", "properties": { "county": "Hall", "geoid": "13139000800", "pop": 4295.0, "pop_density": 900.30981557798009, "median_hh_income": 36918.0, "mean_commute_min": 20.627955859169731 }, "geometry": { "type": "Polygon", "coordinates": [ [ [ -83.8103, 34.2866 ], [ -83.8057, 34.2853 ], [ -83.7879, 34.3106 ], [ -83.7976, 34.3107 ], [ -83.8128, 34.303 ], [ -83.8161, 34.3095 ], [ -83.826, 34.3028 ], [ -83.8103, 34.2866 ] ] ] } },
{ "type": "Feature", "properties": { "county": "Douglas", "geoid": "13097080505", "pop": 4686.0, "pop_density": 472.79239197738104, "median_hh_income": 62241.0, "mean_commute_min": 34.579923622476812 }, "geometry": { "type": "Polygon", "coordinates": [ [ [ -84.8074, 33.6942 ], [ -84.7956, 33.6941 ], [ -84.7785, 33.7055 ], [ -84.7708, 33.7062 ], [ -84.7621, 33.7279 ], [ -84.7768, 33.7232 ], [ -84.7895, 33.7268 ], [ -84.7987, 33.7179 ], [ -84.7987, 33.7143 ], [ -84.8097, 33.7114 ], [ -84.8137, 33.7064 ], [ -84.8074, 33.6942 ] ] ] } },
{ "type": "Feature", "properties": { "county": "Douglas", "geoid": "13097080506", "pop": 5161.0, "pop_density": 280.78772681796994, "median_hh_income": 77393.0, "mean_commute_min": 33.211186113789779 }, "geometry": { "type": "Polygon", "coordinates": [ [ [ -84.8266, 33.6654 ], [ -84.8295, 33.6644 ], [ -84.8277, 33.6581 ], [ -84.8211, 33.6536 ], [ -84.8063, 33.6661 ], [ -84.8057, 33.6709 ], [ -84.7753, 33.6791 ], [ -84.7708, 33.7062 ], [ -84.7785, 33.7055 ], [ -84.7956, 33.6941 ], [ -84.8046, 33.6931 ], [ -84.8137, 33.7064 ], [ -84.8186, 33.6988 ], [ -84.83, 33.692 ], [ -84.8386, 33.6782 ], [ -84.8266, 33.6654 ] ] ] } },
{ "type": "Feature", "properties": { "county": "Douglas", "geoid": "13097080507", "pop": 3905.0, "pop_density": 156.21923996159367, "median_hh_income": 85174.0, "mean_commute_min": 34.345854922279791 }, "geometry": { "type": "Polygon", "coordinates": [ [ [ -84.806, 33.6455 ], [ -84.8125, 33.6397 ], [ -84.8108, 33.6345 ], [ -84.7934, 33.6254 ], [ -84.7931, 33.6208 ], [ -84.7815, 33.6112 ], [ -84.7874, 33.6123 ], [ -84.7887, 33.6064 ], [ -84.7833, 33.6036 ], [ -84.7624, 33.6148 ], [ -84.7527, 33.6302 ], [ -84.7567, 33.6277 ], [ -84.7608, 33.6298 ], [ -84.7678, 33.6444 ], [ -84.7729, 33.6485 ], [ -84.7748, 33.6552 ], [ -84.7722, 33.6624 ], [ -84.7772, 33.6694 ], [ -84.7753, 33.6791 ], [ -84.8057, 33.6709 ], [ -84.8063, 33.6661 ], [ -84.8208, 33.6538 ], [ -84.806, 33.6455 ] ] ] } },
{ "type": "Feature", "properties": { "county": "Clayton", "geoid": "13063040614", "pop": 5511.0, "pop_density": 464.07998984093445, "median_hh_income": 115083.0, "mean_commute_min": 33.032243816254415 }, "geometry": { "type": "Polygon", "coordinates": [ [ [ -84.3223, 33.5211 ], [ -84.3233, 33.5112 ], [ -84.3157, 33.5068 ], [ -84.2939, 33.5037 ], [ -84.2834, 33.5057 ], [ -84.2825, 33.5329 ], [ -84.293, 33.533 ], [ -84.2928, 33.5409 ], [ -84.3086, 33.5357 ], [ -84.3301, 33.537 ], [ -84.3361, 33.5303 ], [ -84.3223, 33.5211 ] ] ] } },
{ "type": "Feature", "properties": { "county": "Clayton", "geoid": "13063040518", "pop": 5496.0, "pop_density": 1554.4863590710756, "median_hh_income": 37356.0, "mean_commute_min": 32.0005230125523 }, "geometry": { "type": "Polygon", "coordinates": [ [ [ -84.3949, 33.5008 ], [ -84.394, 33.4923 ], [ -84.3863, 33.4989 ], [ -84.3882, 33.5037 ], [ -84.3818, 33.5078 ], [ -84.3786, 33.518 ], [ -84.4014, 33.5183 ], [ -84.4025, 33.511 ], [ -84.3949, 33.5008 ] ] ] } },
{ "type": "Feature", "properties": { "county": "DeKalb", "geoid": "13089023803", "pop": 5736.0, "pop_density": 1159.1595123527482, "median_hh_income": 65357.0, "mean_commute_min": 32.508250825082506 }, "geometry": { "type": "Polygon", "coordinates": [ [ [ -84.3215, 33.7122 ], [ -84.3232, 33.7082 ], [ -84.3191, 33.7062 ], [ -84.3223, 33.7048 ], [ -84.3217, 33.6996 ], [ -84.3147, 33.6949 ], [ -84.3038, 33.6949 ], [ -84.2994, 33.7063 ], [ -84.3056, 33.7153 ], [ -84.3239, 33.7246 ], [ -84.3299, 33.7184 ], [ -84.3215, 33.7122 ] ] ] } },
{ "type": "Feature", "properties": { "county": "Cherokee", "geoid": "13057090905", "pop": 4787.0, "pop_density": 1153.9563926460171, "median_hh_income": 82235.0, "mean_commute_min": 32.552132701421804 }, "geometry": { "type": "Polygon", "coordinates": [ [ [ -84.5155, 34.0753 ], [ -84.5154, 34.0787 ], [ -84.5118, 34.0786 ], [ -84.5118, 34.0752 ], [ -84.4848, 34.0747 ], [ -84.4845, 34.0876 ], [ -84.5193, 34.0858 ], [ -84.522, 34.0755 ], [ -84.5155, 34.0753 ] ] ] } },
{ "type": "Feature", "properties": { "county": "Hall", "geoid": "13139001402", "pop": 5240.0, "pop_density": 377.9348371100852, "median_hh_income": 89496.0, "mean_commute_min": 28.56659619450317 }, "geometry": { "type": "Polygon", "coordinates": [ [ [ -83.9237, 34.2254 ], [ -83.9193, 34.2144 ], [ -83.9211, 34.2107 ], [ -83.915, 34.2052 ], [ -83.9059, 34.2249 ], [ -83.8935, 34.2372 ], [ -83.8934, 34.2481 ], [ -83.8846, 34.2662 ], [ -83.8906, 34.2655 ], [ -83.8928, 34.2624 ], [ -83.8981, 34.2671 ], [ -83.9098, 34.2666 ], [ -83.9279, 34.253 ], [ -83.9433, 34.2511 ], [ -83.9464, 34.243 ], [ -83.9557, 34.2367 ], [ -83.9237, 34.2254 ] ] ] } },
{ "type": "Feature", "properties": { "county": "Cherokee", "geoid": "13057091013", "pop": 5040.0, "pop_density": 883.5336155615513, "median_hh_income": 94479.0, "mean_commute_min": 32.799283154121866 }, "geometry": { "type": "Polygon", "coordinates": [ [ [ -84.5389, 34.0757 ], [ -84.5357, 34.0856 ], [ -84.5476, 34.0877 ], [ -84.5641, 34.0838 ], [ -84.5854, 34.0889 ], [ -84.5998, 34.0768 ], [ -84.5389, 34.0757 ] ] ] } },
{ "type": "Feature", "properties": { "county": "Cherokee", "geoid": "13057090909", "pop": 6556.0, "pop_density": 1404.3472644896142, "median_hh_income": 85625.0, "mean_commute_min": 27.943781942078363 }, "geometry": { "type": "Polygon", "coordinates": [ [ [ -84.4906, 34.0882 ], [ -84.4942, 34.1054 ], [ -84.5194, 34.1013 ], [ -84.5193, 34.0859 ], [ -84.4906, 34.0882 ] ] ] } },
{ "type": "Feature", "properties": { "county": "Cherokee", "geoid": "13057091104", "pop": 5632.0, "pop_density": 395.12863640069241, "median_hh_income": 98194.0, "mean_commute_min": 37.993793355239141 }, "geometry": { "type": "Polygon", "coordinates": [ [ [ -84.6243, 34.0775 ], [ -84.6242, 34.0818 ], [ -84.6152, 34.0919 ], [ -84.6313, 34.0983 ], [ -84.6543, 34.0948 ], [ -84.6503, 34.0982 ], [ -84.6494, 34.1097 ], [ -84.6391, 34.1173 ], [ -84.6245, 34.1205 ], [ -84.6204, 34.124 ], [ -84.6137, 34.1229 ], [ -84.6119, 34.13 ], [ -84.6184, 34.1315 ], [ -84.6323, 34.1284 ], [ -84.6401, 34.1403 ], [ -84.6473, 34.1383 ], [ -84.6579, 34.1425 ], [ -84.6592, 34.0795 ], [ -84.6243, 34.0775 ] ] ] } },
{ "type": "Feature", "properties": { "county": "Cherokee", "geoid": "13057090906", "pop": 6362.0, "pop_density": 699.08615528107828, "median_hh_income": 118893.0, "mean_commute_min": 35.976405622489963 }, "geometry": { "type": "Polygon", "coordinates": [ [ [ -84.4189, 34.0733 ], [ -84.4185, 34.0943 ], [ -84.4392, 34.0944 ], [ -84.4423, 34.0895 ], [ -84.4412, 34.0779 ], [ -84.4667, 34.087 ], [ -84.4845, 34.0876 ], [ -84.4848, 34.0748 ], [ -84.4189, 34.0733 ] ] ] } },
{ "type": "Feature", "properties": { "county": "Cherokee", "geoid": "13057090910", "pop": 4647.0, "pop_density": 598.7739243813088, "median_hh_income": 137670.0, "mean_commute_min": 34.317821258593334 }, "geometry": { "type": "Polygon", "coordinates": [ [ [ -84.4939, 34.1053 ], [ -84.4911, 34.1002 ], [ -84.4927, 34.0916 ], [ -84.4905, 34.088 ], [ -84.4845, 34.0876 ], [ -84.484, 34.0908 ], [ -84.4713, 34.0973 ], [ -84.4703, 34.1036 ], [ -84.4782, 34.1038 ], [ -84.4794, 34.1083 ], [ -84.4875, 34.1132 ], [ -84.4858, 34.1163 ], [ -84.5044, 34.1223 ], [ -84.5176, 34.1105 ], [ -84.5194, 34.1013 ], [ -84.4939, 34.1053 ] ] ] } },
{ "type": "Feature", "properties": { "county": "Cherokee", "geoid": "13057090806", "pop": 4936.0, "pop_density": 670.02493589560856, "median_hh_income": 110174.0, "mean_commute_min": 37.241206030150757 }, "geometry": { "type": "Polygon", "coordinates": [ [ [ -84.4983, 34.1348 ], [ -84.4979, 34.1294 ], [ -84.4634, 34.1392 ], [ -84.4633, 34.144 ], [ -84.4662, 34.1542 ], [ -84.4735, 34.16 ], [ -84.5068, 34.1414 ], [ -84.4983, 34.1348 ] ] ] } },
{ "type": "Feature", "properties": { "county": "Cherokee", "geoid": "13057090908", "pop": 6117.0, "pop_density": 1609.4598455949949, "median_hh_income": 107990.0, "mean_commute_min": 36.559789343246592 }, "geometry": { "type": "Polygon", "coordinates": [ [ [ -84.4704, 34.0877 ], [ -84.4564, 34.0827 ], [ -84.4535, 34.1028 ], [ -84.4665, 34.1053 ], [ -84.4703, 34.1036 ], [ -84.4758, 34.0929 ], [ -84.4845, 34.0876 ], [ -84.4704, 34.0877 ] ] ] } },
{ "type": "Feature", "properties": { "county": "Cherokee", "geoid": "13057090709", "pop": 2131.0, "pop_density": 605.86555186646967, "median_hh_income": 113474.0, "mean_commute_min": 30.876358695652176 }, "geometry": { "type": "Polygon", "coordinates": [ [ [ -84.517, 34.1262 ], [ -84.513, 34.1297 ], [ -84.5044, 34.1223 ], [ -84.499, 34.1259 ], [ -84.4985, 34.135 ], [ -84.5168, 34.1461 ], [ -84.5245, 34.1343 ], [ -84.517, 34.1262 ] ] ] } },
{ "type": "Feature", "properties": { "county": "Cherokee", "geoid": "13057091014", "pop": 4591.0, "pop_density": 1073.3010119561663, "median_hh_income": 74339.0, "mean_commute_min": 36.34916748285994 }, "geometry": { "type": "Polygon", "coordinates": [ [ [ -84.577, 34.088 ], [ -84.5649, 34.0839 ], [ -84.5465, 34.0876 ], [ -84.5491, 34.0943 ], [ -84.5689, 34.0985 ], [ -84.581, 34.1084 ], [ -84.583, 34.0962 ], [ -84.577, 34.088 ] ] ] } },
{ "type": "Feature", "properties": { "county": "Cherokee", "geoid": "13057091010", "pop": 3232.0, "pop_density": 778.51772826021761, "median_hh_income": 151250.0, "mean_commute_min": 24.231096006796943 }, "geometry": { "type": "Polygon", "coordinates": [ [ [ -84.554, 34.1202 ], [ -84.5538, 34.1107 ], [ -84.5466, 34.1076 ], [ -84.55, 34.1131 ], [ -84.5456, 34.1141 ], [ -84.5455, 34.1189 ], [ -84.5339, 34.1274 ], [ -84.5451, 34.1335 ], [ -84.5423, 34.1357 ], [ -84.5437, 34.1409 ], [ -84.5565, 34.1383 ], [ -84.5604, 34.1305 ], [ -84.554, 34.1202 ] ] ] } },
{ "type": "Feature", "properties": { "county": "Cherokee", "geoid": "13057090706", "pop": 4841.0, "pop_density": 651.04350533335219, "median_hh_income": 147817.0, "mean_commute_min": 39.143817899637867 }, "geometry": { "type": "Polygon", "coordinates": [ [ [ -84.59, 34.1719 ], [ -84.5811, 34.1617 ], [ -84.5412, 34.1838 ], [ -84.5414, 34.1905 ], [ -84.5437, 34.194 ], [ -84.5621, 34.1956 ], [ -84.6012, 34.1757 ], [ -84.59, 34.1719 ] ] ] } },
{ "type": "Feature", "properties": { "county": "Cherokee", "geoid": "13057090907", "pop": 4287.0, "pop_density": 729.92514308627062, "median_hh_income": 96100.0, "mean_commute_min": 36.627582356225574 }, "geometry": { "type": "Polygon", "coordinates": [ [ [ -84.4412, 34.0779 ], [ -84.4423, 34.0895 ], [ -84.4392, 34.0944 ], [ -84.4185, 34.0943 ], [ -84.4184, 34.109 ], [ -84.4288, 34.1037 ], [ -84.4448, 34.1062 ], [ -84.449, 34.1024 ], [ -84.4535, 34.1028 ], [ -84.4564, 34.0827 ], [ -84.4412, 34.0779 ] ] ] } },
{ "type": "Feature", "properties": { "county": "Cherokee", "geoid": "13057091107", "pop": 3695.0, "pop_density": 798.12510800069117, "median_hh_income": 65672.0, "mean_commute_min": 33.571428571428569 }, "geometry": { "type": "Polygon", "coordinates": [ [ [ -84.6152, 34.0919 ], [ -84.6124, 34.0972 ], [ -84.5974, 34.1073 ], [ -84.6013, 34.1212 ], [ -84.617, 34.1218 ], [ -84.6201, 34.1182 ], [ -84.6168, 34.1143 ], [ -84.618, 34.1035 ], [ -84.6262, 34.0987 ], [ -84.6152, 34.0919 ] ] ] } },
{ "type": "Feature", "properties": { "county": "Cherokee", "geoid": "13057091108", "pop": 1495.0, "pop_density": 234.16973436850452, "median_hh_income": 97278.0, "mean_commute_min": 29.263698630136986 }, "geometry": { "type": "Polygon", "coordinates": [ [ [ -84.6347, 34.0983 ], [ -84.6253, 34.0964 ], [ -84.6255, 34.0996 ], [ -84.618, 34.1035 ], [ -84.6168, 34.1143 ], [ -84.6201, 34.1182 ], [ -84.6137, 34.1229 ], [ -84.6204, 34.124 ], [ -84.6245, 34.1205 ], [ -84.6393, 34.1172 ], [ -84.6501, 34.109 ], [ -84.6503, 34.0982 ], [ -84.6543, 34.0948 ], [ -84.6347, 34.0983 ] ] ] } },
{ "type": "Feature", "properties": { "county": "Clayton", "geoid": "13063040302", "pop": 5560.0, "pop_density": 971.81576959856136, "median_hh_income": 43438.0, "mean_commute_min": 29.529213955443463 }, "geometry": { "type": "Polygon", "coordinates": [ [ [ -84.38, 33.6225 ], [ -84.3608, 33.6206 ], [ -84.3584, 33.6343 ], [ -84.3654, 33.6481 ], [ -84.38, 33.6483 ], [ -84.3765, 33.6406 ], [ -84.3885, 33.6318 ], [ -84.38, 33.6225 ] ] ] } },
{ "type": "Feature", "properties": { "county": "Cherokee", "geoid": "13057091007", "pop": 7087.0, "pop_density": 811.50967364875692, "median_hh_income": 133418.0, "mean_commute_min": 31.689726229025609 }, "geometry": { "type": "Polygon", "coordinates": [ [ [ -84.585, 34.1397 ], [ -84.5859, 34.1287 ], [ -84.5702, 34.1282 ], [ -84.5657, 34.1317 ], [ -84.5592, 34.1311 ], [ -84.5565, 34.1383 ], [ -84.5473, 34.1386 ], [ -84.5393, 34.1476 ], [ -84.561, 34.1584 ], [ -84.5707, 34.1491 ], [ -84.5811, 34.1617 ], [ -84.5906, 34.1468 ], [ -84.585, 34.1397 ] ] ] } },
{ "type": "Feature", "properties": { "county": "Clayton", "geoid": "13063040410", "pop": 7901.0, "pop_density": 360.01560356199013, "median_hh_income": 50811.0, "mean_commute_min": 27.338162762022193 }, "geometry": { "type": "Polygon", "coordinates": [ [ [ -84.3401, 33.6149 ], [ -84.3354, 33.617 ], [ -84.3351, 33.6128 ], [ -84.3296, 33.6161 ], [ -84.3068, 33.6156 ], [ -84.2954, 33.5945 ], [ -84.2851, 33.6055 ], [ -84.2881, 33.6106 ], [ -84.2847, 33.6139 ], [ -84.2817, 33.6473 ], [ -84.3271, 33.6478 ], [ -84.3283, 33.645 ], [ -84.3419, 33.6435 ], [ -84.3413, 33.6228 ], [ -84.344, 33.6173 ], [ -84.3401, 33.6149 ] ] ] } },
{ "type": "Feature", "properties": { "county": "Clayton", "geoid": "13063040202", "pop": 2848.0, "pop_density": 277.56217763121731, "median_hh_income": 40287.0, "mean_commute_min": 33.948681397006418 }, "geometry": { "type": "Polygon", "coordinates": [ [ [ -84.4331, 33.6036 ], [ -84.4296, 33.6015 ], [ -84.4204, 33.6057 ], [ -84.4127, 33.603 ], [ -84.4036, 33.6054 ], [ -84.3988, 33.5949 ], [ -84.3871, 33.5863 ], [ -84.3874, 33.5877 ], [ -84.391, 33.5907 ], [ -84.3898, 33.5979 ], [ -84.3963, 33.6097 ], [ -84.4008, 33.6329 ], [ -84.4117, 33.6311 ], [ -84.4387, 33.6168 ], [ -84.4331, 33.6036 ] ] ] } },
{ "type": "Feature", "properties": { "county": "Clayton", "geoid": "13063040512", "pop": 4849.0, "pop_density": 1073.4799101633023, "median_hh_income": 55288.0, "mean_commute_min": 28.368844696969695 }, "geometry": { "type": "Polygon", "coordinates": [ [ [ -84.4481, 33.567 ], [ -84.4348, 33.5667 ], [ -84.4169, 33.5614 ], [ -84.413, 33.5665 ], [ -84.4119, 33.5788 ], [ -84.426, 33.5774 ], [ -84.4283, 33.5803 ], [ -84.4487, 33.5718 ], [ -84.4481, 33.567 ] ] ] } },
{ "type": "Feature", "properties": { "county": "Clayton", "geoid": "13063040409", "pop": 5773.0, "pop_density": 1545.2417501676266, "median_hh_income": 59750.0, "mean_commute_min": 27.851808176100629 }, "geometry": { "type": "Polygon", "coordinates": [ [ [ -84.3129, 33.583 ], [ -84.2911, 33.5815 ], [ -84.2987, 33.6005 ], [ -84.3087, 33.6005 ], [ -84.3135, 33.5957 ], [ -84.3183, 33.5969 ], [ -84.3129, 33.583 ] ] ] } },
{ "type": "Feature", "properties": { "county": "Clayton", "geoid": "13063040407", "pop": 4343.0, "pop_density": 476.29931118104679, "median_hh_income": 56042.0, "mean_commute_min": 24.944620253164558 }, "geometry": { "type": "Polygon", "coordinates": [ [ [ -84.3504, 33.6032 ], [ -84.3448, 33.5996 ], [ -84.3215, 33.5993 ], [ -84.3135, 33.5957 ], [ -84.3087, 33.6005 ], [ -84.2987, 33.6005 ], [ -84.3076, 33.6158 ], [ -84.3296, 33.6161 ], [ -84.3351, 33.6128 ], [ -84.3354, 33.617 ], [ -84.3431, 33.6138 ], [ -84.3571, 33.6181 ], [ -84.3569, 33.6106 ], [ -84.3637, 33.6086 ], [ -84.3639, 33.6051 ], [ -84.3504, 33.6032 ] ] ] } },
{ "type": "Feature", "properties": { "county": "DeKalb", "geoid": "13089022100", "pop": 3565.0, "pop_density": 1048.8166024284885, "median_hh_income": 58683.0, "mean_commute_min": 31.210415200562984 }, "geometry": { "type": "Polygon", "coordinates": [ [ [ -84.2485, 33.7832 ], [ -84.2458, 33.7867 ], [ -84.2471, 33.8035 ], [ -84.2627, 33.795 ], [ -84.2669, 33.7777 ], [ -84.2485, 33.7832 ] ] ] } },
{ "type": "Feature", "properties": { "county": "DeKalb", "geoid": "13089023801", "pop": 4965.0, "pop_density": 1141.1838662114189, "median_hh_income": 84329.0, "mean_commute_min": 35.383795309168441 }, "geometry": { "type": "Polygon", "coordinates": [ [ [ -84.3446, 33.7162 ], [ -84.3424, 33.707 ], [ -84.3361, 33.7068 ], [ -84.3352, 33.7012 ], [ -84.3269, 33.7041 ], [ -84.3299, 33.7186 ], [ -84.3401, 33.733 ], [ -84.3486, 33.7325 ], [ -84.3495, 33.7184 ], [ -84.3446, 33.7162 ] ] ] } },
{ "type": "Feature", "properties": { "county": "Clayton", "geoid": "13063040509", "pop": 4548.0, "pop_density": 884.17845474067792, "median_hh_income": 60912.0, "mean_commute_min": 30.733830845771145 }, "geometry": { "type": "Polygon", "coordinates": [ [ [ -84.4307, 33.5792 ], [ -84.429, 33.5883 ], [ -84.4472, 33.5912 ], [ -84.4479, 33.5892 ], [ -84.4532, 33.5941 ], [ -84.4582, 33.5944 ], [ -84.4589, 33.5657 ], [ -84.4307, 33.5792 ] ] ] } },
{ "type": "Feature", "properties": { "county": "Clayton", "geoid": "13063040510", "pop": 4218.0, "pop_density": 1384.3833159820456, "median_hh_income": 72000.0, "mean_commute_min": 36.188765512736772 }, "geometry": { "type": "Polygon", "coordinates": [ [ [ -84.429, 33.5883 ], [ -84.4307, 33.5792 ], [ -84.4263, 33.5775 ], [ -84.4119, 33.5788 ], [ -84.4098, 33.5872 ], [ -84.4217, 33.587 ], [ -84.4264, 33.5899 ], [ -84.4296, 33.6015 ], [ -84.4461, 33.5909 ], [ -84.429, 33.5883 ] ] ] } },
{ "type": "Feature", "properties": { "county": "Henry", "geoid": "13151070204", "pop": 6507.0, "pop_density": 266.69850490219886, "median_hh_income": 104389.0, "mean_commute_min": 30.40648778534241 }, "geometry": { "type": "Polygon", "coordinates": [ [ [ -84.1873, 33.5399 ], [ -84.1767, 33.5321 ], [ -84.1279, 33.5317 ], [ -84.1272, 33.5622 ], [ -84.1467, 33.5865 ], [ -84.1622, 33.5807 ], [ -84.166, 33.5684 ], [ -84.1755, 33.5679 ], [ -84.18, 33.5561 ], [ -84.1867, 33.5536 ], [ -84.1866, 33.5458 ], [ -84.1953, 33.5406 ], [ -84.1873, 33.5399 ] ] ] } },
{ "type": "Feature", "properties": { "county": "Henry", "geoid": "13151070307", "pop": 4990.0, "pop_density": 582.42872076242838, "median_hh_income": 96625.0, "mean_commute_min": 33.691473632331196 }, "geometry": { "type": "Polygon", "coordinates": [ [ [ -84.1464, 33.4477 ], [ -84.1441, 33.4516 ], [ -84.1334, 33.4547 ], [ -84.1188, 33.4689 ], [ -84.1188, 33.4826 ], [ -84.1302, 33.4824 ], [ -84.1394, 33.4756 ], [ -84.1492, 33.4807 ], [ -84.1475, 33.4752 ], [ -84.1542, 33.4726 ], [ -84.1577, 33.4742 ], [ -84.1611, 33.4712 ], [ -84.1464, 33.4477 ] ] ] } },
{ "type": "Feature", "properties": { "county": "Clayton", "geoid": "13063040513", "pop": 5554.0, "pop_density": 803.83932418446273, "median_hh_income": 51657.0, "mean_commute_min": 29.138466850828728 }, "geometry": { "type": "Polygon", "coordinates": [ [ [ -84.4587, 33.5509 ], [ -84.4148, 33.5498 ], [ -84.413, 33.5665 ], [ -84.4184, 33.5614 ], [ -84.4348, 33.5667 ], [ -84.4481, 33.567 ], [ -84.4487, 33.5718 ], [ -84.4589, 33.5654 ], [ -84.4587, 33.5509 ] ] ] } },
{ "type": "Feature", "properties": { "county": "Cobb", "geoid": "13067030603", "pop": 5583.0, "pop_density": 964.4840787570439, "median_hh_income": 88036.0, "mean_commute_min": 29.420454545454547 }, "geometry": { "type": "Polygon", "coordinates": [ [ [ -84.5844, 33.9863 ], [ -84.5583, 33.9789 ], [ -84.5512, 33.9908 ], [ -84.5596, 33.9962 ], [ -84.568, 34.0096 ], [ -84.5817, 34.0017 ], [ -84.5811, 33.9944 ], [ -84.5856, 33.9895 ], [ -84.5844, 33.9863 ] ] ] } },
{ "type": "Feature", "properties": { "county": "Cobb", "geoid": "13067030257", "pop": 4499.0, "pop_density": 1963.0412435008893, "median_hh_income": 66111.0, "mean_commute_min": 28.168674698795179 }, "geometry": { "type": "Polygon", "coordinates": [ [ [ -84.6087, 33.982 ], [ -84.5972, 33.9931 ], [ -84.5935, 33.9899 ], [ -84.5872, 33.9906 ], [ -84.589, 33.9935 ], [ -84.5854, 33.9937 ], [ -84.5854, 33.9971 ], [ -84.6005, 34.0034 ], [ -84.5992, 33.9973 ], [ -84.6168, 33.9853 ], [ -84.6087, 33.982 ] ] ] } },
{ "type": "Feature", "properties": { "county": "Cobb", "geoid": "13067031416", "pop": 4377.0, "pop_density": 443.56400485701062, "median_hh_income": 91696.0, "mean_commute_min": 31.95194384449244 }, "geometry": { "type": "Polygon", "coordinates": [ [ [ -84.6526, 33.8052 ], [ -84.6585, 33.8129 ], [ -84.6588, 33.8201 ], [ -84.6514, 33.8227 ], [ -84.6629, 33.8355 ], [ -84.6662, 33.8465 ], [ -84.681, 33.8299 ], [ -84.6971, 33.806 ], [ -84.6526, 33.8052 ] ] ] } },
{ "type": "Feature", "properties": { "county": "Cobb", "geoid": "13067030111", "pop": 4837.0, "pop_density": 568.69773392117963, "median_hh_income": 92756.0, "mean_commute_min": 29.600557361820716 }, "geometry": { "type": "Polygon", "coordinates": [ [ [ -84.6852, 34.055 ], [ -84.6744, 34.0415 ], [ -84.6621, 34.0488 ], [ -84.6462, 34.0372 ], [ -84.6431, 34.0463 ], [ -84.6453, 34.0508 ], [ -84.6383, 34.0522 ], [ -84.6379, 34.0552 ], [ -84.6407, 34.0554 ], [ -84.6372, 34.0599 ], [ -84.6433, 34.0628 ], [ -84.6726, 34.0645 ], [ -84.6858, 34.0688 ], [ -84.6957, 34.0544 ], [ -84.6852, 34.055 ] ] ] } },
{ "type": "Feature", "properties": { "county": "Cobb", "geoid": "13067030243", "pop": 5854.0, "pop_density": 1639.3924670280201, "median_hh_income": 89760.0, "mean_commute_min": 29.553376906318082 }, "geometry": { "type": "Polygon", "coordinates": [ [ [ -84.6395, 33.9943 ], [ -84.632, 33.9946 ], [ -84.6287, 33.992 ], [ -84.615, 34.0153 ], [ -84.6252, 34.0221 ], [ -84.625, 34.018 ], [ -84.6435, 33.9979 ], [ -84.6395, 33.9943 ] ] ] } },
{ "type": "Feature", "properties": { "county": "Cobb", "geoid": "13067030907", "pop": 3594.0, "pop_density": 633.08308290675677, "median_hh_income": 113041.0, "mean_commute_min": 35.201668984700973 }, "geometry": { "type": "Polygon", "coordinates": [ [ [ -84.6014, 33.9283 ], [ -84.6013, 33.9207 ], [ -84.5891, 33.9291 ], [ -84.5871, 33.9371 ], [ -84.5696, 33.9444 ], [ -84.5693, 33.9508 ], [ -84.58, 33.952 ], [ -84.5943, 33.9461 ], [ -84.6053, 33.9452 ], [ -84.6066, 33.9374 ], [ -84.6014, 33.9283 ] ] ] } },
{ "type": "Feature", "properties": { "county": "Cobb", "geoid": "13067030260", "pop": 2624.0, "pop_density": 1025.9662518098098, "median_hh_income": 84625.0, "mean_commute_min": 27.813061713600959 }, "geometry": { "type": "Polygon", "coordinates": [ [ [ -84.65, 34.0294 ], [ -84.6252, 34.0221 ], [ -84.6269, 34.0294 ], [ -84.6348, 34.0316 ], [ -84.6346, 34.0376 ], [ -84.6427, 34.0396 ], [ -84.6429, 34.0462 ], [ -84.6462, 34.0372 ], [ -84.6511, 34.0386 ], [ -84.65, 34.0294 ] ] ] } },
{ "type": "Feature", "properties": { "county": "Cobb", "geoid": "13067030261", "pop": 3588.0, "pop_density": 1777.8649863166829, "median_hh_income": 146875.0, "mean_commute_min": 31.189398836457659 }, "geometry": { "type": "Polygon", "coordinates": [ [ [ -84.6426, 34.0394 ], [ -84.6355, 34.0385 ], [ -84.6348, 34.0316 ], [ -84.6269, 34.0294 ], [ -84.6271, 34.0413 ], [ -84.6375, 34.0505 ], [ -84.6453, 34.0508 ], [ -84.6426, 34.0394 ] ] ] } },
{ "type": "Feature", "properties": { "county": "Cobb", "geoid": "13067030240", "pop": 4879.0, "pop_density": 836.96708106744097, "median_hh_income": 106491.0, "mean_commute_min": 38.51094196003806 }, "geometry": { "type": "Polygon", "coordinates": [ [ [ -84.6666, 34.0158 ], [ -84.6597, 34.0109 ], [ -84.6467, 34.018 ], [ -84.6431, 34.0173 ], [ -84.6375, 34.0269 ], [ -84.6755, 34.0344 ], [ -84.6755, 34.0158 ], [ -84.6666, 34.0158 ] ] ] } },
{ "type": "Feature", "properties": { "county": "Cobb", "geoid": "13067030246", "pop": 1614.0, "pop_density": 843.69084950886634, "median_hh_income": 51900.0, "mean_commute_min": 27.757575757575758 }, "geometry": { "type": "Polygon", "coordinates": [ [ [ -84.61, 34.0263 ], [ -84.5994, 34.0479 ], [ -84.6139, 34.0486 ], [ -84.6111, 34.0437 ], [ -84.6148, 34.0236 ], [ -84.61, 34.0263 ] ] ] } },
{ "type": "Feature", "properties": { "county": "Clayton", "geoid": "13063040606", "pop": 5070.0, "pop_density": 209.98328458504426, "median_hh_income": 56450.0, "mean_commute_min": 33.61854387056627 }, "geometry": { "type": "Polygon", "coordinates": [ [ [ -84.3353, 33.4665 ], [ -84.3273, 33.4566 ], [ -84.3199, 33.4279 ], [ -84.3042, 33.4274 ], [ -84.3043, 33.4357 ], [ -84.2947, 33.4357 ], [ -84.2942, 33.4843 ], [ -84.2839, 33.4843 ], [ -84.2838, 33.4956 ], [ -84.2956, 33.4978 ], [ -84.3052, 33.4929 ], [ -84.3388, 33.4929 ], [ -84.3353, 33.4665 ] ] ] } },
{ "type": "Feature", "properties": { "county": "Clayton", "geoid": "13063040609", "pop": 7868.0, "pop_density": 845.6774146949241, "median_hh_income": 80774.0, "mean_commute_min": 32.141915061988918 }, "geometry": { "type": "Polygon", "coordinates": [ [ [ -84.351, 33.5239 ], [ -84.3366, 33.5299 ], [ -84.3318, 33.5363 ], [ -84.3201, 33.5397 ], [ -84.3152, 33.5457 ], [ -84.3033, 33.548 ], [ -84.2993, 33.5547 ], [ -84.3201, 33.5649 ], [ -84.3334, 33.553 ], [ -84.3455, 33.5533 ], [ -84.3442, 33.5434 ], [ -84.3542, 33.5238 ], [ -84.351, 33.5239 ] ] ] } },
{ "type": "Feature", "properties": { "county": "Cobb", "geoid": "13067031209", "pop": 4551.0, "pop_density": 1335.7432085778723, "median_hh_income": 181379.0, "mean_commute_min": 24.19313524590164 }, "geometry": { "type": "Polygon", "coordinates": [ [ [ -84.5007, 33.8439 ], [ -84.4927, 33.8545 ], [ -84.4859, 33.8488 ], [ -84.4798, 33.864 ], [ -84.4917, 33.8617 ], [ -84.494, 33.8682 ], [ -84.51, 33.8525 ], [ -84.5007, 33.8439 ] ] ] } },
{ "type": "Feature", "properties": { "county": "Cobb", "geoid": "13067031207", "pop": 5182.0, "pop_density": 1867.0839441950156, "median_hh_income": 91925.0, "mean_commute_min": 22.782543826930251 }, "geometry": { "type": "Polygon", "coordinates": [ [ [ -84.4575, 33.8705 ], [ -84.4569, 33.8778 ], [ -84.4699, 33.8843 ], [ -84.4797, 33.8643 ], [ -84.4575, 33.8705 ] ] ] } },
{ "type": "Feature", "properties": { "county": "Cobb", "geoid": "13067030507", "pop": 6207.0, "pop_density": 1019.0138762864291, "median_hh_income": 138542.0, "mean_commute_min": 25.933977455716587 }, "geometry": { "type": "Polygon", "coordinates": [ [ [ -84.5238, 33.9994 ], [ -84.5257, 33.9949 ], [ -84.5087, 33.9953 ], [ -84.4956, 34.0131 ], [ -84.5134, 34.0203 ], [ -84.5282, 34.0199 ], [ -84.5238, 33.9994 ] ] ] } },
{ "type": "Feature", "properties": { "county": "Cobb", "geoid": "13067030506", "pop": 4470.0, "pop_density": 558.49993165560124, "median_hh_income": 70046.0, "mean_commute_min": 30.142778693025811 }, "geometry": { "type": "Polygon", "coordinates": [ [ [ -84.5473, 33.9764 ], [ -84.5246, 33.996 ], [ -84.5283, 34.02 ], [ -84.5399, 34.0142 ], [ -84.5484, 34.0138 ], [ -84.5454, 34.0016 ], [ -84.558, 33.982 ], [ -84.5473, 33.9764 ] ] ] } },
{ "type": "Feature", "properties": { "county": "Cherokee", "geoid": "13057090101", "pop": 4968.0, "pop_density": 59.42427281310453, "median_hh_income": 87750.0, "mean_commute_min": 33.806527723161622 }, "geometry": { "type": "Polygon", "coordinates": [ [ [ -84.3715, 34.3354 ], [ -84.3679, 34.3291 ], [ -84.3442, 34.322 ], [ -84.3432, 34.3181 ], [ -84.333, 34.322 ], [ -84.3219, 34.3164 ], [ -84.3153, 34.3239 ], [ -84.2977, 34.3155 ], [ -84.2837, 34.2995 ], [ -84.277, 34.3038 ], [ -84.2661, 34.2965 ], [ -84.2585, 34.2993 ], [ -84.2576, 34.381 ], [ -84.3921, 34.3807 ], [ -84.3916, 34.3462 ], [ -84.3715, 34.3354 ] ] ] } },
{ "type": "Feature", "properties": { "county": "Cherokee", "geoid": "13057090606", "pop": 4365.0, "pop_density": 291.24112823810594, "median_hh_income": 91304.0, "mean_commute_min": 28.073229291716686 }, "geometry": { "type": "Polygon", "coordinates": [ [ [ -84.5042, 34.2121 ], [ -84.5063, 34.2024 ], [ -84.5, 34.1957 ], [ -84.4825, 34.1874 ], [ -84.467, 34.1886 ], [ -84.4534, 34.2017 ], [ -84.457, 34.2139 ], [ -84.4627, 34.2202 ], [ -84.4768, 34.2248 ], [ -84.4815, 34.2226 ], [ -84.4829, 34.225 ], [ -84.4895, 34.2197 ], [ -84.5013, 34.2237 ], [ -84.5072, 34.2197 ], [ -84.5042, 34.2121 ] ] ] } },
{ "type": "Feature", "properties": { "county": "Cherokee", "geoid": "13057090605", "pop": 4145.0, "pop_density": 613.17057858154487, "median_hh_income": 69315.0, "mean_commute_min": 24.43661971830986 }, "geometry": { "type": "Polygon", "coordinates": [ [ [ -84.5063, 34.2024 ], [ -84.5042, 34.212 ], [ -84.5066, 34.2212 ], [ -84.5013, 34.2237 ], [ -84.4895, 34.2197 ], [ -84.4829, 34.225 ], [ -84.4947, 34.2353 ], [ -84.4944, 34.2402 ], [ -84.4973, 34.2382 ], [ -84.4975, 34.226 ], [ -84.5071, 34.2359 ], [ -84.5041, 34.2438 ], [ -84.5107, 34.2434 ], [ -84.5166, 34.2378 ], [ -84.5207, 34.2259 ], [ -84.5153, 34.2129 ], [ -84.523, 34.205 ], [ -84.5063, 34.2024 ] ] ] } },
{ "type": "Feature", "properties": { "county": "Cherokee", "geoid": "13057090710", "pop": 4109.0, "pop_density": 456.59071304045966, "median_hh_income": 136776.0, "mean_commute_min": 30.42517006802721 }, "geometry": { "type": "Polygon", "coordinates": [ [ [ -84.5396, 34.148 ], [ -84.5338, 34.14 ], [ -84.5288, 34.1409 ], [ -84.5246, 34.1341 ], [ -84.5116, 34.1559 ], [ -84.5123, 34.1746 ], [ -84.5253, 34.1744 ], [ -84.5307, 34.1643 ], [ -84.542, 34.1583 ], [ -84.5468, 34.161 ], [ -84.5593, 34.1589 ], [ -84.5396, 34.148 ] ] ] } },
{ "type": "Feature", "properties": { "county": "Cherokee", "geoid": "13057090703", "pop": 5402.0, "pop_density": 638.00976856496811, "median_hh_income": 60245.0, "mean_commute_min": 31.138888888888889 }, "geometry": { "type": "Polygon", "coordinates": [ [ [ -84.5073, 34.1416 ], [ -84.5069, 34.1504 ], [ -84.4995, 34.1662 ], [ -84.5003, 34.1733 ], [ -84.4893, 34.176 ], [ -84.4662, 34.1707 ], [ -84.4769, 34.1771 ], [ -84.4825, 34.1874 ], [ -84.5014, 34.1973 ], [ -84.5127, 34.1736 ], [ -84.5113, 34.1571 ], [ -84.5166, 34.146 ], [ -84.5073, 34.1416 ] ] ] } },
{ "type": "Feature", "properties": { "county": "Cherokee", "geoid": "13057090301", "pop": 5308.0, "pop_density": 502.21198454912854, "median_hh_income": 145139.0, "mean_commute_min": 31.279411764705884 }, "geometry": { "type": "Polygon", "coordinates": [ [ [ -84.5868, 34.2033 ], [ -84.5782, 34.202 ], [ -84.5674, 34.1939 ], [ -84.5543, 34.1958 ], [ -84.5437, 34.194 ], [ -84.5414, 34.1905 ], [ -84.5251, 34.1991 ], [ -84.5153, 34.214 ], [ -84.5161, 34.2162 ], [ -84.5267, 34.212 ], [ -84.5393, 34.2161 ], [ -84.5547, 34.2125 ], [ -84.5758, 34.2179 ], [ -84.5924, 34.2098 ], [ -84.5868, 34.2033 ] ] ] } },
{ "type": "Feature", "properties": { "county": "Cherokee", "geoid": "13057091009", "pop": 5783.0, "pop_density": 1040.1848050278536, "median_hh_income": 103825.0, "mean_commute_min": 29.498873873873872 }, "geometry": { "type": "Polygon", "coordinates": [ [ [ -84.5463, 34.1084 ], [ -84.5481, 34.1072 ], [ -84.5369, 34.1023 ], [ -84.5305, 34.1025 ], [ -84.5337, 34.1131 ], [ -84.5264, 34.1241 ], [ -84.5246, 34.1341 ], [ -84.5288, 34.1409 ], [ -84.5338, 34.14 ], [ -84.5401, 34.1453 ], [ -84.546, 34.1426 ], [ -84.5422, 34.1361 ], [ -84.5451, 34.1335 ], [ -84.5354, 34.1288 ], [ -84.534, 34.1251 ], [ -84.5384, 34.1254 ], [ -84.5458, 34.1185 ], [ -84.5456, 34.1141 ], [ -84.5507, 34.1116 ], [ -84.5463, 34.1084 ] ] ] } },
{ "type": "Feature", "properties": { "county": "Cherokee", "geoid": "13057090504", "pop": 5385.0, "pop_density": 336.83853918286036, "median_hh_income": 150511.0, "mean_commute_min": 34.825964252116648 }, "geometry": { "type": "Polygon", "coordinates": [ [ [ -84.352, 34.2414 ], [ -84.3569, 34.2351 ], [ -84.3556, 34.2239 ], [ -84.3462, 34.2162 ], [ -84.3481, 34.2048 ], [ -84.3426, 34.1959 ], [ -84.3394, 34.207 ], [ -84.3268, 34.2206 ], [ -84.3275, 34.2306 ], [ -84.3047, 34.2474 ], [ -84.325, 34.2579 ], [ -84.3604, 34.2538 ], [ -84.352, 34.2414 ] ] ] } },
{ "type": "Feature", "properties": { "county": "Cherokee", "geoid": "13057090202", "pop": 7129.0, "pop_density": 39.181437392547835, "median_hh_income": 105282.0, "mean_commute_min": 35.363049616780962 }, "geometry": { "type": "Polygon", "coordinates": [ [ [ -84.618, 34.2228 ], [ -84.617, 34.228 ], [ -84.6209, 34.2344 ], [ -84.6013, 34.2519 ], [ -84.5988, 34.2606 ], [ -84.5942, 34.2643 ], [ -84.5861, 34.2651 ], [ -84.5739, 34.2823 ], [ -84.5609, 34.282 ], [ -84.5553, 34.2855 ], [ -84.5616, 34.2976 ], [ -84.5546, 34.315 ], [ -84.5316, 34.3349 ], [ -84.5156, 34.3423 ], [ -84.4966, 34.3584 ], [ -84.4851, 34.3612 ], [ -84.4757, 34.3806 ], [ -84.5826, 34.3815 ], [ -84.5828, 34.4122 ], [ -84.6532, 34.4126 ], [ -84.654, 34.3552 ], [ -84.6443, 34.3552 ], [ -84.6447, 34.3468 ], [ -84.654, 34.3469 ], [ -84.6558, 34.214 ], [ -84.618, 34.2228 ] ] ] } },
{ "type": "Feature", "properties": { "county": "Cherokee", "geoid": "13057090705", "pop": 2724.0, "pop_density": 344.92312165048497, "median_hh_income": 111250.0, "mean_commute_min": 27.976298997265268 }, "geometry": { "type": "Polygon", "coordinates": [ [ [ -84.5707, 34.1491 ], [ -84.5592, 34.1591 ], [ -84.5468, 34.161 ], [ -84.5433, 34.158 ], [ -84.5312, 34.1638 ], [ -84.5253, 34.1744 ], [ -84.5323, 34.1745 ], [ -84.542, 34.1837 ], [ -84.581, 34.1618 ], [ -84.5707, 34.1491 ] ] ] } },
{ "type": "Feature", "properties": { "county": "Cherokee", "geoid": "13057090201", "pop": 2226.0, "pop_density": 59.970292882948712, "median_hh_income": 78474.0, "mean_commute_min": 26.271186440677965 }, "geometry": { "type": "Polygon", "coordinates": [ [ [ -84.5548, 34.2877 ], [ -84.5591, 34.2826 ], [ -84.5456, 34.2798 ], [ -84.5386, 34.2745 ], [ -84.5241, 34.2814 ], [ -84.5121, 34.2812 ], [ -84.4963, 34.2929 ], [ -84.4951, 34.3185 ], [ -84.4883, 34.3257 ], [ -84.4919, 34.3445 ], [ -84.4868, 34.36 ], [ -84.4962, 34.3586 ], [ -84.5156, 34.3423 ], [ -84.5322, 34.3344 ], [ -84.5546, 34.315 ], [ -84.5616, 34.2976 ], [ -84.5548, 34.2877 ] ] ] } },
{ "type": "Feature", "properties": { "county": "Cherokee", "geoid": "13057090402", "pop": 5904.0, "pop_density": 150.51792161366225, "median_hh_income": 74440.0, "mean_commute_min": 29.176447574334897 }, "geometry": { "type": "Polygon", "coordinates": [ [ [ -84.5147, 34.274 ], [ -84.5074, 34.2713 ], [ -84.5068, 34.2618 ], [ -84.5, 34.2605 ], [ -84.5014, 34.2534 ], [ -84.4976, 34.2498 ], [ -84.4944, 34.257 ], [ -84.4845, 34.2585 ], [ -84.4754, 34.2572 ], [ -84.4732, 34.2515 ], [ -84.4673, 34.2539 ], [ -84.4674, 34.2506 ], [ -84.4564, 34.2523 ], [ -84.4456, 34.2474 ], [ -84.4423, 34.2508 ], [ -84.4441, 34.2615 ], [ -84.4387, 34.2621 ], [ -84.4353, 34.2566 ], [ -84.4283, 34.2583 ], [ -84.4359, 34.2698 ], [ -84.4258, 34.2649 ], [ -84.417, 34.2647 ], [ -84.419, 34.2697 ], [ -84.43, 34.2743 ], [ -84.4307, 34.2795 ], [ -84.407, 34.2778 ], [ -84.4067, 34.285 ], [ -84.3975, 34.2919 ], [ -84.4095, 34.2967 ], [ -84.4098, 34.2996 ], [ -84.3966, 34.2991 ], [ -84.4064, 34.3072 ], [ -84.4176, 34.2948 ], [ -84.4308, 34.31 ], [ -84.4466, 34.3003 ], [ -84.4546, 34.2889 ], [ -84.473, 34.3004 ], [ -84.4791, 34.3013 ], [ -84.5049, 34.2887 ], [ -84.5121, 34.2812 ], [ -84.5205, 34.2814 ], [ -84.5147, 34.274 ] ] ] } },
{ "type": "Feature", "properties": { "county": "Cherokee", "geoid": "13057090808", "pop": 6789.0, "pop_density": 457.36947942271871, "median_hh_income": 143500.0, "mean_commute_min": 30.50632911392405 }, "geometry": { "type": "Polygon", "coordinates": [ [ [ -84.466, 34.1539 ], [ -84.4634, 34.1392 ], [ -84.4441, 34.1469 ], [ -84.4369, 34.1547 ], [ -84.4288, 34.1579 ], [ -84.4227, 34.1699 ], [ -84.414, 34.1692 ], [ -84.4148, 34.1741 ], [ -84.4203, 34.1767 ], [ -84.4225, 34.1963 ], [ -84.4304, 34.1996 ], [ -84.4452, 34.1949 ], [ -84.4351, 34.1822 ], [ -84.4383, 34.1806 ], [ -84.4423, 34.1679 ], [ -84.4664, 34.1703 ], [ -84.4735, 34.16 ], [ -84.466, 34.1539 ] ] ] } },
{ "type": "Feature", "properties": { "county": "Cherokee", "geoid": "13057090911", "pop": 4816.0, "pop_density": 343.55222874871583, "median_hh_income": 117917.0, "mean_commute_min": 37.101531480431085 }, "geometry": { "type": "Polygon", "coordinates": [ [ [ -84.4772, 34.1034 ], [ -84.466, 34.1054 ], [ -84.4499, 34.1021 ], [ -84.4452, 34.1061 ], [ -84.4288, 34.1037 ], [ -84.4149, 34.1103 ], [ -84.4112, 34.1079 ], [ -84.3998, 34.1096 ], [ -84.3883, 34.1182 ], [ -84.4116, 34.1259 ], [ -84.4216, 34.1218 ], [ -84.4263, 34.125 ], [ -84.4486, 34.1225 ], [ -84.4589, 34.1147 ], [ -84.4798, 34.1193 ], [ -84.4875, 34.1135 ], [ -84.4772, 34.1034 ] ] ] } },
{ "type": "Feature", "properties": { "county": "Cherokee", "geoid": "13057091011", "pop": 4463.0, "pop_density": 1413.8872045584003, "median_hh_income": 86227.0, "mean_commute_min": 35.270114942528735 }, "geometry": { "type": "Polygon", "coordinates": [ [ [ -84.5799, 34.1067 ], [ -84.5716, 34.1007 ], [ -84.5654, 34.1071 ], [ -84.5559, 34.1054 ], [ -84.5576, 34.1013 ], [ -84.5515, 34.0978 ], [ -84.5425, 34.1038 ], [ -84.5602, 34.1128 ], [ -84.5817, 34.1119 ], [ -84.5799, 34.1067 ] ] ] } },
{ "type": "Feature", "properties": { "county": "Cherokee", "geoid": "13057090912", "pop": 4076.0, "pop_density": 481.05316180334034, "median_hh_income": 103125.0, "mean_commute_min": 30.367950481430537 }, "geometry": { "type": "Polygon", "coordinates": [ [ [ -84.4899, 34.1183 ], [ -84.4898, 34.1159 ], [ -84.4797, 34.1193 ], [ -84.4589, 34.1147 ], [ -84.4488, 34.1224 ], [ -84.4268, 34.1249 ], [ -84.4268, 34.1304 ], [ -84.4309, 34.1398 ], [ -84.4488, 34.1389 ], [ -84.4543, 34.1364 ], [ -84.4627, 34.1256 ], [ -84.4706, 34.1318 ], [ -84.4789, 34.1278 ], [ -84.4797, 34.1237 ], [ -84.4912, 34.125 ], [ -84.4943, 34.1221 ], [ -84.5031, 34.1213 ], [ -84.4899, 34.1183 ] ] ] } },
{ "type": "Feature", "properties": { "county": "Cherokee", "geoid": "13057090805", "pop": 4416.0, "pop_density": 227.8668929167504, "median_hh_income": 79561.0, "mean_commute_min": 41.477398015435504 }, "geometry": { "type": "Polygon", "coordinates": [ [ [ -84.4948, 34.122 ], [ -84.4912, 34.125 ], [ -84.4797, 34.1237 ], [ -84.4789, 34.1278 ], [ -84.4703, 34.1318 ], [ -84.4627, 34.1256 ], [ -84.4518, 34.1381 ], [ -84.4312, 34.1399 ], [ -84.4268, 34.1249 ], [ -84.4216, 34.1218 ], [ -84.411, 34.1259 ], [ -84.3902, 34.1189 ], [ -84.3949, 34.1463 ], [ -84.4046, 34.1521 ], [ -84.414, 34.1692 ], [ -84.4203, 34.17 ], [ -84.4288, 34.1579 ], [ -84.4369, 34.1547 ], [ -84.4446, 34.1465 ], [ -84.4565, 34.1403 ], [ -84.4979, 34.1294 ], [ -84.5044, 34.1223 ], [ -84.4948, 34.122 ] ] ] } },
{ "type": "Feature", "properties": { "county": "Cherokee", "geoid": "13057090708", "pop": 6123.0, "pop_density": 948.29536822062892, "median_hh_income": 121263.0, "mean_commute_min": 25.904932378679394 }, "geometry": { "type": "Polygon", "coordinates": [ [ [ -84.5345, 34.1761 ], [ -84.5278, 34.1737 ], [ -84.5282, 34.1779 ], [ -84.522, 34.1841 ], [ -84.5087, 34.192 ], [ -84.5055, 34.1892 ], [ -84.5014, 34.1973 ], [ -84.5074, 34.2039 ], [ -84.5232, 34.2048 ], [ -84.5251, 34.1991 ], [ -84.5431, 34.1874 ], [ -84.5345, 34.1761 ] ] ] } },
{ "type": "Feature", "properties": { "county": "Cherokee", "geoid": "13057090303", "pop": 6345.0, "pop_density": 141.49969832353523, "median_hh_income": 104621.0, "mean_commute_min": 40.120854412591342 }, "geometry": { "type": "Polygon", "coordinates": [ [ [ -84.5495, 34.2129 ], [ -84.5388, 34.2161 ], [ -84.526, 34.212 ], [ -84.5161, 34.2162 ], [ -84.5207, 34.2259 ], [ -84.5171, 34.237 ], [ -84.5107, 34.2434 ], [ -84.5037, 34.2439 ], [ -84.4999, 34.2603 ], [ -84.5066, 34.2616 ], [ -84.5074, 34.2713 ], [ -84.5147, 34.274 ], [ -84.5207, 34.2815 ], [ -84.5386, 34.2745 ], [ -84.5456, 34.2798 ], [ -84.5715, 34.2826 ], [ -84.5802, 34.2756 ], [ -84.5861, 34.2651 ], [ -84.5945, 34.2642 ], [ -84.6004, 34.2577 ], [ -84.5495, 34.2129 ] ] ] } },
{ "type": "Feature", "properties": { "county": "Cherokee", "geoid": "13057090807", "pop": 7800.0, "pop_density": 868.40250678856955, "median_hh_income": 129087.0, "mean_commute_min": 32.973627556512376 }, "geometry": { "type": "Polygon", "coordinates": [ [ [ -84.4757, 34.1762 ], [ -84.4584, 34.1682 ], [ -84.4423, 34.1679 ], [ -84.4383, 34.1806 ], [ -84.4351, 34.1822 ], [ -84.4534, 34.2017 ], [ -84.467, 34.1886 ], [ -84.4825, 34.1874 ], [ -84.4757, 34.1762 ] ] ] } },
{ "type": "Feature", "properties": { "county": "Cherokee", "geoid": "13057090603", "pop": 7004.0, "pop_density": 304.30154388717767, "median_hh_income": 111753.0, "mean_commute_min": 30.01199040767386 }, "geometry": { "type": "Polygon", "coordinates": [ [ [ -84.4623, 34.22 ], [ -84.4558, 34.2115 ], [ -84.4547, 34.2033 ], [ -84.4461, 34.1947 ], [ -84.4301, 34.1996 ], [ -84.422, 34.1957 ], [ -84.3965, 34.2121 ], [ -84.4065, 34.2239 ], [ -84.4113, 34.2406 ], [ -84.4273, 34.2404 ], [ -84.4456, 34.2346 ], [ -84.4658, 34.2381 ], [ -84.4699, 34.2292 ], [ -84.4828, 34.2247 ], [ -84.4623, 34.22 ] ] ] } },
{ "type": "Feature", "properties": { "county": "Cherokee", "geoid": "13057090810", "pop": 4653.0, "pop_density": 238.6906762230486, "median_hh_income": 153363.0, "mean_commute_min": 36.288790373654209 }, "geometry": { "type": "Polygon", "coordinates": [ [ [ -84.4203, 34.1767 ], [ -84.4148, 34.1741 ], [ -84.4046, 34.1521 ], [ -84.3967, 34.1476 ], [ -84.384, 34.1534 ], [ -84.3841, 34.1582 ], [ -84.3774, 34.1652 ], [ -84.3817, 34.1747 ], [ -84.3814, 34.1917 ], [ -84.3769, 34.1977 ], [ -84.3921, 34.203 ], [ -84.3965, 34.2121 ], [ -84.421, 34.1983 ], [ -84.423, 34.1923 ], [ -84.4203, 34.1767 ] ] ] } },
{ "type": "Feature", "properties": { "county": "Cherokee", "geoid": "13057090505", "pop": 5029.0, "pop_density": 207.2039314772602, "median_hh_income": 121191.0, "mean_commute_min": 35.046082949308754 }, "geometry": { "type": "Polygon", "coordinates": [ [ [ -84.4065, 34.2239 ], [ -84.3921, 34.203 ], [ -84.3769, 34.1977 ], [ -84.3653, 34.1993 ], [ -84.3428, 34.1951 ], [ -84.3482, 34.2051 ], [ -84.3462, 34.2162 ], [ -84.3556, 34.2239 ], [ -84.3569, 34.2351 ], [ -84.3519, 34.2412 ], [ -84.3604, 34.2538 ], [ -84.3759, 34.2501 ], [ -84.3856, 34.2415 ], [ -84.4114, 34.2395 ], [ -84.4065, 34.2239 ] ] ] } },
{ "type": "Feature", "properties": { "county": "Cherokee", "geoid": "13057090503", "pop": 4370.0, "pop_density": 109.44826553301306, "median_hh_income": 148007.0, "mean_commute_min": 34.078266494178528 }, "geometry": { "type": "Polygon", "coordinates": [ [ [ -84.3411, 34.1838 ], [ -84.3371, 34.179 ], [ -84.3283, 34.1861 ], [ -84.259, 34.1859 ], [ -84.2587, 34.2371 ], [ -84.274, 34.2308 ], [ -84.3058, 34.2471 ], [ -84.3275, 34.2306 ], [ -84.3268, 34.2206 ], [ -84.3394, 34.207 ], [ -84.3428, 34.1951 ], [ -84.3411, 34.1838 ] ] ] } },
{ "type": "Feature", "properties": { "county": "Cherokee", "geoid": "13057090809", "pop": 4083.0, "pop_density": 165.03290290451037, "median_hh_income": 108036.0, "mean_commute_min": 33.449820788530467 }, "geometry": { "type": "Polygon", "coordinates": [ [ [ -84.3902, 34.1189 ], [ -84.3793, 34.1188 ], [ -84.3619, 34.124 ], [ -84.3603, 34.152 ], [ -84.3568, 34.1547 ], [ -84.3605, 34.1623 ], [ -84.3522, 34.1768 ], [ -84.3429, 34.1761 ], [ -84.3371, 34.179 ], [ -84.3411, 34.1838 ], [ -84.3425, 34.1949 ], [ -84.3669, 34.1994 ], [ -84.3813, 34.195 ], [ -84.3817, 34.1747 ], [ -84.3775, 34.1649 ], [ -84.3841, 34.1582 ], [ -84.3835, 34.1538 ], [ -84.3966, 34.1477 ], [ -84.3902, 34.1189 ] ] ] } },
{ "type": "Feature", "properties": { "county": "Cherokee", "geoid": "13057090302", "pop": 2366.0, "pop_density": 43.71236759595908, "median_hh_income": 104509.0, "mean_commute_min": 37.705047318611989 }, "geometry": { "type": "Polygon", "coordinates": [ [ [ -84.6473, 34.1383 ], [ -84.6401, 34.1403 ], [ -84.6323, 34.1284 ], [ -84.6238, 34.1291 ], [ -84.6208, 34.1433 ], [ -84.6272, 34.1546 ], [ -84.6116, 34.1601 ], [ -84.6161, 34.1679 ], [ -84.6269, 34.1727 ], [ -84.627, 34.1763 ], [ -84.6161, 34.1725 ], [ -84.6125, 34.1801 ], [ -84.6096, 34.1754 ], [ -84.6012, 34.1757 ], [ -84.5674, 34.1939 ], [ -84.5782, 34.202 ], [ -84.5868, 34.2033 ], [ -84.5924, 34.2096 ], [ -84.584, 34.213 ], [ -84.5811, 34.2173 ], [ -84.5495, 34.2129 ], [ -84.6004, 34.2576 ], [ -84.6013, 34.2519 ], [ -84.6209, 34.2344 ], [ -84.617, 34.228 ], [ -84.618, 34.2228 ], [ -84.6559, 34.2139 ], [ -84.6579, 34.1425 ], [ -84.6473, 34.1383 ] ] ] } },
{ "type": "Feature", "properties": { "county": "Cherokee", "geoid": "13057090604", "pop": 3336.0, "pop_density": 251.54430938683285, "median_hh_income": 69917.0, "mean_commute_min": 31.14724803431022 }, "geometry": { "type": "Polygon", "coordinates": [ [ [ -84.4828, 34.2247 ], [ -84.4699, 34.2292 ], [ -84.4658, 34.2381 ], [ -84.4449, 34.2347 ], [ -84.4273, 34.2404 ], [ -84.4113, 34.2406 ], [ -84.4082, 34.246 ], [ -84.4291, 34.2577 ], [ -84.4356, 34.2567 ], [ -84.4397, 34.2622 ], [ -84.4452, 34.2598 ], [ -84.4422, 34.2516 ], [ -84.4444, 34.2478 ], [ -84.4527, 34.2488 ], [ -84.4564, 34.2523 ], [ -84.4696, 34.2506 ], [ -84.4848, 34.2406 ], [ -84.4944, 34.2402 ], [ -84.4957, 34.2373 ], [ -84.4828, 34.2247 ] ] ] } },
{ "type": "Feature", "properties": { "county": "Cherokee", "geoid": "13057090507", "pop": 2918.0, "pop_density": 117.56574918914686, "median_hh_income": 140893.0, "mean_commute_min": 26.572470373746583 }, "geometry": { "type": "Polygon", "coordinates": [ [ [ -84.2742, 34.2309 ], [ -84.2587, 34.2371 ], [ -84.2585, 34.295 ], [ -84.2873, 34.2861 ], [ -84.3094, 34.2661 ], [ -84.3249, 34.2581 ], [ -84.2742, 34.2309 ] ] ] } },
{ "type": "Feature", "properties": { "county": "Cherokee", "geoid": "13057090506", "pop": 4381.0, "pop_density": 61.564201477807835, "median_hh_income": 106625.0, "mean_commute_min": 37.870789341377574 }, "geometry": { "type": "Polygon", "coordinates": [ [ [ -84.4285, 34.261 ], [ -84.4291, 34.2577 ], [ -84.4082, 34.246 ], [ -84.4113, 34.2406 ], [ -84.3862, 34.2414 ], [ -84.3753, 34.2503 ], [ -84.325, 34.2579 ], [ -84.3094, 34.2661 ], [ -84.2933, 34.2825 ], [ -84.2585, 34.295 ], [ -84.2585, 34.2993 ], [ -84.2661, 34.2965 ], [ -84.277, 34.3038 ], [ -84.2837, 34.2995 ], [ -84.2977, 34.3155 ], [ -84.3153, 34.3239 ], [ -84.3186, 34.3229 ], [ -84.3172, 34.3187 ], [ -84.3221, 34.3164 ], [ -84.3303, 34.3215 ], [ -84.3366, 34.3217 ], [ -84.3511, 34.3149 ], [ -84.348, 34.3064 ], [ -84.3522, 34.2983 ], [ -84.3603, 34.3052 ], [ -84.3644, 34.2955 ], [ -84.369, 34.2939 ], [ -84.395, 34.3025 ], [ -84.3977, 34.2983 ], [ -84.4088, 34.3008 ], [ -84.4095, 34.2967 ], [ -84.3975, 34.2919 ], [ -84.4067, 34.285 ], [ -84.4065, 34.2781 ], [ -84.4312, 34.2786 ], [ -84.43, 34.2743 ], [ -84.419, 34.2697 ], [ -84.417, 34.2647 ], [ -84.4365, 34.2689 ], [ -84.4285, 34.261 ] ] ] } },
{ "type": "Feature", "properties": { "county": "Cherokee", "geoid": "13057090102", "pop": 4964.0, "pop_density": 65.884960108076825, "median_hh_income": 98750.0, "mean_commute_min": 32.112440191387563 }, "geometry": { "type": "Polygon", "coordinates": [ [ [ -84.4789, 34.3013 ], [ -84.473, 34.3004 ], [ -84.4546, 34.2889 ], [ -84.4469, 34.3 ], [ -84.4355, 34.3078 ], [ -84.4299, 34.3098 ], [ -84.4238, 34.3008 ], [ -84.3971, 34.324 ], [ -84.3918, 34.3405 ], [ -84.3917, 34.3689 ], [ -84.3924, 34.3733 ], [ -84.4008, 34.3733 ], [ -84.4007, 34.3805 ], [ -84.4245, 34.3806 ], [ -84.4245, 34.388 ], [ -84.4421, 34.3882 ], [ -84.4423, 34.3804 ], [ -84.4757, 34.3806 ], [ -84.4918, 34.3451 ], [ -84.488, 34.3289 ], [ -84.4952, 34.3183 ], [ -84.4964, 34.2928 ], [ -84.4789, 34.3013 ] ] ] } },
{ "type": "Feature", "properties": { "county": "Cherokee", "geoid": "13057090103", "pop": 2067.0, "pop_density": 103.9636349589819, "median_hh_income": 107572.0, "mean_commute_min": 29.27980132450331 }, "geometry": { "type": "Polygon", "coordinates": [ [ [ -84.4176, 34.2948 ], [ -84.4064, 34.3072 ], [ -84.398, 34.2995 ], [ -84.395, 34.3025 ], [ -84.3916, 34.2995 ], [ -84.3663, 34.2945 ], [ -84.3605, 34.3051 ], [ -84.3539, 34.2983 ], [ -84.3502, 34.2996 ], [ -84.348, 34.3068 ], [ -84.3516, 34.3138 ], [ -84.3429, 34.3208 ], [ -84.3674, 34.3289 ], [ -84.3715, 34.3354 ], [ -84.3916, 34.3462 ], [ -84.3958, 34.3255 ], [ -84.4238, 34.3008 ], [ -84.4176, 34.2948 ] ] ] } },
{ "type": "Feature", "properties": { "county": "Cherokee", "geoid": "13057090704", "pop": 4459.0, "pop_density": 617.60764919331496, "median_hh_income": 77959.0, "mean_commute_min": 36.184071729957807 }, "geometry": { "type": "Polygon", "coordinates": [ [ [ -84.507, 34.1414 ], [ -84.49, 34.1491 ], [ -84.4735, 34.16 ], [ -84.4664, 34.1703 ], [ -84.4893, 34.176 ], [ -84.5003, 34.1733 ], [ -84.5003, 34.1632 ], [ -84.5084, 34.1444 ], [ -84.507, 34.1414 ] ] ] } },
{ "type": "Feature", "properties": { "county": "Cherokee", "geoid": "13057090401", "pop": 5754.0, "pop_density": 1126.4510839497752, "median_hh_income": 38913.0, "mean_commute_min": 19.761726078799249 }, "geometry": { "type": "Polygon", "coordinates": [ [ [ -84.5039, 34.2302 ], [ -84.4966, 34.2262 ], [ -84.4966, 34.2398 ], [ -84.4848, 34.2406 ], [ -84.4755, 34.2487 ], [ -84.4674, 34.2506 ], [ -84.4673, 34.2539 ], [ -84.4732, 34.2515 ], [ -84.4754, 34.2572 ], [ -84.4944, 34.257 ], [ -84.494, 34.253 ], [ -84.5035, 34.2483 ], [ -84.5074, 34.237 ], [ -84.5039, 34.2302 ] ] ] } },
{ "type": "Feature", "properties": { "county": "Cherokee", "geoid": "13057090707", "pop": 4318.0, "pop_density": 1913.3167376664626, "median_hh_income": 109219.0, "mean_commute_min": 39.228907330567083 }, "geometry": { "type": "Polygon", "coordinates": [ [ [ -84.5278, 34.1737 ], [ -84.5123, 34.1746 ], [ -84.5073, 34.1804 ], [ -84.5055, 34.1892 ], [ -84.5093, 34.1918 ], [ -84.5284, 34.1774 ], [ -84.5278, 34.1737 ] ] ] } },
{ "type": "Feature", "properties": { "county": "Cherokee", "geoid": "13057091106", "pop": 5360.0, "pop_density": 973.02965126326831, "median_hh_income": 100529.0, "mean_commute_min": 33.045602605863195 }, "geometry": { "type": "Polygon", "coordinates": [ [ [ -84.6154, 34.0817 ], [ -84.6156, 34.0774 ], [ -84.5998, 34.0768 ], [ -84.5948, 34.0785 ], [ -84.5884, 34.0881 ], [ -84.592, 34.0881 ], [ -84.5919, 34.0956 ], [ -84.5958, 34.0956 ], [ -84.6038, 34.1043 ], [ -84.6232, 34.082 ], [ -84.6154, 34.0817 ] ] ] } },
{ "type": "Feature", "properties": { "county": "Rockdale", "geoid": "13247060403", "pop": 3608.0, "pop_density": 94.659441800512823, "median_hh_income": 78929.0, "mean_commute_min": 37.439720812182742 }, "geometry": { "type": "Polygon", "coordinates": [ [ [ -84.1795, 33.6325 ], [ -84.1816, 33.6292 ], [ -84.1607, 33.6068 ], [ -84.1497, 33.5868 ], [ -84.1357, 33.593 ], [ -84.1145, 33.5942 ], [ -84.0995, 33.6006 ], [ -84.0954, 33.6052 ], [ -84.089, 33.6046 ], [ -84.0827, 33.5992 ], [ -84.0746, 33.6012 ], [ -84.0616, 33.5957 ], [ -84.057, 33.6044 ], [ -84.0614, 33.605 ], [ -84.0562, 33.6206 ], [ -84.0804, 33.6191 ], [ -84.0829, 33.6251 ], [ -84.1043, 33.636 ], [ -84.1158, 33.6147 ], [ -84.1155, 33.6189 ], [ -84.128, 33.6268 ], [ -84.1292, 33.6314 ], [ -84.1405, 33.6315 ], [ -84.1383, 33.6377 ], [ -84.1439, 33.6363 ], [ -84.1512, 33.6388 ], [ -84.1545, 33.6457 ], [ -84.1586, 33.6445 ], [ -84.1616, 33.6377 ], [ -84.1731, 33.641 ], [ -84.1702, 33.6459 ], [ -84.1841, 33.6462 ], [ -84.1795, 33.6325 ] ] ] } },
{ "type": "Feature", "properties": { "county": "Rockdale", "geoid": "13247060306", "pop": 3471.0, "pop_density": 240.14703557476332, "median_hh_income": 80625.0, "mean_commute_min": 39.345156889495222 }, "geometry": { "type": "Polygon", "coordinates": [ [ [ -83.977, 33.6372 ], [ -83.9786, 33.63 ], [ -83.9727, 33.6055 ], [ -83.9315, 33.651 ], [ -83.9412, 33.6601 ], [ -83.9378, 33.6671 ], [ -83.9595, 33.6579 ], [ -83.9628, 33.652 ], [ -83.9862, 33.6516 ], [ -83.977, 33.6372 ] ] ] } },
{ "type": "Feature", "properties": { "county": "Rockdale", "geoid": "13247060305", "pop": 6000.0, "pop_density": 361.17301047997665, "median_hh_income": 50156.0, "mean_commute_min": 28.82890365448505 }, "geometry": { "type": "Polygon", "coordinates": [ [ [ -83.9786, 33.6305 ], [ -83.977, 33.6372 ], [ -83.9862, 33.6516 ], [ -83.9628, 33.652 ], [ -83.9595, 33.6579 ], [ -83.9378, 33.6671 ], [ -83.9506, 33.6732 ], [ -83.9535, 33.6712 ], [ -83.9564, 33.6768 ], [ -83.9545, 33.6793 ], [ -83.962, 33.6874 ], [ -83.9642, 33.6815 ], [ -83.976, 33.678 ], [ -84.0144, 33.6435 ], [ -83.9786, 33.6305 ] ] ] } },
{ "type": "Feature", "properties": { "county": "Rockdale", "geoid": "13247060101", "pop": 4206.0, "pop_density": 150.15599837334571, "median_hh_income": 65069.0, "mean_commute_min": 31.015815085158152 }, "geometry": { "type": "Polygon", "coordinates": [ [ [ -84.0479, 33.722 ], [ -84.0481, 33.7183 ], [ -84.0376, 33.7182 ], [ -84.0325, 33.7107 ], [ -84.026, 33.7095 ], [ -84.0229, 33.7032 ], [ -84.0005, 33.6921 ], [ -83.9969, 33.6924 ], [ -83.9862, 33.7051 ], [ -83.982, 33.7046 ], [ -83.9796, 33.724 ], [ -83.9744, 33.7322 ], [ -83.99, 33.7365 ], [ -84.0188, 33.7566 ], [ -84.0544, 33.7285 ], [ -84.0479, 33.722 ] ] ] } },
{ "type": "Feature", "properties": { "county": "Rockdale", "geoid": "13247060406", "pop": 5731.0, "pop_density": 530.46518677585743, "median_hh_income": 92723.0, "mean_commute_min": 44.364705882352943 }, "geometry": { "type": "Polygon", "coordinates": [ [ [ -84.0431, 33.5685 ], [ -84.0324, 33.5649 ], [ -84.0158, 33.5677 ], [ -84.0137, 33.5842 ], [ -83.9958, 33.5799 ], [ -83.9928, 33.5908 ], [ -84.0052, 33.5964 ], [ -84.0366, 33.5934 ], [ -84.04, 33.5922 ], [ -84.0403, 33.5804 ], [ -84.0465, 33.5735 ], [ -84.0431, 33.5685 ] ] ] } },
{ "type": "Feature", "properties": { "county": "Rockdale", "geoid": "13247060407", "pop": 2885.0, "pop_density": 487.68613635941034, "median_hh_income": 76477.0, "mean_commute_min": 39.74290780141844 }, "geometry": { "type": "Polygon", "coordinates": [ [ [ -84.0243, 33.5482 ], [ -84.0107, 33.5633 ], [ -84.0107, 33.5549 ], [ -84.0033, 33.5549 ], [ -84.0034, 33.5635 ], [ -84.0105, 33.5636 ], [ -83.9958, 33.5799 ], [ -84.0137, 33.5842 ], [ -84.0158, 33.5677 ], [ -84.0272, 33.5674 ], [ -84.0375, 33.5564 ], [ -84.0243, 33.5482 ] ] ] } },
{ "type": "Feature", "properties": { "county": "Rockdale", "geoid": "13247060201", "pop": 5445.0, "pop_density": 461.60133870322494, "median_hh_income": 53889.0, "mean_commute_min": 31.525054466230937 }, "geometry": { "type": "Polygon", "coordinates": [ [ [ -84.0701, 33.6829 ], [ -84.0494, 33.6855 ], [ -84.0378, 33.7018 ], [ -84.0225, 33.7031 ], [ -84.026, 33.7095 ], [ -84.0325, 33.7107 ], [ -84.0375, 33.7182 ], [ -84.0481, 33.7183 ], [ -84.0479, 33.722 ], [ -84.0544, 33.7284 ], [ -84.0781, 33.6853 ], [ -84.0701, 33.6829 ] ] ] } },
{ "type": "Feature", "properties": { "county": "Fulton", "geoid": "13121011417", "pop": 4763.0, "pop_density": 632.66078423637259, "median_hh_income": 110648.0, "mean_commute_min": 29.885770234986946 }, "geometry": { "type": "Polygon", "coordinates": [ [ [ -84.381, 34.0583 ], [ -84.3435, 34.0368 ], [ -84.3463, 34.0612 ], [ -84.361, 34.0613 ], [ -84.3609, 34.0763 ], [ -84.3816, 34.0654 ], [ -84.3957, 34.0627 ], [ -84.381, 34.0583 ] ] ] } },
{ "type": "Feature", "properties": { "county": "Fulton", "geoid": "13121011416", "pop": 5258.0, "pop_density": 794.49720777597895, "median_hh_income": 144444.0, "mean_commute_min": 34.148509174311926 }, "geometry": { "type": "Polygon", "coordinates": [ [ [ -84.361, 34.0613 ], [ -84.3463, 34.0612 ], [ -84.3431, 34.0385 ], [ -84.3384, 34.0492 ], [ -84.3282, 34.0564 ], [ -84.331, 34.057 ], [ -84.3307, 34.0624 ], [ -84.3358, 34.0703 ], [ -84.3354, 34.073 ], [ -84.3275, 34.0755 ], [ -84.3423, 34.0788 ], [ -84.361, 34.0763 ], [ -84.361, 34.0613 ] ] ] } },
{ "type": "Feature", "properties": { "county": "Fulton", "geoid": "13121011421", "pop": 5717.0, "pop_density": 1466.4366333672431, "median_hh_income": 66923.0, "mean_commute_min": 27.720334810438207 }, "geometry": { "type": "Polygon", "coordinates": [ [ [ -84.3352, 34.0283 ], [ -84.3306, 34.0357 ], [ -84.3167, 34.0355 ], [ -84.3174, 34.0419 ], [ -84.3285, 34.049 ], [ -84.3275, 34.0544 ], [ -84.3248, 34.0539 ], [ -84.3264, 34.0568 ], [ -84.3384, 34.0492 ], [ -84.3434, 34.0371 ], [ -84.3352, 34.0283 ] ] ] } },
{ "type": "Feature", "properties": { "county": "Fulton", "geoid": "13121011426", "pop": 2364.0, "pop_density": 1608.1512315213968, "median_hh_income": 131875.0, "mean_commute_min": 27.233178654292342 }, "geometry": { "type": "Polygon", "coordinates": [ [ [ -84.2492, 34.03 ], [ -84.2349, 34.0368 ], [ -84.233, 34.0443 ], [ -84.2388, 34.0379 ], [ -84.2467, 34.0428 ], [ -84.2574, 34.0394 ], [ -84.2492, 34.03 ] ] ] } },
{ "type": "Feature", "properties": { "county": "Fulton", "geoid": "13121011618", "pop": 4826.0, "pop_density": 931.99956586510075, "median_hh_income": 149881.0, "mean_commute_min": 29.753433208489387 }, "geometry": { "type": "Polygon", "coordinates": [ [ [ -84.2743, 34.053 ], [ -84.2567, 34.0452 ], [ -84.2364, 34.0508 ], [ -84.2497, 34.0596 ], [ -84.2577, 34.0591 ], [ -84.2594, 34.067 ], [ -84.2641, 34.0686 ], [ -84.272, 34.0688 ], [ -84.2763, 34.0606 ], [ -84.2743, 34.053 ] ] ] } },
{ "type": "Feature", "properties": { "county": "Fulton", "geoid": "13121011612", "pop": 3523.0, "pop_density": 490.20760563431236, "median_hh_income": 186786.0, "mean_commute_min": 40.624426078971531 }, "geometry": { "type": "Polygon", "coordinates": [ [ [ -84.2125, 34.0038 ], [ -84.2031, 33.9983 ], [ -84.2028, 33.9897 ], [ -84.1842, 33.9955 ], [ -84.1798, 34.008 ], [ -84.19, 34.0178 ], [ -84.192, 34.0113 ], [ -84.1996, 34.0113 ], [ -84.2215, 34.0206 ], [ -84.2232, 34.0133 ], [ -84.2197, 34.0112 ], [ -84.2241, 34.0043 ], [ -84.2125, 34.0038 ] ] ] } },
{ "type": "Feature", "properties": { "county": "Fulton", "geoid": "13121007705", "pop": 4250.0, "pop_density": 1288.9904444863662, "median_hh_income": 35104.0, "mean_commute_min": 29.923534409515717 }, "geometry": { "type": "Polygon", "coordinates": [ [ [ -84.4975, 33.6661 ], [ -84.4922, 33.6661 ], [ -84.4922, 33.6739 ], [ -84.4866, 33.6743 ], [ -84.4865, 33.69 ], [ -84.4763, 33.6926 ], [ -84.4764, 33.6978 ], [ -84.4827, 33.6974 ], [ -84.4928, 33.6903 ], [ -84.4999, 33.6901 ], [ -84.4975, 33.6661 ] ] ] } },
{ "type": "Feature", "properties": { "county": "Fulton", "geoid": "13121009601", "pop": 3190.0, "pop_density": 3880.5095023824379, "median_hh_income": 126875.0, "mean_commute_min": 22.6457399103139 }, "geometry": { "type": "Polygon", "coordinates": [ [ [ -84.3713, 33.8437 ], [ -84.3825, 33.8542 ], [ -84.3799, 33.8394 ], [ -84.3713, 33.8437 ] ] ] } },
{ "type": "Feature", "properties": { "county": "Fulton", "geoid": "13121010121", "pop": 2407.0, "pop_density": 1148.0185590769302, "median_hh_income": 111058.0, "mean_commute_min": 24.152334152334152 }, "geometry": { "type": "Polygon", "coordinates": [ [ [ -84.3769, 33.9245 ], [ -84.3579, 33.9298 ], [ -84.3579, 33.9333 ], [ -84.3696, 33.9373 ], [ -84.3783, 33.937 ], [ -84.3801, 33.9326 ], [ -84.3769, 33.9245 ] ] ] } },
{ "type": "Feature", "properties": { "county": "Forsyth", "geoid": "13117130105", "pop": 2766.0, "pop_density": 276.32113670883342, "median_hh_income": 75662.0, "mean_commute_min": 32.11971197119712 }, "geometry": { "type": "Polygon", "coordinates": [ [ [ -84.0588, 34.2488 ], [ -84.0208, 34.2463 ], [ -84.0249, 34.2536 ], [ -84.0223, 34.2803 ], [ -84.028, 34.2814 ], [ -84.0411, 34.2738 ], [ -84.0495, 34.2635 ], [ -84.0562, 34.2684 ], [ -84.0749, 34.258 ], [ -84.0588, 34.2488 ] ] ] } },
{ "type": "Feature", "properties": { "county": "Gwinnett", "geoid": "13135050308", "pop": 3667.0, "pop_density": 664.0127884480969, "median_hh_income": 173182.0, "mean_commute_min": 27.366760168302946 }, "geometry": { "type": "Polygon", "coordinates": [ [ [ -84.2276, 34.0006 ], [ -84.2243, 33.9942 ], [ -84.2208, 33.9786 ], [ -84.226, 33.9788 ], [ -84.2222, 33.9732 ], [ -84.2251, 33.9704 ], [ -84.2159, 33.9677 ], [ -84.2077, 33.9688 ], [ -84.2125, 33.9842 ], [ -84.2022, 33.9974 ], [ -84.2129, 34.0039 ], [ -84.2325, 34.0021 ], [ -84.2276, 34.0006 ] ] ] } },
{ "type": "Feature", "properties": { "county": "Gwinnett", "geoid": "13135050306", "pop": 3686.0, "pop_density": 363.44629518958226, "median_hh_income": 52714.0, "mean_commute_min": 31.108169440242058 }, "geometry": { "type": "Polygon", "coordinates": [ [ [ -84.2383, 33.9285 ], [ -84.2471, 33.9261 ], [ -84.2344, 33.9095 ], [ -84.2386, 33.9053 ], [ -84.2077, 33.912 ], [ -84.2163, 33.9346 ], [ -84.2228, 33.9333 ], [ -84.2202, 33.9353 ], [ -84.226, 33.9428 ], [ -84.2248, 33.9457 ], [ -84.2317, 33.949 ], [ -84.2485, 33.9392 ], [ -84.2383, 33.9285 ] ] ] } },
{ "type": "Feature", "properties": { "county": "DeKalb", "geoid": "13089022800", "pop": 4178.0, "pop_density": 1711.736662957494, "median_hh_income": 159821.0, "mean_commute_min": 26.920926517571885 }, "geometry": { "type": "Polygon", "coordinates": [ [ [ -84.296, 33.7536 ], [ -84.284, 33.751 ], [ -84.2874, 33.7592 ], [ -84.2859, 33.7621 ], [ -84.2788, 33.7631 ], [ -84.2863, 33.7694 ], [ -84.2824, 33.7705 ], [ -84.2828, 33.7746 ], [ -84.2965, 33.7699 ], [ -84.296, 33.7536 ] ] ] } },
{ "type": "Feature", "properties": { "county": "DeKalb", "geoid": "13089022900", "pop": 4198.0, "pop_density": 1078.6106220792983, "median_hh_income": 108895.0, "mean_commute_min": 30.966807165437302 }, "geometry": { "type": "Polygon", "coordinates": [ [ [ -84.2908, 33.7471 ], [ -84.2867, 33.7471 ], [ -84.2747, 33.7507 ], [ -84.264, 33.7501 ], [ -84.272, 33.7572 ], [ -84.2705, 33.7698 ], [ -84.2753, 33.7717 ], [ -84.2765, 33.7768 ], [ -84.2828, 33.7746 ], [ -84.2824, 33.7705 ], [ -84.2863, 33.7694 ], [ -84.2788, 33.7631 ], [ -84.2859, 33.7621 ], [ -84.2874, 33.7592 ], [ -84.284, 33.751 ], [ -84.291, 33.7494 ], [ -84.2908, 33.7471 ] ] ] } },
{ "type": "Feature", "properties": { "county": "DeKalb", "geoid": "13089021412", "pop": 3812.0, "pop_density": 1215.9543934167489, "median_hh_income": 163077.0, "mean_commute_min": 26.078947368421051 }, "geometry": { "type": "Polygon", "coordinates": [ [ [ -84.3204, 33.8661 ], [ -84.3221, 33.8621 ], [ -84.3149, 33.8647 ], [ -84.3119, 33.858 ], [ -84.3024, 33.8665 ], [ -84.3095, 33.8654 ], [ -84.3105, 33.8857 ], [ -84.3255, 33.8765 ], [ -84.3204, 33.8661 ] ] ] } },
{ "type": "Feature", "properties": { "county": "DeKalb", "geoid": "13089023601", "pop": 2770.0, "pop_density": 1560.9907839554944, "median_hh_income": 87292.0, "mean_commute_min": 36.391941391941394 }, "geometry": { "type": "Polygon", "coordinates": [ [ [ -84.2832, 33.7318 ], [ -84.2881, 33.7388 ], [ -84.3097, 33.7394 ], [ -84.3093, 33.7304 ], [ -84.2832, 33.7318 ] ] ] } },
{ "type": "Feature", "properties": { "county": "DeKalb", "geoid": "13089021307", "pop": 3813.0, "pop_density": 1053.3381953192336, "median_hh_income": 73310.0, "mean_commute_min": 27.233567326100829 }, "geometry": { "type": "Polygon", "coordinates": [ [ [ -84.273, 33.8789 ], [ -84.2592, 33.892 ], [ -84.2739, 33.903 ], [ -84.2822, 33.8961 ], [ -84.2883, 33.8857 ], [ -84.273, 33.8789 ] ] ] } },
{ "type": "Feature", "properties": { "county": "DeKalb", "geoid": "13089021415", "pop": 4429.0, "pop_density": 2176.3186653353564, "median_hh_income": 106789.0, "mean_commute_min": 21.745892018779344 }, "geometry": { "type": "Polygon", "coordinates": [ [ [ -84.3357, 33.8322 ], [ -84.3435, 33.8382 ], [ -84.3392, 33.8442 ], [ -84.3391, 33.8525 ], [ -84.3484, 33.8525 ], [ -84.3485, 33.8254 ], [ -84.3357, 33.8322 ] ] ] } },
{ "type": "Feature", "properties": { "county": "DeKalb", "geoid": "13089021417", "pop": 4465.0, "pop_density": 2367.3564607888361, "median_hh_income": 71540.0, "mean_commute_min": 28.084021369596893 }, "geometry": { "type": "Polygon", "coordinates": [ [ [ -84.3357, 33.8322 ], [ -84.3202, 33.8395 ], [ -84.3252, 33.8441 ], [ -84.3298, 33.842 ], [ -84.3392, 33.8449 ], [ -84.3435, 33.8384 ], [ -84.3357, 33.8322 ] ] ] } },
{ "type": "Feature", "properties": { "county": "DeKalb", "geoid": "13089021305", "pop": 5436.0, "pop_density": 2477.376168789709, "median_hh_income": 54100.0, "mean_commute_min": 27.668672110012892 }, "geometry": { "type": "Polygon", "coordinates": [ [ [ -84.2816, 33.9233 ], [ -84.2649, 33.9312 ], [ -84.2705, 33.944 ], [ -84.2725, 33.9408 ], [ -84.2881, 33.9366 ], [ -84.2816, 33.9233 ] ] ] } },
{ "type": "Feature", "properties": { "county": "Fulton", "geoid": "13121011505", "pop": 4290.0, "pop_density": 1029.8164262201344, "median_hh_income": 183000.0, "mean_commute_min": 26.706016755521706 }, "geometry": { "type": "Polygon", "coordinates": [ [ [ -84.3597, 34.0778 ], [ -84.3554, 34.0777 ], [ -84.3608, 34.0888 ], [ -84.3703, 34.089 ], [ -84.3714, 34.0942 ], [ -84.3772, 34.0902 ], [ -84.3816, 34.0654 ], [ -84.3597, 34.0778 ] ] ] } },
{ "type": "Feature", "properties": { "county": "Fulton", "geoid": "13121011422", "pop": 3629.0, "pop_density": 982.2188347837008, "median_hh_income": 114220.0, "mean_commute_min": 29.875504710632569 }, "geometry": { "type": "Polygon", "coordinates": [ [ [ -84.3847, 33.9925 ], [ -84.3789, 34.0007 ], [ -84.3618, 34.0008 ], [ -84.3506, 34.0054 ], [ -84.36, 34.0086 ], [ -84.3629, 34.0143 ], [ -84.3659, 34.0144 ], [ -84.3944, 34.0028 ], [ -84.3847, 33.9925 ] ] ] } },
{ "type": "Feature", "properties": { "county": "Fulton", "geoid": "13121011424", "pop": 6325.0, "pop_density": 1297.7518833816562, "median_hh_income": 128839.0, "mean_commute_min": 29.770779777206513 }, "geometry": { "type": "Polygon", "coordinates": [ [ [ -84.2738, 33.9888 ], [ -84.2693, 33.9853 ], [ -84.2594, 33.9905 ], [ -84.2507, 34.0151 ], [ -84.2527, 34.0242 ], [ -84.2642, 34.0216 ], [ -84.2633, 34.0083 ], [ -84.2673, 34.0029 ], [ -84.2765, 34.0045 ], [ -84.2738, 33.9888 ] ] ] } },
{ "type": "Feature", "properties": { "county": "DeKalb", "geoid": "13089023000", "pop": 2403.0, "pop_density": 1362.6234044604228, "median_hh_income": 121776.0, "mean_commute_min": 27.328687572590013 }, "geometry": { "type": "Polygon", "coordinates": [ [ [ -84.2753, 33.7717 ], [ -84.2705, 33.7698 ], [ -84.2706, 33.7565 ], [ -84.2663, 33.7649 ], [ -84.2616, 33.7666 ], [ -84.2601, 33.7744 ], [ -84.2675, 33.7763 ], [ -84.2682, 33.7797 ], [ -84.2765, 33.7768 ], [ -84.2753, 33.7717 ] ] ] } },
{ "type": "Feature", "properties": { "county": "DeKalb", "geoid": "13089023101", "pop": 4033.0, "pop_density": 1136.5006937923899, "median_hh_income": 69179.0, "mean_commute_min": 27.224043715846996 }, "geometry": { "type": "Polygon", "coordinates": [ [ [ -84.252, 33.7379 ], [ -84.264, 33.7501 ], [ -84.2747, 33.7507 ], [ -84.2906, 33.7471 ], [ -84.2903, 33.7389 ], [ -84.252, 33.7379 ] ] ] } },
{ "type": "Feature", "properties": { "county": "DeKalb", "geoid": "13089023102", "pop": 3131.0, "pop_density": 1248.7860132775747, "median_hh_income": 54056.0, "mean_commute_min": 34.475160256410255 }, "geometry": { "type": "Polygon", "coordinates": [ [ [ -84.2517, 33.7553 ], [ -84.2514, 33.7681 ], [ -84.2567, 33.7732 ], [ -84.2601, 33.7744 ], [ -84.2616, 33.7666 ], [ -84.2663, 33.7649 ], [ -84.2706, 33.7566 ], [ -84.2517, 33.7553 ] ] ] } },
{ "type": "Feature", "properties": { "county": "DeKalb", "geoid": "13089021306", "pop": 5182.0, "pop_density": 982.26445887786417, "median_hh_income": 60971.0, "mean_commute_min": 26.959338695263629 }, "geometry": { "type": "Polygon", "coordinates": [ [ [ -84.2739, 33.903 ], [ -84.2583, 33.9179 ], [ -84.2649, 33.9312 ], [ -84.2948, 33.9198 ], [ -84.2739, 33.903 ] ] ] } },
{ "type": "Feature", "properties": { "county": "DeKalb", "geoid": "13089021308", "pop": 3940.0, "pop_density": 1457.9972816121749, "median_hh_income": 68162.0, "mean_commute_min": 25.945793337097683 }, "geometry": { "type": "Polygon", "coordinates": [ [ [ -84.2928, 33.8705 ], [ -84.2889, 33.8647 ], [ -84.273, 33.8789 ], [ -84.2883, 33.8857 ], [ -84.3024, 33.8665 ], [ -84.2928, 33.8705 ] ] ] } },
{ "type": "Feature", "properties": { "county": "DeKalb", "geoid": "13089021913", "pop": 4189.0, "pop_density": 1413.9883924008504, "median_hh_income": 33772.0, "mean_commute_min": 31.276747503566334 }, "geometry": { "type": "Polygon", "coordinates": [ [ [ -84.182, 33.8105 ], [ -84.1653, 33.8209 ], [ -84.1712, 33.8218 ], [ -84.1786, 33.8292 ], [ -84.1889, 33.8331 ], [ -84.1892, 33.8116 ], [ -84.182, 33.8105 ] ] ] } },
{ "type": "Feature", "properties": { "county": "DeKalb", "geoid": "13089022203", "pop": 2370.0, "pop_density": 828.63945792294703, "median_hh_income": 86250.0, "mean_commute_min": 25.982608695652175 }, "geometry": { "type": "Polygon", "coordinates": [ [ [ -84.2793, 33.7846 ], [ -84.2799, 33.7756 ], [ -84.2656, 33.7815 ], [ -84.2636, 33.7936 ], [ -84.2853, 33.7922 ], [ -84.2894, 33.7877 ], [ -84.2793, 33.7846 ] ] ] } },
{ "type": "Feature", "properties": { "county": "Fulton", "geoid": "13121012300", "pop": 2400.0, "pop_density": 671.77213489184476, "median_hh_income": 59914.0, "mean_commute_min": 27.684 }, "geometry": { "type": "Polygon", "coordinates": [ [ [ -84.4483, 33.6488 ], [ -84.4236, 33.6636 ], [ -84.4232, 33.6654 ], [ -84.437, 33.6707 ], [ -84.4396, 33.6794 ], [ -84.4503, 33.6468 ], [ -84.453, 33.6421 ], [ -84.4483, 33.6488 ] ] ] } },
{ "type": "Feature", "properties": { "county": "DeKalb", "geoid": "13089023214", "pop": 5797.0, "pop_density": 886.10325051775976, "median_hh_income": 60647.0, "mean_commute_min": 34.690939881456394 }, "geometry": { "type": "Polygon", "coordinates": [ [ [ -84.1932, 33.7161 ], [ -84.1971, 33.7047 ], [ -84.1702, 33.7035 ], [ -84.1656, 33.7135 ], [ -84.167, 33.7229 ], [ -84.1899, 33.7287 ], [ -84.1937, 33.7216 ], [ -84.198, 33.7222 ], [ -84.2009, 33.7193 ], [ -84.1932, 33.7161 ] ] ] } },
{ "type": "Feature", "properties": { "county": "DeKalb", "geoid": "13089023313", "pop": 5589.0, "pop_density": 1146.8148750650971, "median_hh_income": 59054.0, "mean_commute_min": 37.054502369668249 }, "geometry": { "type": "Polygon", "coordinates": [ [ [ -84.1111, 33.7269 ], [ -84.1222, 33.741 ], [ -84.1401, 33.7466 ], [ -84.1469, 33.7278 ], [ -84.1111, 33.7269 ] ] ] } },
{ "type": "Feature", "properties": { "county": "DeKalb", "geoid": "13089021101", "pop": 5097.0, "pop_density": 1614.1112017163985, "median_hh_income": 250001.0, "mean_commute_min": 23.2291040288635 }, "geometry": { "type": "Polygon", "coordinates": [ [ [ -84.3273, 33.8804 ], [ -84.3247, 33.8879 ], [ -84.3278, 33.8933 ], [ -84.3438, 33.8964 ], [ -84.3482, 33.9027 ], [ -84.3481, 33.8821 ], [ -84.3273, 33.8804 ] ] ] } },
{ "type": "Feature", "properties": { "county": "DeKalb", "geoid": "13089023107", "pop": 4289.0, "pop_density": 1142.9113514893422, "median_hh_income": 66455.0, "mean_commute_min": 36.525423728813557 }, "geometry": { "type": "Polygon", "coordinates": [ [ [ -84.252, 33.7379 ], [ -84.242, 33.7377 ], [ -84.2435, 33.7605 ], [ -84.2513, 33.765 ], [ -84.2518, 33.7552 ], [ -84.2678, 33.7549 ], [ -84.252, 33.7379 ] ] ] } },
{ "type": "Feature", "properties": { "county": "DeKalb", "geoid": "13089023108", "pop": 4065.0, "pop_density": 1100.4909299513836, "median_hh_income": 37245.0, "mean_commute_min": 35.823321554770317 }, "geometry": { "type": "Polygon", "coordinates": [ [ [ -84.242, 33.7377 ], [ -84.2168, 33.7368 ], [ -84.2198, 33.7457 ], [ -84.2435, 33.7605 ], [ -84.2406, 33.7492 ], [ -84.2438, 33.7411 ], [ -84.242, 33.7377 ] ] ] } },
{ "type": "Feature", "properties": { "county": "DeKalb", "geoid": "13089021217", "pop": 2919.0, "pop_density": 1770.5803427367991, "median_hh_income": 119531.0, "mean_commute_min": 25.144710578842314 }, "geometry": { "type": "Polygon", "coordinates": [ [ [ -84.2819, 33.924 ], [ -84.2881, 33.9365 ], [ -84.2939, 33.9367 ], [ -84.2968, 33.9206 ], [ -84.2819, 33.924 ] ] ] } },
{ "type": "Feature", "properties": { "county": "DeKalb", "geoid": "13089021409", "pop": 4139.0, "pop_density": 3974.2055909650435, "median_hh_income": 76964.0, "mean_commute_min": 27.829635830891586 }, "geometry": { "type": "Polygon", "coordinates": [ [ [ -84.2889, 33.8647 ], [ -84.2903, 33.87 ], [ -84.2959, 33.8691 ], [ -84.295, 33.8622 ], [ -84.3006, 33.86 ], [ -84.3035, 33.8503 ], [ -84.2889, 33.8647 ] ] ] } },
{ "type": "Feature", "properties": { "county": "DeKalb", "geoid": "13089023111", "pop": 2263.0, "pop_density": 968.08154300989929, "median_hh_income": 45795.0, "mean_commute_min": 32.884864165588617 }, "geometry": { "type": "Polygon", "coordinates": [ [ [ -84.232, 33.7527 ], [ -84.2223, 33.7472 ], [ -84.2197, 33.7563 ], [ -84.2232, 33.7638 ], [ -84.2199, 33.7648 ], [ -84.226, 33.7717 ], [ -84.2333, 33.7709 ], [ -84.232, 33.7527 ] ] ] } },
{ "type": "Feature", "properties": { "county": "DeKalb", "geoid": "13089022010", "pop": 2284.0, "pop_density": 1834.9434614071381, "median_hh_income": 84583.0, "mean_commute_min": 32.624190064794817 }, "geometry": { "type": "Polygon", "coordinates": [ [ [ -84.2256, 33.8079 ], [ -84.2245, 33.8179 ], [ -84.2328, 33.8181 ], [ -84.2396, 33.8094 ], [ -84.2256, 33.8079 ] ] ] } },
{ "type": "Feature", "properties": { "county": "DeKalb", "geoid": "13089023113", "pop": 3232.0, "pop_density": 1583.2450350915092, "median_hh_income": 46000.0, "mean_commute_min": 31.128928800513151 }, "geometry": { "type": "Polygon", "coordinates": [ [ [ -84.2493, 33.7721 ], [ -84.2338, 33.7867 ], [ -84.2393, 33.7826 ], [ -84.2494, 33.7831 ], [ -84.2644, 33.7799 ], [ -84.2673, 33.7769 ], [ -84.2493, 33.7721 ] ] ] } },
{ "type": "Feature", "properties": { "county": "DeKalb", "geoid": "13089023209", "pop": 5608.0, "pop_density": 1200.5336466252331, "median_hh_income": 77917.0, "mean_commute_min": 33.223823654090715 }, "geometry": { "type": "Polygon", "coordinates": [ [ [ -84.1784, 33.7598 ], [ -84.1701, 33.7597 ], [ -84.1654, 33.7559 ], [ -84.1631, 33.7868 ], [ -84.1749, 33.7906 ], [ -84.1811, 33.7748 ], [ -84.1784, 33.7598 ] ] ] } },
{ "type": "Feature", "properties": { "county": "DeKalb", "geoid": "13089023211", "pop": 3850.0, "pop_density": 1549.6144277555666, "median_hh_income": 67870.0, "mean_commute_min": 30.494123931623932 }, "geometry": { "type": "Polygon", "coordinates": [ [ [ -84.1945, 33.7312 ], [ -84.1865, 33.7274 ], [ -84.1816, 33.7331 ], [ -84.1848, 33.7349 ], [ -84.1841, 33.7425 ], [ -84.1798, 33.7438 ], [ -84.1882, 33.75 ], [ -84.1974, 33.7495 ], [ -84.1945, 33.7312 ] ] ] } },
{ "type": "Feature", "properties": { "county": "Gwinnett", "geoid": "13135050105", "pop": 5431.0, "pop_density": 378.03499068485866, "median_hh_income": 71250.0, "mean_commute_min": 24.155815972222221 }, "geometry": { "type": "Polygon", "coordinates": [ [ [ -84.0132, 34.0961 ], [ -83.9947, 34.1148 ], [ -83.9871, 34.1067 ], [ -83.9736, 34.1041 ], [ -83.9608, 34.1241 ], [ -83.9501, 34.1275 ], [ -83.9877, 34.1412 ], [ -83.9969, 34.1358 ], [ -84.0023, 34.1229 ], [ -84.0276, 34.1051 ], [ -84.0132, 34.0961 ] ] ] } },
{ "type": "Feature", "properties": { "county": "Gwinnett", "geoid": "13135050205", "pop": 5039.0, "pop_density": 990.42594801983591, "median_hh_income": 90137.0, "mean_commute_min": 23.043827905106554 }, "geometry": { "type": "Polygon", "coordinates": [ [ [ -84.1703, 34.0044 ], [ -84.168, 33.9995 ], [ -84.1513, 34.0065 ], [ -84.1436, 34.0033 ], [ -84.1499, 34.0129 ], [ -84.1681, 34.0288 ], [ -84.1749, 34.0213 ], [ -84.1797, 34.0082 ], [ -84.1703, 34.0044 ] ] ] } },
{ "type": "Feature", "properties": { "county": "Gwinnett", "geoid": "13135050415", "pop": 4223.0, "pop_density": 499.95625530752159, "median_hh_income": 84762.0, "mean_commute_min": 35.229638701775876 }, "geometry": { "type": "Polygon", "coordinates": [ [ [ -84.1134, 33.8075 ], [ -84.0972, 33.7984 ], [ -84.0964, 33.8085 ], [ -84.0754, 33.805 ], [ -84.0786, 33.8072 ], [ -84.0756, 33.8118 ], [ -84.0844, 33.8167 ], [ -84.0867, 33.825 ], [ -84.0818, 33.8264 ], [ -84.081, 33.8321 ], [ -84.0907, 33.8314 ], [ -84.0987, 33.8257 ], [ -84.1263, 33.823 ], [ -84.1134, 33.8075 ] ] ] } },
{ "type": "Feature", "properties": { "county": "Cherokee", "geoid": "13057091105", "pop": 5137.0, "pop_density": 947.46834871040471, "median_hh_income": 68824.0, "mean_commute_min": 30.159172304019101 }, "geometry": { "type": "Polygon", "coordinates": [ [ [ -84.5958, 34.0956 ], [ -84.5919, 34.0956 ], [ -84.592, 34.0881 ], [ -84.577, 34.088 ], [ -84.5829, 34.0938 ], [ -84.581, 34.1093 ], [ -84.5856, 34.1199 ], [ -84.6013, 34.1212 ], [ -84.6014, 34.1141 ], [ -84.5971, 34.108 ], [ -84.604, 34.1037 ], [ -84.5958, 34.0956 ] ] ] } },
{ "type": "Feature", "properties": { "county": "Cherokee", "geoid": "13057091012", "pop": 3992.0, "pop_density": 924.05867309618918, "median_hh_income": 74661.0, "mean_commute_min": 29.119777158774372 }, "geometry": { "type": "Polygon", "coordinates": [ [ [ -84.5493, 34.0944 ], [ -84.5465, 34.0876 ], [ -84.5407, 34.0853 ], [ -84.5354, 34.0857 ], [ -84.5302, 34.1 ], [ -84.5305, 34.1025 ], [ -84.5369, 34.1023 ], [ -84.5481, 34.1072 ], [ -84.55, 34.1063 ], [ -84.5425, 34.1038 ], [ -84.5515, 34.0978 ], [ -84.5576, 34.1013 ], [ -84.5558, 34.1053 ], [ -84.5591, 34.1072 ], [ -84.5654, 34.1071 ], [ -84.5716, 34.1007 ], [ -84.5493, 34.0944 ] ] ] } },
{ "type": "Feature", "properties": { "county": "DeKalb", "geoid": "13089023115", "pop": 1803.0, "pop_density": 2720.6880941602535, "median_hh_income": -666666666.0, "mean_commute_min": -666666666.0 }, "geometry": { "type": "Polygon", "coordinates": [ [ [ -84.2422, 33.771 ], [ -84.2334, 33.7709 ], [ -84.2413, 33.778 ], [ -84.2493, 33.7721 ], [ -84.2422, 33.771 ] ] ] } },
{ "type": "Feature", "properties": { "county": "DeKalb", "geoid": "13089023422", "pop": 6199.0, "pop_density": 686.11883857203156, "median_hh_income": 64028.0, "mean_commute_min": 29.034412955465587 }, "geometry": { "type": "Polygon", "coordinates": [ [ [ -84.2826, 33.6473 ], [ -84.2541, 33.647 ], [ -84.2535, 33.6541 ], [ -84.2464, 33.6602 ], [ -84.2452, 33.6671 ], [ -84.2504, 33.6746 ], [ -84.2776, 33.6735 ], [ -84.2829, 33.6588 ], [ -84.2865, 33.6578 ], [ -84.2826, 33.6473 ] ] ] } },
{ "type": "Feature", "properties": { "county": "DeKalb", "geoid": "13089023424", "pop": 5436.0, "pop_density": 774.80222303813684, "median_hh_income": 77284.0, "mean_commute_min": 40.433539780848022 }, "geometry": { "type": "Polygon", "coordinates": [ [ [ -84.3057, 33.6621 ], [ -84.2843, 33.6579 ], [ -84.2726, 33.6845 ], [ -84.3043, 33.6828 ], [ -84.3088, 33.6731 ], [ -84.3057, 33.6621 ] ] ] } },
{ "type": "Feature", "properties": { "county": "DeKalb", "geoid": "13089023427", "pop": 2994.0, "pop_density": 658.55591489451558, "median_hh_income": 66250.0, "mean_commute_min": 36.740139211136892 }, "geometry": { "type": "Polygon", "coordinates": [ [ [ -84.1567, 33.6751 ], [ -84.1527, 33.6667 ], [ -84.1463, 33.6774 ], [ -84.133, 33.6865 ], [ -84.1518, 33.6842 ], [ -84.1577, 33.6907 ], [ -84.163, 33.6906 ], [ -84.1756, 33.6871 ], [ -84.1756, 33.6785 ], [ -84.1567, 33.6751 ] ] ] } },
{ "type": "Feature", "properties": { "county": "DeKalb", "geoid": "13089021204", "pop": 2973.0, "pop_density": 634.75592961959478, "median_hh_income": 35268.0, "mean_commute_min": 25.12323943661972 }, "geometry": { "type": "Polygon", "coordinates": [ [ [ -84.3095, 33.8654 ], [ -84.3024, 33.8665 ], [ -84.2951, 33.8734 ], [ -84.2858, 33.89 ], [ -84.288, 33.8973 ], [ -84.2988, 33.8933 ], [ -84.3105, 33.8857 ], [ -84.3095, 33.8654 ] ] ] } },
{ "type": "Feature", "properties": { "county": "Fulton", "geoid": "13121011439", "pop": 4020.0, "pop_density": 958.94453126099529, "median_hh_income": 117422.0, "mean_commute_min": 29.689781021897812 }, "geometry": { "type": "Polygon", "coordinates": [ [ [ -84.288, 33.9858 ], [ -84.2934, 33.9764 ], [ -84.2851, 33.9757 ], [ -84.2769, 33.98 ], [ -84.2681, 33.9721 ], [ -84.2627, 33.9734 ], [ -84.2678, 33.984 ], [ -84.28, 33.9925 ], [ -84.2845, 34.0002 ], [ -84.2891, 34.002 ], [ -84.294, 33.9953 ], [ -84.288, 33.9858 ] ] ] } },
{ "type": "Feature", "properties": { "county": "Fulton", "geoid": "13121011429", "pop": 5340.0, "pop_density": 1443.6845424912317, "median_hh_income": 128607.0, "mean_commute_min": 31.025459688826025 }, "geometry": { "type": "Polygon", "coordinates": [ [ [ -84.2802, 34.0357 ], [ -84.271, 34.0321 ], [ -84.27, 34.0214 ], [ -84.2514, 34.0257 ], [ -84.2493, 34.0305 ], [ -84.2574, 34.0394 ], [ -84.2687, 34.0369 ], [ -84.2797, 34.043 ], [ -84.2848, 34.042 ], [ -84.2802, 34.0357 ] ] ] } },
{ "type": "Feature", "properties": { "county": "Fulton", "geoid": "13121011441", "pop": 3651.0, "pop_density": 1099.8972404961016, "median_hh_income": 119893.0, "mean_commute_min": 29.672190201729105 }, "geometry": { "type": "Polygon", "coordinates": [ [ [ -84.3057, 34.0132 ], [ -84.2884, 34.0153 ], [ -84.2937, 34.0104 ], [ -84.2888, 34.0094 ], [ -84.2759, 34.0203 ], [ -84.2848, 34.0205 ], [ -84.2991, 34.0257 ], [ -84.3173, 34.0205 ], [ -84.3057, 34.0132 ] ] ] } },
{ "type": "Feature", "properties": { "county": "Fulton", "geoid": "13121011444", "pop": 3589.0, "pop_density": 492.06714817678767, "median_hh_income": 171339.0, "mean_commute_min": 34.22831632653061 }, "geometry": { "type": "Polygon", "coordinates": [ [ [ -84.2628, 33.9737 ], [ -84.2627, 33.9872 ], [ -84.2541, 33.9864 ], [ -84.2483, 33.9983 ], [ -84.2241, 34.0039 ], [ -84.2197, 34.0112 ], [ -84.231, 34.0154 ], [ -84.2386, 34.023 ], [ -84.2456, 34.0204 ], [ -84.2527, 34.0242 ], [ -84.2507, 34.0151 ], [ -84.2594, 33.9905 ], [ -84.2691, 33.9854 ], [ -84.2628, 33.9737 ] ] ] } },
{ "type": "Feature", "properties": { "county": "Fulton", "geoid": "13121011644", "pop": 4128.0, "pop_density": 3922.8543326728723, "median_hh_income": 114028.0, "mean_commute_min": 28.973320628870891 }, "geometry": { "type": "Polygon", "coordinates": [ [ [ -84.2645, 34.098 ], [ -84.2596, 34.0975 ], [ -84.2549, 34.1074 ], [ -84.2596, 34.1101 ], [ -84.2671, 34.1089 ], [ -84.2645, 34.098 ] ] ] } },
{ "type": "Feature", "properties": { "county": "Fulton", "geoid": "13121011652", "pop": 2766.0, "pop_density": 408.37864229899162, "median_hh_income": 109132.0, "mean_commute_min": 21.680967238689547 }, "geometry": { "type": "Polygon", "coordinates": [ [ [ -84.2507, 34.0785 ], [ -84.2335, 34.0907 ], [ -84.2272, 34.0894 ], [ -84.2217, 34.0944 ], [ -84.2127, 34.0921 ], [ -84.2098, 34.0942 ], [ -84.2176, 34.1002 ], [ -84.23, 34.0966 ], [ -84.2354, 34.1013 ], [ -84.2446, 34.1027 ], [ -84.261, 34.0895 ], [ -84.269, 34.0748 ], [ -84.2507, 34.0785 ] ] ] } },
{ "type": "Feature", "properties": { "county": "Fulton", "geoid": "13121011656", "pop": 3907.0, "pop_density": 933.40678904719869, "median_hh_income": 178461.0, "mean_commute_min": 23.858230256898192 }, "geometry": { "type": "Polygon", "coordinates": [ [ [ -84.2316, 34.0726 ], [ -84.2261, 34.0648 ], [ -84.2127, 34.0648 ], [ -84.2053, 34.0701 ], [ -84.2064, 34.0775 ], [ -84.2141, 34.0801 ], [ -84.2289, 34.0784 ], [ -84.242, 34.0836 ], [ -84.2507, 34.0785 ], [ -84.2316, 34.0726 ] ] ] } },
{ "type": "Feature", "properties": { "county": "Fulton", "geoid": "13121011509", "pop": 2422.0, "pop_density": 195.46331423140791, "median_hh_income": 226453.0, "mean_commute_min": 48.016928657799276 }, "geometry": { "type": "Polygon", "coordinates": [ [ [ -84.3861, 34.0893 ], [ -84.3791, 34.0893 ], [ -84.3714, 34.0942 ], [ -84.3703, 34.089 ], [ -84.3608, 34.0888 ], [ -84.3616, 34.1054 ], [ -84.3699, 34.115 ], [ -84.3815, 34.1191 ], [ -84.3879, 34.1196 ], [ -84.3998, 34.1096 ], [ -84.4184, 34.109 ], [ -84.4186, 34.0968 ], [ -84.3861, 34.0893 ] ] ] } },
{ "type": "Feature", "properties": { "county": "Fulton", "geoid": "13121011634", "pop": 2656.0, "pop_density": 1701.808107039629, "median_hh_income": 90469.0, "mean_commute_min": 24.6 }, "geometry": { "type": "Polygon", "coordinates": [ [ [ -84.2231, 34.0464 ], [ -84.2127, 34.0648 ], [ -84.226, 34.0606 ], [ -84.2313, 34.0558 ], [ -84.2231, 34.0464 ] ] ] } },
{ "type": "Feature", "properties": { "county": "Fulton", "geoid": "13121011651", "pop": 1811.0, "pop_density": 680.6062544370003, "median_hh_income": 144886.0, "mean_commute_min": 28.787680209698557 }, "geometry": { "type": "Polygon", "coordinates": [ [ [ -84.239, 34.0683 ], [ -84.2368, 34.0652 ], [ -84.2414, 34.0604 ], [ -84.2313, 34.0558 ], [ -84.2185, 34.0639 ], [ -84.2284, 34.0658 ], [ -84.231, 34.0721 ], [ -84.2377, 34.0754 ], [ -84.2507, 34.0785 ], [ -84.2509, 34.0693 ], [ -84.239, 34.0683 ] ] ] } },
{ "type": "Feature", "properties": { "county": "DeKalb", "geoid": "13089023212", "pop": 3358.0, "pop_density": 956.42703014311655, "median_hh_income": 64698.0, "mean_commute_min": 32.045883092394718 }, "geometry": { "type": "Polygon", "coordinates": [ [ [ -84.167, 33.7229 ], [ -84.1695, 33.7374 ], [ -84.1654, 33.7476 ], [ -84.1712, 33.7475 ], [ -84.176, 33.743 ], [ -84.1838, 33.7432 ], [ -84.1848, 33.7349 ], [ -84.1816, 33.7331 ], [ -84.1862, 33.7277 ], [ -84.167, 33.7229 ] ] ] } },
{ "type": "Feature", "properties": { "county": "Douglas", "geoid": "13097080509", "pop": 6254.0, "pop_density": 724.3026589111231, "median_hh_income": 123696.0, "mean_commute_min": 36.672207446808514 }, "geometry": { "type": "Polygon", "coordinates": [ [ [ -84.7514, 33.6968 ], [ -84.7331, 33.6956 ], [ -84.7155, 33.7001 ], [ -84.7038, 33.7126 ], [ -84.7167, 33.7143 ], [ -84.7214, 33.7124 ], [ -84.7223, 33.7196 ], [ -84.7351, 33.7249 ], [ -84.7444, 33.7103 ], [ -84.7653, 33.703 ], [ -84.7514, 33.6968 ] ] ] } },
{ "type": "Feature", "properties": { "county": "DeKalb", "geoid": "13089020802", "pop": 4253.0, "pop_density": 1576.3943380274279, "median_hh_income": 112500.0, "mean_commute_min": 26.0625814863103 }, "geometry": { "type": "Polygon", "coordinates": [ [ [ -84.3137, 33.7395 ], [ -84.2903, 33.7389 ], [ -84.2906, 33.7531 ], [ -84.3113, 33.7529 ], [ -84.3155, 33.7425 ], [ -84.3137, 33.7395 ] ], [ [ -84.2952, 33.7449 ], [ -84.2953, 33.7397 ], [ -84.3097, 33.7407 ], [ -84.3097, 33.7453 ], [ -84.2952, 33.7449 ] ] ] } },
{ "type": "Feature", "properties": { "county": "DeKalb", "geoid": "13089021911", "pop": 2949.0, "pop_density": 3247.8188181860232, "median_hh_income": 43661.0, "mean_commute_min": 33.936249073387692 }, "geometry": { "type": "Polygon", "coordinates": [ [ [ -84.1937, 33.8115 ], [ -84.1892, 33.8116 ], [ -84.1905, 33.8291 ], [ -84.1962, 33.829 ], [ -84.1937, 33.8115 ] ] ] } },
{ "type": "Feature", "properties": { "county": "DeKalb", "geoid": "13089021410", "pop": 5402.0, "pop_density": 1987.2305172685255, "median_hh_income": 78192.0, "mean_commute_min": 27.645593273123637 }, "geometry": { "type": "Polygon", "coordinates": [ [ [ -84.3132, 33.8406 ], [ -84.3084, 33.842 ], [ -84.3006, 33.86 ], [ -84.295, 33.8622 ], [ -84.2947, 33.8701 ], [ -84.3119, 33.858 ], [ -84.3155, 33.8482 ], [ -84.3132, 33.8406 ] ] ] } },
{ "type": "Feature", "properties": { "county": "DeKalb", "geoid": "13089021503", "pop": 3707.0, "pop_density": 1924.9353118919669, "median_hh_income": 74783.0, "mean_commute_min": 20.947488584474886 }, "geometry": { "type": "Polygon", "coordinates": [ [ [ -84.3197, 33.8151 ], [ -84.3121, 33.8177 ], [ -84.3157, 33.822 ], [ -84.3297, 33.8276 ], [ -84.3347, 33.8238 ], [ -84.3348, 33.8157 ], [ -84.3197, 33.8151 ] ] ] } },
{ "type": "Feature", "properties": { "county": "Fulton", "geoid": "13121001001", "pop": 4800.0, "pop_density": 5132.2956116734058, "median_hh_income": 100278.0, "mean_commute_min": 16.097628240485385 }, "geometry": { "type": "Polygon", "coordinates": [ [ [ -84.3911, 33.7815 ], [ -84.3905, 33.7713 ], [ -84.3874, 33.7713 ], [ -84.3878, 33.7867 ], [ -84.3987, 33.7862 ], [ -84.3991, 33.7825 ], [ -84.3911, 33.7815 ] ] ] } },
{ "type": "Feature", "properties": { "county": "Fulton", "geoid": "13121008903", "pop": 2869.0, "pop_density": 2492.3596017089471, "median_hh_income": 90492.0, "mean_commute_min": 26.905901116427433 }, "geometry": { "type": "Polygon", "coordinates": [ [ [ -84.4356, 33.8083 ], [ -84.4311, 33.8116 ], [ -84.4412, 33.8191 ], [ -84.4579, 33.8246 ], [ -84.4356, 33.8083 ] ] ] } },
{ "type": "Feature", "properties": { "county": "Fulton", "geoid": "13121004300", "pop": 2447.0, "pop_density": 3921.4617901865704, "median_hh_income": -666666666.0, "mean_commute_min": 34.672977624784856 }, "geometry": { "type": "Polygon", "coordinates": [ [ [ -84.4115, 33.7414 ], [ -84.4001, 33.7473 ], [ -84.4045, 33.7489 ], [ -84.4066, 33.7463 ], [ -84.4176, 33.7465 ], [ -84.4115, 33.7414 ] ] ] } },
{ "type": "Feature", "properties": { "county": "Fulton", "geoid": "13121980000", "pop": 0.0, "pop_density": 0.0, "median_hh_income": -666666666.0, "mean_commute_min": -666666666.0 }, "geometry": { "type": "MultiPolygon", "coordinates": [ [ [ [ -84.4049, 33.6485 ], [ -84.4175, 33.6573 ], [ -84.4231, 33.6578 ], [ -84.4346, 33.6567 ], [ -84.4458, 33.6488 ], [ -84.4049, 33.6485 ] ] ], [ [ [ -84.4483, 33.6468 ], [ -84.453, 33.642 ], [ -84.4482, 33.6412 ], [ -84.4483, 33.6468 ] ] ] ] } },
{ "type": "Feature", "properties": { "county": "Douglas", "geoid": "13097080303", "pop": 3171.0, "pop_density": 611.86284547289029, "median_hh_income": 45462.0, "mean_commute_min": 28.889361702127658 }, "geometry": { "type": "Polygon", "coordinates": [ [ [ -84.7357, 33.7504 ], [ -84.7154, 33.7506 ], [ -84.7055, 33.7539 ], [ -84.7025, 33.7634 ], [ -84.7057, 33.7772 ], [ -84.7188, 33.7651 ], [ -84.7418, 33.7539 ], [ -84.7357, 33.7504 ] ] ] } },
{ "type": "Feature", "properties": { "county": "Douglas", "geoid": "13097080304", "pop": 5943.0, "pop_density": 577.25964173186048, "median_hh_income": 49704.0, "mean_commute_min": 21.575787893946973 }, "geometry": { "type": "Polygon", "coordinates": [ [ [ -84.7367, 33.7329 ], [ -84.7154, 33.7506 ], [ -84.7367, 33.7505 ], [ -84.7418, 33.7539 ], [ -84.7654, 33.7445 ], [ -84.7777, 33.7425 ], [ -84.7768, 33.7232 ], [ -84.7367, 33.7329 ] ] ] } },
{ "type": "Feature", "properties": { "county": "DeKalb", "geoid": "13089021208", "pop": 4839.0, "pop_density": 1339.3461366963404, "median_hh_income": 80960.0, "mean_commute_min": 25.707003546099291 }, "geometry": { "type": "Polygon", "coordinates": [ [ [ -84.2891, 33.8973 ], [ -84.2939, 33.8963 ], [ -84.297, 33.9096 ], [ -84.3041, 33.9181 ], [ -84.3109, 33.9114 ], [ -84.3046, 33.8956 ], [ -84.3225, 33.8788 ], [ -84.2891, 33.8973 ] ] ] } },
{ "type": "Feature", "properties": { "county": "Douglas", "geoid": "13097080508", "pop": 5080.0, "pop_density": 783.78805383574763, "median_hh_income": 68224.0, "mean_commute_min": 33.77581755593804 }, "geometry": { "type": "Polygon", "coordinates": [ [ [ -84.7653, 33.703 ], [ -84.7545, 33.7086 ], [ -84.7471, 33.7086 ], [ -84.7404, 33.7134 ], [ -84.7351, 33.7249 ], [ -84.7374, 33.7327 ], [ -84.7621, 33.7279 ], [ -84.7709, 33.705 ], [ -84.7653, 33.703 ] ] ] } },
{ "type": "Feature", "properties": { "county": "DeKalb", "geoid": "13089021210", "pop": 5892.0, "pop_density": 934.73897430007207, "median_hh_income": 213750.0, "mean_commute_min": 23.574369531652085 }, "geometry": { "type": "Polygon", "coordinates": [ [ [ -84.3138, 33.9293 ], [ -84.3073, 33.9346 ], [ -84.2988, 33.9359 ], [ -84.2979, 33.94 ], [ -84.2939, 33.9367 ], [ -84.2967, 33.9451 ], [ -84.2945, 33.9506 ], [ -84.3014, 33.9582 ], [ -84.3343, 33.9461 ], [ -84.3138, 33.9293 ] ] ] } },
{ "type": "Feature", "properties": { "county": "DeKalb", "geoid": "13089021211", "pop": 4787.0, "pop_density": 958.75932897662301, "median_hh_income": 151458.0, "mean_commute_min": 27.411649214659686 }, "geometry": { "type": "Polygon", "coordinates": [ [ [ -84.2945, 33.9506 ], [ -84.2966, 33.945 ], [ -84.2932, 33.9364 ], [ -84.2725, 33.9408 ], [ -84.2659, 33.9479 ], [ -84.2715, 33.9559 ], [ -84.2753, 33.9541 ], [ -84.2772, 33.9578 ], [ -84.2805, 33.956 ], [ -84.2945, 33.9598 ], [ -84.3014, 33.9582 ], [ -84.2945, 33.9506 ] ] ] } },
{ "type": "Feature", "properties": { "county": "DeKalb", "geoid": "13089021808", "pop": 4875.0, "pop_density": 1620.8387666065321, "median_hh_income": 122135.0, "mean_commute_min": 30.143943508962522 }, "geometry": { "type": "Polygon", "coordinates": [ [ [ -84.2494, 33.8694 ], [ -84.2451, 33.8706 ], [ -84.2397, 33.8676 ], [ -84.2302, 33.8707 ], [ -84.228, 33.8733 ], [ -84.2307, 33.8769 ], [ -84.2271, 33.8802 ], [ -84.2394, 33.8848 ], [ -84.2527, 33.8756 ], [ -84.2494, 33.8694 ] ] ] } },
{ "type": "Feature", "properties": { "county": "DeKalb", "geoid": "13089023410", "pop": 3453.0, "pop_density": 1069.8673246779322, "median_hh_income": 39500.0, "mean_commute_min": 35.82254584681769 }, "geometry": { "type": "Polygon", "coordinates": [ [ [ -84.2923, 33.7056 ], [ -84.2778, 33.705 ], [ -84.275, 33.6991 ], [ -84.258, 33.699 ], [ -84.2576, 33.703 ], [ -84.2625, 33.7034 ], [ -84.2656, 33.7097 ], [ -84.2719, 33.7098 ], [ -84.2723, 33.7137 ], [ -84.2888, 33.7122 ], [ -84.2981, 33.7145 ], [ -84.2923, 33.7056 ] ] ] } },
{ "type": "Feature", "properties": { "county": "DeKalb", "geoid": "13089023411", "pop": 3341.0, "pop_density": 1147.4644675830127, "median_hh_income": 53783.0, "mean_commute_min": 37.374343585896476 }, "geometry": { "type": "Polygon", "coordinates": [ [ [ -84.2994, 33.7063 ], [ -84.3008, 33.7014 ], [ -84.2936, 33.693 ], [ -84.275, 33.6991 ], [ -84.2778, 33.705 ], [ -84.2923, 33.7056 ], [ -84.2978, 33.715 ], [ -84.3056, 33.7153 ], [ -84.2994, 33.7063 ] ] ] } },
{ "type": "Feature", "properties": { "county": "DeKalb", "geoid": "13089023413", "pop": 3852.0, "pop_density": 962.36748397116003, "median_hh_income": 86458.0, "mean_commute_min": 35.189048239895698 }, "geometry": { "type": "Polygon", "coordinates": [ [ [ -84.2488, 33.6837 ], [ -84.23, 33.6813 ], [ -84.223, 33.6985 ], [ -84.2383, 33.6947 ], [ -84.2413, 33.6981 ], [ -84.2515, 33.6989 ], [ -84.2522, 33.7019 ], [ -84.2581, 33.6985 ], [ -84.2488, 33.6837 ] ] ] } },
{ "type": "Feature", "properties": { "county": "DeKalb", "geoid": "13089021604", "pop": 3073.0, "pop_density": 884.55862309368695, "median_hh_income": 182105.0, "mean_commute_min": 30.58982266769468 }, "geometry": { "type": "Polygon", "coordinates": [ [ [ -84.3027, 33.8202 ], [ -84.2928, 33.8248 ], [ -84.2861, 33.8456 ], [ -84.3009, 33.8389 ], [ -84.3119, 33.8375 ], [ -84.3027, 33.8202 ] ] ] } },
{ "type": "Feature", "properties": { "county": "DeKalb", "geoid": "13089021910", "pop": 7857.0, "pop_density": 2128.4567104087955, "median_hh_income": 46368.0, "mean_commute_min": 31.685528120713307 }, "geometry": { "type": "Polygon", "coordinates": [ [ [ -84.2228, 33.8184 ], [ -84.2113, 33.8186 ], [ -84.2062, 33.8117 ], [ -84.1937, 33.8115 ], [ -84.1982, 33.8321 ], [ -84.2065, 33.8326 ], [ -84.2098, 33.8263 ], [ -84.2231, 33.8221 ], [ -84.2228, 33.8184 ] ] ] } },
{ "type": "Feature", "properties": { "county": "DeKalb", "geoid": "13089023112", "pop": 3978.0, "pop_density": 1611.1746994539503, "median_hh_income": 37198.0, "mean_commute_min": 39.035623409669213 }, "geometry": { "type": "Polygon", "coordinates": [ [ [ -84.2501, 33.763 ], [ -84.232, 33.7527 ], [ -84.2334, 33.7709 ], [ -84.2543, 33.7717 ], [ -84.2501, 33.763 ] ] ] } },
{ "type": "Feature", "properties": { "county": "DeKalb", "geoid": "13089023114", "pop": 3855.0, "pop_density": 1616.603672940319, "median_hh_income": 50069.0, "mean_commute_min": 35.832755031228317 }, "geometry": { "type": "Polygon", "coordinates": [ [ [ -84.2334, 33.7709 ], [ -84.2238, 33.7703 ], [ -84.2196, 33.7825 ], [ -84.2338, 33.7867 ], [ -84.2414, 33.7781 ], [ -84.2334, 33.7709 ] ] ] } },
{ "type": "Feature", "properties": { "county": "DeKalb", "geoid": "13089023213", "pop": 7620.0, "pop_density": 1504.1304369281788, "median_hh_income": 64524.0, "mean_commute_min": 31.223195409241921 }, "geometry": { "type": "Polygon", "coordinates": [ [ [ -84.1971, 33.7046 ], [ -84.1932, 33.7161 ], [ -84.2008, 33.7197 ], [ -84.1937, 33.7216 ], [ -84.1899, 33.7287 ], [ -84.2138, 33.7345 ], [ -84.2174, 33.7116 ], [ -84.1971, 33.7046 ] ] ] } },
{ "type": "Feature", "properties": { "county": "Gwinnett", "geoid": "13135050315", "pop": 6146.0, "pop_density": 2237.3034123427365, "median_hh_income": 60122.0, "mean_commute_min": 26.851546391752578 }, "geometry": { "type": "Polygon", "coordinates": [ [ [ -84.2753, 33.9541 ], [ -84.2715, 33.9559 ], [ -84.2673, 33.9471 ], [ -84.2509, 33.9453 ], [ -84.2502, 33.9539 ], [ -84.2647, 33.9652 ], [ -84.2771, 33.9576 ], [ -84.2753, 33.9541 ] ] ] } },
{ "type": "Feature", "properties": { "county": "Fulton", "geoid": "13121007603", "pop": 3454.0, "pop_density": 1094.4434340048074, "median_hh_income": 22250.0, "mean_commute_min": 68.63227146814404 }, "geometry": { "type": "Polygon", "coordinates": [ [ [ -84.4497, 33.6981 ], [ -84.4494, 33.7056 ], [ -84.4429, 33.7057 ], [ -84.443, 33.7011 ], [ -84.4293, 33.6998 ], [ -84.4261, 33.7146 ], [ -84.4466, 33.711 ], [ -84.4572, 33.7065 ], [ -84.4573, 33.6992 ], [ -84.4497, 33.6981 ] ] ] } },
{ "type": "Feature", "properties": { "county": "Fulton", "geoid": "13121007604", "pop": 3385.0, "pop_density": 3025.2196970847963, "median_hh_income": 27215.0, "mean_commute_min": 30.565167243367934 }, "geometry": { "type": "Polygon", "coordinates": [ [ [ -84.4749, 33.6978 ], [ -84.4607, 33.6977 ], [ -84.4573, 33.6992 ], [ -84.4572, 33.7065 ], [ -84.4697, 33.7026 ], [ -84.4762, 33.7024 ], [ -84.4749, 33.6978 ] ] ] } },
{ "type": "Feature", "properties": { "county": "Fulton", "geoid": "13121007703", "pop": 3459.0, "pop_density": 764.15290038994112, "median_hh_income": 56063.0, "mean_commute_min": 33.916609706083392 }, "geometry": { "type": "Polygon", "coordinates": [ [ [ -84.4999, 33.6901 ], [ -84.4975, 33.7064 ], [ -84.5026, 33.723 ], [ -84.5102, 33.7238 ], [ -84.5061, 33.7102 ], [ -84.5182, 33.7081 ], [ -84.5181, 33.6932 ], [ -84.4999, 33.6901 ] ] ] } },
{ "type": "Feature", "properties": { "county": "DeKalb", "geoid": "13089021213", "pop": 3593.0, "pop_density": 1189.8426579621271, "median_hh_income": 220429.0, "mean_commute_min": 21.718181818181819 }, "geometry": { "type": "Polygon", "coordinates": [ [ [ -84.3343, 33.9461 ], [ -84.3393, 33.97 ], [ -84.3462, 33.966 ], [ -84.3474, 33.9681 ], [ -84.3478, 33.938 ], [ -84.3343, 33.9461 ] ] ] } },
{ "type": "Feature", "properties": { "county": "DeKalb", "geoid": "13089021301", "pop": 3617.0, "pop_density": 952.41656283210818, "median_hh_income": 59913.0, "mean_commute_min": 25.432852386237514 }, "geometry": { "type": "Polygon", "coordinates": [ [ [ -84.297, 33.9096 ], [ -84.2939, 33.8963 ], [ -84.288, 33.8973 ], [ -84.2858, 33.89 ], [ -84.2739, 33.903 ], [ -84.2924, 33.9185 ], [ -84.3052, 33.9204 ], [ -84.297, 33.9096 ] ] ] } },
{ "type": "Feature", "properties": { "county": "DeKalb", "geoid": "13089021812", "pop": 2973.0, "pop_density": 1327.3340631512776, "median_hh_income": 76750.0, "mean_commute_min": 24.707317073170731 }, "geometry": { "type": "Polygon", "coordinates": [ [ [ -84.2451, 33.8833 ], [ -84.2381, 33.885 ], [ -84.2283, 33.8803 ], [ -84.2192, 33.881 ], [ -84.2242, 33.8862 ], [ -84.2301, 33.8864 ], [ -84.2342, 33.8918 ], [ -84.2427, 33.8896 ], [ -84.247, 33.8931 ], [ -84.247, 33.8962 ], [ -84.2428, 33.8978 ], [ -84.2442, 33.9013 ], [ -84.2507, 33.8973 ], [ -84.2451, 33.8833 ] ] ] } },
{ "type": "Feature", "properties": { "county": "DeKalb", "geoid": "13089023311", "pop": 5205.0, "pop_density": 1058.8274782513174, "median_hh_income": 80233.0, "mean_commute_min": 36.707968901846456 }, "geometry": { "type": "Polygon", "coordinates": [ [ [ -84.1276, 33.7778 ], [ -84.1188, 33.7741 ], [ -84.118, 33.7587 ], [ -84.1071, 33.7615 ], [ -84.1008, 33.7681 ], [ -84.1021, 33.7851 ], [ -84.1286, 33.7848 ], [ -84.1276, 33.7778 ] ] ] } },
{ "type": "Feature", "properties": { "county": "DeKalb", "geoid": "13089021908", "pop": 5492.0, "pop_density": 1634.871706330365, "median_hh_income": 50422.0, "mean_commute_min": 28.660752920813501 }, "geometry": { "type": "Polygon", "coordinates": [ [ [ -84.2061, 33.8012 ], [ -84.1936, 33.8024 ], [ -84.1957, 33.7871 ], [ -84.1859, 33.789 ], [ -84.1822, 33.7947 ], [ -84.1871, 33.8062 ], [ -84.1824, 33.8115 ], [ -84.2062, 33.8117 ], [ -84.2061, 33.8012 ] ] ] } },
{ "type": "Feature", "properties": { "county": "DeKalb", "geoid": "13089023504", "pop": 2882.0, "pop_density": 1312.0306656438715, "median_hh_income": 49156.0, "mean_commute_min": 42.196787148594375 }, "geometry": { "type": "Polygon", "coordinates": [ [ [ -84.2723, 33.7137 ], [ -84.2643, 33.7153 ], [ -84.2671, 33.7317 ], [ -84.2832, 33.7318 ], [ -84.2723, 33.7137 ] ] ] } },
{ "type": "Feature", "properties": { "county": "DeKalb", "geoid": "13089023505", "pop": 2991.0, "pop_density": 1372.789125637514, "median_hh_income": 60625.0, "mean_commute_min": 39.964317573595004 }, "geometry": { "type": "Polygon", "coordinates": [ [ [ -84.2643, 33.7153 ], [ -84.2524, 33.7162 ], [ -84.2522, 33.7314 ], [ -84.2671, 33.7317 ], [ -84.2643, 33.7153 ] ] ] } },
{ "type": "Feature", "properties": { "county": "DeKalb", "geoid": "13089023506", "pop": 6126.0, "pop_density": 1142.7682413401167, "median_hh_income": 65642.0, "mean_commute_min": 29.317976513098465 }, "geometry": { "type": "Polygon", "coordinates": [ [ [ -84.237, 33.7143 ], [ -84.229, 33.7168 ], [ -84.2272, 33.7371 ], [ -84.252, 33.7379 ], [ -84.2524, 33.7167 ], [ -84.237, 33.7143 ] ] ] } },
{ "type": "Feature", "properties": { "county": "DeKalb", "geoid": "13089023426", "pop": 4184.0, "pop_density": 782.02727862170309, "median_hh_income": 71192.0, "mean_commute_min": 36.701219512195124 }, "geometry": { "type": "Polygon", "coordinates": [ [ [ -84.2087, 33.6606 ], [ -84.2029, 33.658 ], [ -84.204, 33.6519 ], [ -84.1912, 33.6561 ], [ -84.1894, 33.6503 ], [ -84.1892, 33.6584 ], [ -84.1978, 33.6665 ], [ -84.1971, 33.6829 ], [ -84.2021, 33.6867 ], [ -84.2132, 33.6839 ], [ -84.2156, 33.6724 ], [ -84.2087, 33.6606 ] ] ] } },
{ "type": "Feature", "properties": { "county": "Fulton", "geoid": "13121011306", "pop": 3050.0, "pop_density": 424.78623503185622, "median_hh_income": 52554.0, "mean_commute_min": 30.371134020618555 }, "geometry": { "type": "Polygon", "coordinates": [ [ [ -84.5055, 33.6215 ], [ -84.4885, 33.6232 ], [ -84.4972, 33.6455 ], [ -84.4977, 33.6607 ], [ -84.5064, 33.6599 ], [ -84.5062, 33.6542 ], [ -84.5216, 33.6558 ], [ -84.5055, 33.6215 ] ] ] } },
{ "type": "Feature", "properties": { "county": "Gwinnett", "geoid": "13135050416", "pop": 3991.0, "pop_density": 704.65519125712001, "median_hh_income": 75455.0, "mean_commute_min": 37.717391304347828 }, "geometry": { "type": "Polygon", "coordinates": [ [ [ -84.0759, 33.7775 ], [ -84.0582, 33.7728 ], [ -84.0628, 33.7753 ], [ -84.0614, 33.7776 ], [ -84.0678, 33.777 ], [ -84.0709, 33.7792 ], [ -84.0706, 33.7816 ], [ -84.0679, 33.7786 ], [ -84.0659, 33.7801 ], [ -84.0655, 33.7871 ], [ -84.0704, 33.7903 ], [ -84.0742, 33.8043 ], [ -84.0964, 33.8085 ], [ -84.0972, 33.7986 ], [ -84.0759, 33.7775 ] ] ] } },
{ "type": "Feature", "properties": { "county": "Fulton", "geoid": "13121009501", "pop": 3491.0, "pop_density": 775.02927173001365, "median_hh_income": 151404.0, "mean_commute_min": 26.832023575638505 }, "geometry": { "type": "Polygon", "coordinates": [ [ [ -84.4005, 33.8157 ], [ -84.3939, 33.8188 ], [ -84.3891, 33.8177 ], [ -84.3878, 33.8363 ], [ -84.3915, 33.8443 ], [ -84.3966, 33.8442 ], [ -84.4074, 33.835 ], [ -84.4076, 33.8204 ], [ -84.4005, 33.8157 ] ] ] } },
{ "type": "Feature", "properties": { "county": "Paulding", "geoid": "13223120601", "pop": 5211.0, "pop_density": 419.50502753952691, "median_hh_income": 74966.0, "mean_commute_min": 36.852361302154975 }, "geometry": { "type": "Polygon", "coordinates": [ [ [ -84.7579, 33.8002 ], [ -84.7504, 33.7878 ], [ -84.7241, 33.7886 ], [ -84.7249, 33.8276 ], [ -84.7291, 33.8304 ], [ -84.7348, 33.8227 ], [ -84.7373, 33.8258 ], [ -84.7479, 33.8276 ], [ -84.7497, 33.8233 ], [ -84.7586, 33.8186 ], [ -84.7579, 33.8002 ] ] ] } },
{ "type": "Feature", "properties": { "county": "Paulding", "geoid": "13223120104", "pop": 3404.0, "pop_density": 29.013364404566921, "median_hh_income": 84515.0, "mean_commute_min": 40.642265193370164 }, "geometry": { "type": "Polygon", "coordinates": [ [ [ -84.9597, 33.9722 ], [ -84.9555, 33.9682 ], [ -84.9355, 33.9683 ], [ -84.9163, 33.9527 ], [ -84.9162, 33.9451 ], [ -84.9039, 33.948 ], [ -84.8956, 33.9609 ], [ -84.8872, 33.9634 ], [ -84.8761, 33.9752 ], [ -84.8617, 33.9743 ], [ -84.8714, 33.9897 ], [ -84.8647, 34.0105 ], [ -84.8285, 34.0546 ], [ -84.8262, 34.0658 ], [ -84.8329, 34.0792 ], [ -84.8394, 34.0825 ], [ -84.8968, 34.0825 ], [ -84.8969, 34.0787 ], [ -84.9099, 34.0786 ], [ -84.91, 34.0753 ], [ -84.9144, 34.0753 ], [ -84.9143, 34.0826 ], [ -84.9227, 34.0825 ], [ -84.9694, 33.9735 ], [ -84.9597, 33.9722 ] ] ] } },
{ "type": "Feature", "properties": { "county": "Gwinnett", "geoid": "13135050425", "pop": 5267.0, "pop_density": 747.07577351136251, "median_hh_income": 101250.0, "mean_commute_min": 34.56085918854415 }, "geometry": { "type": "Polygon", "coordinates": [ [ [ -84.146, 33.8715 ], [ -84.1467, 33.8662 ], [ -84.1417, 33.8582 ], [ -84.1346, 33.8626 ], [ -84.1222, 33.8471 ], [ -84.1114, 33.8522 ], [ -84.1185, 33.8664 ], [ -84.1336, 33.8851 ], [ -84.153, 33.8771 ], [ -84.146, 33.8715 ] ] ] } },
{ "type": "Feature", "properties": { "county": "Gwinnett", "geoid": "13135050430", "pop": 5822.0, "pop_density": 917.94542308344205, "median_hh_income": 93093.0, "mean_commute_min": 35.587641357027465 }, "geometry": { "type": "Polygon", "coordinates": [ [ [ -84.1263, 33.823 ], [ -84.0987, 33.8257 ], [ -84.0897, 33.8316 ], [ -84.094, 33.8388 ], [ -84.1032, 33.8394 ], [ -84.115, 33.8359 ], [ -84.1212, 33.8475 ], [ -84.1291, 33.843 ], [ -84.1343, 33.8345 ], [ -84.1263, 33.823 ] ] ] } },
{ "type": "Feature", "properties": { "county": "DeKalb", "geoid": "13089020700", "pop": 2909.0, "pop_density": 2299.802907918548, "median_hh_income": 93133.0, "mean_commute_min": 25.213178294573645 }, "geometry": { "type": "Polygon", "coordinates": [ [ [ -84.3208, 33.7473 ], [ -84.3197, 33.7627 ], [ -84.3291, 33.7605 ], [ -84.3304, 33.7491 ], [ -84.3208, 33.7473 ] ] ] } },
{ "type": "Feature", "properties": { "county": "Gwinnett", "geoid": "13135050520", "pop": 7037.0, "pop_density": 1261.3459746357789, "median_hh_income": 56921.0, "mean_commute_min": 32.698807157057651 }, "geometry": { "type": "Polygon", "coordinates": [ [ [ -84.0188, 33.9384 ], [ -83.994, 33.9557 ], [ -83.9868, 33.9565 ], [ -83.9868, 33.9745 ], [ -83.996, 33.9689 ], [ -84.0063, 33.9671 ], [ -84.0085, 33.9652 ], [ -84.0037, 33.9596 ], [ -84.0138, 33.9542 ], [ -84.0296, 33.9388 ], [ -84.0188, 33.9384 ] ] ] } },
{ "type": "Feature", "properties": { "county": "Gwinnett", "geoid": "13135050521", "pop": 6115.0, "pop_density": 1099.0847849999641, "median_hh_income": 75648.0, "mean_commute_min": 32.735148514851488 }, "geometry": { "type": "Polygon", "coordinates": [ [ [ -84.0103, 33.9251 ], [ -84.0012, 33.93 ], [ -84.0007, 33.9276 ], [ -83.9969, 33.9276 ], [ -83.9921, 33.9414 ], [ -83.9814, 33.9518 ], [ -83.9857, 33.9565 ], [ -83.994, 33.9557 ], [ -84.0188, 33.9384 ], [ -84.0103, 33.9251 ] ] ] } },
{ "type": "Feature", "properties": { "county": "Gwinnett", "geoid": "13135050522", "pop": 5240.0, "pop_density": 1136.6500666588865, "median_hh_income": 41433.0, "mean_commute_min": 31.687398593834505 }, "geometry": { "type": "Polygon", "coordinates": [ [ [ -83.9869, 33.9276 ], [ -83.9786, 33.9356 ], [ -83.9671, 33.9319 ], [ -83.9588, 33.935 ], [ -83.9814, 33.9518 ], [ -83.9921, 33.9414 ], [ -83.9968, 33.9279 ], [ -83.9869, 33.9276 ] ] ] } },
{ "type": "Feature", "properties": { "county": "Gwinnett", "geoid": "13135050715", "pop": 6678.0, "pop_density": 941.81201076864295, "median_hh_income": 86689.0, "mean_commute_min": 34.864511916421812 }, "geometry": { "type": "Polygon", "coordinates": [ [ [ -84.0574, 33.8642 ], [ -84.0643, 33.8499 ], [ -84.0601, 33.842 ], [ -84.044, 33.8513 ], [ -84.0476, 33.8551 ], [ -84.0504, 33.8728 ], [ -84.0364, 33.8705 ], [ -84.0438, 33.8853 ], [ -84.0538, 33.8882 ], [ -84.0584, 33.8884 ], [ -84.067, 33.8781 ], [ -84.0574, 33.8642 ] ] ] } },
{ "type": "Feature", "properties": { "county": "Bartow", "geoid": "13015960203", "pop": 4190.0, "pop_density": 47.411884249327358, "median_hh_income": 76932.0, "mean_commute_min": 28.743647656691135 }, "geometry": { "type": "Polygon", "coordinates": [ [ [ -84.9967, 34.304 ], [ -84.9825, 34.3026 ], [ -84.9671, 34.2968 ], [ -84.907, 34.3035 ], [ -84.8832, 34.3028 ], [ -84.8985, 34.3183 ], [ -84.8997, 34.3278 ], [ -84.9136, 34.3487 ], [ -84.9233, 34.3588 ], [ -84.9348, 34.3582 ], [ -84.9355, 34.3682 ], [ -84.9424, 34.3685 ], [ -84.9404, 34.3767 ], [ -84.9352, 34.377 ], [ -84.9348, 34.3987 ], [ -84.9472, 34.3989 ], [ -84.9473, 34.3915 ], [ -84.9557, 34.3918 ], [ -84.9539, 34.3842 ], [ -84.9888, 34.3846 ], [ -84.9909, 34.3925 ], [ -85.0058, 34.3925 ], [ -85.0052, 34.3471 ], [ -85.0231, 34.3471 ], [ -85.0229, 34.3167 ], [ -84.9967, 34.304 ] ] ] } },
{ "type": "Feature", "properties": { "county": "Bartow", "geoid": "13015961002", "pop": 3279.0, "pop_density": 35.123698994462806, "median_hh_income": 63147.0, "mean_commute_min": 36.491904394757135 }, "geometry": { "type": "Polygon", "coordinates": [ [ [ -84.9391, 34.0826 ], [ -84.939, 34.0784 ], [ -84.93, 34.0782 ], [ -84.9299, 34.0826 ], [ -84.9143, 34.0826 ], [ -84.9144, 34.0753 ], [ -84.91, 34.0753 ], [ -84.9099, 34.0786 ], [ -84.8969, 34.0787 ], [ -84.8968, 34.0825 ], [ -84.8803, 34.0826 ], [ -84.8863, 34.0932 ], [ -84.8859, 34.1041 ], [ -84.8907, 34.1103 ], [ -84.89, 34.1149 ], [ -84.917, 34.1049 ], [ -84.9182, 34.1085 ], [ -84.954, 34.1084 ], [ -84.9608, 34.1062 ], [ -84.959, 34.1228 ], [ -84.98, 34.1262 ], [ -84.9781, 34.1439 ], [ -84.9866, 34.1565 ], [ -84.9862, 34.1665 ], [ -84.9807, 34.174 ], [ -85.0452, 34.1838 ], [ -85.047, 34.0829 ], [ -84.9391, 34.0826 ] ] ] } },
{ "type": "Feature", "properties": { "county": "Bartow", "geoid": "13015960302", "pop": 3313.0, "pop_density": 46.096414275000662, "median_hh_income": 61756.0, "mean_commute_min": 29.661256175017645 }, "geometry": { "type": "Polygon", "coordinates": [ [ [ -85.0177, 34.2422 ], [ -85.0217, 34.2287 ], [ -85.0036, 34.2109 ], [ -84.9975, 34.2119 ], [ -84.9911, 34.2334 ], [ -84.9789, 34.2311 ], [ -84.9782, 34.2252 ], [ -84.9844, 34.2177 ], [ -84.9785, 34.209 ], [ -84.977, 34.1973 ], [ -84.9639, 34.2011 ], [ -84.9545, 34.1922 ], [ -84.9373, 34.1923 ], [ -84.9425, 34.186 ], [ -84.9374, 34.1774 ], [ -84.9318, 34.1798 ], [ -84.9265, 34.1885 ], [ -84.9118, 34.1925 ], [ -84.9034, 34.1935 ], [ -84.8819, 34.187 ], [ -84.882, 34.1999 ], [ -84.8861, 34.2054 ], [ -84.8802, 34.2112 ], [ -84.8785, 34.2194 ], [ -84.8714, 34.2186 ], [ -84.8688, 34.2318 ], [ -84.865, 34.2322 ], [ -84.8648, 34.2429 ], [ -84.8793, 34.2405 ], [ -84.8986, 34.2448 ], [ -84.9056, 34.241 ], [ -84.9167, 34.2452 ], [ -84.926, 34.2384 ], [ -84.968, 34.2401 ], [ -84.9722, 34.2474 ], [ -84.9847, 34.2526 ], [ -84.9932, 34.2646 ], [ -84.9944, 34.2733 ], [ -84.9985, 34.2752 ], [ -85.0188, 34.2733 ], [ -85.0235, 34.2755 ], [ -85.0239, 34.2583 ], [ -85.0155, 34.2582 ], [ -85.0156, 34.2511 ], [ -85.0239, 34.2512 ], [ -85.0241, 34.2464 ], [ -85.0177, 34.2422 ] ] ] } },
{ "type": "Feature", "properties": { "county": "Bartow", "geoid": "13015960301", "pop": 3553.0, "pop_density": 41.359968858376391, "median_hh_income": 86728.0, "mean_commute_min": 34.66082317073171 }, "geometry": { "type": "Polygon", "coordinates": [ [ [ -85.0189, 34.2733 ], [ -84.9946, 34.2735 ], [ -84.9932, 34.2646 ], [ -84.9847, 34.2526 ], [ -84.9722, 34.2474 ], [ -84.968, 34.2401 ], [ -84.9371, 34.2376 ], [ -84.9254, 34.2386 ], [ -84.9171, 34.2451 ], [ -84.9057, 34.241 ], [ -84.8981, 34.2448 ], [ -84.8742, 34.2404 ], [ -84.8571, 34.2448 ], [ -84.8697, 34.2838 ], [ -84.8832, 34.3028 ], [ -84.907, 34.3035 ], [ -84.9668, 34.2967 ], [ -84.9825, 34.3026 ], [ -84.9967, 34.304 ], [ -85.0233, 34.3169 ], [ -85.0236, 34.2771 ], [ -85.0189, 34.2733 ] ] ] } },
{ "type": "Feature", "properties": { "county": "Bartow", "geoid": "13015960103", "pop": 3588.0, "pop_density": 80.541369093282185, "median_hh_income": 93676.0, "mean_commute_min": 35.034065102195306 }, "geometry": { "type": "Polygon", "coordinates": [ [ [ -84.7628, 34.2403 ], [ -84.7525, 34.2288 ], [ -84.7527, 34.2175 ], [ -84.7614, 34.2068 ], [ -84.7499, 34.2174 ], [ -84.7099, 34.2231 ], [ -84.688, 34.2165 ], [ -84.6559, 34.2139 ], [ -84.6537, 34.2275 ], [ -84.6606, 34.2307 ], [ -84.6719, 34.2448 ], [ -84.7121, 34.2678 ], [ -84.725, 34.2698 ], [ -84.7437, 34.2791 ], [ -84.7735, 34.2456 ], [ -84.7628, 34.2403 ] ] ] } },
{ "type": "Feature", "properties": { "county": "Bartow", "geoid": "13015960105", "pop": 3870.0, "pop_density": 51.17418100450633, "median_hh_income": 101472.0, "mean_commute_min": 33.867161159811197 }, "geometry": { "type": "Polygon", "coordinates": [ [ [ -84.8571, 34.2448 ], [ -84.8526, 34.2448 ], [ -84.8421, 34.2581 ], [ -84.8301, 34.2582 ], [ -84.8136, 34.269 ], [ -84.7871, 34.2727 ], [ -84.7856, 34.2938 ], [ -84.7749, 34.3021 ], [ -84.7737, 34.3125 ], [ -84.7587, 34.3233 ], [ -84.7534, 34.3372 ], [ -84.7436, 34.3413 ], [ -84.7933, 34.3649 ], [ -84.8105, 34.3787 ], [ -84.8416, 34.382 ], [ -84.8322, 34.3614 ], [ -84.8272, 34.3379 ], [ -84.83, 34.33 ], [ -84.8338, 34.3301 ], [ -84.8353, 34.3265 ], [ -84.8392, 34.2986 ], [ -84.8485, 34.2931 ], [ -84.8537, 34.2731 ], [ -84.8618, 34.2657 ], [ -84.8571, 34.2448 ] ] ] } },
{ "type": "Feature", "properties": { "county": "Bartow", "geoid": "13015960202", "pop": 3755.0, "pop_density": 361.58087201558561, "median_hh_income": 73621.0, "mean_commute_min": 22.75 }, "geometry": { "type": "Polygon", "coordinates": [ [ [ -84.9355, 34.3682 ], [ -84.9333, 34.3579 ], [ -84.9068, 34.3608 ], [ -84.8903, 34.3582 ], [ -84.9166, 34.3832 ], [ -84.9194, 34.3987 ], [ -84.9348, 34.3987 ], [ -84.9352, 34.377 ], [ -84.9404, 34.3767 ], [ -84.9423, 34.3685 ], [ -84.9355, 34.3682 ] ] ] } },
{ "type": "Feature", "properties": { "county": "Bartow", "geoid": "13015960201", "pop": 2768.0, "pop_density": 35.921630888761236, "median_hh_income": 88342.0, "mean_commute_min": 30.182516810758887 }, "geometry": { "type": "Polygon", "coordinates": [ [ [ -84.9066, 34.3391 ], [ -84.8994, 34.327 ], [ -84.8985, 34.3183 ], [ -84.8787, 34.2972 ], [ -84.8618, 34.2656 ], [ -84.8593, 34.2659 ], [ -84.8536, 34.2733 ], [ -84.8492, 34.292 ], [ -84.8389, 34.2992 ], [ -84.8353, 34.3265 ], [ -84.8338, 34.3301 ], [ -84.83, 34.33 ], [ -84.8272, 34.3379 ], [ -84.8322, 34.3614 ], [ -84.842, 34.3834 ], [ -84.8367, 34.3858 ], [ -84.8372, 34.3977 ], [ -84.8963, 34.3963 ], [ -84.8962, 34.3986 ], [ -84.9194, 34.3987 ], [ -84.9166, 34.3832 ], [ -84.8903, 34.3582 ], [ -84.9068, 34.3608 ], [ -84.9232, 34.3589 ], [ -84.9066, 34.3391 ] ] ] } },
{ "type": "Feature", "properties": { "county": "Bartow", "geoid": "13015960804", "pop": 3977.0, "pop_density": 82.852473369242176, "median_hh_income": 105020.0, "mean_commute_min": 30.325392213829168 }, "geometry": { "type": "Polygon", "coordinates": [ [ [ -84.7378, 34.0823 ], [ -84.7378, 34.0794 ], [ -84.7295, 34.0792 ], [ -84.7381, 34.0876 ], [ -84.7411, 34.0975 ], [ -84.7494, 34.1078 ], [ -84.7501, 34.1222 ], [ -84.7554, 34.1248 ], [ -84.7608, 34.1362 ], [ -84.7714, 34.1468 ], [ -84.7832, 34.1457 ], [ -84.7899, 34.1356 ], [ -84.8083, 34.1224 ], [ -84.8206, 34.1204 ], [ -84.8206, 34.1173 ], [ -84.8513, 34.1132 ], [ -84.8394, 34.0825 ], [ -84.7378, 34.0823 ] ] ] } },
{ "type": "Feature", "properties": { "county": "Bartow", "geoid": "13015960104", "pop": 2677.0, "pop_density": 26.760197204560026, "median_hh_income": 61207.0, "mean_commute_min": 28.346883468834687 }, "geometry": { "type": "Polygon", "coordinates": [ [ [ -84.7719, 34.2725 ], [ -84.7645, 34.2746 ], [ -84.7523, 34.2697 ], [ -84.7437, 34.2791 ], [ -84.725, 34.2698 ], [ -84.7121, 34.2678 ], [ -84.6857, 34.2511 ], [ -84.6791, 34.2497 ], [ -84.6605, 34.2306 ], [ -84.6537, 34.2275 ], [ -84.654, 34.3469 ], [ -84.6462, 34.3471 ], [ -84.6751, 34.3494 ], [ -84.6879, 34.3452 ], [ -84.711, 34.3457 ], [ -84.73, 34.3383 ], [ -84.7505, 34.3391 ], [ -84.7589, 34.3231 ], [ -84.7738, 34.3124 ], [ -84.776, 34.3004 ], [ -84.7856, 34.2938 ], [ -84.787, 34.2744 ], [ -84.7719, 34.2725 ] ] ] } },
{ "type": "Feature", "properties": { "county": "Bartow", "geoid": "13015960406", "pop": 2709.0, "pop_density": 210.71879611661362, "median_hh_income": 41738.0, "mean_commute_min": 23.390688259109311 }, "geometry": { "type": "Polygon", "coordinates": [ [ [ -84.8568, 34.2269 ], [ -84.8538, 34.2369 ], [ -84.8359, 34.2366 ], [ -84.8188, 34.2305 ], [ -84.8093, 34.2409 ], [ -84.8056, 34.2656 ], [ -84.809, 34.2694 ], [ -84.8136, 34.269 ], [ -84.8301, 34.2582 ], [ -84.8421, 34.2581 ], [ -84.8526, 34.2448 ], [ -84.8648, 34.2429 ], [ -84.865, 34.2336 ], [ -84.8568, 34.2269 ] ] ] } },
{ "type": "Feature", "properties": { "county": "Bartow", "geoid": "13015961001", "pop": 5426.0, "pop_density": 64.539758489511769, "median_hh_income": 97993.0, "mean_commute_min": 29.599920382165607 }, "geometry": { "type": "Polygon", "coordinates": [ [ [ -85.0354, 34.181 ], [ -84.9807, 34.174 ], [ -84.9862, 34.1665 ], [ -84.9866, 34.1565 ], [ -84.9781, 34.1439 ], [ -84.98, 34.1262 ], [ -84.959, 34.1228 ], [ -84.9608, 34.1062 ], [ -84.954, 34.1084 ], [ -84.9182, 34.1085 ], [ -84.917, 34.1049 ], [ -84.89, 34.1149 ], [ -84.8896, 34.1192 ], [ -84.8944, 34.1231 ], [ -84.8908, 34.1251 ], [ -84.8915, 34.1293 ], [ -84.9014, 34.1444 ], [ -84.9046, 34.1444 ], [ -84.9109, 34.1356 ], [ -84.925, 34.1366 ], [ -84.9248, 34.1441 ], [ -84.9171, 34.1531 ], [ -84.9165, 34.1836 ], [ -84.9253, 34.189 ], [ -84.9318, 34.1798 ], [ -84.9374, 34.1774 ], [ -84.9425, 34.186 ], [ -84.9373, 34.1923 ], [ -84.9545, 34.1922 ], [ -84.9639, 34.2011 ], [ -84.9764, 34.1968 ], [ -84.9785, 34.209 ], [ -84.9844, 34.2177 ], [ -84.9782, 34.2252 ], [ -84.9798, 34.2317 ], [ -84.9911, 34.2334 ], [ -84.9975, 34.2119 ], [ -85.0036, 34.2109 ], [ -85.0217, 34.2287 ], [ -85.0177, 34.2422 ], [ -85.0241, 34.2462 ], [ -85.0238, 34.2134 ], [ -85.0447, 34.2136 ], [ -85.0452, 34.1838 ], [ -85.0354, 34.181 ] ] ] } },
{ "type": "Feature", "properties": { "county": "Bartow", "geoid": "13015960805", "pop": 1809.0, "pop_density": 61.910000518483422, "median_hh_income": 51250.0, "mean_commute_min": 23.782051282051281 }, "geometry": { "type": "Polygon", "coordinates": [ [ [ -84.7554, 34.1248 ], [ -84.7501, 34.1222 ], [ -84.7494, 34.1078 ], [ -84.7411, 34.0975 ], [ -84.7381, 34.0876 ], [ -84.7295, 34.0792 ], [ -84.6928, 34.0786 ], [ -84.701, 34.0873 ], [ -84.7125, 34.0874 ], [ -84.7156, 34.0924 ], [ -84.7009, 34.1024 ], [ -84.7094, 34.1256 ], [ -84.7202, 34.1262 ], [ -84.7198, 34.1532 ], [ -84.7257, 34.1648 ], [ -84.7511, 34.1601 ], [ -84.7614, 34.1623 ], [ -84.7705, 34.1547 ], [ -84.7716, 34.149 ], [ -84.7554, 34.1248 ] ] ] } },
{ "type": "Feature", "properties": { "county": "Bartow", "geoid": "13015960405", "pop": 4942.0, "pop_density": 261.12092736288946, "median_hh_income": 99921.0, "mean_commute_min": 33.516883116883115 }, "geometry": { "type": "Polygon", "coordinates": [ [ [ -84.7797, 34.2143 ], [ -84.7853, 34.1968 ], [ -84.7905, 34.1968 ], [ -84.7856, 34.183 ], [ -84.7713, 34.1896 ], [ -84.7577, 34.191 ], [ -84.7464, 34.1995 ], [ -84.7399, 34.1999 ], [ -84.7404, 34.2194 ], [ -84.7512, 34.2168 ], [ -84.7614, 34.2068 ], [ -84.7527, 34.2175 ], [ -84.7526, 34.2293 ], [ -84.7628, 34.2403 ], [ -84.7736, 34.2455 ], [ -84.7913, 34.219 ], [ -84.7797, 34.2143 ] ] ] } },
{ "type": "Feature", "properties": { "county": "Bartow", "geoid": "13015960407", "pop": 2892.0, "pop_density": 146.02496269471195, "median_hh_income": 102548.0, "mean_commute_min": 24.594916600476569 }, "geometry": { "type": "Polygon", "coordinates": [ [ [ -84.8043, 34.2222 ], [ -84.7992, 34.2282 ], [ -84.7913, 34.219 ], [ -84.7644, 34.2581 ], [ -84.7523, 34.2697 ], [ -84.7545, 34.2723 ], [ -84.7686, 34.2748 ], [ -84.7715, 34.2725 ], [ -84.8014, 34.2722 ], [ -84.809, 34.2694 ], [ -84.8051, 34.2644 ], [ -84.8088, 34.257 ], [ -84.808, 34.2469 ], [ -84.8093, 34.2409 ], [ -84.8186, 34.2324 ], [ -84.8189, 34.2228 ], [ -84.8043, 34.2222 ] ] ] } },
{ "type": "Feature", "properties": { "county": "Bartow", "geoid": "13015960701", "pop": 4014.0, "pop_density": 776.90633343178536, "median_hh_income": 73117.0, "mean_commute_min": 19.513145082765337 }, "geometry": { "type": "Polygon", "coordinates": [ [ [ -84.8014, 34.1756 ], [ -84.7935, 34.1596 ], [ -84.7869, 34.1558 ], [ -84.789, 34.1649 ], [ -84.7864, 34.1867 ], [ -84.7909, 34.1972 ], [ -84.8025, 34.2017 ], [ -84.8014, 34.1756 ] ] ] } },
{ "type": "Feature", "properties": { "county": "Bartow", "geoid": "13015960404", "pop": 5535.0, "pop_density": 585.36108688704439, "median_hh_income": 73729.0, "mean_commute_min": 34.566929133858267 }, "geometry": { "type": "Polygon", "coordinates": [ [ [ -84.8593, 34.2174 ], [ -84.8508, 34.221 ], [ -84.8194, 34.207 ], [ -84.8182, 34.2288 ], [ -84.8357, 34.2366 ], [ -84.8538, 34.2369 ], [ -84.8568, 34.2269 ], [ -84.8649, 34.2329 ], [ -84.8686, 34.232 ], [ -84.8714, 34.2189 ], [ -84.8593, 34.2174 ] ] ] } },
{ "type": "Feature", "properties": { "county": "Bartow", "geoid": "13015960502", "pop": 3112.0, "pop_density": 186.78911197142943, "median_hh_income": 57821.0, "mean_commute_min": 31.467889908256879 }, "geometry": { "type": "Polygon", "coordinates": [ [ [ -84.882, 34.1999 ], [ -84.8819, 34.187 ], [ -84.8501, 34.1871 ], [ -84.8403, 34.1832 ], [ -84.8165, 34.183 ], [ -84.8375, 34.2043 ], [ -84.8462, 34.2166 ], [ -84.8432, 34.2188 ], [ -84.8508, 34.221 ], [ -84.8612, 34.2174 ], [ -84.8778, 34.22 ], [ -84.8802, 34.2112 ], [ -84.8861, 34.2052 ], [ -84.882, 34.1999 ] ] ] } },
{ "type": "Feature", "properties": { "county": "Bartow", "geoid": "13015960501", "pop": 6613.0, "pop_density": 877.75254996871524, "median_hh_income": 67176.0, "mean_commute_min": 26.810933940774486 }, "geometry": { "type": "Polygon", "coordinates": [ [ [ -84.8236, 34.1894 ], [ -84.8, 34.173 ], [ -84.8025, 34.2017 ], [ -84.8281, 34.2098 ], [ -84.8421, 34.2185 ], [ -84.8462, 34.2167 ], [ -84.8236, 34.1894 ] ] ] } },
{ "type": "Feature", "properties": { "county": "Bartow", "geoid": "13015960403", "pop": 4296.0, "pop_density": 540.07939770586938, "median_hh_income": 57900.0, "mean_commute_min": 25.297755382501144 }, "geometry": { "type": "Polygon", "coordinates": [ [ [ -84.7853, 34.1968 ], [ -84.7797, 34.2143 ], [ -84.7925, 34.2195 ], [ -84.7992, 34.2282 ], [ -84.8043, 34.2222 ], [ -84.8189, 34.2224 ], [ -84.8194, 34.2071 ], [ -84.7853, 34.1968 ] ] ] } },
{ "type": "Feature", "properties": { "county": "Bartow", "geoid": "13015960602", "pop": 3660.0, "pop_density": 481.75485127793371, "median_hh_income": 75898.0, "mean_commute_min": 23.612582781456954 }, "geometry": { "type": "Polygon", "coordinates": [ [ [ -84.825, 34.1515 ], [ -84.8133, 34.159 ], [ -84.7989, 34.1609 ], [ -84.7988, 34.1586 ], [ -84.793, 34.1589 ], [ -84.8037, 34.1769 ], [ -84.817, 34.1832 ], [ -84.8292, 34.1833 ], [ -84.8288, 34.1551 ], [ -84.825, 34.1515 ] ] ] } },
{ "type": "Feature", "properties": { "county": "Bartow", "geoid": "13015960601", "pop": 5785.0, "pop_density": 342.54074162409432, "median_hh_income": 76271.0, "mean_commute_min": 22.67268862911796 }, "geometry": { "type": "Polygon", "coordinates": [ [ [ -84.8427, 34.1273 ], [ -84.8239, 34.1214 ], [ -84.8131, 34.1212 ], [ -84.7941, 34.132 ], [ -84.7832, 34.1457 ], [ -84.7714, 34.1468 ], [ -84.793, 34.1589 ], [ -84.7988, 34.1586 ], [ -84.7989, 34.1609 ], [ -84.813, 34.159 ], [ -84.8391, 34.1428 ], [ -84.8463, 34.1316 ], [ -84.8427, 34.1273 ] ] ] } },
{ "type": "Feature", "properties": { "county": "Bartow", "geoid": "13015960702", "pop": 3429.0, "pop_density": 56.67144085130321, "median_hh_income": 62206.0, "mean_commute_min": 28.452380952380953 }, "geometry": { "type": "Polygon", "coordinates": [ [ [ -84.7714, 34.1468 ], [ -84.7708, 34.1544 ], [ -84.7614, 34.1623 ], [ -84.7491, 34.1603 ], [ -84.706, 34.1692 ], [ -84.6769, 34.1402 ], [ -84.6724, 34.14 ], [ -84.6703, 34.1501 ], [ -84.6636, 34.149 ], [ -84.6579, 34.1425 ], [ -84.6559, 34.2139 ], [ -84.688, 34.2165 ], [ -84.7089, 34.2231 ], [ -84.7404, 34.2194 ], [ -84.7399, 34.1999 ], [ -84.7464, 34.1995 ], [ -84.7577, 34.191 ], [ -84.7713, 34.1896 ], [ -84.7856, 34.183 ], [ -84.789, 34.1649 ], [ -84.7855, 34.1571 ], [ -84.7895, 34.1558 ], [ -84.7714, 34.1468 ] ] ] } },
{ "type": "Feature", "properties": { "county": "Cobb", "geoid": "13067031114", "pop": 6601.0, "pop_density": 2344.1350812723458, "median_hh_income": 64440.0, "mean_commute_min": 27.479810637705373 }, "geometry": { "type": "Polygon", "coordinates": [ [ [ -84.4771, 33.8833 ], [ -84.4718, 33.8861 ], [ -84.4873, 33.9028 ], [ -84.4947, 33.8989 ], [ -84.4917, 33.8915 ], [ -84.4986, 33.8837 ], [ -84.4771, 33.8833 ] ] ] } },
{ "type": "Feature", "properties": { "county": "Cobb", "geoid": "13067031506", "pop": 6458.0, "pop_density": 693.74506856076903, "median_hh_income": 81399.0, "mean_commute_min": 35.641230523371952 }, "geometry": { "type": "Polygon", "coordinates": [ [ [ -84.6707, 33.857 ], [ -84.6662, 33.8465 ], [ -84.6565, 33.8524 ], [ -84.6571, 33.8648 ], [ -84.6546, 33.8674 ], [ -84.6589, 33.8754 ], [ -84.6564, 33.8989 ], [ -84.6726, 33.9025 ], [ -84.6762, 33.897 ], [ -84.6758, 33.8588 ], [ -84.6707, 33.857 ] ] ] } },
{ "type": "Feature", "properties": { "county": "Cobb", "geoid": "13067030220", "pop": 1554.0, "pop_density": 855.8404501919033, "median_hh_income": 95250.0, "mean_commute_min": 33.76229508196721 }, "geometry": { "type": "Polygon", "coordinates": [ [ [ -84.5673, 34.0486 ], [ -84.5556, 34.0465 ], [ -84.5596, 34.0622 ], [ -84.5749, 34.0533 ], [ -84.5673, 34.0486 ] ] ] } },
{ "type": "Feature", "properties": { "county": "Coweta", "geoid": "13077170403", "pop": 5721.0, "pop_density": 136.22800906443695, "median_hh_income": 122877.0, "mean_commute_min": 34.728460596161696 }, "geometry": { "type": "Polygon", "coordinates": [ [ [ -84.726, 33.4533 ], [ -84.7272, 33.4456 ], [ -84.7128, 33.4392 ], [ -84.7118, 33.4342 ], [ -84.6817, 33.4519 ], [ -84.657, 33.4811 ], [ -84.668, 33.4955 ], [ -84.6736, 33.4954 ], [ -84.6729, 33.5006 ], [ -84.6996, 33.4953 ], [ -84.698, 33.5046 ], [ -84.6924, 33.5067 ], [ -84.6929, 33.5114 ], [ -84.7305, 33.5108 ], [ -84.7452, 33.4693 ], [ -84.726, 33.4533 ] ] ] } },
{ "type": "Feature", "properties": { "county": "Coweta", "geoid": "13077170603", "pop": 7117.0, "pop_density": 223.80498218129321, "median_hh_income": 109559.0, "mean_commute_min": 28.514700912470428 }, "geometry": { "type": "Polygon", "coordinates": [ [ [ -84.739, 33.3364 ], [ -84.6964, 33.3307 ], [ -84.6846, 33.3391 ], [ -84.6547, 33.3441 ], [ -84.6632, 33.3696 ], [ -84.6716, 33.3813 ], [ -84.6929, 33.373 ], [ -84.7121, 33.3733 ], [ -84.7124, 33.3558 ], [ -84.7411, 33.3559 ], [ -84.76, 33.3601 ], [ -84.7611, 33.3468 ], [ -84.7706, 33.3323 ], [ -84.739, 33.3364 ] ] ] } },
{ "type": "Feature", "properties": { "county": "Coweta", "geoid": "13077170501", "pop": 6717.0, "pop_density": 64.442277607104828, "median_hh_income": 98750.0, "mean_commute_min": 33.364896854920531 }, "geometry": { "type": "Polygon", "coordinates": [ [ [ -84.7095, 33.2858 ], [ -84.7074, 33.2795 ], [ -84.6984, 33.2761 ], [ -84.6926, 33.263 ], [ -84.677, 33.2564 ], [ -84.6772, 33.2473 ], [ -84.6669, 33.2392 ], [ -84.6681, 33.2471 ], [ -84.6611, 33.2518 ], [ -84.6641, 33.2678 ], [ -84.6512, 33.2661 ], [ -84.6502, 33.2696 ], [ -84.6538, 33.2804 ], [ -84.6535, 33.2972 ], [ -84.6286, 33.2979 ], [ -84.6187, 33.3195 ], [ -84.6111, 33.3169 ], [ -84.5912, 33.3233 ], [ -84.5814, 33.3279 ], [ -84.5649, 33.3447 ], [ -84.5715, 33.3486 ], [ -84.577, 33.3586 ], [ -84.5862, 33.358 ], [ -84.5927, 33.3797 ], [ -84.5973, 33.3814 ], [ -84.5978, 33.3856 ], [ -84.6062, 33.3933 ], [ -84.6091, 33.3931 ], [ -84.6068, 33.3956 ], [ -84.6226, 33.398 ], [ -84.645, 33.3878 ], [ -84.6716, 33.3813 ], [ -84.6632, 33.3696 ], [ -84.6547, 33.3441 ], [ -84.6846, 33.3391 ], [ -84.6957, 33.3309 ], [ -84.7108, 33.3332 ], [ -84.704, 33.3069 ], [ -84.7095, 33.2858 ] ] ] } },
{ "type": "Feature", "properties": { "county": "Coweta", "geoid": "13077170503", "pop": 7739.0, "pop_density": 109.27522427366604, "median_hh_income": 105688.0, "mean_commute_min": 30.804042179261863 }, "geometry": { "type": "Polygon", "coordinates": [ [ [ -84.5813, 33.2936 ], [ -84.5569, 33.2969 ], [ -84.5446, 33.2933 ], [ -84.5548, 33.27 ], [ -84.5553, 33.2568 ], [ -84.5652, 33.2454 ], [ -84.5675, 33.2299 ], [ -84.576, 33.2217 ], [ -84.5024, 33.2211 ], [ -84.5066, 33.2272 ], [ -84.5003, 33.2334 ], [ -84.5041, 33.2391 ], [ -84.5073, 33.238 ], [ -84.5091, 33.245 ], [ -84.5079, 33.2487 ], [ -84.5016, 33.2515 ], [ -84.4982, 33.25 ], [ -84.4971, 33.2567 ], [ -84.5022, 33.2614 ], [ -84.5001, 33.265 ], [ -84.5067, 33.2752 ], [ -84.5044, 33.281 ], [ -84.5062, 33.2829 ], [ -84.5126, 33.2809 ], [ -84.5175, 33.2932 ], [ -84.5147, 33.3037 ], [ -84.5219, 33.3133 ], [ -84.5181, 33.3182 ], [ -84.5265, 33.3216 ], [ -84.5282, 33.3269 ], [ -84.5354, 33.3314 ], [ -84.5347, 33.3358 ], [ -84.5407, 33.3333 ], [ -84.5518, 33.3422 ], [ -84.5602, 33.3406 ], [ -84.5649, 33.3447 ], [ -84.5814, 33.3279 ], [ -84.6076, 33.3176 ], [ -84.6192, 33.3182 ], [ -84.5813, 33.2936 ] ] ] } },
{ "type": "Feature", "properties": { "county": "Coweta", "geoid": "13077170802", "pop": 5939.0, "pop_density": 49.984030190724553, "median_hh_income": 92419.0, "mean_commute_min": 34.532446594115278 }, "geometry": { "type": "Polygon", "coordinates": [ [ [ -84.7033, 33.2228 ], [ -84.7032, 33.2312 ], [ -84.694, 33.2313 ], [ -84.694, 33.223 ], [ -84.6746, 33.2227 ], [ -84.6745, 33.2265 ], [ -84.6695, 33.2264 ], [ -84.6693, 33.2308 ], [ -84.6546, 33.2307 ], [ -84.6527, 33.2225 ], [ -84.6357, 33.2224 ], [ -84.6563, 33.2374 ], [ -84.6723, 33.2419 ], [ -84.673, 33.2461 ], [ -84.6774, 33.2476 ], [ -84.677, 33.2564 ], [ -84.6926, 33.263 ], [ -84.6984, 33.2761 ], [ -84.7074, 33.2795 ], [ -84.7095, 33.2858 ], [ -84.704, 33.3069 ], [ -84.7108, 33.3332 ], [ -84.739, 33.3364 ], [ -84.7716, 33.3308 ], [ -84.7874, 33.3124 ], [ -84.8047, 33.2666 ], [ -84.8071, 33.2353 ], [ -84.8128, 33.2234 ], [ -84.7033, 33.2228 ] ] ] } },
{ "type": "Feature", "properties": { "county": "Coweta", "geoid": "13077170304", "pop": 7919.0, "pop_density": 267.77249934840557, "median_hh_income": 92739.0, "mean_commute_min": 30.499111374407583 }, "geometry": { "type": "Polygon", "coordinates": [ [ [ -84.812, 33.4282 ], [ -84.8101, 33.4028 ], [ -84.8005, 33.3929 ], [ -84.7995, 33.397 ], [ -84.7886, 33.4059 ], [ -84.7793, 33.3971 ], [ -84.7776, 33.3984 ], [ -84.7736, 33.4044 ], [ -84.7623, 33.4116 ], [ -84.7584, 33.4241 ], [ -84.7475, 33.4367 ], [ -84.7272, 33.4456 ], [ -84.7258, 33.4527 ], [ -84.7452, 33.469 ], [ -84.749, 33.4691 ], [ -84.7561, 33.4638 ], [ -84.7647, 33.4432 ], [ -84.7716, 33.435 ], [ -84.7869, 33.4399 ], [ -84.8172, 33.4438 ], [ -84.812, 33.4282 ] ] ] } },
{ "type": "Feature", "properties": { "county": "Cobb", "geoid": "13067030602", "pop": 8030.0, "pop_density": 502.93273039861958, "median_hh_income": 114044.0, "mean_commute_min": 24.566345441067458 }, "geometry": { "type": "Polygon", "coordinates": [ [ [ -84.6089, 33.9455 ], [ -84.6009, 33.945 ], [ -84.58, 33.952 ], [ -84.549, 33.9523 ], [ -84.5473, 33.9764 ], [ -84.5584, 33.9814 ], [ -84.5583, 33.9789 ], [ -84.5624, 33.9793 ], [ -84.5775, 33.9846 ], [ -84.5866, 33.982 ], [ -84.5929, 33.9741 ], [ -84.5938, 33.9634 ], [ -84.5986, 33.9639 ], [ -84.6006, 33.9585 ], [ -84.6118, 33.953 ], [ -84.6089, 33.9455 ] ] ] } },
{ "type": "Feature", "properties": { "county": "Gwinnett", "geoid": "13135050719", "pop": 5934.0, "pop_density": 1007.4918410818296, "median_hh_income": 62989.0, "mean_commute_min": 35.571269073315968 }, "geometry": { "type": "Polygon", "coordinates": [ [ [ -84.0405, 33.8437 ], [ -84.0326, 33.8405 ], [ -84.0316, 33.8264 ], [ -84.0212, 33.8318 ], [ -84.0082, 33.8337 ], [ -84.0202, 33.8575 ], [ -84.0451, 33.8505 ], [ -84.0405, 33.8437 ] ] ] } },
{ "type": "Feature", "properties": { "county": "Gwinnett", "geoid": "13135050427", "pop": 6079.0, "pop_density": 829.47500331571689, "median_hh_income": 103206.0, "mean_commute_min": 32.195013357079254 }, "geometry": { "type": "Polygon", "coordinates": [ [ [ -84.1116, 33.8884 ], [ -84.1159, 33.8831 ], [ -84.101, 33.8692 ], [ -84.0936, 33.8682 ], [ -84.0837, 33.8739 ], [ -84.0894, 33.8728 ], [ -84.0886, 33.8774 ], [ -84.084, 33.876 ], [ -84.0778, 33.8797 ], [ -84.0789, 33.8825 ], [ -84.0831, 33.8799 ], [ -84.086, 33.8829 ], [ -84.0853, 33.8894 ], [ -84.0812, 33.8915 ], [ -84.0898, 33.8945 ], [ -84.0886, 33.8972 ], [ -84.1165, 33.8961 ], [ -84.1116, 33.8884 ] ] ] } },
{ "type": "Feature", "properties": { "county": "Coweta", "geoid": "13077170502", "pop": 7873.0, "pop_density": 99.447921928745529, "median_hh_income": 93109.0, "mean_commute_min": 36.228714034057546 }, "geometry": { "type": "Polygon", "coordinates": [ [ [ -84.6669, 33.2392 ], [ -84.6563, 33.2374 ], [ -84.6365, 33.2225 ], [ -84.576, 33.2217 ], [ -84.5675, 33.2299 ], [ -84.5652, 33.2454 ], [ -84.5553, 33.2568 ], [ -84.5548, 33.27 ], [ -84.5446, 33.2933 ], [ -84.5569, 33.2969 ], [ -84.5813, 33.2936 ], [ -84.6192, 33.3181 ], [ -84.6286, 33.2979 ], [ -84.6535, 33.2972 ], [ -84.6505, 33.2685 ], [ -84.6512, 33.2661 ], [ -84.6641, 33.2678 ], [ -84.6611, 33.2518 ], [ -84.6682, 33.2468 ], [ -84.6669, 33.2392 ] ] ] } },
{ "type": "Feature", "properties": { "county": "Douglas", "geoid": "13097080201", "pop": 6534.0, "pop_density": 343.85432491013029, "median_hh_income": 75947.0, "mean_commute_min": 21.983367983367984 }, "geometry": { "type": "Polygon", "coordinates": [ [ [ -84.7241, 33.7914 ], [ -84.7189, 33.7914 ], [ -84.7045, 33.7753 ], [ -84.7025, 33.7632 ], [ -84.7055, 33.7539 ], [ -84.6689, 33.7654 ], [ -84.6685, 33.7798 ], [ -84.6798, 33.7782 ], [ -84.6786, 33.7872 ], [ -84.6706, 33.7934 ], [ -84.68, 33.7962 ], [ -84.6698, 33.8048 ], [ -84.7241, 33.8062 ], [ -84.7241, 33.7914 ] ] ] } },
{ "type": "Feature", "properties": { "county": "Gwinnett", "geoid": "13135050219", "pop": 4288.0, "pop_density": 1502.515873127111, "median_hh_income": 92683.0, "mean_commute_min": 32.889839034205231 }, "geometry": { "type": "Polygon", "coordinates": [ [ [ -84.1566, 33.9817 ], [ -84.1435, 34.002 ], [ -84.1513, 34.0065 ], [ -84.167, 33.9999 ], [ -84.1566, 33.9817 ] ] ] } },
{ "type": "Feature", "properties": { "county": "Gwinnett", "geoid": "13135050526", "pop": 5228.0, "pop_density": 1893.966152781627, "median_hh_income": 54121.0, "mean_commute_min": 26.290678433535575 }, "geometry": { "type": "Polygon", "coordinates": [ [ [ -84.1219, 33.9218 ], [ -84.1138, 33.9236 ], [ -84.1199, 33.9314 ], [ -84.1223, 33.9412 ], [ -84.1426, 33.943 ], [ -84.1219, 33.9218 ] ] ] } },
{ "type": "Feature", "properties": { "county": "Cobb", "geoid": "13067031212", "pop": 2550.0, "pop_density": 638.61902017810712, "median_hh_income": 219797.0, "mean_commute_min": 27.753209700427959 }, "geometry": { "type": "Polygon", "coordinates": [ [ [ -84.4808, 33.8451 ], [ -84.4754, 33.8475 ], [ -84.4602, 33.8422 ], [ -84.4598, 33.8532 ], [ -84.4542, 33.8589 ], [ -84.4565, 33.8713 ], [ -84.4687, 33.8659 ], [ -84.4723, 33.8565 ], [ -84.4818, 33.8489 ], [ -84.4808, 33.8451 ] ] ] } },
{ "type": "Feature", "properties": { "county": "Douglas", "geoid": "13097080403", "pop": 5317.0, "pop_density": 125.57133540592557, "median_hh_income": 74669.0, "mean_commute_min": 31.390443392165302 }, "geometry": { "type": "Polygon", "coordinates": [ [ [ -84.9016, 33.722 ], [ -84.9023, 33.6745 ], [ -84.8768, 33.6866 ], [ -84.8629, 33.7022 ], [ -84.8529, 33.6971 ], [ -84.8397, 33.6954 ], [ -84.8311, 33.688 ], [ -84.8097, 33.7114 ], [ -84.7987, 33.7143 ], [ -84.7987, 33.7179 ], [ -84.7895, 33.7268 ], [ -84.7769, 33.725 ], [ -84.7777, 33.7425 ], [ -84.7949, 33.7376 ], [ -84.8042, 33.7309 ], [ -84.8288, 33.7262 ], [ -84.8393, 33.7315 ], [ -84.864, 33.7342 ], [ -84.8768, 33.7286 ], [ -84.9108, 33.7303 ], [ -84.9111, 33.7236 ], [ -84.9016, 33.722 ] ] ] } },
{ "type": "Feature", "properties": { "county": "Forsyth", "geoid": "13117130503", "pop": 3378.0, "pop_density": 246.15094036873236, "median_hh_income": 125379.0, "mean_commute_min": 34.157854984894257 }, "geometry": { "type": "Polygon", "coordinates": [ [ [ -84.0389, 34.2391 ], [ -84.0265, 34.2324 ], [ -84.0204, 34.2206 ], [ -84.0173, 34.2095 ], [ -84.0213, 34.1941 ], [ -84.0115, 34.191 ], [ -84.0025, 34.1959 ], [ -83.9939, 34.1938 ], [ -83.985, 34.1999 ], [ -83.978, 34.2139 ], [ -83.9666, 34.2161 ], [ -83.9646, 34.2215 ], [ -83.9703, 34.2227 ], [ -83.9718, 34.2281 ], [ -83.9496, 34.2402 ], [ -83.9536, 34.2532 ], [ -83.9505, 34.2616 ], [ -83.9572, 34.2624 ], [ -83.971, 34.2502 ], [ -84.0057, 34.2511 ], [ -84.0212, 34.2462 ], [ -84.0416, 34.2459 ], [ -84.0389, 34.2391 ] ] ] } },
{ "type": "Feature", "properties": { "county": "Forsyth", "geoid": "13117130301", "pop": 7825.0, "pop_density": 379.27196552982497, "median_hh_income": 129375.0, "mean_commute_min": 33.311824206487614 }, "geometry": { "type": "Polygon", "coordinates": [ [ [ -84.227, 34.2386 ], [ -84.2047, 34.2372 ], [ -84.1947, 34.2394 ], [ -84.1903, 34.2442 ], [ -84.1969, 34.2518 ], [ -84.1948, 34.2607 ], [ -84.1757, 34.2676 ], [ -84.1752, 34.2771 ], [ -84.1689, 34.2856 ], [ -84.1771, 34.2905 ], [ -84.1805, 34.2853 ], [ -84.1911, 34.2899 ], [ -84.2056, 34.2847 ], [ -84.2107, 34.2897 ], [ -84.2155, 34.2881 ], [ -84.2202, 34.2915 ], [ -84.2279, 34.2893 ], [ -84.2227, 34.2701 ], [ -84.2279, 34.2654 ], [ -84.2184, 34.2585 ], [ -84.2331, 34.2519 ], [ -84.227, 34.2386 ] ] ] } },
{ "type": "Feature", "properties": { "county": "Forsyth", "geoid": "13117130604", "pop": 5330.0, "pop_density": 838.30997966351208, "median_hh_income": 179712.0, "mean_commute_min": 28.843630399125207 }, "geometry": { "type": "Polygon", "coordinates": [ [ [ -84.2057, 34.0905 ], [ -84.1894, 34.0855 ], [ -84.1844, 34.0866 ], [ -84.1765, 34.0958 ], [ -84.176, 34.1164 ], [ -84.2045, 34.1019 ], [ -84.2138, 34.0991 ], [ -84.2057, 34.0905 ] ] ] } },
{ "type": "Feature", "properties": { "county": "Forsyth", "geoid": "13117130409", "pop": 3572.0, "pop_density": 403.35033720743127, "median_hh_income": 78750.0, "mean_commute_min": 25.505443234836704 }, "geometry": { "type": "Polygon", "coordinates": [ [ [ -84.1318, 34.2065 ], [ -84.1212, 34.2095 ], [ -84.1205, 34.2131 ], [ -84.1058, 34.2239 ], [ -84.1046, 34.2351 ], [ -84.1132, 34.2447 ], [ -84.1157, 34.2458 ], [ -84.1225, 34.2374 ], [ -84.1329, 34.2388 ], [ -84.1402, 34.2084 ], [ -84.1318, 34.2065 ] ] ] } },
{ "type": "Feature", "properties": { "county": "Forsyth", "geoid": "13117130508", "pop": 5358.0, "pop_density": 472.38084087492552, "median_hh_income": 153906.0, "mean_commute_min": 26.494091164884637 }, "geometry": { "type": "Polygon", "coordinates": [ [ [ -84.1068, 34.1546 ], [ -84.1045, 34.1403 ], [ -84.0934, 34.1261 ], [ -84.0947, 34.1324 ], [ -84.0765, 34.1578 ], [ -84.0802, 34.1558 ], [ -84.0833, 34.1658 ], [ -84.1085, 34.1837 ], [ -84.1119, 34.1762 ], [ -84.1182, 34.1731 ], [ -84.1265, 34.1736 ], [ -84.1068, 34.1546 ] ] ] } },
{ "type": "Feature", "properties": { "county": "Forsyth", "geoid": "13117130602", "pop": 6130.0, "pop_density": 1101.8679627845445, "median_hh_income": 117687.0, "mean_commute_min": 24.856905848195769 }, "geometry": { "type": "Polygon", "coordinates": [ [ [ -84.2541, 34.1043 ], [ -84.2354, 34.1013 ], [ -84.2367, 34.1165 ], [ -84.2337, 34.1275 ], [ -84.2589, 34.1272 ], [ -84.2589, 34.1096 ], [ -84.2541, 34.1043 ] ] ] } },
{ "type": "Feature", "properties": { "county": "Forsyth", "geoid": "13117130607", "pop": 8691.0, "pop_density": 1128.0116001800457, "median_hh_income": 175938.0, "mean_commute_min": 36.311847480708124 }, "geometry": { "type": "Polygon", "coordinates": [ [ [ -84.1524, 34.1112 ], [ -84.1454, 34.1203 ], [ -84.1374, 34.1209 ], [ -84.1218, 34.1317 ], [ -84.1161, 34.1307 ], [ -84.1193, 34.1435 ], [ -84.149, 34.1494 ], [ -84.1489, 34.1298 ], [ -84.1557, 34.1212 ], [ -84.1524, 34.1112 ] ] ] } },
{ "type": "Feature", "properties": { "county": "Forsyth", "geoid": "13117130611", "pop": 5397.0, "pop_density": 875.49395573377967, "median_hh_income": 186473.0, "mean_commute_min": 33.207977207977208 }, "geometry": { "type": "Polygon", "coordinates": [ [ [ -84.1245, 34.0939 ], [ -84.1137, 34.0941 ], [ -84.1016, 34.1051 ], [ -84.1018, 34.1157 ], [ -84.0978, 34.1191 ], [ -84.0976, 34.1252 ], [ -84.1029, 34.1252 ], [ -84.1097, 34.119 ], [ -84.1191, 34.1164 ], [ -84.1355, 34.1011 ], [ -84.1245, 34.0939 ] ] ] } },
{ "type": "Feature", "properties": { "county": "Forsyth", "geoid": "13117130610", "pop": 6102.0, "pop_density": 588.64863175368669, "median_hh_income": 175672.0, "mean_commute_min": 33.478581979320531 }, "geometry": { "type": "Polygon", "coordinates": [ [ [ -84.1309, 34.0723 ], [ -84.1325, 34.068 ], [ -84.1288, 34.0603 ], [ -84.1215, 34.0614 ], [ -84.1155, 34.0511 ], [ -84.0977, 34.0507 ], [ -84.1179, 34.0656 ], [ -84.1099, 34.0984 ], [ -84.111, 34.0979 ], [ -84.1125, 34.0949 ], [ -84.1145, 34.0938 ], [ -84.1242, 34.0938 ], [ -84.1371, 34.1006 ], [ -84.1352, 34.0927 ], [ -84.1495, 34.0902 ], [ -84.1503, 34.0815 ], [ -84.1309, 34.0723 ] ] ] } },
{ "type": "Feature", "properties": { "county": "Forsyth", "geoid": "13117130603", "pop": 8828.0, "pop_density": 575.5527764553799, "median_hh_income": 153490.0, "mean_commute_min": 29.291600212652845 }, "geometry": { "type": "Polygon", "coordinates": [ [ [ -84.2308, 34.0967 ], [ -84.2212, 34.1004 ], [ -84.2138, 34.0991 ], [ -84.1851, 34.1107 ], [ -84.1744, 34.1183 ], [ -84.1902, 34.1325 ], [ -84.2006, 34.1247 ], [ -84.2047, 34.1261 ], [ -84.2077, 34.1234 ], [ -84.2108, 34.1311 ], [ -84.2083, 34.1356 ], [ -84.2228, 34.1351 ], [ -84.2337, 34.1275 ], [ -84.2369, 34.1054 ], [ -84.2308, 34.0967 ] ] ] } },
{ "type": "Feature", "properties": { "county": "Cobb", "geoid": "13067030278", "pop": 5721.0, "pop_density": 439.42471539357547, "median_hh_income": 83250.0, "mean_commute_min": 24.239436619718308 }, "geometry": { "type": "Polygon", "coordinates": [ [ [ -84.6018, 34.0041 ], [ -84.5815, 33.9939 ], [ -84.5817, 34.0017 ], [ -84.568, 34.0096 ], [ -84.5795, 34.0411 ], [ -84.5866, 34.0491 ], [ -84.595, 34.0511 ], [ -84.5992, 34.0481 ], [ -84.6077, 34.0319 ], [ -84.5989, 34.0285 ], [ -84.5902, 34.0291 ], [ -84.5891, 34.0233 ], [ -84.6103, 34.0118 ], [ -84.6018, 34.0041 ] ] ] } },
{ "type": "Feature", "properties": { "county": "Cobb", "geoid": "13067030511", "pop": 4022.0, "pop_density": 921.92707973981578, "median_hh_income": 77146.0, "mean_commute_min": 25.315217391304348 }, "geometry": { "type": "Polygon", "coordinates": [ [ [ -84.5282, 33.9606 ], [ -84.5102, 33.9673 ], [ -84.5038, 33.9721 ], [ -84.504, 33.9834 ], [ -84.5129, 33.9851 ], [ -84.5236, 33.9749 ], [ -84.5361, 33.9682 ], [ -84.5282, 33.9606 ] ] ] } },
{ "type": "Feature", "properties": { "county": "Cobb", "geoid": "13067030509", "pop": 3630.0, "pop_density": 1030.48387037251, "median_hh_income": 134405.0, "mean_commute_min": 30.888475836431226 }, "geometry": { "type": "Polygon", "coordinates": [ [ [ -84.4996, 33.9833 ], [ -84.488, 33.9873 ], [ -84.4862, 34.0038 ], [ -84.4915, 34.012 ], [ -84.4956, 34.0131 ], [ -84.5035, 34.0003 ], [ -84.4957, 33.9999 ], [ -84.4957, 33.9909 ], [ -84.5078, 33.991 ], [ -84.5083, 33.9872 ], [ -84.5129, 33.9851 ], [ -84.4996, 33.9833 ] ] ] } },
{ "type": "Feature", "properties": { "county": "Cobb", "geoid": "13067031216", "pop": 3074.0, "pop_density": 2181.131861270364, "median_hh_income": 95274.0, "mean_commute_min": 23.135033050047216 }, "geometry": { "type": "Polygon", "coordinates": [ [ [ -84.4917, 33.8617 ], [ -84.4834, 33.8619 ], [ -84.4751, 33.8755 ], [ -84.4861, 33.8702 ], [ -84.494, 33.8682 ], [ -84.4917, 33.8617 ] ] ] } },
{ "type": "Feature", "properties": { "county": "Cobb", "geoid": "13067031411", "pop": 4197.0, "pop_density": 705.57986409223884, "median_hh_income": 66430.0, "mean_commute_min": 31.411509229098804 }, "geometry": { "type": "Polygon", "coordinates": [ [ [ -84.6224, 33.8521 ], [ -84.6137, 33.8693 ], [ -84.5967, 33.8624 ], [ -84.5917, 33.869 ], [ -84.5968, 33.8724 ], [ -84.6091, 33.8733 ], [ -84.6085, 33.8761 ], [ -84.6116, 33.8754 ], [ -84.6203, 33.8811 ], [ -84.6326, 33.8646 ], [ -84.6502, 33.8561 ], [ -84.6224, 33.8521 ] ] ] } },
{ "type": "Feature", "properties": { "county": "Cobb", "geoid": "13067030906", "pop": 4499.0, "pop_density": 901.67006371213893, "median_hh_income": 94509.0, "mean_commute_min": 29.049315068493151 }, "geometry": { "type": "Polygon", "coordinates": [ [ [ -84.597, 33.918 ], [ -84.5968, 33.9111 ], [ -84.5657, 33.9303 ], [ -84.5707, 33.9319 ], [ -84.5666, 33.9334 ], [ -84.5696, 33.9444 ], [ -84.5871, 33.9371 ], [ -84.5891, 33.9291 ], [ -84.6013, 33.9207 ], [ -84.597, 33.918 ] ] ] } },
{ "type": "Feature", "properties": { "county": "Cobb", "geoid": "13067030248", "pop": 6757.0, "pop_density": 992.78748779218142, "median_hh_income": 72083.0, "mean_commute_min": 16.147585458491591 }, "geometry": { "type": "Polygon", "coordinates": [ [ [ -84.568, 34.0096 ], [ -84.5609, 34.014 ], [ -84.5484, 34.0138 ], [ -84.5508, 34.0399 ], [ -84.5556, 34.0465 ], [ -84.5621, 34.0478 ], [ -84.5624, 34.0378 ], [ -84.5768, 34.0336 ], [ -84.568, 34.0096 ] ] ] } },
{ "type": "Feature", "properties": { "county": "Cobb", "geoid": "13067030369", "pop": 3494.0, "pop_density": 1110.1406294630815, "median_hh_income": 204583.0, "mean_commute_min": 30.863564668769715 }, "geometry": { "type": "Polygon", "coordinates": [ [ [ -84.4341, 33.9954 ], [ -84.4273, 33.9896 ], [ -84.4271, 33.9836 ], [ -84.4073, 33.9983 ], [ -84.4188, 34.0038 ], [ -84.4363, 34.0044 ], [ -84.4341, 33.9954 ] ] ] } },
{ "type": "Feature", "properties": { "county": "Cobb", "geoid": "13067030354", "pop": 4678.0, "pop_density": 786.14093029813705, "median_hh_income": 118980.0, "mean_commute_min": 26.784669397308367 }, "geometry": { "type": "Polygon", "coordinates": [ [ [ -84.4607, 33.918 ], [ -84.4515, 33.9188 ], [ -84.4465, 33.9119 ], [ -84.4367, 33.9226 ], [ -84.43, 33.9255 ], [ -84.4374, 33.9409 ], [ -84.4483, 33.9368 ], [ -84.4615, 33.9389 ], [ -84.4611, 33.9279 ], [ -84.4643, 33.9248 ], [ -84.4607, 33.918 ] ] ] } },
{ "type": "Feature", "properties": { "county": "Forsyth", "geoid": "13117130506", "pop": 3771.0, "pop_density": 365.72368920643777, "median_hh_income": 97237.0, "mean_commute_min": 28.790163934426229 }, "geometry": { "type": "Polygon", "coordinates": [ [ [ -84.1031, 34.211 ], [ -84.0997, 34.2097 ], [ -84.0989, 34.205 ], [ -84.0964, 34.2102 ], [ -84.1024, 34.2159 ], [ -84.0917, 34.2232 ], [ -84.0915, 34.2319 ], [ -84.0779, 34.2303 ], [ -84.0777, 34.2318 ], [ -84.0806, 34.2354 ], [ -84.0737, 34.2304 ], [ -84.0676, 34.2383 ], [ -84.0679, 34.2429 ], [ -84.0596, 34.2412 ], [ -84.0614, 34.2501 ], [ -84.0749, 34.258 ], [ -84.0932, 34.2521 ], [ -84.103, 34.2277 ], [ -84.1212, 34.2098 ], [ -84.1031, 34.211 ] ] ] } },
{ "type": "Feature", "properties": { "county": "Forsyth", "geoid": "13117130104", "pop": 4188.0, "pop_density": 200.657637679863, "median_hh_income": 109801.0, "mean_commute_min": 33.966666666666669 }, "geometry": { "type": "Polygon", "coordinates": [ [ [ -83.9955, 34.2605 ], [ -83.9976, 34.2514 ], [ -83.9717, 34.2501 ], [ -83.9572, 34.2624 ], [ -83.9505, 34.2616 ], [ -83.9541, 34.2672 ], [ -83.9521, 34.27 ], [ -83.9273, 34.2794 ], [ -83.9256, 34.2864 ], [ -83.9314, 34.2911 ], [ -83.9314, 34.2856 ], [ -83.9342, 34.286 ], [ -83.9363, 34.2947 ], [ -83.9322, 34.2985 ], [ -83.9396, 34.2988 ], [ -83.9417, 34.2921 ], [ -83.9469, 34.298 ], [ -83.9426, 34.302 ], [ -83.9498, 34.3123 ], [ -83.9998, 34.2942 ], [ -83.9991, 34.2648 ], [ -83.9955, 34.2605 ] ] ] } },
{ "type": "Feature", "properties": { "county": "Forsyth", "geoid": "13117130101", "pop": 5508.0, "pop_density": 213.68254160873937, "median_hh_income": 131818.0, "mean_commute_min": 34.078014184397162 }, "geometry": { "type": "Polygon", "coordinates": [ [ [ -84.0802, 34.2722 ], [ -84.0702, 34.2602 ], [ -84.0508, 34.2724 ], [ -84.044, 34.2827 ], [ -84.0213, 34.2909 ], [ -84.0298, 34.2977 ], [ -84.029, 34.3078 ], [ -84.0172, 34.3173 ], [ -84.0034, 34.32 ], [ -84.011, 34.33 ], [ -84.0185, 34.3343 ], [ -84.0474, 34.3328 ], [ -84.0532, 34.3191 ], [ -84.0644, 34.3125 ], [ -84.0668, 34.2899 ], [ -84.081, 34.2784 ], [ -84.0802, 34.2722 ] ] ] } },
{ "type": "Feature", "properties": { "county": "Forsyth", "geoid": "13117130509", "pop": 4154.0, "pop_density": 484.68465336004664, "median_hh_income": 138571.0, "mean_commute_min": 24.226015303119482 }, "geometry": { "type": "Polygon", "coordinates": [ [ [ -84.1269, 34.1736 ], [ -84.1182, 34.1731 ], [ -84.1078, 34.1822 ], [ -84.1147, 34.1867 ], [ -84.1117, 34.1912 ], [ -84.1199, 34.1919 ], [ -84.116, 34.1927 ], [ -84.114, 34.1925 ], [ -84.109, 34.1903 ], [ -84.097, 34.1937 ], [ -84.0919, 34.2013 ], [ -84.1026, 34.2108 ], [ -84.1227, 34.2094 ], [ -84.1384, 34.1838 ], [ -84.1269, 34.1736 ] ] ] } },
{ "type": "Feature", "properties": { "county": "Forsyth", "geoid": "13117130204", "pop": 7090.0, "pop_density": 415.99197540331568, "median_hh_income": 122900.0, "mean_commute_min": 31.812203142126418 }, "geometry": { "type": "Polygon", "coordinates": [ [ [ -84.1045, 34.3295 ], [ -84.1074, 34.3175 ], [ -84.0997, 34.2999 ], [ -84.1011, 34.2945 ], [ -84.0893, 34.2969 ], [ -84.0805, 34.2951 ], [ -84.0753, 34.3061 ], [ -84.0669, 34.3046 ], [ -84.0644, 34.3125 ], [ -84.0534, 34.3189 ], [ -84.0484, 34.3318 ], [ -84.0441, 34.3343 ], [ -84.0621, 34.3344 ], [ -84.1149, 34.3346 ], [ -84.1045, 34.3295 ] ] ] } },
{ "type": "Feature", "properties": { "county": "Forsyth", "geoid": "13117130410", "pop": 8799.0, "pop_density": 752.98575668265232, "median_hh_income": 92418.0, "mean_commute_min": 27.689540675152188 }, "geometry": { "type": "Polygon", "coordinates": [ [ [ -84.1866, 34.1727 ], [ -84.185, 34.1813 ], [ -84.1747, 34.1872 ], [ -84.1616, 34.1882 ], [ -84.1535, 34.1797 ], [ -84.1497, 34.1803 ], [ -84.1415, 34.1879 ], [ -84.1385, 34.1836 ], [ -84.1227, 34.2094 ], [ -84.1441, 34.2063 ], [ -84.1533, 34.2 ], [ -84.1846, 34.1995 ], [ -84.1864, 34.1944 ], [ -84.197, 34.1945 ], [ -84.1923, 34.1775 ], [ -84.1866, 34.1727 ] ] ] } },
{ "type": "Feature", "properties": { "county": "Forsyth", "geoid": "13117130601", "pop": 6144.0, "pop_density": 355.27727558304304, "median_hh_income": 113268.0, "mean_commute_min": 32.16035120147874 }, "geometry": { "type": "Polygon", "coordinates": [ [ [ -84.2337, 34.1275 ], [ -84.223, 34.135 ], [ -84.2138, 34.1359 ], [ -84.2083, 34.1356 ], [ -84.2105, 34.1294 ], [ -84.1838, 34.154 ], [ -84.1729, 34.1577 ], [ -84.1736, 34.1606 ], [ -84.1922, 34.1596 ], [ -84.206, 34.1545 ], [ -84.2349, 34.1593 ], [ -84.2514, 34.1533 ], [ -84.2589, 34.1549 ], [ -84.2589, 34.1274 ], [ -84.2337, 34.1275 ] ] ] } },
{ "type": "Feature", "properties": { "county": "Forsyth", "geoid": "13117130302", "pop": 9203.0, "pop_density": 768.3278929239948, "median_hh_income": 156108.0, "mean_commute_min": 30.940012368583798 }, "geometry": { "type": "Polygon", "coordinates": [ [ [ -84.252, 34.1863 ], [ -84.2421, 34.1786 ], [ -84.2352, 34.1784 ], [ -84.2294, 34.1713 ], [ -84.2177, 34.1831 ], [ -84.2197, 34.2084 ], [ -84.2367, 34.2108 ], [ -84.2589, 34.2074 ], [ -84.259, 34.1784 ], [ -84.252, 34.1863 ] ] ] } },
{ "type": "Feature", "properties": { "county": "Forsyth", "geoid": "13117130608", "pop": 6149.0, "pop_density": 709.98158597116105, "median_hh_income": 154010.0, "mean_commute_min": 48.406851243547628 }, "geometry": { "type": "Polygon", "coordinates": [ [ [ -84.1434, 34.0553 ], [ -84.1329, 34.057 ], [ -84.1155, 34.0511 ], [ -84.1215, 34.0614 ], [ -84.1288, 34.0603 ], [ -84.1325, 34.068 ], [ -84.1309, 34.0723 ], [ -84.1502, 34.0811 ], [ -84.1495, 34.0902 ], [ -84.1616, 34.0846 ], [ -84.168, 34.0683 ], [ -84.1434, 34.0553 ] ] ] } },
{ "type": "Feature", "properties": { "county": "Forsyth", "geoid": "13117130201", "pop": 6345.0, "pop_density": 168.38766646461033, "median_hh_income": 140234.0, "mean_commute_min": 33.619972260748959 }, "geometry": { "type": "Polygon", "coordinates": [ [ [ -84.2469, 34.2976 ], [ -84.243, 34.291 ], [ -84.2345, 34.2941 ], [ -84.2299, 34.2892 ], [ -84.2202, 34.2915 ], [ -84.2155, 34.2881 ], [ -84.2103, 34.2895 ], [ -84.2056, 34.2847 ], [ -84.1933, 34.2897 ], [ -84.1878, 34.2883 ], [ -84.1896, 34.2954 ], [ -84.1723, 34.2994 ], [ -84.1736, 34.3052 ], [ -84.1656, 34.3097 ], [ -84.1714, 34.3152 ], [ -84.1716, 34.3264 ], [ -84.1795, 34.3326 ], [ -84.1764, 34.3349 ], [ -84.2581, 34.3352 ], [ -84.2586, 34.2882 ], [ -84.2469, 34.2976 ] ] ] } },
{ "type": "Feature", "properties": { "county": "Forsyth", "geoid": "13117130103", "pop": 4789.0, "pop_density": 222.97356880906599, "median_hh_income": 78551.0, "mean_commute_min": 35.084500241429261 }, "geometry": { "type": "Polygon", "coordinates": [ [ [ -84.0213, 34.2909 ], [ -84.0116, 34.2913 ], [ -83.9536, 34.3107 ], [ -83.9498, 34.3123 ], [ -83.9533, 34.318 ], [ -83.9507, 34.3231 ], [ -83.9458, 34.3242 ], [ -83.9455, 34.3292 ], [ -83.9571, 34.334 ], [ -84.0185, 34.3343 ], [ -84.011, 34.33 ], [ -84.0034, 34.32 ], [ -84.0172, 34.3173 ], [ -84.0243, 34.3126 ], [ -84.029, 34.308 ], [ -84.0299, 34.2986 ], [ -84.0213, 34.2909 ] ] ] } },
{ "type": "Feature", "properties": { "county": "Forsyth", "geoid": "13117130102", "pop": 2362.0, "pop_density": 171.76870129917353, "median_hh_income": 99671.0, "mean_commute_min": 37.64903846153846 }, "geometry": { "type": "Polygon", "coordinates": [ [ [ -84.0495, 34.2635 ], [ -84.0411, 34.2738 ], [ -84.028, 34.2814 ], [ -84.0223, 34.2803 ], [ -84.0249, 34.2536 ], [ -84.0204, 34.2465 ], [ -83.9976, 34.2514 ], [ -83.9954, 34.2599 ], [ -84.0007, 34.2746 ], [ -83.9998, 34.2942 ], [ -84.0228, 34.2907 ], [ -84.0435, 34.283 ], [ -84.0562, 34.2684 ], [ -84.0495, 34.2635 ] ] ] } },
{ "type": "Feature", "properties": { "county": "Forsyth", "geoid": "13117130202", "pop": 6404.0, "pop_density": 418.7796653307002, "median_hh_income": 143203.0, "mean_commute_min": 30.739452943903569 }, "geometry": { "type": "Polygon", "coordinates": [ [ [ -84.1534, 34.2703 ], [ -84.1459, 34.2657 ], [ -84.1385, 34.2658 ], [ -84.1309, 34.2593 ], [ -84.121, 34.2617 ], [ -84.1223, 34.2733 ], [ -84.1146, 34.2762 ], [ -84.1008, 34.2717 ], [ -84.0954, 34.2798 ], [ -84.1016, 34.3037 ], [ -84.1032, 34.3058 ], [ -84.1249, 34.2972 ], [ -84.1365, 34.2957 ], [ -84.1486, 34.2782 ], [ -84.1561, 34.2758 ], [ -84.16, 34.2778 ], [ -84.1534, 34.2703 ] ] ] } },
{ "type": "Feature", "properties": { "county": "Forsyth", "geoid": "13117130203", "pop": 6255.0, "pop_density": 200.16223541184507, "median_hh_income": 102845.0, "mean_commute_min": 35.612357484369255 }, "geometry": { "type": "Polygon", "coordinates": [ [ [ -84.1867, 34.2876 ], [ -84.1799, 34.2854 ], [ -84.1768, 34.2905 ], [ -84.1582, 34.2763 ], [ -84.1501, 34.2773 ], [ -84.1374, 34.2952 ], [ -84.1032, 34.3058 ], [ -84.1074, 34.3175 ], [ -84.1048, 34.3301 ], [ -84.1149, 34.3346 ], [ -84.1764, 34.3349 ], [ -84.1795, 34.3326 ], [ -84.1716, 34.3264 ], [ -84.1714, 34.3152 ], [ -84.1656, 34.3097 ], [ -84.1736, 34.3052 ], [ -84.1723, 34.2994 ], [ -84.1896, 34.2954 ], [ -84.1867, 34.2876 ] ] ] } },
{ "type": "Feature", "properties": { "county": "Forsyth", "geoid": "13117130406", "pop": 7006.0, "pop_density": 982.70793123569285, "median_hh_income": 108760.0, "mean_commute_min": 27.108955223880596 }, "geometry": { "type": "Polygon", "coordinates": [ [ [ -84.1797, 34.1698 ], [ -84.1729, 34.1577 ], [ -84.1385, 34.1836 ], [ -84.1415, 34.1879 ], [ -84.1478, 34.1812 ], [ -84.1535, 34.1797 ], [ -84.1616, 34.1882 ], [ -84.1747, 34.1872 ], [ -84.185, 34.1813 ], [ -84.1866, 34.1727 ], [ -84.1797, 34.1698 ] ] ] } },
{ "type": "Feature", "properties": { "county": "Forsyth", "geoid": "13117130306", "pop": 5274.0, "pop_density": 652.75920722802721, "median_hh_income": 159250.0, "mean_commute_min": 37.000614628149968 }, "geometry": { "type": "Polygon", "coordinates": [ [ [ -84.2099, 34.1695 ], [ -84.1999, 34.1624 ], [ -84.1966, 34.1562 ], [ -84.1922, 34.1596 ], [ -84.1736, 34.1606 ], [ -84.1797, 34.1698 ], [ -84.1923, 34.1775 ], [ -84.1971, 34.1874 ], [ -84.1971, 34.1972 ], [ -84.2051, 34.1966 ], [ -84.2184, 34.1879 ], [ -84.2099, 34.1695 ] ] ] } },
{ "type": "Feature", "properties": { "county": "Forsyth", "geoid": "13117130304", "pop": 6001.0, "pop_density": 481.83341105616989, "median_hh_income": 171417.0, "mean_commute_min": 28.285090114691425 }, "geometry": { "type": "Polygon", "coordinates": [ [ [ -84.2514, 34.1533 ], [ -84.2349, 34.1593 ], [ -84.2062, 34.1545 ], [ -84.1966, 34.1562 ], [ -84.1999, 34.1624 ], [ -84.2074, 34.1662 ], [ -84.2111, 34.1762 ], [ -84.2178, 34.1826 ], [ -84.2294, 34.1713 ], [ -84.2352, 34.1784 ], [ -84.2421, 34.1786 ], [ -84.253, 34.1861 ], [ -84.259, 34.1784 ], [ -84.2589, 34.1549 ], [ -84.2514, 34.1533 ] ] ] } },
{ "type": "Feature", "properties": { "county": "Forsyth", "geoid": "13117130307", "pop": 6646.0, "pop_density": 543.89256362360447, "median_hh_income": 151414.0, "mean_commute_min": 32.458870609159625 }, "geometry": { "type": "Polygon", "coordinates": [ [ [ -84.2197, 34.2118 ], [ -84.2177, 34.1878 ], [ -84.2051, 34.1966 ], [ -84.1971, 34.1972 ], [ -84.1991, 34.215 ], [ -84.1932, 34.2272 ], [ -84.1947, 34.2394 ], [ -84.2047, 34.2372 ], [ -84.227, 34.2386 ], [ -84.229, 34.2324 ], [ -84.2197, 34.2118 ] ] ] } },
{ "type": "Feature", "properties": { "county": "Gwinnett", "geoid": "13135050542", "pop": 5634.0, "pop_density": 1546.2372697522617, "median_hh_income": 42545.0, "mean_commute_min": 30.35554652580252 }, "geometry": { "type": "Polygon", "coordinates": [ [ [ -84.1208, 33.941 ], [ -84.1165, 33.9422 ], [ -84.1149, 33.9495 ], [ -84.1015, 33.9518 ], [ -84.1143, 33.9595 ], [ -84.145, 33.9448 ], [ -84.1208, 33.941 ] ] ] } },
{ "type": "Feature", "properties": { "county": "Forsyth", "geoid": "13117130303", "pop": 3936.0, "pop_density": 216.6943269414196, "median_hh_income": 118636.0, "mean_commute_min": 34.038961038961041 }, "geometry": { "type": "Polygon", "coordinates": [ [ [ -84.227, 34.2386 ], [ -84.2332, 34.2518 ], [ -84.2184, 34.2585 ], [ -84.2279, 34.2654 ], [ -84.2227, 34.2701 ], [ -84.224, 34.28 ], [ -84.2289, 34.2853 ], [ -84.2273, 34.2887 ], [ -84.2345, 34.2941 ], [ -84.2432, 34.2911 ], [ -84.2466, 34.2976 ], [ -84.2586, 34.2881 ], [ -84.2587, 34.2383 ], [ -84.227, 34.2386 ] ] ] } },
{ "type": "Feature", "properties": { "county": "Forsyth", "geoid": "13117130505", "pop": 2646.0, "pop_density": 221.90123231499172, "median_hh_income": 106250.0, "mean_commute_min": 35.096406660823838 }, "geometry": { "type": "Polygon", "coordinates": [ [ [ -84.0576, 34.2048 ], [ -84.0576, 34.1833 ], [ -84.0497, 34.1908 ], [ -84.0413, 34.1936 ], [ -84.0213, 34.1941 ], [ -84.0173, 34.2095 ], [ -84.0204, 34.2206 ], [ -84.0265, 34.2324 ], [ -84.0389, 34.2391 ], [ -84.0411, 34.2471 ], [ -84.0614, 34.2501 ], [ -84.0596, 34.2412 ], [ -84.0679, 34.2429 ], [ -84.0671, 34.2383 ], [ -84.0728, 34.2315 ], [ -84.0576, 34.2048 ] ] ] } },
{ "type": "Feature", "properties": { "county": "Forsyth", "geoid": "13117130504", "pop": 3467.0, "pop_density": 404.77699904614127, "median_hh_income": 90032.0, "mean_commute_min": 30.644853875476493 }, "geometry": { "type": "Polygon", "coordinates": [ [ [ -84.0964, 34.2102 ], [ -84.0989, 34.205 ], [ -84.0823, 34.1969 ], [ -84.0622, 34.1684 ], [ -84.0576, 34.1833 ], [ -84.0576, 34.2048 ], [ -84.073, 34.2294 ], [ -84.0673, 34.2395 ], [ -84.0739, 34.2303 ], [ -84.0806, 34.2354 ], [ -84.0779, 34.2303 ], [ -84.0915, 34.2319 ], [ -84.0917, 34.2232 ], [ -84.1019, 34.2168 ], [ -84.0964, 34.2102 ] ] ] } },
{ "type": "Feature", "properties": { "county": "Forsyth", "geoid": "13117130305", "pop": 6771.0, "pop_density": 677.93996761988103, "median_hh_income": 140234.0, "mean_commute_min": 35.167910447761194 }, "geometry": { "type": "Polygon", "coordinates": [ [ [ -84.2367, 34.2108 ], [ -84.2197, 34.2084 ], [ -84.2289, 34.2313 ], [ -84.227, 34.2386 ], [ -84.2587, 34.2371 ], [ -84.259, 34.2083 ], [ -84.2367, 34.2108 ] ] ] } },
{ "type": "Feature", "properties": { "county": "Forsyth", "geoid": "13117130507", "pop": 3167.0, "pop_density": 498.3087084599822, "median_hh_income": 91691.0, "mean_commute_min": 37.005208333333336 }, "geometry": { "type": "Polygon", "coordinates": [ [ [ -84.1117, 34.1912 ], [ -84.1147, 34.1867 ], [ -84.0833, 34.1658 ], [ -84.0802, 34.1558 ], [ -84.0746, 34.1637 ], [ -84.0622, 34.1684 ], [ -84.0698, 34.1757 ], [ -84.0729, 34.1865 ], [ -84.0791, 34.1935 ], [ -84.0919, 34.2013 ], [ -84.097, 34.1937 ], [ -84.109, 34.1903 ], [ -84.114, 34.1925 ], [ -84.116, 34.1927 ], [ -84.1199, 34.1919 ], [ -84.1117, 34.1912 ] ] ] } },
{ "type": "Feature", "properties": { "county": "Forsyth", "geoid": "13117130605", "pop": 4734.0, "pop_density": 647.31556839065377, "median_hh_income": 176818.0, "mean_commute_min": 29.810397553516818 }, "geometry": { "type": "Polygon", "coordinates": [ [ [ -84.1708, 34.1244 ], [ -84.1545, 34.1141 ], [ -84.1556, 34.1215 ], [ -84.1489, 34.1298 ], [ -84.1485, 34.1488 ], [ -84.152, 34.1511 ], [ -84.1644, 34.1506 ], [ -84.1713, 34.1552 ], [ -84.174, 34.1538 ], [ -84.1708, 34.1244 ] ] ] } },
{ "type": "Feature", "properties": { "county": "Forsyth", "geoid": "13117130609", "pop": 6937.0, "pop_density": 1018.4691309303217, "median_hh_income": 153105.0, "mean_commute_min": 32.703761755485893 }, "geometry": { "type": "Polygon", "coordinates": [ [ [ -84.1375, 34.1004 ], [ -84.1191, 34.1164 ], [ -84.1097, 34.119 ], [ -84.1029, 34.1252 ], [ -84.1097, 34.1285 ], [ -84.1148, 34.1253 ], [ -84.1161, 34.1307 ], [ -84.1218, 34.1317 ], [ -84.1374, 34.1209 ], [ -84.1464, 34.1197 ], [ -84.1522, 34.1116 ], [ -84.1375, 34.1004 ] ] ] } },
{ "type": "Feature", "properties": { "county": "Forsyth", "geoid": "13117130606", "pop": 5555.0, "pop_density": 1255.0172449084255, "median_hh_income": 150114.0, "mean_commute_min": 30.552486187845304 }, "geometry": { "type": "Polygon", "coordinates": [ [ [ -84.1783, 34.0704 ], [ -84.1681, 34.068 ], [ -84.1611, 34.0828 ], [ -84.1696, 34.0915 ], [ -84.1765, 34.0958 ], [ -84.1837, 34.087 ], [ -84.1894, 34.0855 ], [ -84.1783, 34.0704 ] ] ] } },
{ "type": "Feature", "properties": { "county": "Forsyth", "geoid": "13117130205", "pop": 5773.0, "pop_density": 343.76708824036086, "median_hh_income": 113403.0, "mean_commute_min": 29.923939151321058 }, "geometry": { "type": "Polygon", "coordinates": [ [ [ -84.1172, 34.2478 ], [ -84.0809, 34.2548 ], [ -84.0702, 34.2602 ], [ -84.0802, 34.2722 ], [ -84.081, 34.2784 ], [ -84.0667, 34.2901 ], [ -84.0669, 34.3046 ], [ -84.0753, 34.3061 ], [ -84.0809, 34.2948 ], [ -84.0893, 34.2969 ], [ -84.1011, 34.2945 ], [ -84.0942, 34.283 ], [ -84.1008, 34.2717 ], [ -84.1146, 34.2762 ], [ -84.1223, 34.2733 ], [ -84.1224, 34.2553 ], [ -84.1172, 34.2478 ] ] ] } },
{ "type": "Feature", "properties": { "county": "Hall", "geoid": "13139000304", "pop": 3248.0, "pop_density": 103.25141175165734, "median_hh_income": 87500.0, "mean_commute_min": 34.419945725915873 }, "geometry": { "type": "Polygon", "coordinates": [ [ [ -83.9772, 34.3795 ], [ -83.981, 34.3692 ], [ -83.9761, 34.3631 ], [ -83.9814, 34.3578 ], [ -83.9762, 34.3566 ], [ -83.9669, 34.3396 ], [ -83.9607, 34.3431 ], [ -83.9564, 34.3329 ], [ -83.9455, 34.3288 ], [ -83.9302, 34.3408 ], [ -83.9447, 34.3467 ], [ -83.9452, 34.3508 ], [ -83.9386, 34.3579 ], [ -83.94, 34.363 ], [ -83.9335, 34.3793 ], [ -83.9363, 34.3812 ], [ -83.9209, 34.3867 ], [ -83.92, 34.3893 ], [ -83.9282, 34.3988 ], [ -83.924, 34.407 ], [ -83.9301, 34.4181 ], [ -83.9421, 34.4252 ], [ -83.9684, 34.408 ], [ -83.9739, 34.4065 ], [ -83.9756, 34.4086 ], [ -83.9748, 34.4066 ], [ -83.972, 34.4055 ], [ -83.9715, 34.4018 ], [ -83.9844, 34.3836 ], [ -83.9772, 34.3795 ] ] ] } },
{ "type": "Feature", "properties": { "county": "Paulding", "geoid": "13223120110", "pop": 7547.0, "pop_density": 355.23863309332876, "median_hh_income": 134848.0, "mean_commute_min": 36.021236727045597 }, "geometry": { "type": "Polygon", "coordinates": [ [ [ -84.8193, 34.0399 ], [ -84.8245, 34.0365 ], [ -84.7989, 34.0161 ], [ -84.8026, 34.0048 ], [ -84.7981, 34.002 ], [ -84.797, 33.9943 ], [ -84.7912, 33.9921 ], [ -84.7882, 33.9983 ], [ -84.7915, 34.0004 ], [ -84.7902, 34.0042 ], [ -84.7766, 34.0047 ], [ -84.7919, 34.0177 ], [ -84.7826, 34.0168 ], [ -84.7834, 34.0244 ], [ -84.7764, 34.0284 ], [ -84.773, 34.0384 ], [ -84.7782, 34.0505 ], [ -84.7883, 34.0555 ], [ -84.796, 34.0538 ], [ -84.8171, 34.069 ], [ -84.8252, 34.068 ], [ -84.8321, 34.0497 ], [ -84.8193, 34.0399 ] ] ] } },
{ "type": "Feature", "properties": { "county": "Paulding", "geoid": "13223120107", "pop": 8202.0, "pop_density": 694.73484667849073, "median_hh_income": 103250.0, "mean_commute_min": 33.649983536384589 }, "geometry": { "type": "Polygon", "coordinates": [ [ [ -84.7638, 34.0136 ], [ -84.7552, 34.0102 ], [ -84.7388, 34.0347 ], [ -84.7384, 34.0574 ], [ -84.7574, 34.0547 ], [ -84.7648, 34.0499 ], [ -84.777, 34.0303 ], [ -84.7638, 34.0136 ] ] ] } },
{ "type": "Feature", "properties": { "county": "Paulding", "geoid": "13223120304", "pop": 2175.0, "pop_density": 85.126418602412073, "median_hh_income": 58920.0, "mean_commute_min": 39.034165571616292 }, "geometry": { "type": "Polygon", "coordinates": [ [ [ -84.9031, 33.9156 ], [ -84.8913, 33.9166 ], [ -84.8932, 33.9206 ], [ -84.8895, 33.9233 ], [ -84.8726, 33.927 ], [ -84.8655, 33.9326 ], [ -84.8556, 33.9291 ], [ -84.8515, 33.9318 ], [ -84.8437, 33.9291 ], [ -84.8519, 33.9588 ], [ -84.8617, 33.9743 ], [ -84.8761, 33.9752 ], [ -84.8872, 33.9634 ], [ -84.8956, 33.9609 ], [ -84.9039, 33.948 ], [ -84.9158, 33.9451 ], [ -84.9031, 33.9156 ] ] ] } },
{ "type": "Feature", "properties": { "county": "Paulding", "geoid": "13223120208", "pop": 4008.0, "pop_density": 444.74187605394559, "median_hh_income": 96181.0, "mean_commute_min": 37.856799615569436 }, "geometry": { "type": "Polygon", "coordinates": [ [ [ -84.7788, 33.9092 ], [ -84.7714, 33.9164 ], [ -84.7552, 33.9233 ], [ -84.7671, 33.9234 ], [ -84.7707, 33.9314 ], [ -84.7746, 33.9331 ], [ -84.7656, 33.9433 ], [ -84.7892, 33.9587 ], [ -84.791, 33.9356 ], [ -84.7821, 33.9182 ], [ -84.7935, 33.918 ], [ -84.8035, 33.9107 ], [ -84.7788, 33.9092 ] ] ] } },
{ "type": "Feature", "properties": { "county": "Paulding", "geoid": "13223120207", "pop": 3129.0, "pop_density": 525.55977406808461, "median_hh_income": 93980.0, "mean_commute_min": 30.554263565891471 }, "geometry": { "type": "Polygon", "coordinates": [ [ [ -84.7671, 33.9234 ], [ -84.7552, 33.9233 ], [ -84.7238, 33.9348 ], [ -84.7273, 33.9389 ], [ -84.7398, 33.9418 ], [ -84.755, 33.9376 ], [ -84.7656, 33.9433 ], [ -84.7745, 33.9332 ], [ -84.7671, 33.9234 ] ] ] } },
{ "type": "Feature", "properties": { "county": "Paulding", "geoid": "13223120305", "pop": 3742.0, "pop_density": 351.6078919904154, "median_hh_income": 37719.0, "mean_commute_min": 28.75605815831987 }, "geometry": { "type": "Polygon", "coordinates": [ [ [ -84.8913, 33.9166 ], [ -84.8845, 33.9144 ], [ -84.8731, 33.9187 ], [ -84.8466, 33.9153 ], [ -84.835, 33.9079 ], [ -84.8226, 33.9087 ], [ -84.807, 33.9019 ], [ -84.775, 33.9024 ], [ -84.7725, 33.9048 ], [ -84.7821, 33.9098 ], [ -84.8027, 33.9107 ], [ -84.8087, 33.9061 ], [ -84.8169, 33.9078 ], [ -84.833, 33.9159 ], [ -84.8491, 33.9317 ], [ -84.8556, 33.9291 ], [ -84.8655, 33.9326 ], [ -84.8726, 33.927 ], [ -84.8834, 33.9259 ], [ -84.8931, 33.9207 ], [ -84.8913, 33.9166 ] ] ] } },
{ "type": "Feature", "properties": { "county": "Paulding", "geoid": "13223120111", "pop": 7335.0, "pop_density": 162.17061622313722, "median_hh_income": 123578.0, "mean_commute_min": 33.140070921985817 }, "geometry": { "type": "Polygon", "coordinates": [ [ [ -84.8522, 33.9593 ], [ -84.8448, 33.9384 ], [ -84.8414, 33.9411 ], [ -84.8416, 33.9533 ], [ -84.8329, 33.9559 ], [ -84.8327, 33.9589 ], [ -84.8276, 33.9584 ], [ -84.822, 33.9738 ], [ -84.8014, 33.9727 ], [ -84.7986, 33.9827 ], [ -84.8044, 33.996 ], [ -84.7982, 34.0 ], [ -84.8027, 34.0053 ], [ -84.7989, 34.0161 ], [ -84.8245, 34.0365 ], [ -84.8193, 34.0399 ], [ -84.8322, 34.0495 ], [ -84.8647, 34.0105 ], [ -84.8715, 33.9888 ], [ -84.8522, 33.9593 ] ] ] } },
{ "type": "Feature", "properties": { "county": "Paulding", "geoid": "13223120401", "pop": 5401.0, "pop_density": 58.215541982492176, "median_hh_income": 63955.0, "mean_commute_min": 36.776960784313722 }, "geometry": { "type": "Polygon", "coordinates": [ [ [ -85.0367, 33.9043 ], [ -85.0358, 33.896 ], [ -85.0296, 33.892 ], [ -85.0343, 33.8816 ], [ -85.0237, 33.8854 ], [ -85.0226, 33.8897 ], [ -85.0025, 33.8932 ], [ -84.9928, 33.9122 ], [ -84.9894, 33.9122 ], [ -84.9824, 33.9031 ], [ -84.9787, 33.8897 ], [ -84.9691, 33.8806 ], [ -84.9516, 33.8859 ], [ -84.9299, 33.888 ], [ -84.9223, 33.8936 ], [ -84.9151, 33.9069 ], [ -84.9178, 33.9147 ], [ -84.8994, 33.9122 ], [ -84.8847, 33.9146 ], [ -84.9047, 33.9167 ], [ -84.9093, 33.9327 ], [ -84.9145, 33.9371 ], [ -84.9159, 33.952 ], [ -84.9267, 33.9628 ], [ -84.936, 33.9685 ], [ -84.9555, 33.9682 ], [ -84.9659, 33.9737 ], [ -84.9694, 33.9735 ], [ -84.9787, 33.9514 ], [ -85.0498, 33.9526 ], [ -85.0503, 33.9058 ], [ -85.0367, 33.9043 ] ] ] } },
{ "type": "Feature", "properties": { "county": "Paulding", "geoid": "13223120402", "pop": 5209.0, "pop_density": 62.651031804401192, "median_hh_income": 88452.0, "mean_commute_min": 36.029263370332998 }, "geometry": { "type": "Polygon", "coordinates": [ [ [ -84.9712, 33.7996 ], [ -84.8972, 33.7795 ], [ -84.8943, 33.7914 ], [ -84.9026, 33.7946 ], [ -84.9033, 33.8038 ], [ -84.8873, 33.8287 ], [ -84.8704, 33.8365 ], [ -84.8568, 33.8496 ], [ -84.8673, 33.8517 ], [ -84.8717, 33.8705 ], [ -84.8852, 33.8733 ], [ -84.891, 33.8671 ], [ -84.9022, 33.866 ], [ -84.9294, 33.8553 ], [ -85.0377, 33.829 ], [ -85.0379, 33.8119 ], [ -84.9712, 33.7996 ] ] ] } },
{ "type": "Feature", "properties": { "county": "Paulding", "geoid": "13223120403", "pop": 5293.0, "pop_density": 74.122070774324271, "median_hh_income": 67153.0, "mean_commute_min": 54.106904231625833 }, "geometry": { "type": "Polygon", "coordinates": [ [ [ -84.9298, 33.8552 ], [ -84.9019, 33.8661 ], [ -84.8918, 33.8668 ], [ -84.8949, 33.8796 ], [ -84.8931, 33.8848 ], [ -84.8881, 33.8875 ], [ -84.8882, 33.8957 ], [ -84.8928, 33.9027 ], [ -84.8812, 33.9091 ], [ -84.8794, 33.913 ], [ -84.9178, 33.9147 ], [ -84.9151, 33.9069 ], [ -84.9223, 33.8936 ], [ -84.9299, 33.888 ], [ -84.9516, 33.8859 ], [ -84.9691, 33.8806 ], [ -84.9787, 33.8897 ], [ -84.9824, 33.9031 ], [ -84.9894, 33.9122 ], [ -84.9928, 33.9122 ], [ -85.0025, 33.8932 ], [ -85.0226, 33.8897 ], [ -85.0237, 33.8854 ], [ -85.0343, 33.8816 ], [ -85.0296, 33.892 ], [ -85.0358, 33.896 ], [ -85.0367, 33.9009 ], [ -85.0377, 33.829 ], [ -84.9298, 33.8552 ] ] ] } },
{ "type": "Feature", "properties": { "county": "Paulding", "geoid": "13223120504", "pop": 2385.0, "pop_density": 215.66572301232839, "median_hh_income": 73942.0, "mean_commute_min": 43.245214220601639 }, "geometry": { "type": "Polygon", "coordinates": [ [ [ -84.8583, 33.8206 ], [ -84.8469, 33.8254 ], [ -84.8397, 33.8344 ], [ -84.8567, 33.8497 ], [ -84.8441, 33.8592 ], [ -84.8417, 33.8674 ], [ -84.8476, 33.8668 ], [ -84.858, 33.874 ], [ -84.8717, 33.8705 ], [ -84.8673, 33.8517 ], [ -84.8568, 33.8496 ], [ -84.8793, 33.8216 ], [ -84.8583, 33.8206 ] ] ] } },
{ "type": "Feature", "properties": { "county": "Paulding", "geoid": "13223120506", "pop": 4525.0, "pop_density": 412.67037586656215, "median_hh_income": 86011.0, "mean_commute_min": 34.068371607515658 }, "geometry": { "type": "Polygon", "coordinates": [ [ [ -84.8015, 33.8653 ], [ -84.7811, 33.8688 ], [ -84.7806, 33.8869 ], [ -84.8065, 33.8935 ], [ -84.8076, 33.8822 ], [ -84.8216, 33.886 ], [ -84.8412, 33.8737 ], [ -84.8417, 33.8674 ], [ -84.8015, 33.8653 ] ] ] } },
{ "type": "Feature", "properties": { "county": "Paulding", "geoid": "13223120206", "pop": 3810.0, "pop_density": 328.6995042935402, "median_hh_income": 59063.0, "mean_commute_min": 36.140939597315437 }, "geometry": { "type": "Polygon", "coordinates": [ [ [ -84.7244, 33.8818 ], [ -84.7235, 33.9349 ], [ -84.748, 33.9262 ], [ -84.7459, 33.9149 ], [ -84.7546, 33.892 ], [ -84.7244, 33.8818 ] ] ] } },
{ "type": "Feature", "properties": { "county": "Paulding", "geoid": "13223120106", "pop": 2150.0, "pop_density": 425.50664977834072, "median_hh_income": 95500.0, "mean_commute_min": 40.567805953693494 }, "geometry": { "type": "Polygon", "coordinates": [ [ [ -84.7514, 34.0073 ], [ -84.7497, 33.9913 ], [ -84.7398, 33.977 ], [ -84.7388, 34.0347 ], [ -84.7552, 34.0102 ], [ -84.7514, 34.0073 ] ] ] } },
{ "type": "Feature", "properties": { "county": "Paulding", "geoid": "13223120505", "pop": 7358.0, "pop_density": 527.91211547543014, "median_hh_income": 92639.0, "mean_commute_min": 46.631578947368418 }, "geometry": { "type": "Polygon", "coordinates": [ [ [ -84.851, 33.842 ], [ -84.8453, 33.842 ], [ -84.8423, 33.8343 ], [ -84.8235, 33.8416 ], [ -84.8069, 33.8395 ], [ -84.7913, 33.8443 ], [ -84.8018, 33.8533 ], [ -84.8057, 33.8622 ], [ -84.8032, 33.8658 ], [ -84.806, 33.8669 ], [ -84.8417, 33.8674 ], [ -84.8441, 33.8592 ], [ -84.8567, 33.8497 ], [ -84.851, 33.842 ] ] ] } },
{ "type": "Feature", "properties": { "county": "Paulding", "geoid": "13223120606", "pop": 3445.0, "pop_density": 521.81852772348373, "median_hh_income": 117326.0, "mean_commute_min": 35.102990033222589 }, "geometry": { "type": "Polygon", "coordinates": [ [ [ -84.8057, 33.7928 ], [ -84.7936, 33.7832 ], [ -84.7864, 33.7843 ], [ -84.7807, 33.7891 ], [ -84.7801, 33.8011 ], [ -84.8016, 33.8122 ], [ -84.8045, 33.8213 ], [ -84.8134, 33.8171 ], [ -84.8057, 33.7928 ] ] ] } },
{ "type": "Feature", "properties": { "county": "Paulding", "geoid": "13223120105", "pop": 7791.0, "pop_density": 317.07966656128548, "median_hh_income": 137149.0, "mean_commute_min": 43.50343053173242 }, "geometry": { "type": "Polygon", "coordinates": [ [ [ -84.8322, 34.0786 ], [ -84.8262, 34.0661 ], [ -84.8163, 34.0688 ], [ -84.796, 34.0538 ], [ -84.7883, 34.0555 ], [ -84.779, 34.0513 ], [ -84.773, 34.0384 ], [ -84.7688, 34.0399 ], [ -84.7654, 34.0493 ], [ -84.7583, 34.0543 ], [ -84.7384, 34.0574 ], [ -84.7378, 34.0823 ], [ -84.8394, 34.0825 ], [ -84.8322, 34.0786 ] ] ] } },
{ "type": "Feature", "properties": { "county": "Paulding", "geoid": "13223120109", "pop": 6076.0, "pop_density": 385.58667367779498, "median_hh_income": 126118.0, "mean_commute_min": 41.662259161314694 }, "geometry": { "type": "Polygon", "coordinates": [ [ [ -84.7654, 33.9949 ], [ -84.7881, 33.9601 ], [ -84.7428, 33.9714 ], [ -84.7399, 33.9784 ], [ -84.7498, 33.9916 ], [ -84.7521, 34.0085 ], [ -84.7635, 34.0133 ], [ -84.7764, 34.0284 ], [ -84.7834, 34.0244 ], [ -84.7826, 34.0168 ], [ -84.7918, 34.0177 ], [ -84.7654, 33.9949 ] ] ] } },
{ "type": "Feature", "properties": { "county": "Fulton", "geoid": "13121010212", "pop": 5736.0, "pop_density": 1759.8438966920089, "median_hh_income": 80172.0, "mean_commute_min": 27.962809917355372 }, "geometry": { "type": "Polygon", "coordinates": [ [ [ -84.3914, 33.8908 ], [ -84.3816, 33.8881 ], [ -84.3791, 33.9121 ], [ -84.3925, 33.9132 ], [ -84.3977, 33.9006 ], [ -84.3914, 33.8908 ] ] ] } },
{ "type": "Feature", "properties": { "county": "Paulding", "geoid": "13223120205", "pop": 4802.0, "pop_density": 726.37833389805894, "median_hh_income": 119286.0, "mean_commute_min": 32.630473905218956 }, "geometry": { "type": "Polygon", "coordinates": [ [ [ -84.7658, 33.8961 ], [ -84.7549, 33.8916 ], [ -84.7459, 33.9149 ], [ -84.748, 33.9262 ], [ -84.7708, 33.9168 ], [ -84.7788, 33.9093 ], [ -84.7658, 33.8961 ] ] ] } },
{ "type": "Feature", "properties": { "county": "Paulding", "geoid": "13223120307", "pop": 4183.0, "pop_density": 526.24447760957446, "median_hh_income": 61994.0, "mean_commute_min": 38.415895481763748 }, "geometry": { "type": "Polygon", "coordinates": [ [ [ -84.8894, 33.8933 ], [ -84.8824, 33.8938 ], [ -84.8729, 33.9071 ], [ -84.8595, 33.9126 ], [ -84.8552, 33.9117 ], [ -84.8528, 33.9043 ], [ -84.8437, 33.9044 ], [ -84.8349, 33.8952 ], [ -84.8311, 33.8998 ], [ -84.8232, 33.8959 ], [ -84.8225, 33.8997 ], [ -84.8102, 33.9029 ], [ -84.8226, 33.9087 ], [ -84.835, 33.9079 ], [ -84.8466, 33.9153 ], [ -84.873, 33.9187 ], [ -84.8845, 33.9144 ], [ -84.8785, 33.9112 ], [ -84.8928, 33.9027 ], [ -84.8894, 33.8933 ] ] ] } },
{ "type": "Feature", "properties": { "county": "Paulding", "geoid": "13223120607", "pop": 6318.0, "pop_density": 382.28397551857779, "median_hh_income": 85960.0, "mean_commute_min": 34.764634882317438 }, "geometry": { "type": "Polygon", "coordinates": [ [ [ -84.7999, 33.7799 ], [ -84.8003, 33.7823 ], [ -84.7936, 33.7832 ], [ -84.806, 33.7932 ], [ -84.8134, 33.8171 ], [ -84.8372, 33.8054 ], [ -84.8556, 33.8032 ], [ -84.8542, 33.7879 ], [ -84.8583, 33.7836 ], [ -84.8588, 33.7753 ], [ -84.7999, 33.7799 ] ] ] } },
{ "type": "Feature", "properties": { "county": "Paulding", "geoid": "13223120306", "pop": 3632.0, "pop_density": 300.62464868839663, "median_hh_income": 71402.0, "mean_commute_min": 39.758800521512384 }, "geometry": { "type": "Polygon", "coordinates": [ [ [ -84.8643, 33.8997 ], [ -84.858, 33.903 ], [ -84.8598, 33.8985 ], [ -84.857, 33.9 ], [ -84.8545, 33.8952 ], [ -84.8463, 33.8976 ], [ -84.8354, 33.8939 ], [ -84.8415, 33.8733 ], [ -84.8216, 33.886 ], [ -84.808, 33.8819 ], [ -84.8065, 33.8935 ], [ -84.7806, 33.8869 ], [ -84.7789, 33.9024 ], [ -84.8102, 33.9029 ], [ -84.8225, 33.8997 ], [ -84.8232, 33.8959 ], [ -84.8311, 33.8998 ], [ -84.8349, 33.8952 ], [ -84.8437, 33.9044 ], [ -84.8552, 33.9061 ], [ -84.8552, 33.9117 ], [ -84.8595, 33.9126 ], [ -84.8739, 33.906 ], [ -84.8643, 33.8997 ] ] ] } },
{ "type": "Feature", "properties": { "county": "Paulding", "geoid": "13223120507", "pop": 6026.0, "pop_density": 508.737649329823, "median_hh_income": 76367.0, "mean_commute_min": 38.162081537951607 }, "geometry": { "type": "Polygon", "coordinates": [ [ [ -84.7648, 33.8701 ], [ -84.7603, 33.8637 ], [ -84.7515, 33.8594 ], [ -84.7515, 33.8551 ], [ -84.7461, 33.8557 ], [ -84.7425, 33.8634 ], [ -84.7453, 33.878 ], [ -84.7405, 33.879 ], [ -84.7404, 33.8869 ], [ -84.7647, 33.8954 ], [ -84.7725, 33.9048 ], [ -84.7789, 33.9024 ], [ -84.7811, 33.8688 ], [ -84.7648, 33.8701 ] ] ] } },
{ "type": "Feature", "properties": { "county": "Paulding", "geoid": "13223120108", "pop": 9424.0, "pop_density": 517.98596897811501, "median_hh_income": 115163.0, "mean_commute_min": 39.4104134762634 }, "geometry": { "type": "Polygon", "coordinates": [ [ [ -84.819, 33.9504 ], [ -84.8228, 33.9484 ], [ -84.8231, 33.9442 ], [ -84.8164, 33.9412 ], [ -84.7897, 33.9581 ], [ -84.7654, 33.9949 ], [ -84.7766, 34.0047 ], [ -84.7902, 34.0042 ], [ -84.7915, 34.0004 ], [ -84.7882, 33.9983 ], [ -84.7912, 33.9921 ], [ -84.7972, 33.9945 ], [ -84.7981, 34.0 ], [ -84.8022, 33.9987 ], [ -84.8044, 33.9952 ], [ -84.7986, 33.9826 ], [ -84.8014, 33.9727 ], [ -84.8211, 33.9744 ], [ -84.8276, 33.9584 ], [ -84.8329, 33.9577 ], [ -84.819, 33.9504 ] ] ] } },
{ "type": "Feature", "properties": { "county": "Hall", "geoid": "13139001102", "pop": 4775.0, "pop_density": 853.69339945717616, "median_hh_income": 76055.0, "mean_commute_min": 28.479129662522201 }, "geometry": { "type": "Polygon", "coordinates": [ [ [ -83.8571, 34.2533 ], [ -83.8591, 34.2476 ], [ -83.8467, 34.2575 ], [ -83.8377, 34.2723 ], [ -83.8486, 34.2717 ], [ -83.8471, 34.2764 ], [ -83.8517, 34.2817 ], [ -83.8683, 34.2691 ], [ -83.873, 34.2574 ], [ -83.8571, 34.2533 ] ] ] } },
{ "type": "Feature", "properties": { "county": "Hall", "geoid": "13139001501", "pop": 6267.0, "pop_density": 427.60171455528399, "median_hh_income": 87500.0, "mean_commute_min": 30.060240963855421 }, "geometry": { "type": "Polygon", "coordinates": [ [ [ -83.9428, 34.1857 ], [ -83.9335, 34.1794 ], [ -83.9272, 34.1821 ], [ -83.9096, 34.203 ], [ -83.921, 34.2106 ], [ -83.9193, 34.2144 ], [ -83.9237, 34.2254 ], [ -83.9538, 34.2375 ], [ -83.9718, 34.2281 ], [ -83.9707, 34.2232 ], [ -83.9646, 34.22 ], [ -83.9675, 34.2154 ], [ -83.9784, 34.2136 ], [ -83.9848, 34.2002 ], [ -83.9428, 34.1857 ] ] ] } },
{ "type": "Feature", "properties": { "county": "Hall", "geoid": "13139001302", "pop": 5423.0, "pop_density": 250.97006199742643, "median_hh_income": 95964.0, "mean_commute_min": 25.337102177554438 }, "geometry": { "type": "Polygon", "coordinates": [ [ [ -83.8143, 34.1524 ], [ -83.8023, 34.1538 ], [ -83.797, 34.1451 ], [ -83.7735, 34.1651 ], [ -83.7861, 34.1642 ], [ -83.7869, 34.1818 ], [ -83.7908, 34.1779 ], [ -83.7916, 34.1833 ], [ -83.8001, 34.1902 ], [ -83.798, 34.1926 ], [ -83.8013, 34.1955 ], [ -83.8042, 34.1939 ], [ -83.8062, 34.1975 ], [ -83.8131, 34.197 ], [ -83.8185, 34.203 ], [ -83.8263, 34.2021 ], [ -83.8281, 34.1868 ], [ -83.8376, 34.193 ], [ -83.8432, 34.1889 ], [ -83.8555, 34.1886 ], [ -83.8143, 34.1524 ] ] ] } },
{ "type": "Feature", "properties": { "county": "Hall", "geoid": "13139001607", "pop": 6147.0, "pop_density": 421.59935742963074, "median_hh_income": 85686.0, "mean_commute_min": 27.065696649029981 }, "geometry": { "type": "Polygon", "coordinates": [ [ [ -83.9358, 34.1228 ], [ -83.9353, 34.134 ], [ -83.9248, 34.1523 ], [ -83.926, 34.16 ], [ -83.9515, 34.1685 ], [ -83.9712, 34.1476 ], [ -83.9875, 34.1413 ], [ -83.9358, 34.1228 ] ] ] } },
{ "type": "Feature", "properties": { "county": "Hall", "geoid": "13139001605", "pop": 4874.0, "pop_density": 287.8671723931011, "median_hh_income": 95767.0, "mean_commute_min": 29.228222109016812 }, "geometry": { "type": "Polygon", "coordinates": [ [ [ -83.8677, 34.0985 ], [ -83.8721, 34.1036 ], [ -83.8798, 34.1288 ], [ -83.8878, 34.1315 ], [ -83.8964, 34.14 ], [ -83.898, 34.1342 ], [ -83.908, 34.1346 ], [ -83.9099, 34.1507 ], [ -83.9275, 34.1496 ], [ -83.9358, 34.1228 ], [ -83.8677, 34.0985 ] ] ] } },
{ "type": "Feature", "properties": { "county": "Cobb", "geoid": "13067030259", "pop": 3590.0, "pop_density": 1181.3897223701244, "median_hh_income": 82212.0, "mean_commute_min": 26.311777076761302 }, "geometry": { "type": "Polygon", "coordinates": [ [ [ -84.6148, 34.0234 ], [ -84.6143, 34.0386 ], [ -84.6111, 34.0437 ], [ -84.6139, 34.0486 ], [ -84.6236, 34.048 ], [ -84.6279, 34.032 ], [ -84.6148, 34.0234 ] ] ] } },
{ "type": "Feature", "properties": { "county": "Cobb", "geoid": "13067030242", "pop": 4049.0, "pop_density": 1115.7248312290526, "median_hh_income": 108688.0, "mean_commute_min": 29.518682710576314 }, "geometry": { "type": "Polygon", "coordinates": [ [ [ -84.6435, 33.9979 ], [ -84.625, 34.018 ], [ -84.6252, 34.0221 ], [ -84.6375, 34.0269 ], [ -84.6489, 33.9982 ], [ -84.6435, 33.9979 ] ] ] } },
{ "type": "Feature", "properties": { "county": "Cobb", "geoid": "13067030258", "pop": 3712.0, "pop_density": 1003.7073900930944, "median_hh_income": 92083.0, "mean_commute_min": 27.258771929824562 }, "geometry": { "type": "Polygon", "coordinates": [ [ [ -84.6252, 34.0221 ], [ -84.6105, 34.0114 ], [ -84.5891, 34.0233 ], [ -84.5902, 34.0291 ], [ -84.5989, 34.0285 ], [ -84.6066, 34.0318 ], [ -84.6135, 34.0234 ], [ -84.6269, 34.0294 ], [ -84.6252, 34.0221 ] ] ] } },
{ "type": "Feature", "properties": { "county": "Cobb", "geoid": "13067030249", "pop": 3643.0, "pop_density": 738.60005384907333, "median_hh_income": 72933.0, "mean_commute_min": 36.280193236714979 }, "geometry": { "type": "Polygon", "coordinates": [ [ [ -84.6168, 33.9853 ], [ -84.5992, 33.9973 ], [ -84.6005, 34.0034 ], [ -84.615, 34.0153 ], [ -84.6281, 33.9971 ], [ -84.6287, 33.9921 ], [ -84.6168, 33.9853 ] ] ] } },
{ "type": "Feature", "properties": { "county": "Fulton", "geoid": "13121010115", "pop": 2764.0, "pop_density": 765.94737631155328, "median_hh_income": 164881.0, "mean_commute_min": 21.312796208530806 }, "geometry": { "type": "Polygon", "coordinates": [ [ [ -84.3651, 33.8813 ], [ -84.36, 33.8825 ], [ -84.3574, 33.8883 ], [ -84.3483, 33.8909 ], [ -84.3479, 33.915 ], [ -84.3575, 33.9113 ], [ -84.3651, 33.8918 ], [ -84.3651, 33.8813 ] ] ] } },
{ "type": "Feature", "properties": { "county": "Fulton", "geoid": "13121010117", "pop": 4354.0, "pop_density": 3116.4287473015765, "median_hh_income": 72000.0, "mean_commute_min": 42.5736293611237 }, "geometry": { "type": "Polygon", "coordinates": [ [ [ -84.3646, 33.9553 ], [ -84.362, 33.9551 ], [ -84.3564, 33.9568 ], [ -84.3502, 33.9659 ], [ -84.3613, 33.9684 ], [ -84.3658, 33.9619 ], [ -84.3646, 33.9553 ] ] ] } },
{ "type": "Feature", "properties": { "county": "Hall", "geoid": "13139001101", "pop": 5551.0, "pop_density": 1366.524795248994, "median_hh_income": 59320.0, "mean_commute_min": 25.225819344524382 }, "geometry": { "type": "Polygon", "coordinates": [ [ [ -83.8471, 34.2764 ], [ -83.8486, 34.2717 ], [ -83.8391, 34.271 ], [ -83.8191, 34.2893 ], [ -83.8259, 34.3031 ], [ -83.8298, 34.3003 ], [ -83.8281, 34.297 ], [ -83.8318, 34.2905 ], [ -83.8514, 34.282 ], [ -83.8471, 34.2764 ] ] ] } },
{ "type": "Feature", "properties": { "county": "Hall", "geoid": "13139001606", "pop": 4277.0, "pop_density": 501.90605778432587, "median_hh_income": 71651.0, "mean_commute_min": 31.174757281553397 }, "geometry": { "type": "Polygon", "coordinates": [ [ [ -83.926, 34.16 ], [ -83.9209, 34.1684 ], [ -83.8937, 34.1925 ], [ -83.8987, 34.1914 ], [ -83.9142, 34.1975 ], [ -83.9278, 34.1815 ], [ -83.9442, 34.1751 ], [ -83.9515, 34.1685 ], [ -83.926, 34.16 ] ] ] } },
{ "type": "Feature", "properties": { "county": "Cobb", "geoid": "13067030340", "pop": 4401.0, "pop_density": 1027.4910470999935, "median_hh_income": 153029.0, "mean_commute_min": 35.702524698133921 }, "geometry": { "type": "Polygon", "coordinates": [ [ [ -84.4641, 34.0362 ], [ -84.4591, 34.0399 ], [ -84.4546, 34.0495 ], [ -84.4567, 34.0564 ], [ -84.4641, 34.0619 ], [ -84.4755, 34.0605 ], [ -84.4771, 34.0417 ], [ -84.4641, 34.0362 ] ] ] } },
{ "type": "Feature", "properties": { "county": "Cobb", "geoid": "13067030343", "pop": 5124.0, "pop_density": 1129.762381690794, "median_hh_income": 177898.0, "mean_commute_min": 35.506561679790025 }, "geometry": { "type": "Polygon", "coordinates": [ [ [ -84.4286, 34.0275 ], [ -84.4008, 34.0264 ], [ -84.4026, 34.0357 ], [ -84.4072, 34.0363 ], [ -84.4116, 34.0431 ], [ -84.4108, 34.0493 ], [ -84.42, 34.0558 ], [ -84.4183, 34.0451 ], [ -84.4326, 34.0308 ], [ -84.4286, 34.0275 ] ] ] } },
{ "type": "Feature", "properties": { "county": "Fulton", "geoid": "13121010120", "pop": 2606.0, "pop_density": 2720.8924025918432, "median_hh_income": 80515.0, "mean_commute_min": 26.236923076923077 }, "geometry": { "type": "Polygon", "coordinates": [ [ [ -84.3444, 33.9984 ], [ -84.337, 33.999 ], [ -84.3334, 34.0094 ], [ -84.3372, 34.0096 ], [ -84.3437, 34.0042 ], [ -84.3505, 34.0037 ], [ -84.3444, 33.9984 ] ] ] } },
{ "type": "Feature", "properties": { "county": "Fulton", "geoid": "13121011419", "pop": 5955.0, "pop_density": 870.78488206311829, "median_hh_income": 149982.0, "mean_commute_min": 30.534605146406388 }, "geometry": { "type": "Polygon", "coordinates": [ [ [ -84.3961, 34.0471 ], [ -84.3759, 34.0468 ], [ -84.3649, 34.0334 ], [ -84.3564, 34.0292 ], [ -84.3437, 34.0361 ], [ -84.3845, 34.0598 ], [ -84.3945, 34.0628 ], [ -84.4022, 34.0596 ], [ -84.3961, 34.0471 ] ] ] } },
{ "type": "Feature", "properties": { "county": "Henry", "geoid": "13151070109", "pop": 3081.0, "pop_density": 363.03149324715469, "median_hh_income": 70100.0, "mean_commute_min": 31.464912280701753 }, "geometry": { "type": "Polygon", "coordinates": [ [ [ -84.2439, 33.5986 ], [ -84.2439, 33.5903 ], [ -84.2532, 33.5903 ], [ -84.2531, 33.5837 ], [ -84.2365, 33.5729 ], [ -84.2342, 33.5683 ], [ -84.2252, 33.5752 ], [ -84.2257, 33.5815 ], [ -84.2199, 33.5915 ], [ -84.2247, 33.6067 ], [ -84.2456, 33.6069 ], [ -84.2534, 33.6006 ], [ -84.2439, 33.5986 ] ] ] } },
{ "type": "Feature", "properties": { "county": "Henry", "geoid": "13151070114", "pop": 5589.0, "pop_density": 461.10722661204994, "median_hh_income": 53882.0, "mean_commute_min": 24.109909909909909 }, "geometry": { "type": "Polygon", "coordinates": [ [ [ -84.2259, 33.5011 ], [ -84.2011, 33.5121 ], [ -84.1947, 33.5239 ], [ -84.2019, 33.5398 ], [ -84.2335, 33.5443 ], [ -84.227, 33.5286 ], [ -84.2346, 33.515 ], [ -84.2412, 33.5145 ], [ -84.2259, 33.5011 ] ] ] } },
{ "type": "Feature", "properties": { "county": "Henry", "geoid": "13151070310", "pop": 5859.0, "pop_density": 407.0847334470447, "median_hh_income": 91005.0, "mean_commute_min": 41.164294954721861 }, "geometry": { "type": "Polygon", "coordinates": [ [ [ -84.2101, 33.4628 ], [ -84.1764, 33.4584 ], [ -84.1569, 33.448 ], [ -84.1472, 33.4478 ], [ -84.1681, 33.4827 ], [ -84.2171, 33.4823 ], [ -84.2101, 33.4628 ] ] ] } },
{ "type": "Feature", "properties": { "county": "Henry", "geoid": "13151070113", "pop": 5200.0, "pop_density": 771.70753946393631, "median_hh_income": 54080.0, "mean_commute_min": 29.504469490866693 }, "geometry": { "type": "Polygon", "coordinates": [ [ [ -84.2482, 33.5457 ], [ -84.2184, 33.5434 ], [ -84.2088, 33.5401 ], [ -84.1943, 33.5408 ], [ -84.1866, 33.5458 ], [ -84.1867, 33.5484 ], [ -84.2058, 33.547 ], [ -84.2099, 33.5497 ], [ -84.2078, 33.5528 ], [ -84.2179, 33.5547 ], [ -84.2257, 33.5505 ], [ -84.2304, 33.551 ], [ -84.2415, 33.5607 ], [ -84.2426, 33.5573 ], [ -84.2593, 33.5537 ], [ -84.2482, 33.5457 ] ] ] } },
{ "type": "Feature", "properties": { "county": "Hall", "geoid": "13139001004", "pop": 3372.0, "pop_density": 658.33465930888519, "median_hh_income": 60625.0, "mean_commute_min": 30.490045941807043 }, "geometry": { "type": "Polygon", "coordinates": [ [ [ -83.8774, 34.28 ], [ -83.8664, 34.2824 ], [ -83.8653, 34.2944 ], [ -83.8568, 34.2988 ], [ -83.8683, 34.3163 ], [ -83.8797, 34.3221 ], [ -83.8822, 34.3172 ], [ -83.8796, 34.3041 ], [ -83.8845, 34.3018 ], [ -83.8882, 34.2816 ], [ -83.8774, 34.28 ] ] ] } },
{ "type": "Feature", "properties": { "county": "Clayton", "geoid": "13063040306", "pop": 4600.0, "pop_density": 1051.9125714300087, "median_hh_income": 41517.0, "mean_commute_min": 31.011904761904763 }, "geometry": { "type": "Polygon", "coordinates": [ [ [ -84.3859, 33.5923 ], [ -84.3718, 33.5909 ], [ -84.3744, 33.6057 ], [ -84.3808, 33.6062 ], [ -84.3833, 33.6198 ], [ -84.3983, 33.6175 ], [ -84.3859, 33.5923 ] ] ] } },
{ "type": "Feature", "properties": { "county": "Gwinnett", "geoid": "13135050549", "pop": 6122.0, "pop_density": 1549.0737819135893, "median_hh_income": 98005.0, "mean_commute_min": 30.244767648102165 }, "geometry": { "type": "Polygon", "coordinates": [ [ [ -84.0216, 33.9833 ], [ -84.02, 33.978 ], [ -84.015, 33.9795 ], [ -84.0154, 33.9894 ], [ -84.0249, 33.9981 ], [ -84.0295, 34.0124 ], [ -84.0373, 34.0103 ], [ -84.0421, 34.0124 ], [ -84.0333, 33.9922 ], [ -84.0216, 33.9833 ] ] ] } },
{ "type": "Feature", "properties": { "county": "Cobb", "geoid": "13067030367", "pop": 2535.0, "pop_density": 901.65360069229928, "median_hh_income": 177813.0, "mean_commute_min": 32.836363636363636 }, "geometry": { "type": "Polygon", "coordinates": [ [ [ -84.4721, 34.0277 ], [ -84.4628, 34.0362 ], [ -84.4727, 34.0412 ], [ -84.4851, 34.043 ], [ -84.4858, 34.0243 ], [ -84.4721, 34.0277 ] ] ] } },
{ "type": "Feature", "properties": { "county": "Cobb", "geoid": "13067031317", "pop": 5537.0, "pop_density": 896.47255777204634, "median_hh_income": 68592.0, "mean_commute_min": 30.303867403314918 }, "geometry": { "type": "Polygon", "coordinates": [ [ [ -84.5612, 33.7942 ], [ -84.5403, 33.7834 ], [ -84.534, 33.7976 ], [ -84.5369, 33.7996 ], [ -84.5459, 33.798 ], [ -84.5508, 33.8023 ], [ -84.5457, 33.8131 ], [ -84.5582, 33.8121 ], [ -84.5763, 33.8184 ], [ -84.5612, 33.7942 ] ] ] } },
{ "type": "Feature", "properties": { "county": "Cobb", "geoid": "13067030909", "pop": 4293.0, "pop_density": 1224.9932872194079, "median_hh_income": 78394.0, "mean_commute_min": 29.399633363886341 }, "geometry": { "type": "Polygon", "coordinates": [ [ [ -84.5893, 33.8926 ], [ -84.585, 33.9012 ], [ -84.5692, 33.9092 ], [ -84.5749, 33.9107 ], [ -84.5784, 33.9219 ], [ -84.5968, 33.9111 ], [ -84.5893, 33.8926 ] ] ] } },
{ "type": "Feature", "properties": { "county": "Cobb", "geoid": "13067031516", "pop": 2880.0, "pop_density": 860.37104098622422, "median_hh_income": 93750.0, "mean_commute_min": 42.625418060200666 }, "geometry": { "type": "Polygon", "coordinates": [ [ [ -84.7038, 33.8784 ], [ -84.6839, 33.8807 ], [ -84.6868, 33.8953 ], [ -84.7084, 33.8954 ], [ -84.7038, 33.8784 ] ] ] } },
{ "type": "Feature", "properties": { "county": "Cobb", "geoid": "13067030245", "pop": 4095.0, "pop_density": 1776.1473174320076, "median_hh_income": 120893.0, "mean_commute_min": 37.647574517825831 }, "geometry": { "type": "Polygon", "coordinates": [ [ [ -84.6379, 34.0551 ], [ -84.6397, 34.0507 ], [ -84.6271, 34.0413 ], [ -84.6234, 34.0481 ], [ -84.6155, 34.0517 ], [ -84.6324, 34.0599 ], [ -84.6372, 34.0599 ], [ -84.6407, 34.0554 ], [ -84.6379, 34.0551 ] ] ] } },
{ "type": "Feature", "properties": { "county": "Cobb", "geoid": "13067031006", "pop": 3814.0, "pop_density": 1911.5705652214444, "median_hh_income": 53110.0, "mean_commute_min": 25.36723163841808 }, "geometry": { "type": "Polygon", "coordinates": [ [ [ -84.5413, 33.902 ], [ -84.5465, 33.9129 ], [ -84.5534, 33.9147 ], [ -84.5672, 33.9031 ], [ -84.5413, 33.902 ] ] ] } },
{ "type": "Feature", "properties": { "county": "Cobb", "geoid": "13067031221", "pop": 2833.0, "pop_density": 616.45720975321046, "median_hh_income": 147622.0, "mean_commute_min": 33.237547892720308 }, "geometry": { "type": "Polygon", "coordinates": [ [ [ -84.527, 33.8392 ], [ -84.5012, 33.8204 ], [ -84.492, 33.8288 ], [ -84.4961, 33.84 ], [ -84.5048, 33.8387 ], [ -84.5297, 33.8444 ], [ -84.5357, 33.8399 ], [ -84.527, 33.8392 ] ] ] } },
{ "type": "Feature", "properties": { "county": "Cobb", "geoid": "13067030241", "pop": 2711.0, "pop_density": 564.69731515692581, "median_hh_income": 125893.0, "mean_commute_min": 29.787581699346404 }, "geometry": { "type": "Polygon", "coordinates": [ [ [ -84.6756, 33.998 ], [ -84.6489, 33.9982 ], [ -84.6431, 34.0173 ], [ -84.6473, 34.0178 ], [ -84.6595, 34.0109 ], [ -84.6666, 34.0158 ], [ -84.6755, 34.0158 ], [ -84.6795, 34.0074 ], [ -84.6756, 33.998 ] ] ] } },
{ "type": "Feature", "properties": { "county": "Cobb", "geoid": "13067030251", "pop": 3145.0, "pop_density": 599.20603771054141, "median_hh_income": 127344.0, "mean_commute_min": 32.05859375 }, "geometry": { "type": "Polygon", "coordinates": [ [ [ -84.6289, 33.9465 ], [ -84.6089, 33.9455 ], [ -84.6146, 33.9635 ], [ -84.6265, 33.9667 ], [ -84.6323, 33.9672 ], [ -84.6328, 33.9611 ], [ -84.6491, 33.9532 ], [ -84.6289, 33.9465 ] ] ] } },
{ "type": "Feature", "properties": { "county": "Cobb", "geoid": "13067030270", "pop": 2962.0, "pop_density": 700.64437046914077, "median_hh_income": 97992.0, "mean_commute_min": 37.601289134438304 }, "geometry": { "type": "Polygon", "coordinates": [ [ [ -84.6396, 33.8978 ], [ -84.628, 33.8999 ], [ -84.6275, 33.9143 ], [ -84.6325, 33.9299 ], [ -84.6451, 33.9243 ], [ -84.6396, 33.8978 ] ] ] } },
{ "type": "Feature", "properties": { "county": "Cobb", "geoid": "13067030508", "pop": 3610.0, "pop_density": 595.65826178009092, "median_hh_income": 82652.0, "mean_commute_min": 26.95829926410466 }, "geometry": { "type": "Polygon", "coordinates": [ [ [ -84.5363, 33.9679 ], [ -84.5083, 33.9872 ], [ -84.5078, 33.991 ], [ -84.4957, 33.9909 ], [ -84.4957, 33.9999 ], [ -84.5035, 34.0003 ], [ -84.5107, 33.9946 ], [ -84.5257, 33.9949 ], [ -84.5472, 33.9766 ], [ -84.5363, 33.9679 ] ] ] } },
{ "type": "Feature", "properties": { "county": "Cobb", "geoid": "13067030912", "pop": 6125.0, "pop_density": 1177.0197322313738, "median_hh_income": 58174.0, "mean_commute_min": 23.94736842105263 }, "geometry": { "type": "Polygon", "coordinates": [ [ [ -84.5657, 33.9303 ], [ -84.556, 33.9361 ], [ -84.5561, 33.9213 ], [ -84.5506, 33.9242 ], [ -84.5454, 33.9344 ], [ -84.5407, 33.9356 ], [ -84.549, 33.9523 ], [ -84.5702, 33.9519 ], [ -84.5694, 33.9406 ], [ -84.5664, 33.9383 ], [ -84.5667, 33.9332 ], [ -84.5707, 33.9323 ], [ -84.5657, 33.9303 ] ] ] } },
{ "type": "Feature", "properties": { "county": "Cobb", "geoid": "13067031315", "pop": 5277.0, "pop_density": 732.23396019794325, "median_hh_income": 179387.0, "mean_commute_min": 37.123523622047244 }, "geometry": { "type": "Polygon", "coordinates": [ [ [ -84.5573, 33.812 ], [ -84.5402, 33.8132 ], [ -84.5397, 33.8168 ], [ -84.532, 33.8191 ], [ -84.5255, 33.8253 ], [ -84.5189, 33.8203 ], [ -84.5045, 33.8219 ], [ -84.5268, 33.839 ], [ -84.5333, 33.8403 ], [ -84.5378, 33.833 ], [ -84.5452, 33.8318 ], [ -84.5616, 33.8144 ], [ -84.5573, 33.812 ] ] ] } },
{ "type": "Feature", "properties": { "county": "Cobb", "geoid": "13067030357", "pop": 2175.0, "pop_density": 999.17860627677101, "median_hh_income": 152188.0, "mean_commute_min": 29.721485411140584 }, "geometry": { "type": "Polygon", "coordinates": [ [ [ -84.4619, 33.9834 ], [ -84.4588, 33.9851 ], [ -84.464, 33.9991 ], [ -84.4633, 34.0124 ], [ -84.4725, 34.0119 ], [ -84.4738, 34.0052 ], [ -84.4619, 33.9834 ] ] ] } },
{ "type": "Feature", "properties": { "county": "Cobb", "geoid": "13067031122", "pop": 2425.0, "pop_density": 1035.5445875607395, "median_hh_income": 97102.0, "mean_commute_min": 24.765751211631663 }, "geometry": { "type": "Polygon", "coordinates": [ [ [ -84.5144, 33.884 ], [ -84.4955, 33.8855 ], [ -84.493, 33.8894 ], [ -84.499, 33.8874 ], [ -84.5053, 33.8906 ], [ -84.5065, 33.8944 ], [ -84.5181, 33.8945 ], [ -84.5182, 33.9054 ], [ -84.5256, 33.9037 ], [ -84.5144, 33.884 ] ] ] } },
{ "type": "Feature", "properties": { "county": "Cobb", "geoid": "13067030910", "pop": 3595.0, "pop_density": 1970.4860111936762, "median_hh_income": 70125.0, "mean_commute_min": 27.685928303905833 }, "geometry": { "type": "Polygon", "coordinates": [ [ [ -84.5672, 33.9163 ], [ -84.5633, 33.9149 ], [ -84.5551, 33.924 ], [ -84.556, 33.9361 ], [ -84.569, 33.9282 ], [ -84.5672, 33.9163 ] ] ] } },
{ "type": "Feature", "properties": { "county": "Cobb", "geoid": "13067031007", "pop": 5082.0, "pop_density": 1857.3081530784461, "median_hh_income": 47715.0, "mean_commute_min": 29.375377187688592 }, "geometry": { "type": "Polygon", "coordinates": [ [ [ -84.5729, 33.8985 ], [ -84.5534, 33.9147 ], [ -84.5465, 33.9129 ], [ -84.5506, 33.9242 ], [ -84.5607, 33.9193 ], [ -84.5692, 33.9092 ], [ -84.5819, 33.9035 ], [ -84.5729, 33.8985 ] ] ] } },
{ "type": "Feature", "properties": { "county": "Cobb", "geoid": "13067031219", "pop": 1997.0, "pop_density": 3485.6463631111442, "median_hh_income": 83398.0, "mean_commute_min": 25.596760443307758 }, "geometry": { "type": "Polygon", "coordinates": [ [ [ -84.4735, 33.8552 ], [ -84.4709, 33.8585 ], [ -84.48, 33.8595 ], [ -84.4819, 33.8502 ], [ -84.4735, 33.8552 ] ] ] } },
{ "type": "Feature", "properties": { "county": "Cobb", "geoid": "13067031510", "pop": 3242.0, "pop_density": 824.27046851462239, "median_hh_income": 78731.0, "mean_commute_min": 34.242193450114243 }, "geometry": { "type": "Polygon", "coordinates": [ [ [ -84.6433, 33.8753 ], [ -84.6391, 33.8828 ], [ -84.6396, 33.8978 ], [ -84.6564, 33.8989 ], [ -84.6587, 33.8768 ], [ -84.6433, 33.8753 ] ] ] } },
{ "type": "Feature", "properties": { "county": "Cobb", "geoid": "13067030268", "pop": 3176.0, "pop_density": 471.92983342481676, "median_hh_income": 140653.0, "mean_commute_min": 32.616185897435898 }, "geometry": { "type": "Polygon", "coordinates": [ [ [ -84.7064, 33.9025 ], [ -84.7055, 33.9286 ], [ -84.6996, 33.9329 ], [ -84.703, 33.9404 ], [ -84.7235, 33.9347 ], [ -84.7242, 33.9036 ], [ -84.7064, 33.9025 ] ] ] } },
{ "type": "Feature", "properties": { "county": "Cobb", "geoid": "13067030256", "pop": 5636.0, "pop_density": 691.01687866351745, "median_hh_income": 177194.0, "mean_commute_min": 26.332622601279319 }, "geometry": { "type": "Polygon", "coordinates": [ [ [ -84.6118, 33.953 ], [ -84.6006, 33.9585 ], [ -84.5986, 33.9639 ], [ -84.5938, 33.9634 ], [ -84.5929, 33.9741 ], [ -84.5866, 33.982 ], [ -84.5775, 33.9846 ], [ -84.5844, 33.9863 ], [ -84.5856, 33.9896 ], [ -84.5815, 33.9939 ], [ -84.5854, 33.9971 ], [ -84.5854, 33.9937 ], [ -84.589, 33.9935 ], [ -84.5872, 33.9906 ], [ -84.5908, 33.9899 ], [ -84.5972, 33.9931 ], [ -84.6087, 33.982 ], [ -84.6168, 33.9853 ], [ -84.6173, 33.9688 ], [ -84.6118, 33.953 ] ] ] } },
{ "type": "Feature", "properties": { "county": "Cobb", "geoid": "13067031417", "pop": 3273.0, "pop_density": 693.00069300069299, "median_hh_income": 51502.0, "mean_commute_min": 25.711942257217849 }, "geometry": { "type": "Polygon", "coordinates": [ [ [ -84.6252, 33.8047 ], [ -84.6221, 33.8022 ], [ -84.6142, 33.8164 ], [ -84.6353, 33.8135 ], [ -84.6585, 33.8218 ], [ -84.6526, 33.8052 ], [ -84.6252, 33.8047 ] ] ] } },
{ "type": "Feature", "properties": { "county": "Cobb", "geoid": "13067031513", "pop": 5559.0, "pop_density": 822.71394965594459, "median_hh_income": 99605.0, "mean_commute_min": 37.758684405025868 }, "geometry": { "type": "Polygon", "coordinates": [ [ [ -84.6765, 33.8332 ], [ -84.6662, 33.8465 ], [ -84.6757, 33.8622 ], [ -84.6969, 33.8688 ], [ -84.698, 33.8542 ], [ -84.6765, 33.8332 ] ] ] } },
{ "type": "Feature", "properties": { "county": "Cobb", "geoid": "13067031511", "pop": 6578.0, "pop_density": 544.43199925974466, "median_hh_income": 98848.0, "mean_commute_min": 36.319236526946106 }, "geometry": { "type": "Polygon", "coordinates": [ [ [ -84.7181, 33.8332 ], [ -84.7092, 33.8344 ], [ -84.6945, 33.8489 ], [ -84.6979, 33.8532 ], [ -84.6981, 33.8723 ], [ -84.7244, 33.8816 ], [ -84.7243, 33.8792 ], [ -84.725, 33.8201 ], [ -84.7181, 33.8332 ] ] ] } },
{ "type": "Feature", "properties": { "county": "Cobb", "geoid": "13067031512", "pop": 5334.0, "pop_density": 422.17379614577641, "median_hh_income": 85308.0, "mean_commute_min": 33.282344268337631 }, "geometry": { "type": "Polygon", "coordinates": [ [ [ -84.7241, 33.8062 ], [ -84.6973, 33.8057 ], [ -84.6765, 33.8332 ], [ -84.6945, 33.8489 ], [ -84.7092, 33.8344 ], [ -84.7181, 33.8332 ], [ -84.725, 33.8199 ], [ -84.7241, 33.8062 ] ] ] } },
{ "type": "Feature", "properties": { "county": "Cobb", "geoid": "13067030264", "pop": 2725.0, "pop_density": 592.81761753887361, "median_hh_income": 162292.0, "mean_commute_min": 26.806763285024154 }, "geometry": { "type": "Polygon", "coordinates": [ [ [ -84.666, 33.9689 ], [ -84.6542, 33.9723 ], [ -84.6524, 33.9836 ], [ -84.6631, 33.9897 ], [ -84.6536, 33.9983 ], [ -84.6756, 33.998 ], [ -84.666, 33.9689 ] ] ] } },
{ "type": "Feature", "properties": { "county": "Cobb", "geoid": "13067030265", "pop": 4229.0, "pop_density": 968.7489691722958, "median_hh_income": 180438.0, "mean_commute_min": 32.950913242009129 }, "geometry": { "type": "Polygon", "coordinates": [ [ [ -84.6532, 33.985 ], [ -84.6522, 33.9744 ], [ -84.636, 33.9821 ], [ -84.6287, 33.992 ], [ -84.6438, 33.998 ], [ -84.6536, 33.9983 ], [ -84.6631, 33.9897 ], [ -84.6532, 33.985 ] ] ] } },
{ "type": "Feature", "properties": { "county": "Cobb", "geoid": "13067030250", "pop": 5547.0, "pop_density": 602.67517372679572, "median_hh_income": 157098.0, "mean_commute_min": 36.791285637439486 }, "geometry": { "type": "Polygon", "coordinates": [ [ [ -84.6535, 33.9537 ], [ -84.6492, 33.9531 ], [ -84.6328, 33.9611 ], [ -84.6323, 33.9672 ], [ -84.6173, 33.9647 ], [ -84.6168, 33.9853 ], [ -84.6287, 33.992 ], [ -84.636, 33.9821 ], [ -84.666, 33.9689 ], [ -84.6535, 33.9537 ] ] ] } },
{ "type": "Feature", "properties": { "county": "Cobb", "geoid": "13067030269", "pop": 3035.0, "pop_density": 598.86359959052334, "median_hh_income": 111198.0, "mean_commute_min": 33.860294117647058 }, "geometry": { "type": "Polygon", "coordinates": [ [ [ -84.6726, 33.9025 ], [ -84.6911, 33.917 ], [ -84.6996, 33.9329 ], [ -84.7055, 33.9286 ], [ -84.7065, 33.9041 ], [ -84.6726, 33.9025 ] ] ] } },
{ "type": "Feature", "properties": { "county": "Cobb", "geoid": "13067030263", "pop": 2818.0, "pop_density": 444.77744002962231, "median_hh_income": 101879.0, "mean_commute_min": 27.590057636887607 }, "geometry": { "type": "Polygon", "coordinates": [ [ [ -84.662, 33.924 ], [ -84.6459, 33.924 ], [ -84.6487, 33.9349 ], [ -84.6459, 33.9374 ], [ -84.6353, 33.9358 ], [ -84.6353, 33.9485 ], [ -84.6559, 33.9537 ], [ -84.6616, 33.9524 ], [ -84.6641, 33.9472 ], [ -84.662, 33.924 ] ] ] } },
{ "type": "Feature", "properties": { "county": "Cobb", "geoid": "13067030911", "pop": 3753.0, "pop_density": 2358.8359556239661, "median_hh_income": 65903.0, "mean_commute_min": 27.520568436798804 }, "geometry": { "type": "Polygon", "coordinates": [ [ [ -84.5749, 33.9107 ], [ -84.5692, 33.9092 ], [ -84.5633, 33.9149 ], [ -84.5672, 33.9163 ], [ -84.5689, 33.9281 ], [ -84.5784, 33.9219 ], [ -84.5749, 33.9107 ] ] ] } },
{ "type": "Feature", "properties": { "county": "Cobb", "geoid": "13067031121", "pop": 2426.0, "pop_density": 2414.8602496682802, "median_hh_income": 66065.0, "mean_commute_min": 25.654242664551944 }, "geometry": { "type": "Polygon", "coordinates": [ [ [ -84.499, 33.8874 ], [ -84.4941, 33.8883 ], [ -84.4914, 33.8931 ], [ -84.4947, 33.8989 ], [ -84.5065, 33.8941 ], [ -84.499, 33.8874 ] ] ] } },
{ "type": "Feature", "properties": { "county": "Cobb", "geoid": "13067030247", "pop": 3259.0, "pop_density": 1181.7853480374167, "median_hh_income": 58333.0, "mean_commute_min": 20.386121992165641 }, "geometry": { "type": "Polygon", "coordinates": [ [ [ -84.5772, 34.0335 ], [ -84.5624, 34.0378 ], [ -84.5621, 34.0478 ], [ -84.5749, 34.0532 ], [ -84.5861, 34.0491 ], [ -84.5772, 34.0335 ] ] ] } },
{ "type": "Feature", "properties": { "county": "Cobb", "geoid": "13067031514", "pop": 3459.0, "pop_density": 1169.5538654110276, "median_hh_income": 93079.0, "mean_commute_min": 34.136163982430453 }, "geometry": { "type": "Polygon", "coordinates": [ [ [ -84.6969, 33.8688 ], [ -84.6757, 33.8622 ], [ -84.6762, 33.8732 ], [ -84.6846, 33.8752 ], [ -84.6839, 33.8807 ], [ -84.7038, 33.8784 ], [ -84.6969, 33.8688 ] ] ] } },
{ "type": "Feature", "properties": { "county": "Cobb", "geoid": "13067031515", "pop": 3649.0, "pop_density": 412.1696797185183, "median_hh_income": 113423.0, "mean_commute_min": 34.014618299945859 }, "geometry": { "type": "Polygon", "coordinates": [ [ [ -84.7032, 33.8748 ], [ -84.7083, 33.8959 ], [ -84.6868, 33.8953 ], [ -84.6846, 33.8752 ], [ -84.6762, 33.8732 ], [ -84.6762, 33.897 ], [ -84.6726, 33.9025 ], [ -84.7242, 33.9036 ], [ -84.7244, 33.8816 ], [ -84.7032, 33.8748 ] ] ] } },
{ "type": "Feature", "properties": { "county": "Cobb", "geoid": "13067030109", "pop": 4629.0, "pop_density": 391.86475561277058, "median_hh_income": 99471.0, "mean_commute_min": 35.34205829863177 }, "geometry": { "type": "Polygon", "coordinates": [ [ [ -84.7251, 34.0497 ], [ -84.7219, 34.0609 ], [ -84.7048, 34.0542 ], [ -84.7005, 34.0498 ], [ -84.6971, 34.0511 ], [ -84.6858, 34.0688 ], [ -84.6905, 34.0786 ], [ -84.7378, 34.0794 ], [ -84.7388, 34.0348 ], [ -84.7251, 34.0497 ] ] ] } },
{ "type": "Feature", "properties": { "county": "Cobb", "geoid": "13067030110", "pop": 4456.0, "pop_density": 715.88516405112603, "median_hh_income": 79261.0, "mean_commute_min": 35.47179487179487 }, "geometry": { "type": "Polygon", "coordinates": [ [ [ -84.6879, 34.0373 ], [ -84.65, 34.0294 ], [ -84.6509, 34.0392 ], [ -84.6621, 34.0488 ], [ -84.6744, 34.0415 ], [ -84.6852, 34.055 ], [ -84.6957, 34.0544 ], [ -84.7004, 34.0498 ], [ -84.6879, 34.0373 ] ] ] } },
{ "type": "Feature", "properties": { "county": "Cobb", "geoid": "13067030267", "pop": 3442.0, "pop_density": 942.33908711380047, "median_hh_income": 163214.0, "mean_commute_min": 34.724037763253449 }, "geometry": { "type": "Polygon", "coordinates": [ [ [ -84.7154, 33.9988 ], [ -84.7055, 33.9975 ], [ -84.6991, 34.0064 ], [ -84.7001, 34.0206 ], [ -84.7129, 34.0214 ], [ -84.7146, 34.0101 ], [ -84.7214, 34.0053 ], [ -84.7154, 33.9988 ] ] ] } },
{ "type": "Feature", "properties": { "county": "Cobb", "geoid": "13067031413", "pop": 3954.0, "pop_density": 1801.3618186009517, "median_hh_income": 63433.0, "mean_commute_min": 35.237668161434975 }, "geometry": { "type": "Polygon", "coordinates": [ [ [ -84.6281, 33.8441 ], [ -84.6099, 33.8428 ], [ -84.6033, 33.8541 ], [ -84.6132, 33.8544 ], [ -84.6183, 33.8593 ], [ -84.6224, 33.8521 ], [ -84.6296, 33.8475 ], [ -84.6281, 33.8441 ] ] ] } },
{ "type": "Feature", "properties": { "county": "Cobb", "geoid": "13067031414", "pop": 4039.0, "pop_density": 703.1991294885745, "median_hh_income": 109214.0, "mean_commute_min": 33.001893939393938 }, "geometry": { "type": "Polygon", "coordinates": [ [ [ -84.615, 33.8173 ], [ -84.5987, 33.8279 ], [ -84.5979, 33.8319 ], [ -84.5912, 33.8293 ], [ -84.588, 33.8393 ], [ -84.5801, 33.8418 ], [ -84.5864, 33.8487 ], [ -84.6079, 33.8489 ], [ -84.6178, 33.8166 ], [ -84.615, 33.8173 ] ] ] } },
{ "type": "Feature", "properties": { "county": "Cobb", "geoid": "13067030255", "pop": 5631.0, "pop_density": 1767.4715551960558, "median_hh_income": 72407.0, "mean_commute_min": 27.087783711615486 }, "geometry": { "type": "Polygon", "coordinates": [ [ [ -84.6155, 34.0517 ], [ -84.6197, 34.0487 ], [ -84.6003, 34.0476 ], [ -84.595, 34.0511 ], [ -84.5866, 34.0491 ], [ -84.6084, 34.0645 ], [ -84.6181, 34.0655 ], [ -84.6208, 34.0545 ], [ -84.6155, 34.0517 ] ] ] } },
{ "type": "Feature", "properties": { "county": "Cobb", "geoid": "13067031415", "pop": 2051.0, "pop_density": 674.78936274024352, "median_hh_income": 64289.0, "mean_commute_min": 39.353197674418603 }, "geometry": { "type": "Polygon", "coordinates": [ [ [ -84.6223, 33.8154 ], [ -84.6178, 33.8166 ], [ -84.6099, 33.8428 ], [ -84.6277, 33.8441 ], [ -84.6223, 33.8154 ] ] ] } },
{ "type": "Feature", "properties": { "county": "Cobb", "geoid": "13067030348", "pop": 5044.0, "pop_density": 948.99294614521466, "median_hh_income": 120429.0, "mean_commute_min": 32.506255212677232 }, "geometry": { "type": "Polygon", "coordinates": [ [ [ -84.5502, 34.034 ], [ -84.5322, 34.0355 ], [ -84.5283, 34.0384 ], [ -84.5273, 34.0493 ], [ -84.5355, 34.0561 ], [ -84.5577, 34.0579 ], [ -84.5502, 34.034 ] ] ] } },
{ "type": "Feature", "properties": { "county": "Cobb", "geoid": "13067031220", "pop": 2415.0, "pop_density": 1224.0752023145412, "median_hh_income": 66433.0, "mean_commute_min": 26.723868954758192 }, "geometry": { "type": "Polygon", "coordinates": [ [ [ -84.5048, 33.8387 ], [ -84.4961, 33.84 ], [ -84.5138, 33.8561 ], [ -84.5122, 33.8451 ], [ -84.5199, 33.8476 ], [ -84.5297, 33.8444 ], [ -84.5048, 33.8387 ] ] ] } },
{ "type": "Feature", "properties": { "county": "Cobb", "geoid": "13067031325", "pop": 1861.0, "pop_density": 491.40217822399171, "median_hh_income": 130490.0, "mean_commute_min": 34.249106078665079 }, "geometry": { "type": "Polygon", "coordinates": [ [ [ -84.5753, 33.834 ], [ -84.5562, 33.8416 ], [ -84.5418, 33.8382 ], [ -84.5297, 33.8444 ], [ -84.5464, 33.8458 ], [ -84.5584, 33.8518 ], [ -84.5643, 33.8461 ], [ -84.5826, 33.8446 ], [ -84.5753, 33.834 ] ] ] } },
{ "type": "Feature", "properties": { "county": "Cobb", "geoid": "13067030254", "pop": 1815.0, "pop_density": 1436.1358687395552, "median_hh_income": 73409.0, "mean_commute_min": 34.869513641755631 }, "geometry": { "type": "Polygon", "coordinates": [ [ [ -84.6186, 34.0551 ], [ -84.6196, 34.0662 ], [ -84.6372, 34.0599 ], [ -84.6186, 34.0551 ] ] ] } },
{ "type": "Feature", "properties": { "county": "Cobb", "geoid": "13067031215", "pop": 5028.0, "pop_density": 1888.3875806592755, "median_hh_income": 134358.0, "mean_commute_min": 25.902939804013066 }, "geometry": { "type": "Polygon", "coordinates": [ [ [ -84.4937, 33.8367 ], [ -84.492, 33.8288 ], [ -84.4954, 33.8278 ], [ -84.4988, 33.8199 ], [ -84.4952, 33.8191 ], [ -84.4866, 33.8292 ], [ -84.4859, 33.8488 ], [ -84.4927, 33.8545 ], [ -84.5007, 33.8439 ], [ -84.4937, 33.8367 ] ] ] } },
{ "type": "Feature", "properties": { "county": "Cobb", "geoid": "13067030366", "pop": 3235.0, "pop_density": 921.20126923594978, "median_hh_income": 206042.0, "mean_commute_min": 29.123539232053421 }, "geometry": { "type": "Polygon", "coordinates": [ [ [ -84.4492, 33.9612 ], [ -84.4459, 33.9711 ], [ -84.443, 33.9745 ], [ -84.4377, 33.9746 ], [ -84.4371, 33.978 ], [ -84.4614, 33.9793 ], [ -84.4648, 33.9574 ], [ -84.4492, 33.9612 ] ] ] } },
{ "type": "Feature", "properties": { "county": "Cobb", "geoid": "13067030370", "pop": 4009.0, "pop_density": 930.98863840879676, "median_hh_income": 221118.0, "mean_commute_min": 36.001596169193931 }, "geometry": { "type": "Polygon", "coordinates": [ [ [ -84.4135, 33.9738 ], [ -84.4089, 33.9816 ], [ -84.4025, 33.9844 ], [ -84.4026, 33.9938 ], [ -84.3867, 33.992 ], [ -84.3899, 33.9953 ], [ -84.3876, 33.9969 ], [ -84.3944, 34.0027 ], [ -84.4043, 34.0008 ], [ -84.4271, 33.9836 ], [ -84.4135, 33.9738 ] ] ] } },
{ "type": "Feature", "properties": { "county": "Cobb", "geoid": "13067030604", "pop": 3141.0, "pop_density": 924.08118498922636, "median_hh_income": 60934.0, "mean_commute_min": 31.509994597514858 }, "geometry": { "type": "Polygon", "coordinates": [ [ [ -84.5602, 33.997 ], [ -84.5512, 33.9908 ], [ -84.5453, 34.0021 ], [ -84.5484, 34.0138 ], [ -84.5609, 34.014 ], [ -84.5674, 34.0099 ], [ -84.5602, 33.997 ] ] ] } },
{ "type": "Feature", "properties": { "county": "Cobb", "geoid": "13067030355", "pop": 2332.0, "pop_density": 1453.5119266512506, "median_hh_income": 92033.0, "mean_commute_min": 20.976863753213369 }, "geometry": { "type": "Polygon", "coordinates": [ [ [ -84.4569, 33.8778 ], [ -84.4539, 33.8676 ], [ -84.4472, 33.8748 ], [ -84.4609, 33.8902 ], [ -84.4698, 33.8844 ], [ -84.4569, 33.8778 ] ] ] } },
{ "type": "Feature", "properties": { "county": "Cobb", "geoid": "13067031318", "pop": 4875.0, "pop_density": 1748.1852940142851, "median_hh_income": 58843.0, "mean_commute_min": 33.662511984659638 }, "geometry": { "type": "Polygon", "coordinates": [ [ [ -84.5519, 33.7727 ], [ -84.5457, 33.7787 ], [ -84.5647, 33.7896 ], [ -84.5698, 33.7892 ], [ -84.5749, 33.7793 ], [ -84.5519, 33.7727 ] ] ] } },
{ "type": "Feature", "properties": { "county": "Cobb", "geoid": "13067030365", "pop": 3021.0, "pop_density": 729.53428134956846, "median_hh_income": 167478.0, "mean_commute_min": 22.602040816326532 }, "geometry": { "type": "Polygon", "coordinates": [ [ [ -84.4325, 33.9581 ], [ -84.4323, 33.9642 ], [ -84.4392, 33.9689 ], [ -84.4377, 33.9746 ], [ -84.4434, 33.9742 ], [ -84.4492, 33.9612 ], [ -84.4648, 33.9574 ], [ -84.4614, 33.9469 ], [ -84.4325, 33.9581 ] ] ] } },
{ "type": "Feature", "properties": { "county": "Cobb", "geoid": "13067031316", "pop": 6238.0, "pop_density": 968.93204366065572, "median_hh_income": 117650.0, "mean_commute_min": 29.385687143761874 }, "geometry": { "type": "Polygon", "coordinates": [ [ [ -84.5459, 33.798 ], [ -84.5346, 33.7993 ], [ -84.5403, 33.7834 ], [ -84.5335, 33.7791 ], [ -84.5079, 33.7955 ], [ -84.5405, 33.8133 ], [ -84.5457, 33.8131 ], [ -84.5513, 33.8039 ], [ -84.5459, 33.798 ] ] ] } },
{ "type": "Feature", "properties": { "county": "Cobb", "geoid": "13067030368", "pop": 2698.0, "pop_density": 993.97023320722656, "median_hh_income": 165341.0, "mean_commute_min": 37.873900293255133 }, "geometry": { "type": "Polygon", "coordinates": [ [ [ -84.491, 34.0268 ], [ -84.4888, 34.0214 ], [ -84.4857, 34.0232 ], [ -84.4851, 34.043 ], [ -84.4897, 34.0452 ], [ -84.4926, 34.0421 ], [ -84.5088, 34.0395 ], [ -84.491, 34.0268 ] ] ] } },
{ "type": "Feature", "properties": { "county": "Cobb", "geoid": "13067030362", "pop": 3308.0, "pop_density": 976.13140357545012, "median_hh_income": 119393.0, "mean_commute_min": 26.53252850435949 }, "geometry": { "type": "Polygon", "coordinates": [ [ [ -84.4963, 34.0132 ], [ -84.4888, 34.0214 ], [ -84.4958, 34.0311 ], [ -84.5071, 34.0368 ], [ -84.5105, 34.0178 ], [ -84.4963, 34.0132 ] ] ] } },
{ "type": "Feature", "properties": { "county": "Cobb", "geoid": "13067030112", "pop": 3090.0, "pop_density": 2162.5026243963889, "median_hh_income": 71734.0, "mean_commute_min": 23.877307921381774 }, "geometry": { "type": "Polygon", "coordinates": [ [ [ -84.6496, 34.0631 ], [ -84.6509, 34.0672 ], [ -84.6455, 34.0701 ], [ -84.6463, 34.0753 ], [ -84.6537, 34.0764 ], [ -84.6603, 34.0641 ], [ -84.6496, 34.0631 ] ] ] } },
{ "type": "Feature", "properties": { "county": "Cobb", "geoid": "13067030274", "pop": 3743.0, "pop_density": 1098.5182769903711, "median_hh_income": 102411.0, "mean_commute_min": 33.005752636625118 }, "geometry": { "type": "Polygon", "coordinates": [ [ [ -84.6066, 34.069 ], [ -84.6057, 34.0645 ], [ -84.6084, 34.0645 ], [ -84.6049, 34.0602 ], [ -84.5937, 34.0537 ], [ -84.5928, 34.0615 ], [ -84.5868, 34.0706 ], [ -84.5885, 34.0766 ], [ -84.5998, 34.0768 ], [ -84.6115, 34.0722 ], [ -84.6066, 34.069 ] ] ] } },
{ "type": "Feature", "properties": { "county": "Cobb", "geoid": "13067030272", "pop": 2570.0, "pop_density": 1413.3078607963246, "median_hh_income": 104500.0, "mean_commute_min": 27.228546409807354 }, "geometry": { "type": "Polygon", "coordinates": [ [ [ -84.5786, 34.0606 ], [ -84.5724, 34.0681 ], [ -84.5747, 34.0712 ], [ -84.5717, 34.0763 ], [ -84.5885, 34.0766 ], [ -84.5867, 34.0714 ], [ -84.5895, 34.0659 ], [ -84.5786, 34.0606 ] ] ] } },
{ "type": "Feature", "properties": { "county": "Cobb", "geoid": "13067030347", "pop": 4464.0, "pop_density": 983.34373436678413, "median_hh_income": 103212.0, "mean_commute_min": 29.812430011198209 }, "geometry": { "type": "Polygon", "coordinates": [ [ [ -84.5596, 34.0622 ], [ -84.5477, 34.0703 ], [ -84.53, 34.0682 ], [ -84.5319, 34.0643 ], [ -84.5214, 34.0637 ], [ -84.522, 34.0754 ], [ -84.5717, 34.0763 ], [ -84.5596, 34.0622 ] ] ] } },
{ "type": "Feature", "properties": { "county": "Cobb", "geoid": "13067030273", "pop": 2841.0, "pop_density": 1055.7146827950835, "median_hh_income": 115586.0, "mean_commute_min": 27.860732232591531 }, "geometry": { "type": "Polygon", "coordinates": [ [ [ -84.5749, 34.0532 ], [ -84.5596, 34.0622 ], [ -84.571, 34.0746 ], [ -84.5786, 34.0606 ], [ -84.5869, 34.0661 ], [ -84.5928, 34.0613 ], [ -84.5749, 34.0532 ] ] ] } },
{ "type": "Feature", "properties": { "county": "Cobb", "geoid": "13067030510", "pop": 1808.0, "pop_density": 813.30765656284848, "median_hh_income": 125335.0, "mean_commute_min": 30.576208178438662 }, "geometry": { "type": "Polygon", "coordinates": [ [ [ -84.4961, 33.9765 ], [ -84.4873, 33.9716 ], [ -84.4814, 33.9804 ], [ -84.4912, 33.9874 ], [ -84.504, 33.9834 ], [ -84.5038, 33.9721 ], [ -84.4961, 33.9765 ] ] ] } },
{ "type": "Feature", "properties": { "county": "Cobb", "geoid": "13067030275", "pop": 2745.0, "pop_density": 2332.5354277717024, "median_hh_income": 68125.0, "mean_commute_min": 29.046822742474916 }, "geometry": { "type": "Polygon", "coordinates": [ [ [ -84.5866, 34.0491 ], [ -84.5749, 34.0532 ], [ -84.5916, 34.0606 ], [ -84.5935, 34.0542 ], [ -84.5866, 34.0491 ] ] ] } },
{ "type": "Feature", "properties": { "county": "Cobb", "geoid": "13067031517", "pop": 3204.0, "pop_density": 854.23120391410657, "median_hh_income": 122188.0, "mean_commute_min": 35.557337610264632 }, "geometry": { "type": "Polygon", "coordinates": [ [ [ -84.6228, 33.8769 ], [ -84.6032, 33.9062 ], [ -84.6251, 33.9008 ], [ -84.6224, 33.8918 ], [ -84.6268, 33.8906 ], [ -84.6284, 33.8928 ], [ -84.6324, 33.882 ], [ -84.6228, 33.8769 ] ] ] } },
{ "type": "Feature", "properties": { "county": "Cobb", "geoid": "13067030356", "pop": 4741.0, "pop_density": 1891.3583950621226, "median_hh_income": 99236.0, "mean_commute_min": 25.992205261448522 }, "geometry": { "type": "Polygon", "coordinates": [ [ [ -84.4472, 33.8748 ], [ -84.4443, 33.8765 ], [ -84.4427, 33.9015 ], [ -84.4609, 33.8902 ], [ -84.4472, 33.8748 ] ] ] } },
{ "type": "Feature", "properties": { "county": "Cobb", "geoid": "13067031120", "pop": 4179.0, "pop_density": 888.04322787881983, "median_hh_income": 84844.0, "mean_commute_min": 37.440920398009951 }, "geometry": { "type": "Polygon", "coordinates": [ [ [ -84.5826, 33.8446 ], [ -84.5643, 33.8461 ], [ -84.5586, 33.8494 ], [ -84.5601, 33.8525 ], [ -84.567, 33.8526 ], [ -84.5689, 33.8646 ], [ -84.5791, 33.8654 ], [ -84.5945, 33.862 ], [ -84.5826, 33.8446 ] ] ] } },
{ "type": "Feature", "properties": { "county": "Cobb", "geoid": "13067030346", "pop": 5618.0, "pop_density": 1358.7975246569265, "median_hh_income": 81230.0, "mean_commute_min": 23.157188841201716 }, "geometry": { "type": "Polygon", "coordinates": [ [ [ -84.5577, 34.0579 ], [ -84.5378, 34.0573 ], [ -84.5273, 34.0493 ], [ -84.5219, 34.0567 ], [ -84.5214, 34.0637 ], [ -84.5319, 34.0643 ], [ -84.53, 34.0682 ], [ -84.548, 34.0702 ], [ -84.5596, 34.0622 ], [ -84.5577, 34.0579 ] ] ] } },
{ "type": "Feature", "properties": { "county": "Cobb", "geoid": "13067030363", "pop": 3531.0, "pop_density": 688.27202787238559, "median_hh_income": 83375.0, "mean_commute_min": 25.358942065491185 }, "geometry": { "type": "Polygon", "coordinates": [ [ [ -84.5122, 34.0458 ], [ -84.507, 34.0459 ], [ -84.5066, 34.051 ], [ -84.4978, 34.0483 ], [ -84.4954, 34.0607 ], [ -84.5032, 34.0687 ], [ -84.5215, 34.0691 ], [ -84.5219, 34.0567 ], [ -84.5263, 34.0508 ], [ -84.5122, 34.0458 ] ] ] } },
{ "type": "Feature", "properties": { "county": "Cobb", "geoid": "13067030364", "pop": 2740.0, "pop_density": 821.62468184533304, "median_hh_income": 107604.0, "mean_commute_min": 25.979843225083986 }, "geometry": { "type": "Polygon", "coordinates": [ [ [ -84.5095, 34.0396 ], [ -84.4928, 34.042 ], [ -84.4897, 34.0452 ], [ -84.4817, 34.0416 ], [ -84.4864, 34.0614 ], [ -84.4976, 34.0597 ], [ -84.4978, 34.0483 ], [ -84.5066, 34.051 ], [ -84.507, 34.0459 ], [ -84.5122, 34.0458 ], [ -84.5095, 34.0396 ] ] ] } },
{ "type": "Feature", "properties": { "county": "Cobb", "geoid": "13067030359", "pop": 4318.0, "pop_density": 1067.1166448943238, "median_hh_income": 167681.0, "mean_commute_min": 24.895584725536992 }, "geometry": { "type": "Polygon", "coordinates": [ [ [ -84.4511, 34.0098 ], [ -84.4414, 34.0155 ], [ -84.4301, 34.0153 ], [ -84.4239, 34.0273 ], [ -84.4417, 34.0332 ], [ -84.4428, 34.0265 ], [ -84.4543, 34.0198 ], [ -84.4596, 34.0125 ], [ -84.4511, 34.0098 ] ] ] } },
{ "type": "Feature", "properties": { "county": "Cobb", "geoid": "13067030908", "pop": 4124.0, "pop_density": 1585.7537482850482, "median_hh_income": 80956.0, "mean_commute_min": 29.308838643371018 }, "geometry": { "type": "Polygon", "coordinates": [ [ [ -84.6029, 33.8874 ], [ -84.5992, 33.8937 ], [ -84.5893, 33.8926 ], [ -84.5968, 33.9111 ], [ -84.6037, 33.9056 ], [ -84.6102, 33.8935 ], [ -84.6029, 33.8874 ] ] ] } },
{ "type": "Feature", "properties": { "county": "Cobb", "geoid": "13067031412", "pop": 4552.0, "pop_density": 1126.6448284354067, "median_hh_income": 65046.0, "mean_commute_min": 27.776971456216739 }, "geometry": { "type": "Polygon", "coordinates": [ [ [ -84.6132, 33.8544 ], [ -84.6033, 33.8541 ], [ -84.6079, 33.8489 ], [ -84.5864, 33.8487 ], [ -84.5945, 33.862 ], [ -84.608, 33.8688 ], [ -84.6137, 33.8693 ], [ -84.6182, 33.8594 ], [ -84.6132, 33.8544 ] ] ] } },
{ "type": "Feature", "properties": { "county": "Cobb", "geoid": "13067030266", "pop": 2301.0, "pop_density": 331.31205621678777, "median_hh_income": 140027.0, "mean_commute_min": 33.827944572748265 }, "geometry": { "type": "Polygon", "coordinates": [ [ [ -84.7252, 33.995 ], [ -84.7093, 33.991 ], [ -84.7055, 33.9975 ], [ -84.7154, 33.9988 ], [ -84.7213, 34.0041 ], [ -84.7146, 34.0101 ], [ -84.7132, 34.0209 ], [ -84.7349, 34.0258 ], [ -84.7389, 34.03 ], [ -84.7392, 34.0032 ], [ -84.7252, 33.995 ] ] ] } },
{ "type": "Feature", "properties": { "county": "Cobb", "geoid": "13067030349", "pop": 3255.0, "pop_density": 775.97995182487591, "median_hh_income": 84712.0, "mean_commute_min": 28.988764044943821 }, "geometry": { "type": "Polygon", "coordinates": [ [ [ -84.5484, 34.0138 ], [ -84.5399, 34.0142 ], [ -84.5283, 34.02 ], [ -84.5283, 34.0384 ], [ -84.5322, 34.0355 ], [ -84.5502, 34.034 ], [ -84.5484, 34.0138 ] ] ] } },
{ "type": "Feature", "properties": { "county": "Cobb", "geoid": "13067030360", "pop": 1913.0, "pop_density": 747.42708092802854, "median_hh_income": 186442.0, "mean_commute_min": 26.846153846153847 }, "geometry": { "type": "Polygon", "coordinates": [ [ [ -84.418, 34.0155 ], [ -84.4095, 34.019 ], [ -84.4001, 34.0149 ], [ -84.3983, 34.0223 ], [ -84.4013, 34.0258 ], [ -84.4239, 34.0273 ], [ -84.4299, 34.0156 ], [ -84.418, 34.0155 ] ] ] } },
{ "type": "Feature", "properties": { "county": "Cobb", "geoid": "13067030276", "pop": 2841.0, "pop_density": 396.98287426220713, "median_hh_income": 143953.0, "mean_commute_min": 39.354838709677416 }, "geometry": { "type": "Polygon", "coordinates": [ [ [ -84.7251, 33.9678 ], [ -84.7284, 33.9477 ], [ -84.723, 33.9475 ], [ -84.7235, 33.9347 ], [ -84.703, 33.9404 ], [ -84.7029, 33.9519 ], [ -84.7137, 33.9753 ], [ -84.7296, 33.975 ], [ -84.7321, 33.9722 ], [ -84.7251, 33.9678 ] ] ] } },
{ "type": "Feature", "properties": { "county": "Cobb", "geoid": "13067030253", "pop": 3497.0, "pop_density": 357.21968878064587, "median_hh_income": 117969.0, "mean_commute_min": 32.406054279749476 }, "geometry": { "type": "Polygon", "coordinates": [ [ [ -84.7077, 33.9574 ], [ -84.7029, 33.9519 ], [ -84.703, 33.9404 ], [ -84.6535, 33.9537 ], [ -84.666, 33.9689 ], [ -84.6719, 33.9655 ], [ -84.6874, 33.9645 ], [ -84.7108, 33.9707 ], [ -84.7077, 33.9574 ] ] ] } },
{ "type": "Feature", "properties": { "county": "Cobb", "geoid": "13067030277", "pop": 2881.0, "pop_density": 771.58076034851558, "median_hh_income": 118611.0, "mean_commute_min": 39.411515664690938 }, "geometry": { "type": "Polygon", "coordinates": [ [ [ -84.7284, 33.9477 ], [ -84.7265, 33.9503 ], [ -84.7251, 33.9678 ], [ -84.7323, 33.9719 ], [ -84.7293, 33.975 ], [ -84.7355, 33.9794 ], [ -84.7394, 33.9777 ], [ -84.7396, 33.9476 ], [ -84.7284, 33.9477 ] ] ] } },
{ "type": "Feature", "properties": { "county": "Cobb", "geoid": "13067030252", "pop": 4895.0, "pop_density": 507.31539471625058, "median_hh_income": 153702.0, "mean_commute_min": 40.015416238437822 }, "geometry": { "type": "Polygon", "coordinates": [ [ [ -84.7057, 33.9677 ], [ -84.6793, 33.9646 ], [ -84.666, 33.9689 ], [ -84.6718, 33.9837 ], [ -84.678, 33.9837 ], [ -84.684, 33.9876 ], [ -84.6925, 33.9861 ], [ -84.7093, 33.991 ], [ -84.7148, 33.9867 ], [ -84.7161, 33.9797 ], [ -84.7057, 33.9677 ] ] ] } },
{ "type": "Feature", "properties": { "county": "Cobb", "geoid": "13067030358", "pop": 3601.0, "pop_density": 930.73554471549755, "median_hh_income": 124362.0, "mean_commute_min": 28.142482517482517 }, "geometry": { "type": "Polygon", "coordinates": [ [ [ -84.4519, 33.9791 ], [ -84.4546, 33.9856 ], [ -84.4625, 33.9832 ], [ -84.4736, 34.0036 ], [ -84.4776, 33.9832 ], [ -84.4859, 33.9737 ], [ -84.4519, 33.9791 ] ] ] } },
{ "type": "Feature", "properties": { "county": "Cobb", "geoid": "13067030353", "pop": 3197.0, "pop_density": 1076.8225482667099, "median_hh_income": 92575.0, "mean_commute_min": 25.33903884134299 }, "geometry": { "type": "Polygon", "coordinates": [ [ [ -84.4636, 33.9051 ], [ -84.4468, 33.8997 ], [ -84.4427, 33.9015 ], [ -84.4515, 33.9188 ], [ -84.458, 33.917 ], [ -84.4642, 33.9213 ], [ -84.4668, 33.918 ], [ -84.4636, 33.9051 ] ] ] } },
{ "type": "Feature", "properties": { "county": "Cobb", "geoid": "13067031410", "pop": 4898.0, "pop_density": 1171.8348138773185, "median_hh_income": 125193.0, "mean_commute_min": 30.821960297766751 }, "geometry": { "type": "Polygon", "coordinates": [ [ [ -84.6121, 33.8757 ], [ -84.6085, 33.8761 ], [ -84.6091, 33.8733 ], [ -84.5968, 33.8724 ], [ -84.5917, 33.869 ], [ -84.5882, 33.8817 ], [ -84.5953, 33.8873 ], [ -84.6044, 33.8876 ], [ -84.6102, 33.8935 ], [ -84.6198, 33.8821 ], [ -84.6121, 33.8757 ] ] ] } },
{ "type": "Feature", "properties": { "county": "Cobb", "geoid": "13067031213", "pop": 3023.0, "pop_density": 1164.4636360309623, "median_hh_income": 96635.0, "mean_commute_min": 25.434219053791317 }, "geometry": { "type": "Polygon", "coordinates": [ [ [ -84.4824, 33.8383 ], [ -84.4731, 33.8388 ], [ -84.4615, 33.8319 ], [ -84.4579, 33.8246 ], [ -84.4558, 33.8258 ], [ -84.4602, 33.8422 ], [ -84.4754, 33.8475 ], [ -84.4808, 33.8451 ], [ -84.4821, 33.8498 ], [ -84.4859, 33.8488 ], [ -84.4876, 33.8434 ], [ -84.4824, 33.8383 ] ] ] } },
{ "type": "Feature", "properties": { "county": "Cobb", "geoid": "13067031323", "pop": 2988.0, "pop_density": 774.82895028569874, "median_hh_income": 84981.0, "mean_commute_min": 39.790286975717436 }, "geometry": { "type": "Polygon", "coordinates": [ [ [ -84.6108, 33.8048 ], [ -84.606, 33.7951 ], [ -84.5898, 33.794 ], [ -84.5871, 33.7992 ], [ -84.5971, 33.799 ], [ -84.5978, 33.8153 ], [ -84.6073, 33.8175 ], [ -84.615, 33.8173 ], [ -84.6162, 33.8088 ], [ -84.6221, 33.8022 ], [ -84.6108, 33.8048 ] ] ] } },
{ "type": "Feature", "properties": { "county": "Cobb", "geoid": "13067031217", "pop": 3962.0, "pop_density": 1784.1181066373065, "median_hh_income": 71013.0, "mean_commute_min": 23.262146289375334 }, "geometry": { "type": "Polygon", "coordinates": [ [ [ -84.494, 33.8682 ], [ -84.4861, 33.8702 ], [ -84.4751, 33.8755 ], [ -84.4699, 33.8843 ], [ -84.4718, 33.8861 ], [ -84.4769, 33.8833 ], [ -84.4862, 33.8833 ], [ -84.4975, 33.8719 ], [ -84.494, 33.8682 ] ] ] } },
{ "type": "Feature", "properties": { "county": "Cobb", "geoid": "13067031321", "pop": 2177.0, "pop_density": 225.52798618944104, "median_hh_income": 52125.0, "mean_commute_min": 25.64896755162242 }, "geometry": { "type": "Polygon", "coordinates": [ [ [ -84.5781, 33.7435 ], [ -84.5396, 33.7698 ], [ -84.5581, 33.7736 ], [ -84.6016, 33.7765 ], [ -84.5781, 33.7435 ] ] ] } },
{ "type": "Feature", "properties": { "county": "Cobb", "geoid": "13067031320", "pop": 4863.0, "pop_density": 2420.5337717470998, "median_hh_income": 55169.0, "mean_commute_min": 28.225531914893619 }, "geometry": { "type": "Polygon", "coordinates": [ [ [ -84.6016, 33.7765 ], [ -84.5604, 33.7738 ], [ -84.5679, 33.7782 ], [ -84.5884, 33.7801 ], [ -84.5895, 33.7847 ], [ -84.5951, 33.7817 ], [ -84.6058, 33.7829 ], [ -84.6016, 33.7765 ] ] ] } },
{ "type": "Feature", "properties": { "county": "Cobb", "geoid": "13067031322", "pop": 4015.0, "pop_density": 976.17049893618082, "median_hh_income": 69530.0, "mean_commute_min": 28.915519696250595 }, "geometry": { "type": "Polygon", "coordinates": [ [ [ -84.6064, 33.7829 ], [ -84.5951, 33.7817 ], [ -84.5779, 33.7896 ], [ -84.5961, 33.7954 ], [ -84.6084, 33.7957 ], [ -84.6108, 33.8048 ], [ -84.62, 33.8015 ], [ -84.6064, 33.7829 ] ] ] } },
{ "type": "Feature", "properties": { "county": "Cobb", "geoid": "13067031314", "pop": 5850.0, "pop_density": 709.33036182517367, "median_hh_income": 124534.0, "mean_commute_min": 29.346814602720116 }, "geometry": { "type": "Polygon", "coordinates": [ [ [ -84.5079, 33.7955 ], [ -84.489, 33.8128 ], [ -84.4945, 33.819 ], [ -84.5045, 33.8219 ], [ -84.5191, 33.8204 ], [ -84.5253, 33.8254 ], [ -84.532, 33.8191 ], [ -84.5397, 33.8168 ], [ -84.5401, 33.8133 ], [ -84.5079, 33.7955 ] ] ] } },
{ "type": "Feature", "properties": { "county": "Cobb", "geoid": "13067030361", "pop": 4486.0, "pop_density": 851.28234128072256, "median_hh_income": 95179.0, "mean_commute_min": 26.754761904761907 }, "geometry": { "type": "Polygon", "coordinates": [ [ [ -84.5283, 34.02 ], [ -84.5137, 34.0203 ], [ -84.5105, 34.0178 ], [ -84.5071, 34.0368 ], [ -84.5116, 34.0452 ], [ -84.5263, 34.0508 ], [ -84.5296, 34.045 ], [ -84.5283, 34.02 ] ] ] } },
{ "type": "Feature", "properties": { "county": "Cobb", "geoid": "13067030108", "pop": 4976.0, "pop_density": 308.05524217964683, "median_hh_income": 116591.0, "mean_commute_min": 31.638121546961326 }, "geometry": { "type": "Polygon", "coordinates": [ [ [ -84.7275, 34.0255 ], [ -84.7202, 34.0208 ], [ -84.7068, 34.0215 ], [ -84.6866, 34.0178 ], [ -84.681, 34.0086 ], [ -84.676, 34.0118 ], [ -84.6755, 34.0344 ], [ -84.6895, 34.038 ], [ -84.7037, 34.0535 ], [ -84.7219, 34.0609 ], [ -84.7247, 34.0504 ], [ -84.7388, 34.0347 ], [ -84.7355, 34.0261 ], [ -84.7275, 34.0255 ] ] ] } },
{ "type": "Feature", "properties": { "county": "Cobb", "geoid": "13067030244", "pop": 4621.0, "pop_density": 580.40295363684436, "median_hh_income": 149167.0, "mean_commute_min": 32.243931320307873 }, "geometry": { "type": "Polygon", "coordinates": [ [ [ -84.6718, 33.9837 ], [ -84.6762, 34.0022 ], [ -84.6866, 34.0178 ], [ -84.7001, 34.0206 ], [ -84.6992, 34.0063 ], [ -84.7092, 33.9912 ], [ -84.6718, 33.9837 ] ] ] } },
{ "type": "Feature", "properties": { "county": "Cobb", "geoid": "13067030350", "pop": 2281.0, "pop_density": 934.55186988219145, "median_hh_income": 128152.0, "mean_commute_min": 33.238686779059449 }, "geometry": { "type": "Polygon", "coordinates": [ [ [ -84.4725, 34.0119 ], [ -84.467, 34.031 ], [ -84.4875, 34.0224 ], [ -84.4916, 34.0179 ], [ -84.4725, 34.0119 ] ] ] } },
{ "type": "Feature", "properties": { "county": "Cobb", "geoid": "13067030262", "pop": 4828.0, "pop_density": 684.51791464764835, "median_hh_income": 142622.0, "mean_commute_min": 31.635269492412348 }, "geometry": { "type": "Polygon", "coordinates": [ [ [ -84.6459, 33.924 ], [ -84.6325, 33.9299 ], [ -84.6296, 33.9239 ], [ -84.62, 33.9196 ], [ -84.6056, 33.9384 ], [ -84.6053, 33.9452 ], [ -84.6353, 33.9485 ], [ -84.6353, 33.9358 ], [ -84.6459, 33.9374 ], [ -84.6487, 33.9349 ], [ -84.6459, 33.924 ] ] ] } },
{ "type": "Feature", "properties": { "county": "Cobb", "geoid": "13067031518", "pop": 2579.0, "pop_density": 671.05868810238189, "median_hh_income": 73333.0, "mean_commute_min": 40.142857142857146 }, "geometry": { "type": "Polygon", "coordinates": [ [ [ -84.6309, 33.8677 ], [ -84.6258, 33.8719 ], [ -84.6228, 33.8769 ], [ -84.6324, 33.8806 ], [ -84.6324, 33.8834 ], [ -84.6284, 33.8928 ], [ -84.6268, 33.8906 ], [ -84.6224, 33.8918 ], [ -84.6251, 33.9008 ], [ -84.6396, 33.8978 ], [ -84.6391, 33.8828 ], [ -84.6433, 33.8753 ], [ -84.6309, 33.8677 ] ] ] } },
{ "type": "Feature", "properties": { "county": "Cobb", "geoid": "13067030271", "pop": 2835.0, "pop_density": 458.06396156334404, "median_hh_income": 116393.0, "mean_commute_min": 30.905861456483127 }, "geometry": { "type": "Polygon", "coordinates": [ [ [ -84.667, 33.9022 ], [ -84.6501, 33.8969 ], [ -84.6396, 33.8978 ], [ -84.6459, 33.924 ], [ -84.6631, 33.9237 ], [ -84.6675, 33.9137 ], [ -84.667, 33.9022 ] ] ] } },
{ "type": "Feature", "properties": { "county": "Cobb", "geoid": "13067031324", "pop": 4212.0, "pop_density": 641.50276134041178, "median_hh_income": 69347.0, "mean_commute_min": 30.233581584292484 }, "geometry": { "type": "Polygon", "coordinates": [ [ [ -84.5617, 33.8143 ], [ -84.5452, 33.8318 ], [ -84.5374, 33.8334 ], [ -84.5333, 33.8429 ], [ -84.5418, 33.8382 ], [ -84.5566, 33.8415 ], [ -84.576, 33.8341 ], [ -84.5763, 33.8185 ], [ -84.5617, 33.8143 ] ] ] } },
{ "type": "Feature", "properties": { "county": "Cobb", "geoid": "13067031319", "pop": 4799.0, "pop_density": 886.8044641429974, "median_hh_income": 42105.0, "mean_commute_min": 30.190380761523045 }, "geometry": { "type": "Polygon", "coordinates": [ [ [ -84.5752, 33.7786 ], [ -84.5698, 33.7892 ], [ -84.5647, 33.7896 ], [ -84.5457, 33.7787 ], [ -84.5519, 33.7727 ], [ -84.5396, 33.7698 ], [ -84.5335, 33.7791 ], [ -84.5596, 33.793 ], [ -84.5674, 33.8017 ], [ -84.5757, 33.7893 ], [ -84.5874, 33.7863 ], [ -84.5896, 33.7822 ], [ -84.5752, 33.7786 ] ] ] } },
{ "type": "Feature", "properties": { "county": "Cobb", "geoid": "13067031214", "pop": 4049.0, "pop_density": 870.14115670965009, "median_hh_income": 120167.0, "mean_commute_min": 24.231003039513677 }, "geometry": { "type": "Polygon", "coordinates": [ [ [ -84.489, 33.8128 ], [ -84.4684, 33.8274 ], [ -84.4579, 33.8246 ], [ -84.4626, 33.8327 ], [ -84.4743, 33.8393 ], [ -84.4824, 33.8383 ], [ -84.4877, 33.8431 ], [ -84.4866, 33.8292 ], [ -84.4952, 33.8191 ], [ -84.489, 33.8128 ] ] ] } },
{ "type": "Feature", "properties": { "county": "Cobb", "geoid": "13067030113", "pop": 3903.0, "pop_density": 1783.9667870451924, "median_hh_income": 82171.0, "mean_commute_min": 32.98234552332913 }, "geometry": { "type": "Polygon", "coordinates": [ [ [ -84.6496, 34.0631 ], [ -84.6377, 34.0599 ], [ -84.6247, 34.0651 ], [ -84.6348, 34.073 ], [ -84.6442, 34.0755 ], [ -84.6472, 34.0675 ], [ -84.651, 34.0669 ], [ -84.6496, 34.0631 ] ] ] } },
{ "type": "Feature", "properties": { "county": "Cobb", "geoid": "13067030352", "pop": 6218.0, "pop_density": 743.72154529501029, "median_hh_income": 160192.0, "mean_commute_min": 28.31266318537859 }, "geometry": { "type": "Polygon", "coordinates": [ [ [ -84.436, 33.9487 ], [ -84.4404, 33.9447 ], [ -84.4301, 33.9251 ], [ -84.4052, 33.9437 ], [ -84.4114, 33.95 ], [ -84.4119, 33.9664 ], [ -84.4283, 33.9621 ], [ -84.4436, 33.9527 ], [ -84.436, 33.9487 ] ] ] } },
{ "type": "Feature", "properties": { "county": "Cobb", "geoid": "13067030351", "pop": 3103.0, "pop_density": 987.78086735627755, "median_hh_income": 227932.0, "mean_commute_min": 27.362385321100916 }, "geometry": { "type": "Polygon", "coordinates": [ [ [ -84.4578, 33.937 ], [ -84.4481, 33.9369 ], [ -84.4374, 33.9409 ], [ -84.4404, 33.9449 ], [ -84.436, 33.9487 ], [ -84.4433, 33.9539 ], [ -84.4678, 33.9418 ], [ -84.4578, 33.937 ] ] ] } },
{ "type": "Feature", "properties": { "county": "Cobb", "geoid": "13067031119", "pop": 3999.0, "pop_density": 943.81949281089931, "median_hh_income": 64728.0, "mean_commute_min": 36.3528990694345 }, "geometry": { "type": "Polygon", "coordinates": [ [ [ -84.5789, 33.8654 ], [ -84.5714, 33.8637 ], [ -84.5615, 33.8717 ], [ -84.5701, 33.8809 ], [ -84.5882, 33.8817 ], [ -84.5967, 33.8624 ], [ -84.5789, 33.8654 ] ] ] } },
{ "type": "Feature", "properties": { "county": "Cobb", "geoid": "13067031218", "pop": 2303.0, "pop_density": 2523.4595172664676, "median_hh_income": 98424.0, "mean_commute_min": 26.162624821683309 }, "geometry": { "type": "Polygon", "coordinates": [ [ [ -84.4821, 33.8498 ], [ -84.4787, 33.8605 ], [ -84.4709, 33.8585 ], [ -84.4687, 33.8659 ], [ -84.4798, 33.864 ], [ -84.4859, 33.8488 ], [ -84.4821, 33.8498 ] ] ] } },
{ "type": "Feature", "properties": { "county": "Douglas", "geoid": "13097080405", "pop": 5241.0, "pop_density": 82.361994275393528, "median_hh_income": 114821.0, "mean_commute_min": 31.278245458573327 }, "geometry": { "type": "Polygon", "coordinates": [ [ [ -84.8899, 33.6137 ], [ -84.8763, 33.6154 ], [ -84.8613, 33.624 ], [ -84.8372, 33.6136 ], [ -84.7921, 33.623 ], [ -84.8111, 33.6348 ], [ -84.8125, 33.6397 ], [ -84.8059, 33.6447 ], [ -84.8087, 33.6487 ], [ -84.8277, 33.6581 ], [ -84.8295, 33.6644 ], [ -84.8266, 33.6654 ], [ -84.8386, 33.6781 ], [ -84.8311, 33.688 ], [ -84.8395, 33.6953 ], [ -84.8529, 33.6971 ], [ -84.8629, 33.7022 ], [ -84.8768, 33.6866 ], [ -84.9023, 33.6745 ], [ -84.9049, 33.6052 ], [ -84.8899, 33.6137 ] ] ] } },
{ "type": "Feature", "properties": { "county": "Douglas", "geoid": "13097080514", "pop": 4378.0, "pop_density": 140.27036616460896, "median_hh_income": 123333.0, "mean_commute_min": 34.328254847645432 }, "geometry": { "type": "Polygon", "coordinates": [ [ [ -84.7722, 33.6624 ], [ -84.7748, 33.6552 ], [ -84.7729, 33.6485 ], [ -84.7668, 33.6428 ], [ -84.7639, 33.633 ], [ -84.7567, 33.6277 ], [ -84.7488, 33.6318 ], [ -84.7396, 33.6233 ], [ -84.7352, 33.6251 ], [ -84.73, 33.6365 ], [ -84.7252, 33.6392 ], [ -84.7105, 33.6464 ], [ -84.6858, 33.6511 ], [ -84.6771, 33.6554 ], [ -84.684, 33.6653 ], [ -84.7133, 33.6495 ], [ -84.7139, 33.6642 ], [ -84.7205, 33.671 ], [ -84.7159, 33.6782 ], [ -84.7155, 33.6874 ], [ -84.7337, 33.6829 ], [ -84.748, 33.6709 ], [ -84.758, 33.682 ], [ -84.7713, 33.6806 ], [ -84.7753, 33.6791 ], [ -84.7772, 33.6696 ], [ -84.7722, 33.6624 ] ] ] } },
{ "type": "Feature", "properties": { "county": "Douglas", "geoid": "13097080408", "pop": 2990.0, "pop_density": 68.596342186085124, "median_hh_income": 62292.0, "mean_commute_min": 44.180555555555557 }, "geometry": { "type": "Polygon", "coordinates": [ [ [ -84.8817, 33.7547 ], [ -84.8531, 33.7517 ], [ -84.8432, 33.7537 ], [ -84.8324, 33.7489 ], [ -84.8292, 33.7446 ], [ -84.8274, 33.7265 ], [ -84.8042, 33.7309 ], [ -84.7949, 33.7376 ], [ -84.7772, 33.743 ], [ -84.7812, 33.7506 ], [ -84.7808, 33.7595 ], [ -84.774, 33.7658 ], [ -84.7719, 33.7827 ], [ -84.7675, 33.7869 ], [ -84.8003, 33.7823 ], [ -84.7999, 33.7799 ], [ -84.8327, 33.7785 ], [ -84.8327, 33.776 ], [ -84.8792, 33.7748 ], [ -84.9017, 33.7807 ], [ -84.902, 33.749 ], [ -84.8817, 33.7547 ] ] ] } },
{ "type": "Feature", "properties": { "county": "Douglas", "geoid": "13097080407", "pop": 5053.0, "pop_density": 314.62438002092222, "median_hh_income": 87480.0, "mean_commute_min": 32.644230769230766 }, "geometry": { "type": "Polygon", "coordinates": [ [ [ -84.8768, 33.7286 ], [ -84.8663, 33.734 ], [ -84.8547, 33.7344 ], [ -84.839, 33.7315 ], [ -84.8288, 33.7262 ], [ -84.8269, 33.7374 ], [ -84.8316, 33.7482 ], [ -84.8386, 33.7522 ], [ -84.8817, 33.7547 ], [ -84.902, 33.7483 ], [ -84.9023, 33.7306 ], [ -84.9109, 33.7307 ], [ -84.8768, 33.7286 ] ] ] } },
{ "type": "Feature", "properties": { "county": "Douglas", "geoid": "13097080105", "pop": 4219.0, "pop_density": 189.13306584834228, "median_hh_income": 91162.0, "mean_commute_min": 38.49609375 }, "geometry": { "type": "Polygon", "coordinates": [ [ [ -84.6396, 33.7542 ], [ -84.6219, 33.7551 ], [ -84.626, 33.7528 ], [ -84.6226, 33.7466 ], [ -84.6293, 33.7312 ], [ -84.6199, 33.7227 ], [ -84.616, 33.7237 ], [ -84.6165, 33.7172 ], [ -84.6052, 33.7171 ], [ -84.6017, 33.7244 ], [ -84.5854, 33.7305 ], [ -84.5781, 33.7458 ], [ -84.6017, 33.7767 ], [ -84.6154, 33.7764 ], [ -84.6146, 33.7744 ], [ -84.6297, 33.7683 ], [ -84.6367, 33.7684 ], [ -84.6365, 33.764 ], [ -84.6408, 33.7605 ], [ -84.6396, 33.7542 ] ] ] } },
{ "type": "Feature", "properties": { "county": "Douglas", "geoid": "13097080106", "pop": 3395.0, "pop_density": 481.53562633175807, "median_hh_income": 51741.0, "mean_commute_min": 28.76459741856177 }, "geometry": { "type": "Polygon", "coordinates": [ [ [ -84.6635, 33.7998 ], [ -84.6562, 33.786 ], [ -84.637, 33.7836 ], [ -84.6418, 33.7968 ], [ -84.6225, 33.7891 ], [ -84.6211, 33.7916 ], [ -84.62, 33.8015 ], [ -84.623, 33.8043 ], [ -84.6711, 33.8055 ], [ -84.6635, 33.7998 ] ] ] } },
{ "type": "Feature", "properties": { "county": "Douglas", "geoid": "13097080305", "pop": 5576.0, "pop_density": 504.03795326241186, "median_hh_income": 78692.0, "mean_commute_min": 32.941176470588232 }, "geometry": { "type": "Polygon", "coordinates": [ [ [ -84.7475, 33.7517 ], [ -84.7188, 33.7651 ], [ -84.7057, 33.7772 ], [ -84.7189, 33.7914 ], [ -84.7241, 33.7914 ], [ -84.7241, 33.7886 ], [ -84.7502, 33.7877 ], [ -84.7475, 33.7517 ] ] ] } },
{ "type": "Feature", "properties": { "county": "Douglas", "geoid": "13097080104", "pop": 4713.0, "pop_density": 592.34982649918993, "median_hh_income": 43295.0, "mean_commute_min": 27.709213863060018 }, "geometry": { "type": "Polygon", "coordinates": [ [ [ -84.6511, 33.7655 ], [ -84.6532, 33.7555 ], [ -84.6404, 33.7582 ], [ -84.6367, 33.7684 ], [ -84.6297, 33.7683 ], [ -84.6146, 33.7744 ], [ -84.6154, 33.7764 ], [ -84.6017, 33.7767 ], [ -84.6064, 33.7829 ], [ -84.6323, 33.7827 ], [ -84.6562, 33.786 ], [ -84.6511, 33.7655 ] ] ] } },
{ "type": "Feature", "properties": { "county": "Douglas", "geoid": "13097080512", "pop": 5214.0, "pop_density": 482.43301684962546, "median_hh_income": 82189.0, "mean_commute_min": 30.412371134020617 }, "geometry": { "type": "Polygon", "coordinates": [ [ [ -84.758, 33.682 ], [ -84.7478, 33.671 ], [ -84.7337, 33.6829 ], [ -84.7155, 33.6874 ], [ -84.716, 33.7 ], [ -84.7335, 33.6956 ], [ -84.7514, 33.6968 ], [ -84.7712, 33.7033 ], [ -84.775, 33.679 ], [ -84.758, 33.682 ] ] ] } },
{ "type": "Feature", "properties": { "county": "Douglas", "geoid": "13097080607", "pop": 3889.0, "pop_density": 506.94140831425625, "median_hh_income": 137552.0, "mean_commute_min": 38.287760416666664 }, "geometry": { "type": "Polygon", "coordinates": [ [ [ -84.7342, 33.7239 ], [ -84.7272, 33.7234 ], [ -84.7221, 33.7194 ], [ -84.7214, 33.7124 ], [ -84.7167, 33.7143 ], [ -84.7038, 33.7126 ], [ -84.6915, 33.7241 ], [ -84.6979, 33.7329 ], [ -84.7061, 33.7372 ], [ -84.7205, 33.7345 ], [ -84.7298, 33.7372 ], [ -84.7374, 33.7327 ], [ -84.7342, 33.7239 ] ] ] } },
{ "type": "Feature", "properties": { "county": "Douglas", "geoid": "13097080204", "pop": 3700.0, "pop_density": 594.49430787767619, "median_hh_income": 54988.0, "mean_commute_min": 46.822591822591825 }, "geometry": { "type": "Polygon", "coordinates": [ [ [ -84.6706, 33.7934 ], [ -84.6786, 33.7872 ], [ -84.6798, 33.7782 ], [ -84.6681, 33.7787 ], [ -84.6688, 33.7657 ], [ -84.6755, 33.7622 ], [ -84.652, 33.7685 ], [ -84.6562, 33.786 ], [ -84.6655, 33.802 ], [ -84.6698, 33.8048 ], [ -84.6801, 33.796 ], [ -84.6706, 33.7934 ] ] ] } },
{ "type": "Feature", "properties": { "county": "Douglas", "geoid": "13097080107", "pop": 3981.0, "pop_density": 1355.9148849209391, "median_hh_income": 47341.0, "mean_commute_min": 28.547261009667025 }, "geometry": { "type": "Polygon", "coordinates": [ [ [ -84.637, 33.7836 ], [ -84.6064, 33.7829 ], [ -84.62, 33.8007 ], [ -84.6225, 33.7891 ], [ -84.6418, 33.7968 ], [ -84.637, 33.7836 ] ] ] } },
{ "type": "Feature", "properties": { "county": "Douglas", "geoid": "13097080307", "pop": 3881.0, "pop_density": 556.96634881363002, "median_hh_income": 78379.0, "mean_commute_min": 27.101806239737275 }, "geometry": { "type": "Polygon", "coordinates": [ [ [ -84.754, 33.749 ], [ -84.7665, 33.7582 ], [ -84.7667, 33.7611 ], [ -84.7615, 33.7774 ], [ -84.7482, 33.7814 ], [ -84.7504, 33.7877 ], [ -84.7675, 33.7869 ], [ -84.7719, 33.7827 ], [ -84.7739, 33.7662 ], [ -84.7808, 33.7595 ], [ -84.7777, 33.7425 ], [ -84.754, 33.749 ] ] ] } },
{ "type": "Feature", "properties": { "county": "Douglas", "geoid": "13097080306", "pop": 3775.0, "pop_density": 865.92379962316841, "median_hh_income": 56552.0, "mean_commute_min": 28.830528148578061 }, "geometry": { "type": "Polygon", "coordinates": [ [ [ -84.754, 33.749 ], [ -84.7475, 33.7517 ], [ -84.7482, 33.7814 ], [ -84.7629, 33.7759 ], [ -84.7667, 33.7593 ], [ -84.754, 33.749 ] ] ] } },
{ "type": "Feature", "properties": { "county": "Douglas", "geoid": "13097080406", "pop": 3878.0, "pop_density": 79.803412791507526, "median_hh_income": 97976.0, "mean_commute_min": 40.954436450839331 }, "geometry": { "type": "Polygon", "coordinates": [ [ [ -84.83, 33.5738 ], [ -84.83, 33.5766 ], [ -84.8243, 33.5766 ], [ -84.8243, 33.5736 ], [ -84.8089, 33.5741 ], [ -84.805, 33.5873 ], [ -84.7833, 33.6036 ], [ -84.7892, 33.6069 ], [ -84.7876, 33.6121 ], [ -84.7813, 33.6106 ], [ -84.7928, 33.6226 ], [ -84.8372, 33.6136 ], [ -84.8618, 33.6239 ], [ -84.8763, 33.6154 ], [ -84.8899, 33.6137 ], [ -84.9049, 33.6052 ], [ -84.9058, 33.5742 ], [ -84.83, 33.5738 ] ] ] } },
{ "type": "Feature", "properties": { "county": "Douglas", "geoid": "13097080608", "pop": 2639.0, "pop_density": 406.75268019035838, "median_hh_income": 68919.0, "mean_commute_min": 28.377535101404057 }, "geometry": { "type": "Polygon", "coordinates": [ [ [ -84.7205, 33.7345 ], [ -84.7058, 33.7371 ], [ -84.6979, 33.7329 ], [ -84.6915, 33.7241 ], [ -84.6826, 33.7419 ], [ -84.6989, 33.7471 ], [ -84.7055, 33.7539 ], [ -84.7159, 33.7503 ], [ -84.7298, 33.7372 ], [ -84.7205, 33.7345 ] ] ] } },
{ "type": "Feature", "properties": { "county": "Douglas", "geoid": "13097080203", "pop": 6551.0, "pop_density": 741.68068851879195, "median_hh_income": 76382.0, "mean_commute_min": 28.850197109067018 }, "geometry": { "type": "Polygon", "coordinates": [ [ [ -84.6989, 33.7471 ], [ -84.6689, 33.7382 ], [ -84.6511, 33.7581 ], [ -84.652, 33.7685 ], [ -84.7001, 33.7547 ], [ -84.7055, 33.7539 ], [ -84.6989, 33.7471 ] ] ] } },
{ "type": "Feature", "properties": { "county": "Douglas", "geoid": "13097080513", "pop": 4525.0, "pop_density": 1100.1437115907008, "median_hh_income": 108150.0, "mean_commute_min": 42.485250737463126 }, "geometry": { "type": "Polygon", "coordinates": [ [ [ -84.715, 33.6874 ], [ -84.7049, 33.6926 ], [ -84.6982, 33.6928 ], [ -84.6865, 33.7012 ], [ -84.6967, 33.7115 ], [ -84.7038, 33.7126 ], [ -84.716, 33.697 ], [ -84.715, 33.6874 ] ] ] } },
{ "type": "Feature", "properties": { "county": "Douglas", "geoid": "13097080606", "pop": 4857.0, "pop_density": 265.7813490113503, "median_hh_income": 109274.0, "mean_commute_min": 33.38962310327949 }, "geometry": { "type": "Polygon", "coordinates": [ [ [ -84.681, 33.662 ], [ -84.681, 33.6575 ], [ -84.6771, 33.6554 ], [ -84.6614, 33.657 ], [ -84.6564, 33.6594 ], [ -84.6519, 33.6679 ], [ -84.6527, 33.6836 ], [ -84.649, 33.6859 ], [ -84.6408, 33.6838 ], [ -84.63, 33.6929 ], [ -84.6431, 33.6947 ], [ -84.6564, 33.7028 ], [ -84.6626, 33.7095 ], [ -84.6626, 33.7146 ], [ -84.6865, 33.7012 ], [ -84.683, 33.6996 ], [ -84.6861, 33.6958 ], [ -84.6787, 33.6891 ], [ -84.6848, 33.6874 ], [ -84.6929, 33.6761 ], [ -84.681, 33.662 ] ] ] } },
{ "type": "Feature", "properties": { "county": "Douglas", "geoid": "13097080605", "pop": 3954.0, "pop_density": 420.42651919485235, "median_hh_income": 70677.0, "mean_commute_min": 31.115606936416185 }, "geometry": { "type": "Polygon", "coordinates": [ [ [ -84.6967, 33.7115 ], [ -84.6865, 33.7012 ], [ -84.6812, 33.7057 ], [ -84.668, 33.7097 ], [ -84.6594, 33.7195 ], [ -84.66, 33.7243 ], [ -84.6752, 33.7387 ], [ -84.6826, 33.7419 ], [ -84.6877, 33.7274 ], [ -84.7038, 33.7126 ], [ -84.6967, 33.7115 ] ] ] } },
{ "type": "Feature", "properties": { "county": "Douglas", "geoid": "13097080515", "pop": 5511.0, "pop_density": 489.32028076737777, "median_hh_income": 107619.0, "mean_commute_min": 42.490950226244344 }, "geometry": { "type": "Polygon", "coordinates": [ [ [ -84.7139, 33.6642 ], [ -84.7133, 33.6495 ], [ -84.6838, 33.6653 ], [ -84.6929, 33.6761 ], [ -84.6848, 33.6874 ], [ -84.6787, 33.6891 ], [ -84.6861, 33.6958 ], [ -84.683, 33.6996 ], [ -84.6914, 33.6996 ], [ -84.6982, 33.6928 ], [ -84.7155, 33.6874 ], [ -84.716, 33.6778 ], [ -84.7205, 33.6717 ], [ -84.7139, 33.6642 ] ] ] } },
{ "type": "Feature", "properties": { "county": "Clayton", "geoid": "13063040416", "pop": 3263.0, "pop_density": 850.40484795918474, "median_hh_income": 66405.0, "mean_commute_min": 29.974747474747474 }, "geometry": { "type": "Polygon", "coordinates": [ [ [ -84.3648, 33.5728 ], [ -84.3423, 33.5713 ], [ -84.3392, 33.5833 ], [ -84.3483, 33.5835 ], [ -84.3648, 33.5906 ], [ -84.3689, 33.5804 ], [ -84.3648, 33.5728 ] ] ] } },
{ "type": "Feature", "properties": { "county": "Clayton", "geoid": "13063040525", "pop": 2885.0, "pop_density": 1243.3683430231306, "median_hh_income": 57679.0, "mean_commute_min": 41.141379310344824 }, "geometry": { "type": "Polygon", "coordinates": [ [ [ -84.4031, 33.4945 ], [ -84.3958, 33.4866 ], [ -84.3938, 33.4965 ], [ -84.4025, 33.5107 ], [ -84.4014, 33.5183 ], [ -84.4088, 33.5184 ], [ -84.4031, 33.4945 ] ] ] } },
{ "type": "Feature", "properties": { "county": "Gwinnett", "geoid": "13135050528", "pop": 4784.0, "pop_density": 890.87805305901338, "median_hh_income": 131438.0, "mean_commute_min": 38.065395095367847 }, "geometry": { "type": "Polygon", "coordinates": [ [ [ -84.0216, 34.023 ], [ -84.009, 34.011 ], [ -84.0016, 34.0208 ], [ -83.9906, 34.0249 ], [ -83.9922, 34.0315 ], [ -83.9874, 34.0336 ], [ -83.9882, 34.036 ], [ -83.9992, 34.0343 ], [ -84.018, 34.0383 ], [ -84.0236, 34.0358 ], [ -84.0216, 34.023 ] ] ] } },
{ "type": "Feature", "properties": { "county": "Gwinnett", "geoid": "13135050530", "pop": 5990.0, "pop_density": 1688.1547059919346, "median_hh_income": 115491.0, "mean_commute_min": 34.024617679970163 }, "geometry": { "type": "Polygon", "coordinates": [ [ [ -84.0587, 33.9874 ], [ -84.0389, 34.0007 ], [ -84.0499, 34.0011 ], [ -84.0579, 34.0088 ], [ -84.0724, 33.9968 ], [ -84.0587, 33.9874 ] ] ] } },
{ "type": "Feature", "properties": { "county": "Gwinnett", "geoid": "13135050529", "pop": 4174.0, "pop_density": 765.06508277054729, "median_hh_income": 79301.0, "mean_commute_min": 26.566091954022987 }, "geometry": { "type": "Polygon", "coordinates": [ [ [ -84.067, 34.0006 ], [ -84.0579, 34.0088 ], [ -84.0499, 34.0011 ], [ -84.0401, 34.0021 ], [ -84.0429, 34.0092 ], [ -84.041, 34.0193 ], [ -84.0481, 34.03 ], [ -84.062, 34.0188 ], [ -84.0739, 34.0014 ], [ -84.067, 34.0006 ] ] ] } },
{ "type": "Feature", "properties": { "county": "Clayton", "geoid": "13063040308", "pop": 4361.0, "pop_density": 474.25175122978118, "median_hh_income": 28913.0, "mean_commute_min": 26.469740634005763 }, "geometry": { "type": "Polygon", "coordinates": [ [ [ -84.3983, 33.6175 ], [ -84.3833, 33.6198 ], [ -84.3808, 33.6062 ], [ -84.3641, 33.6037 ], [ -84.3637, 33.6086 ], [ -84.3569, 33.6106 ], [ -84.3571, 33.6181 ], [ -84.3803, 33.6227 ], [ -84.3885, 33.6318 ], [ -84.3765, 33.6406 ], [ -84.38, 33.6483 ], [ -84.3974, 33.6483 ], [ -84.4011, 33.6363 ], [ -84.3983, 33.6175 ] ] ] } },
{ "type": "Feature", "properties": { "county": "Clayton", "geoid": "13063040204", "pop": 5297.0, "pop_density": 1939.5001896660558, "median_hh_income": 45956.0, "mean_commute_min": 32.089552238805972 }, "geometry": { "type": "Polygon", "coordinates": [ [ [ -84.4462, 33.5907 ], [ -84.4296, 33.6015 ], [ -84.4352, 33.6056 ], [ -84.4386, 33.6171 ], [ -84.4499, 33.6165 ], [ -84.4462, 33.5907 ] ] ] } },
{ "type": "Feature", "properties": { "county": "Clayton", "geoid": "13063040414", "pop": 1501.0, "pop_density": 697.02785650235046, "median_hh_income": 46686.0, "mean_commute_min": 33.973765432098766 }, "geometry": { "type": "Polygon", "coordinates": [ [ [ -84.3717, 33.5731 ], [ -84.3648, 33.5728 ], [ -84.3689, 33.5804 ], [ -84.3648, 33.5906 ], [ -84.3856, 33.5924 ], [ -84.3717, 33.5731 ] ] ] } },
{ "type": "Feature", "properties": { "county": "Clayton", "geoid": "13063040521", "pop": 3935.0, "pop_density": 1499.6697677627023, "median_hh_income": 48105.0, "mean_commute_min": 29.735049205147615 }, "geometry": { "type": "Polygon", "coordinates": [ [ [ -84.3927, 33.5658 ], [ -84.386, 33.5581 ], [ -84.3803, 33.57 ], [ -84.3849, 33.579 ], [ -84.4073, 33.5723 ], [ -84.3927, 33.5658 ] ] ] } },
{ "type": "Feature", "properties": { "county": "Gwinnett", "geoid": "13135050218", "pop": 4360.0, "pop_density": 1303.3608175061686, "median_hh_income": 70837.0, "mean_commute_min": 26.530891197375617 }, "geometry": { "type": "Polygon", "coordinates": [ [ [ -84.1478, 33.9815 ], [ -84.1328, 33.9799 ], [ -84.1284, 33.9851 ], [ -84.1435, 34.002 ], [ -84.1521, 33.9924 ], [ -84.1539, 33.9854 ], [ -84.1478, 33.9815 ] ] ] } },
{ "type": "Feature", "properties": { "county": "Gwinnett", "geoid": "13135050317", "pop": 3542.0, "pop_density": 2753.7222285713842, "median_hh_income": 42196.0, "mean_commute_min": 26.649149149149149 }, "geometry": { "type": "Polygon", "coordinates": [ [ [ -84.2317, 33.949 ], [ -84.2407, 33.9514 ], [ -84.2426, 33.948 ], [ -84.2478, 33.9485 ], [ -84.2502, 33.9539 ], [ -84.2485, 33.9392 ], [ -84.2317, 33.949 ] ] ] } },
{ "type": "Feature", "properties": { "county": "Gwinnett", "geoid": "13135050318", "pop": 3072.0, "pop_density": 3584.0286722293777, "median_hh_income": 49732.0, "mean_commute_min": 30.33026113671275 }, "geometry": { "type": "Polygon", "coordinates": [ [ [ -84.2487, 33.9533 ], [ -84.2478, 33.9485 ], [ -84.2406, 33.9491 ], [ -84.2496, 33.9617 ], [ -84.2548, 33.9575 ], [ -84.2487, 33.9533 ] ] ] } },
{ "type": "Feature", "properties": { "county": "Gwinnett", "geoid": "13135050215", "pop": 2935.0, "pop_density": 402.73359371741083, "median_hh_income": 56655.0, "mean_commute_min": 28.524590163934427 }, "geometry": { "type": "Polygon", "coordinates": [ [ [ -84.13, 33.9521 ], [ -84.1004, 33.9643 ], [ -84.0893, 33.9767 ], [ -84.1138, 33.9799 ], [ -84.1246, 33.9707 ], [ -84.1359, 33.9704 ], [ -84.1396, 33.9639 ], [ -84.13, 33.9521 ] ] ] } },
{ "type": "Feature", "properties": { "county": "Clayton", "geoid": "13063040615", "pop": 2204.0, "pop_density": 688.74440395171791, "median_hh_income": 75694.0, "mean_commute_min": 31.627408993576019 }, "geometry": { "type": "Polygon", "coordinates": [ [ [ -84.3077, 33.5359 ], [ -84.2928, 33.5409 ], [ -84.2926, 33.5491 ], [ -84.2839, 33.5491 ], [ -84.2993, 33.5547 ], [ -84.3033, 33.548 ], [ -84.3144, 33.5461 ], [ -84.3201, 33.5397 ], [ -84.3276, 33.5373 ], [ -84.3077, 33.5359 ] ] ] } },
{ "type": "Feature", "properties": { "county": "Clayton", "geoid": "13063040617", "pop": 1460.0, "pop_density": 1351.0174734677748, "median_hh_income": 39500.0, "mean_commute_min": 32.544554455445542 }, "geometry": { "type": "Polygon", "coordinates": [ [ [ -84.2692, 33.549 ], [ -84.2637, 33.5489 ], [ -84.2634, 33.5693 ], [ -84.2717, 33.5614 ], [ -84.2692, 33.549 ] ] ] } },
{ "type": "Feature", "properties": { "county": "Clayton", "geoid": "13063040203", "pop": 3933.0, "pop_density": 1394.8816744538399, "median_hh_income": 48977.0, "mean_commute_min": 26.338028169014084 }, "geometry": { "type": "Polygon", "coordinates": [ [ [ -84.4479, 33.5892 ], [ -84.4468, 33.6096 ], [ -84.4498, 33.6174 ], [ -84.458, 33.6189 ], [ -84.4581, 33.6153 ], [ -84.4582, 33.5964 ], [ -84.4479, 33.5892 ] ] ] } },
{ "type": "Feature", "properties": { "county": "Clayton", "geoid": "13063040417", "pop": 6710.0, "pop_density": 1297.0609873823607, "median_hh_income": 48608.0, "mean_commute_min": 33.935661764705884 }, "geometry": { "type": "Polygon", "coordinates": [ [ [ -84.3455, 33.5533 ], [ -84.3423, 33.5713 ], [ -84.3717, 33.5731 ], [ -84.3705, 33.5556 ], [ -84.3455, 33.5533 ] ] ] } },
{ "type": "Feature", "properties": { "county": "Clayton", "geoid": "13063040522", "pop": 4992.0, "pop_density": 1003.2497090937592, "median_hh_income": 48333.0, "mean_commute_min": 26.612903225806452 }, "geometry": { "type": "Polygon", "coordinates": [ [ [ -84.4053, 33.5723 ], [ -84.3849, 33.579 ], [ -84.3871, 33.5863 ], [ -84.3988, 33.5949 ], [ -84.4038, 33.6055 ], [ -84.411, 33.5832 ], [ -84.4124, 33.5726 ], [ -84.4053, 33.5723 ] ] ] } },
{ "type": "Feature", "properties": { "county": "Clayton", "geoid": "13063040523", "pop": 3031.0, "pop_density": 1137.2428071549871, "median_hh_income": 45536.0, "mean_commute_min": 29.052757793764989 }, "geometry": { "type": "Polygon", "coordinates": [ [ [ -84.4035, 33.5452 ], [ -84.401, 33.5572 ], [ -84.4077, 33.5657 ], [ -84.403, 33.5699 ], [ -84.4073, 33.5723 ], [ -84.4124, 33.5726 ], [ -84.4148, 33.5502 ], [ -84.4035, 33.5452 ] ] ] } },
{ "type": "Feature", "properties": { "county": "Gwinnett", "geoid": "13135050322", "pop": 4779.0, "pop_density": 941.06073041593345, "median_hh_income": 183264.0, "mean_commute_min": 26.04428485936565 }, "geometry": { "type": "Polygon", "coordinates": [ [ [ -84.2395, 33.9802 ], [ -84.2291, 33.9808 ], [ -84.2281, 33.9778 ], [ -84.2208, 33.9786 ], [ -84.2246, 33.9949 ], [ -84.2276, 34.0006 ], [ -84.2325, 34.0021 ], [ -84.2483, 33.9983 ], [ -84.2551, 33.9852 ], [ -84.2395, 33.9802 ] ] ] } },
{ "type": "Feature", "properties": { "county": "Gwinnett", "geoid": "13135050321", "pop": 5406.0, "pop_density": 1051.4662177091341, "median_hh_income": 164773.0, "mean_commute_min": 28.720735785953178 }, "geometry": { "type": "Polygon", "coordinates": [ [ [ -84.2628, 33.9737 ], [ -84.2581, 33.9682 ], [ -84.2479, 33.9704 ], [ -84.2358, 33.9672 ], [ -84.2223, 33.972 ], [ -84.2291, 33.9808 ], [ -84.2395, 33.9802 ], [ -84.2609, 33.9877 ], [ -84.2635, 33.9855 ], [ -84.2628, 33.9737 ] ] ] } },
{ "type": "Feature", "properties": { "county": "Gwinnett", "geoid": "13135050433", "pop": 2413.0, "pop_density": 1910.8739258758305, "median_hh_income": 60694.0, "mean_commute_min": 26.146010186757216 }, "geometry": { "type": "Polygon", "coordinates": [ [ [ -84.2077, 33.8779 ], [ -84.2029, 33.8786 ], [ -84.2037, 33.8863 ], [ -84.2098, 33.8926 ], [ -84.2175, 33.8869 ], [ -84.2077, 33.8779 ] ] ] } },
{ "type": "Feature", "properties": { "county": "Gwinnett", "geoid": "13135050435", "pop": 3076.0, "pop_density": 737.856019727334, "median_hh_income": 72065.0, "mean_commute_min": 35.36510376633359 }, "geometry": { "type": "Polygon", "coordinates": [ [ [ -84.1273, 33.8911 ], [ -84.1165, 33.8961 ], [ -84.1241, 33.9065 ], [ -84.1325, 33.9122 ], [ -84.1416, 33.9079 ], [ -84.1489, 33.9089 ], [ -84.156, 33.9061 ], [ -84.1273, 33.8911 ] ] ] } },
{ "type": "Feature", "properties": { "county": "Hall", "geoid": "13139001405", "pop": 2298.0, "pop_density": 349.29782473183639, "median_hh_income": 62143.0, "mean_commute_min": 26.775625504439063 }, "geometry": { "type": "Polygon", "coordinates": [ [ [ -83.8845, 34.2314 ], [ -83.8821, 34.2277 ], [ -83.8695, 34.2246 ], [ -83.8668, 34.2267 ], [ -83.8624, 34.2206 ], [ -83.8544, 34.2387 ], [ -83.8621, 34.2452 ], [ -83.8674, 34.2411 ], [ -83.8736, 34.246 ], [ -83.8878, 34.2456 ], [ -83.8927, 34.2503 ], [ -83.8934, 34.2375 ], [ -83.8975, 34.2332 ], [ -83.8845, 34.2314 ] ] ] } },
{ "type": "Feature", "properties": { "county": "Hall", "geoid": "13139001406", "pop": 4424.0, "pop_density": 992.24038413877724, "median_hh_income": 79333.0, "mean_commute_min": 24.498626373626372 }, "geometry": { "type": "Polygon", "coordinates": [ [ [ -83.8878, 34.2456 ], [ -83.8736, 34.246 ], [ -83.8674, 34.2411 ], [ -83.857, 34.2531 ], [ -83.8663, 34.2574 ], [ -83.8774, 34.2572 ], [ -83.8853, 34.2651 ], [ -83.8927, 34.2503 ], [ -83.8878, 34.2456 ] ] ] } },
{ "type": "Feature", "properties": { "county": "Hall", "geoid": "13139000402", "pop": 3338.0, "pop_density": 347.9165033745191, "median_hh_income": 97868.0, "mean_commute_min": 38.794607454401266 }, "geometry": { "type": "Polygon", "coordinates": [ [ [ -83.891, 34.3439 ], [ -83.8959, 34.3412 ], [ -83.8896, 34.3349 ], [ -83.8849, 34.3351 ], [ -83.8778, 34.3245 ], [ -83.8654, 34.3305 ], [ -83.8703, 34.3348 ], [ -83.8701, 34.3459 ], [ -83.876, 34.3597 ], [ -83.8754, 34.3651 ], [ -83.8661, 34.3642 ], [ -83.8662, 34.3662 ], [ -83.8743, 34.3763 ], [ -83.8796, 34.3782 ], [ -83.8999, 34.3752 ], [ -83.891, 34.3439 ] ] ] } },
{ "type": "Feature", "properties": { "county": "Hall", "geoid": "13139000401", "pop": 3209.0, "pop_density": 358.57472970013362, "median_hh_income": 72708.0, "mean_commute_min": 33.357377049180329 }, "geometry": { "type": "Polygon", "coordinates": [ [ [ -83.8683, 34.3163 ], [ -83.8552, 34.2971 ], [ -83.844, 34.2968 ], [ -83.8533, 34.3184 ], [ -83.8417, 34.3206 ], [ -83.8346, 34.3241 ], [ -83.8352, 34.3266 ], [ -83.8462, 34.3365 ], [ -83.856, 34.3537 ], [ -83.8661, 34.3643 ], [ -83.8754, 34.3651 ], [ -83.876, 34.3597 ], [ -83.8701, 34.3459 ], [ -83.8703, 34.3348 ], [ -83.8654, 34.3305 ], [ -83.8798, 34.3222 ], [ -83.8683, 34.3163 ] ] ] } },
{ "type": "Feature", "properties": { "county": "Hall", "geoid": "13139000601", "pop": 3051.0, "pop_density": 553.41136113075129, "median_hh_income": 58750.0, "mean_commute_min": 21.813437703848663 }, "geometry": { "type": "Polygon", "coordinates": [ [ [ -83.8129, 34.3345 ], [ -83.8188, 34.3198 ], [ -83.8128, 34.303 ], [ -83.7978, 34.3105 ], [ -83.8089, 34.3323 ], [ -83.7995, 34.3404 ], [ -83.7944, 34.3506 ], [ -83.804, 34.3582 ], [ -83.8063, 34.3566 ], [ -83.8027, 34.3465 ], [ -83.8053, 34.3425 ], [ -83.8145, 34.3503 ], [ -83.8227, 34.3484 ], [ -83.8129, 34.3345 ] ] ] } },
{ "type": "Feature", "properties": { "county": "Hall", "geoid": "13139000502", "pop": 3402.0, "pop_density": 423.86818970157287, "median_hh_income": 74102.0, "mean_commute_min": 21.266666666666666 }, "geometry": { "type": "Polygon", "coordinates": [ [ [ -83.8655, 34.3608 ], [ -83.856, 34.3537 ], [ -83.8318, 34.3195 ], [ -83.8258, 34.3225 ], [ -83.8286, 34.325 ], [ -83.8262, 34.3277 ], [ -83.8308, 34.3377 ], [ -83.8293, 34.3413 ], [ -83.8366, 34.348 ], [ -83.8418, 34.3452 ], [ -83.8432, 34.3544 ], [ -83.8401, 34.36 ], [ -83.8453, 34.365 ], [ -83.8395, 34.3713 ], [ -83.8505, 34.3739 ], [ -83.8522, 34.3848 ], [ -83.8595, 34.3896 ], [ -83.8698, 34.3711 ], [ -83.8655, 34.3608 ] ] ] } },
{ "type": "Feature", "properties": { "county": "Hall", "geoid": "13139000602", "pop": 4064.0, "pop_density": 176.8209490359734, "median_hh_income": 77292.0, "mean_commute_min": 23.722826086956523 }, "geometry": { "type": "Polygon", "coordinates": [ [ [ -83.7978, 34.3105 ], [ -83.7904, 34.3095 ], [ -83.7814, 34.3146 ], [ -83.7725, 34.3121 ], [ -83.7645, 34.3149 ], [ -83.7577, 34.2998 ], [ -83.7413, 34.2932 ], [ -83.7429, 34.303 ], [ -83.7481, 34.3064 ], [ -83.7435, 34.3133 ], [ -83.7504, 34.3188 ], [ -83.7452, 34.3237 ], [ -83.7493, 34.3235 ], [ -83.7503, 34.3324 ], [ -83.753, 34.3324 ], [ -83.751, 34.3346 ], [ -83.7565, 34.3365 ], [ -83.7532, 34.3388 ], [ -83.7621, 34.3553 ], [ -83.7689, 34.3548 ], [ -83.7793, 34.3606 ], [ -83.7944, 34.3506 ], [ -83.7995, 34.3404 ], [ -83.8088, 34.3323 ], [ -83.7978, 34.3105 ] ] ] } },
{ "type": "Feature", "properties": { "county": "Hall", "geoid": "13139000902", "pop": 3583.0, "pop_density": 1114.9562528258991, "median_hh_income": 54228.0, "mean_commute_min": 17.333136444181925 }, "geometry": { "type": "Polygon", "coordinates": [ [ [ -83.844, 34.2968 ], [ -83.8344, 34.2973 ], [ -83.8265, 34.302 ], [ -83.8281, 34.311 ], [ -83.8422, 34.3141 ], [ -83.8506, 34.3123 ], [ -83.844, 34.2968 ] ] ] } },
{ "type": "Feature", "properties": { "county": "Hall", "geoid": "13139001204", "pop": 5017.0, "pop_density": 143.69367910208433, "median_hh_income": 54179.0, "mean_commute_min": 31.002304147465438 }, "geometry": { "type": "Polygon", "coordinates": [ [ [ -83.8249, 34.2249 ], [ -83.8171, 34.2251 ], [ -83.8155, 34.2098 ], [ -83.8063, 34.2042 ], [ -83.8049, 34.1996 ], [ -83.8074, 34.1993 ], [ -83.8042, 34.1939 ], [ -83.8013, 34.1955 ], [ -83.798, 34.1926 ], [ -83.8001, 34.1902 ], [ -83.7916, 34.1833 ], [ -83.7927, 34.1797 ], [ -83.7896, 34.1778 ], [ -83.7869, 34.1818 ], [ -83.7861, 34.1642 ], [ -83.7735, 34.1651 ], [ -83.7556, 34.1802 ], [ -83.7618, 34.1859 ], [ -83.7758, 34.1915 ], [ -83.7803, 34.1996 ], [ -83.7834, 34.2162 ], [ -83.7683, 34.2174 ], [ -83.7805, 34.2291 ], [ -83.78, 34.2402 ], [ -83.7865, 34.2458 ], [ -83.7887, 34.2552 ], [ -83.7988, 34.2647 ], [ -83.8004, 34.2835 ], [ -83.8029, 34.2849 ], [ -83.806, 34.2853 ], [ -83.8189, 34.2685 ], [ -83.8154, 34.263 ], [ -83.8184, 34.2569 ], [ -83.8172, 34.2451 ], [ -83.8271, 34.2292 ], [ -83.8249, 34.2249 ] ] ] } },
{ "type": "Feature", "properties": { "county": "Hall", "geoid": "13139000307", "pop": 4244.0, "pop_density": 271.26364371757489, "median_hh_income": 86979.0, "mean_commute_min": 26.263593992749872 }, "geometry": { "type": "Polygon", "coordinates": [ [ [ -83.9498, 34.3123 ], [ -83.9359, 34.3272 ], [ -83.9045, 34.3335 ], [ -83.896, 34.3322 ], [ -83.8798, 34.3222 ], [ -83.8778, 34.3245 ], [ -83.8849, 34.3351 ], [ -83.8896, 34.3349 ], [ -83.8959, 34.3412 ], [ -83.891, 34.3439 ], [ -83.8929, 34.356 ], [ -83.9104, 34.3603 ], [ -83.9335, 34.3793 ], [ -83.94, 34.363 ], [ -83.9386, 34.3579 ], [ -83.9452, 34.3508 ], [ -83.9442, 34.3458 ], [ -83.9337, 34.3442 ], [ -83.9302, 34.3408 ], [ -83.9451, 34.3294 ], [ -83.9458, 34.3242 ], [ -83.9507, 34.3231 ], [ -83.9534, 34.3176 ], [ -83.9498, 34.3123 ] ] ] } },
{ "type": "Feature", "properties": { "county": "Hall", "geoid": "13139001609", "pop": 5656.0, "pop_density": 749.6439655052443, "median_hh_income": 103424.0, "mean_commute_min": 26.77938808373591 }, "geometry": { "type": "Polygon", "coordinates": [ [ [ -83.92, 34.1484 ], [ -83.9099, 34.1507 ], [ -83.908, 34.1346 ], [ -83.898, 34.1342 ], [ -83.8964, 34.14 ], [ -83.8878, 34.1315 ], [ -83.8798, 34.1288 ], [ -83.8835, 34.1422 ], [ -83.8967, 34.1572 ], [ -83.9031, 34.1545 ], [ -83.9142, 34.1641 ], [ -83.914, 34.1687 ], [ -83.9176, 34.171 ], [ -83.9255, 34.1612 ], [ -83.9272, 34.1499 ], [ -83.92, 34.1484 ] ] ] } },
{ "type": "Feature", "properties": { "county": "Hall", "geoid": "13139001610", "pop": 3404.0, "pop_density": 496.8086901238986, "median_hh_income": 99755.0, "mean_commute_min": 24.123989218328841 }, "geometry": { "type": "Polygon", "coordinates": [ [ [ -83.914, 34.1687 ], [ -83.9142, 34.1641 ], [ -83.9031, 34.1545 ], [ -83.8967, 34.1572 ], [ -83.8931, 34.1516 ], [ -83.8822, 34.1564 ], [ -83.879, 34.1613 ], [ -83.8815, 34.1679 ], [ -83.8897, 34.1723 ], [ -83.8995, 34.1853 ], [ -83.9175, 34.1711 ], [ -83.914, 34.1687 ] ] ] } },
{ "type": "Feature", "properties": { "county": "Hall", "geoid": "13139001005", "pop": 5078.0, "pop_density": 948.71519898544636, "median_hh_income": 72772.0, "mean_commute_min": 23.5488346281909 }, "geometry": { "type": "Polygon", "coordinates": [ [ [ -83.8928, 34.2624 ], [ -83.8854, 34.2665 ], [ -83.8774, 34.2572 ], [ -83.873, 34.2574 ], [ -83.8685, 34.269 ], [ -83.8598, 34.2749 ], [ -83.8786, 34.2803 ], [ -83.8967, 34.2809 ], [ -83.8996, 34.2798 ], [ -83.8961, 34.2714 ], [ -83.8937, 34.2722 ], [ -83.9002, 34.2675 ], [ -83.8928, 34.2624 ] ] ] } },
{ "type": "Feature", "properties": { "county": "Hall", "geoid": "13139001007", "pop": 2580.0, "pop_density": 1333.2678757373669, "median_hh_income": 42727.0, "mean_commute_min": 15.706051873198847 }, "geometry": { "type": "Polygon", "coordinates": [ [ [ -83.8619, 34.2742 ], [ -83.8507, 34.2829 ], [ -83.8659, 34.2922 ], [ -83.8651, 34.2834 ], [ -83.8763, 34.2807 ], [ -83.8619, 34.2742 ] ] ] } },
{ "type": "Feature", "properties": { "county": "Hall", "geoid": "13139001008", "pop": 3707.0, "pop_density": 998.91297142521455, "median_hh_income": 35986.0, "mean_commute_min": 21.98219584569733 }, "geometry": { "type": "Polygon", "coordinates": [ [ [ -83.8507, 34.2829 ], [ -83.8321, 34.2903 ], [ -83.8281, 34.297 ], [ -83.8297, 34.2988 ], [ -83.8511, 34.2953 ], [ -83.8568, 34.2988 ], [ -83.8659, 34.2927 ], [ -83.8507, 34.2829 ] ] ] } },
{ "type": "Feature", "properties": { "county": "Hall", "geoid": "13139000901", "pop": 2928.0, "pop_density": 775.9345798107546, "median_hh_income": 91379.0, "mean_commute_min": 17.306374228923922 }, "geometry": { "type": "Polygon", "coordinates": [ [ [ -83.8513, 34.3121 ], [ -83.8422, 34.3141 ], [ -83.8316, 34.3121 ], [ -83.8256, 34.3047 ], [ -83.8143, 34.3113 ], [ -83.8228, 34.3242 ], [ -83.8318, 34.3195 ], [ -83.8346, 34.3241 ], [ -83.8532, 34.3184 ], [ -83.8513, 34.3121 ] ] ] } },
{ "type": "Feature", "properties": { "county": "Hall", "geoid": "13139001612", "pop": 2896.0, "pop_density": 609.88990392128039, "median_hh_income": 100086.0, "mean_commute_min": 28.482587064676618 }, "geometry": { "type": "Polygon", "coordinates": [ [ [ -83.8425, 34.1132 ], [ -83.8274, 34.1219 ], [ -83.8315, 34.1311 ], [ -83.8383, 34.1317 ], [ -83.8479, 34.139 ], [ -83.855, 34.1246 ], [ -83.8518, 34.1225 ], [ -83.8608, 34.1173 ], [ -83.8615, 34.1126 ], [ -83.8425, 34.1132 ] ] ] } },
{ "type": "Feature", "properties": { "county": "Hall", "geoid": "13139001611", "pop": 4704.0, "pop_density": 411.78979391601587, "median_hh_income": 124975.0, "mean_commute_min": 35.595592614651579 }, "geometry": { "type": "Polygon", "coordinates": [ [ [ -83.8743, 34.1179 ], [ -83.8721, 34.1036 ], [ -83.8677, 34.0985 ], [ -83.8425, 34.1132 ], [ -83.8616, 34.1124 ], [ -83.8608, 34.1173 ], [ -83.8518, 34.1225 ], [ -83.855, 34.1246 ], [ -83.8479, 34.139 ], [ -83.8555, 34.1395 ], [ -83.8656, 34.1518 ], [ -83.8852, 34.1437 ], [ -83.8743, 34.1179 ] ] ] } },
{ "type": "Feature", "properties": { "county": "Hall", "geoid": "13139000703", "pop": 4233.0, "pop_density": 366.12519405802942, "median_hh_income": 65664.0, "mean_commute_min": 20.002701242571582 }, "geometry": { "type": "Polygon", "coordinates": [ [ [ -83.7971, 34.2816 ], [ -83.7862, 34.2812 ], [ -83.7828, 34.2859 ], [ -83.7783, 34.2843 ], [ -83.7725, 34.2909 ], [ -83.7691, 34.2881 ], [ -83.7603, 34.2896 ], [ -83.7531, 34.2865 ], [ -83.7415, 34.2931 ], [ -83.7577, 34.2998 ], [ -83.7645, 34.3149 ], [ -83.7725, 34.3121 ], [ -83.7814, 34.3146 ], [ -83.7879, 34.3106 ], [ -83.8057, 34.2853 ], [ -83.7971, 34.2816 ] ] ] } },
{ "type": "Feature", "properties": { "county": "Hall", "geoid": "13139001006", "pop": 2697.0, "pop_density": 252.07096344382211, "median_hh_income": 65857.0, "mean_commute_min": 29.271206690561531 }, "geometry": { "type": "Polygon", "coordinates": [ [ [ -83.9505, 34.2622 ], [ -83.9536, 34.2532 ], [ -83.9498, 34.2398 ], [ -83.9464, 34.243 ], [ -83.9433, 34.2511 ], [ -83.9279, 34.253 ], [ -83.9098, 34.2666 ], [ -83.9025, 34.266 ], [ -83.8957, 34.269 ], [ -83.8937, 34.2726 ], [ -83.8961, 34.2714 ], [ -83.8996, 34.2798 ], [ -83.8882, 34.2812 ], [ -83.8846, 34.2892 ], [ -83.8861, 34.2975 ], [ -83.8961, 34.2976 ], [ -83.8992, 34.2931 ], [ -83.9053, 34.2957 ], [ -83.9111, 34.2936 ], [ -83.9254, 34.2866 ], [ -83.9274, 34.2793 ], [ -83.9426, 34.2748 ], [ -83.9541, 34.2675 ], [ -83.9505, 34.2622 ] ] ] } },
{ "type": "Feature", "properties": { "county": "Hall", "geoid": "13139000704", "pop": 3074.0, "pop_density": 169.43566843501134, "median_hh_income": 77578.0, "mean_commute_min": 30.912667191188042 }, "geometry": { "type": "Polygon", "coordinates": [ [ [ -83.7761, 34.2655 ], [ -83.7658, 34.2601 ], [ -83.7366, 34.2696 ], [ -83.7119, 34.287 ], [ -83.6894, 34.2823 ], [ -83.6973, 34.2964 ], [ -83.7115, 34.3006 ], [ -83.7188, 34.3004 ], [ -83.7159, 34.2957 ], [ -83.7206, 34.2967 ], [ -83.7229, 34.2901 ], [ -83.7327, 34.2905 ], [ -83.7369, 34.2969 ], [ -83.7526, 34.2866 ], [ -83.7603, 34.2896 ], [ -83.7691, 34.2881 ], [ -83.7725, 34.2909 ], [ -83.7783, 34.2843 ], [ -83.7828, 34.2859 ], [ -83.7861, 34.2815 ], [ -83.7761, 34.2655 ] ] ] } },
{ "type": "Feature", "properties": { "county": "Hall", "geoid": "13139000501", "pop": 3811.0, "pop_density": 411.11119980824162, "median_hh_income": 59630.0, "mean_commute_min": 26.675163874726877 }, "geometry": { "type": "Polygon", "coordinates": [ [ [ -83.8418, 34.3452 ], [ -83.8366, 34.348 ], [ -83.8293, 34.3413 ], [ -83.8308, 34.3377 ], [ -83.8262, 34.3277 ], [ -83.8286, 34.325 ], [ -83.8258, 34.3225 ], [ -83.8224, 34.3241 ], [ -83.8188, 34.3198 ], [ -83.8129, 34.3343 ], [ -83.8227, 34.3484 ], [ -83.8145, 34.3503 ], [ -83.8053, 34.3425 ], [ -83.8027, 34.3465 ], [ -83.8063, 34.3566 ], [ -83.8017, 34.3583 ], [ -83.7944, 34.3506 ], [ -83.7882, 34.3578 ], [ -83.7887, 34.3678 ], [ -83.7916, 34.371 ], [ -83.8086, 34.3695 ], [ -83.8101, 34.3725 ], [ -83.8211, 34.3658 ], [ -83.8345, 34.3656 ], [ -83.8327, 34.3595 ], [ -83.8401, 34.36 ], [ -83.8432, 34.3544 ], [ -83.8418, 34.3452 ] ] ] } },
{ "type": "Feature", "properties": { "county": "Hall", "geoid": "13139000206", "pop": 2777.0, "pop_density": 29.350681541427193, "median_hh_income": 82733.0, "mean_commute_min": 29.492822966507177 }, "geometry": { "type": "Polygon", "coordinates": [ [ [ -83.8043, 34.4052 ], [ -83.8013, 34.4046 ], [ -83.7919, 34.4044 ], [ -83.7829, 34.4104 ], [ -83.7697, 34.4108 ], [ -83.7642, 34.414 ], [ -83.7452, 34.4134 ], [ -83.7365, 34.4235 ], [ -83.7328, 34.4223 ], [ -83.7344, 34.4127 ], [ -83.7297, 34.4155 ], [ -83.7297, 34.4128 ], [ -83.7187, 34.4131 ], [ -83.719, 34.4101 ], [ -83.713, 34.4175 ], [ -83.7059, 34.4138 ], [ -83.6982, 34.4206 ], [ -83.6984, 34.4252 ], [ -83.6811, 34.4357 ], [ -83.6857, 34.4449 ], [ -83.6804, 34.4433 ], [ -83.676, 34.4455 ], [ -83.6861, 34.4538 ], [ -83.6877, 34.4605 ], [ -83.6849, 34.4654 ], [ -83.689, 34.4676 ], [ -83.6789, 34.4831 ], [ -83.6799, 34.4872 ], [ -83.6664, 34.5036 ], [ -83.7568, 34.5045 ], [ -83.7564, 34.493 ], [ -83.7701, 34.4734 ], [ -83.7941, 34.4597 ], [ -83.8031, 34.4511 ], [ -83.8084, 34.4377 ], [ -83.8061, 34.4263 ], [ -83.8095, 34.4232 ], [ -83.8043, 34.4052 ] ] ] } },
{ "type": "Feature", "properties": { "county": "Hall", "geoid": "13139001303", "pop": 2869.0, "pop_density": 338.81615580299723, "median_hh_income": 82159.0, "mean_commute_min": 24.499599679743795 }, "geometry": { "type": "Polygon", "coordinates": [ [ [ -83.8565, 34.2074 ], [ -83.8593, 34.1964 ], [ -83.856, 34.1885 ], [ -83.8432, 34.1889 ], [ -83.8376, 34.193 ], [ -83.8281, 34.1868 ], [ -83.8263, 34.2021 ], [ -83.8382, 34.2158 ], [ -83.8558, 34.223 ], [ -83.8624, 34.2206 ], [ -83.8565, 34.2074 ] ] ] } },
{ "type": "Feature", "properties": { "county": "Hall", "geoid": "13139001304", "pop": 3927.0, "pop_density": 171.76026011685209, "median_hh_income": 81725.0, "mean_commute_min": 30.29874213836478 }, "geometry": { "type": "Polygon", "coordinates": [ [ [ -83.8544, 34.2387 ], [ -83.8608, 34.2218 ], [ -83.8476, 34.2209 ], [ -83.8382, 34.2158 ], [ -83.8266, 34.2022 ], [ -83.8187, 34.203 ], [ -83.8129, 34.1969 ], [ -83.8062, 34.1975 ], [ -83.8063, 34.2042 ], [ -83.8159, 34.2106 ], [ -83.8171, 34.2251 ], [ -83.8249, 34.2249 ], [ -83.8271, 34.229 ], [ -83.8158, 34.2517 ], [ -83.8184, 34.2569 ], [ -83.8154, 34.263 ], [ -83.8252, 34.284 ], [ -83.8367, 34.2744 ], [ -83.847, 34.2572 ], [ -83.8621, 34.2452 ], [ -83.8544, 34.2387 ] ] ] } },
{ "type": "Feature", "properties": { "county": "Hall", "geoid": "13139001203", "pop": 2369.0, "pop_density": 866.26594401047851, "median_hh_income": 41902.0, "mean_commute_min": 21.57871972318339 }, "geometry": { "type": "Polygon", "coordinates": [ [ [ -83.8189, 34.2685 ], [ -83.806, 34.2853 ], [ -83.8208, 34.297 ], [ -83.8237, 34.2956 ], [ -83.8191, 34.2893 ], [ -83.8259, 34.2853 ], [ -83.8189, 34.2685 ] ] ] } },
{ "type": "Feature", "properties": { "county": "Hall", "geoid": "13139000205", "pop": 2391.0, "pop_density": 78.578785502592012, "median_hh_income": 78125.0, "mean_commute_min": 38.663829787234043 }, "geometry": { "type": "Polygon", "coordinates": [ [ [ -83.8089, 34.3696 ], [ -83.7916, 34.371 ], [ -83.7889, 34.368 ], [ -83.788, 34.3584 ], [ -83.7938, 34.3526 ], [ -83.7922, 34.35 ], [ -83.7673, 34.3723 ], [ -83.7602, 34.37 ], [ -83.7549, 34.3729 ], [ -83.7535, 34.3776 ], [ -83.7377, 34.3777 ], [ -83.7373, 34.3855 ], [ -83.7294, 34.399 ], [ -83.7216, 34.4033 ], [ -83.7244, 34.4073 ], [ -83.7187, 34.4131 ], [ -83.7297, 34.4128 ], [ -83.7297, 34.4155 ], [ -83.7344, 34.4127 ], [ -83.7328, 34.4223 ], [ -83.7365, 34.4235 ], [ -83.7452, 34.4134 ], [ -83.7642, 34.414 ], [ -83.7697, 34.4108 ], [ -83.7829, 34.4104 ], [ -83.7919, 34.4044 ], [ -83.8043, 34.4052 ], [ -83.8035, 34.3945 ], [ -83.8101, 34.3783 ], [ -83.8089, 34.3696 ] ] ] } },
{ "type": "Feature", "properties": { "county": "Hall", "geoid": "13139000306", "pop": 2741.0, "pop_density": 184.86504918853618, "median_hh_income": 73750.0, "mean_commute_min": 32.062171628721543 }, "geometry": { "type": "Polygon", "coordinates": [ [ [ -83.9426, 34.302 ], [ -83.9469, 34.298 ], [ -83.9417, 34.2921 ], [ -83.9396, 34.2988 ], [ -83.9314, 34.2979 ], [ -83.9363, 34.2944 ], [ -83.9324, 34.2849 ], [ -83.9314, 34.2911 ], [ -83.9256, 34.2864 ], [ -83.9053, 34.2957 ], [ -83.8992, 34.2931 ], [ -83.8961, 34.2976 ], [ -83.8861, 34.2975 ], [ -83.8796, 34.3041 ], [ -83.8822, 34.3172 ], [ -83.8797, 34.3221 ], [ -83.898, 34.3327 ], [ -83.9242, 34.3309 ], [ -83.9368, 34.3266 ], [ -83.9498, 34.3123 ], [ -83.9426, 34.302 ] ] ] } },
{ "type": "Feature", "properties": { "county": "Cobb", "geoid": "13067030107", "pop": 4801.0, "pop_density": 1167.3386381065432, "median_hh_income": 124167.0, "mean_commute_min": 30.365029292474087 }, "geometry": { "type": "Polygon", "coordinates": [ [ [ -84.6373, 34.074 ], [ -84.6247, 34.0651 ], [ -84.6128, 34.0641 ], [ -84.6057, 34.0645 ], [ -84.6113, 34.0727 ], [ -84.5998, 34.0768 ], [ -84.6156, 34.0774 ], [ -84.6154, 34.0817 ], [ -84.6242, 34.0818 ], [ -84.6243, 34.0775 ], [ -84.6535, 34.0782 ], [ -84.6537, 34.0764 ], [ -84.6373, 34.074 ] ] ] } },
{ "type": "Feature", "properties": { "county": "Cobb", "geoid": "13067031409", "pop": 6015.0, "pop_density": 445.61437665327378, "median_hh_income": 68878.0, "mean_commute_min": 28.834021779947427 }, "geometry": { "type": "Polygon", "coordinates": [ [ [ -84.6629, 33.8355 ], [ -84.6514, 33.8227 ], [ -84.6541, 33.8201 ], [ -84.6356, 33.8135 ], [ -84.6222, 33.8157 ], [ -84.6256, 33.8232 ], [ -84.6238, 33.8341 ], [ -84.6296, 33.8475 ], [ -84.6224, 33.8521 ], [ -84.6502, 33.8561 ], [ -84.6662, 33.8465 ], [ -84.6629, 33.8355 ] ] ] } },
{ "type": "Feature", "properties": { "county": "Gwinnett", "geoid": "13135050539", "pop": 6332.0, "pop_density": 2712.2512199133726, "median_hh_income": 60635.0, "mean_commute_min": 32.415690450834219 }, "geometry": { "type": "Polygon", "coordinates": [ [ [ -84.0854, 33.9382 ], [ -84.0809, 33.9404 ], [ -84.0828, 33.9495 ], [ -84.0859, 33.95 ], [ -84.0973, 33.9496 ], [ -84.1077, 33.9415 ], [ -84.0854, 33.9382 ] ] ] } },
{ "type": "Feature", "properties": { "county": "Gwinnett", "geoid": "13135050536", "pop": 6536.0, "pop_density": 862.87872236916712, "median_hh_income": 66509.0, "mean_commute_min": 32.429755043227665 }, "geometry": { "type": "Polygon", "coordinates": [ [ [ -84.0338, 33.9384 ], [ -84.0298, 33.9386 ], [ -84.0138, 33.9542 ], [ -84.0037, 33.9596 ], [ -84.0088, 33.9655 ], [ -84.0168, 33.9672 ], [ -84.0384, 33.9588 ], [ -84.0606, 33.9605 ], [ -84.0338, 33.9384 ] ] ] } },
{ "type": "Feature", "properties": { "county": "Cobb", "geoid": "13067030413", "pop": 5628.0, "pop_density": 3903.4079914441295, "median_hh_income": 57111.0, "mean_commute_min": 29.824710687542545 }, "geometry": { "type": "Polygon", "coordinates": [ [ [ -84.4788, 33.9119 ], [ -84.4736, 33.9124 ], [ -84.4668, 33.918 ], [ -84.4687, 33.9239 ], [ -84.485, 33.9227 ], [ -84.4788, 33.9119 ] ] ] } },
{ "type": "Feature", "properties": { "county": "Cobb", "geoid": "13067030414", "pop": 3180.0, "pop_density": 1294.0774794300689, "median_hh_income": 48484.0, "mean_commute_min": 31.151817116060961 }, "geometry": { "type": "Polygon", "coordinates": [ [ [ -84.4894, 33.905 ], [ -84.4837, 33.911 ], [ -84.4788, 33.9119 ], [ -84.4852, 33.9227 ], [ -84.5049, 33.9224 ], [ -84.4894, 33.905 ] ] ] } },
{ "type": "Feature", "properties": { "county": "Cobb", "geoid": "13067030412", "pop": 4732.0, "pop_density": 2365.7409513658254, "median_hh_income": 49038.0, "mean_commute_min": 24.266184157619623 }, "geometry": { "type": "Polygon", "coordinates": [ [ [ -84.5051, 33.9224 ], [ -84.492, 33.9226 ], [ -84.4977, 33.9315 ], [ -84.5078, 33.9394 ], [ -84.5155, 33.9416 ], [ -84.5051, 33.9224 ] ] ] } },
{ "type": "Feature", "properties": { "county": "Coweta", "geoid": "13077170801", "pop": 5121.0, "pop_density": 36.860906223328072, "median_hh_income": 85609.0, "mean_commute_min": 31.695423855963991 }, "geometry": { "type": "Polygon", "coordinates": [ [ [ -84.939, 33.2247 ], [ -84.8621, 33.2239 ], [ -84.8622, 33.2075 ], [ -84.872, 33.2074 ], [ -84.8699, 33.1957 ], [ -84.8624, 33.1991 ], [ -84.8624, 33.1912 ], [ -84.8523, 33.191 ], [ -84.8524, 33.2236 ], [ -84.8128, 33.2234 ], [ -84.8116, 33.2253 ], [ -84.8069, 33.2364 ], [ -84.8047, 33.2666 ], [ -84.7905, 33.3049 ], [ -84.7716, 33.3308 ], [ -84.7808, 33.3298 ], [ -84.7969, 33.3399 ], [ -84.7999, 33.3364 ], [ -84.8121, 33.3396 ], [ -84.826, 33.3392 ], [ -84.8442, 33.3336 ], [ -84.8421, 33.343 ], [ -84.866, 33.323 ], [ -84.8665, 33.3154 ], [ -84.8714, 33.3139 ], [ -84.8723, 33.3105 ], [ -84.8807, 33.311 ], [ -84.8843, 33.308 ], [ -84.8982, 33.3101 ], [ -84.905, 33.2931 ], [ -84.9178, 33.2916 ], [ -84.9277, 33.271 ], [ -84.9393, 33.2601 ], [ -84.9406, 33.2554 ], [ -84.949, 33.2512 ], [ -84.939, 33.2247 ] ] ] } },
{ "type": "Feature", "properties": { "county": "Coweta", "geoid": "13077170303", "pop": 6746.0, "pop_density": 113.77438441750348, "median_hh_income": 138906.0, "mean_commute_min": 36.577205882352942 }, "geometry": { "type": "Polygon", "coordinates": [ [ [ -84.8336, 33.4652 ], [ -84.824, 33.4603 ], [ -84.8172, 33.4438 ], [ -84.7869, 33.4399 ], [ -84.7716, 33.435 ], [ -84.7647, 33.4432 ], [ -84.7561, 33.4638 ], [ -84.7436, 33.471 ], [ -84.7305, 33.5108 ], [ -84.837, 33.5114 ], [ -84.8277, 33.4976 ], [ -84.8224, 33.495 ], [ -84.8388, 33.4779 ], [ -84.8336, 33.4652 ] ] ] } },
{ "type": "Feature", "properties": { "county": "Coweta", "geoid": "13077170404", "pop": 5361.0, "pop_density": 282.8324202873938, "median_hh_income": 119077.0, "mean_commute_min": 28.847631241997441 }, "geometry": { "type": "Polygon", "coordinates": [ [ [ -84.7027, 33.4234 ], [ -84.7071, 33.4047 ], [ -84.6856, 33.4086 ], [ -84.6688, 33.4071 ], [ -84.6573, 33.3993 ], [ -84.6403, 33.4019 ], [ -84.6517, 33.4164 ], [ -84.6666, 33.4241 ], [ -84.672, 33.4362 ], [ -84.6683, 33.4434 ], [ -84.6729, 33.4498 ], [ -84.6743, 33.4606 ], [ -84.6899, 33.4453 ], [ -84.7118, 33.4342 ], [ -84.7027, 33.4234 ] ] ] } },
{ "type": "Feature", "properties": { "county": "Coweta", "geoid": "13077170405", "pop": 7518.0, "pop_density": 383.27296452767422, "median_hh_income": 100110.0, "mean_commute_min": 27.616996841803044 }, "geometry": { "type": "Polygon", "coordinates": [ [ [ -84.7118, 33.3732 ], [ -84.6929, 33.373 ], [ -84.6623, 33.3854 ], [ -84.645, 33.3878 ], [ -84.6226, 33.398 ], [ -84.6343, 33.4019 ], [ -84.6578, 33.3994 ], [ -84.6711, 33.4076 ], [ -84.689, 33.4086 ], [ -84.709, 33.4045 ], [ -84.7165, 33.3772 ], [ -84.7118, 33.3732 ] ] ] } },
{ "type": "Feature", "properties": { "county": "Coweta", "geoid": "13077170406", "pop": 4273.0, "pop_density": 341.46422544917766, "median_hh_income": 124449.0, "mean_commute_min": 35.050029429075927 }, "geometry": { "type": "Polygon", "coordinates": [ [ [ -84.6683, 33.4434 ], [ -84.672, 33.4362 ], [ -84.6663, 33.4238 ], [ -84.6517, 33.4164 ], [ -84.6403, 33.4019 ], [ -84.6226, 33.398 ], [ -84.63, 33.4153 ], [ -84.6531, 33.4376 ], [ -84.6568, 33.4536 ], [ -84.6624, 33.4622 ], [ -84.6627, 33.4749 ], [ -84.6743, 33.4599 ], [ -84.6683, 33.4434 ] ] ] } },
{ "type": "Feature", "properties": { "county": "Cobb", "geoid": "13067030341", "pop": 4571.0, "pop_density": 983.31674394160939, "median_hh_income": 138125.0, "mean_commute_min": 35.732142857142854 }, "geometry": { "type": "Polygon", "coordinates": [ [ [ -84.4817, 34.0416 ], [ -84.4771, 34.0415 ], [ -84.4755, 34.0605 ], [ -84.4641, 34.0619 ], [ -84.4654, 34.0653 ], [ -84.4605, 34.0742 ], [ -84.4848, 34.0747 ], [ -84.4847, 34.0466 ], [ -84.4817, 34.0416 ] ] ] } },
{ "type": "Feature", "properties": { "county": "Cobb", "geoid": "13067030342", "pop": 4843.0, "pop_density": 1038.9502290710416, "median_hh_income": 178654.0, "mean_commute_min": 32.908455181182454 }, "geometry": { "type": "Polygon", "coordinates": [ [ [ -84.4326, 34.0299 ], [ -84.4185, 34.0448 ], [ -84.4211, 34.0538 ], [ -84.419, 34.0614 ], [ -84.4234, 34.0641 ], [ -84.4354, 34.0589 ], [ -84.4329, 34.0459 ], [ -84.4461, 34.036 ], [ -84.4326, 34.0299 ] ] ] } },
{ "type": "Feature", "properties": { "county": "Cobb", "geoid": "13067030409", "pop": 3390.0, "pop_density": 925.27086690510816, "median_hh_income": 129857.0, "mean_commute_min": 27.773234200743495 }, "geometry": { "type": "Polygon", "coordinates": [ [ [ -84.4776, 33.9625 ], [ -84.4779, 33.9517 ], [ -84.4648, 33.9523 ], [ -84.4614, 33.9793 ], [ -84.4777, 33.9743 ], [ -84.4776, 33.9699 ], [ -84.4812, 33.9689 ], [ -84.4776, 33.9625 ] ] ] } },
{ "type": "Feature", "properties": { "county": "Cobb", "geoid": "13067030410", "pop": 4557.0, "pop_density": 1061.1676896444285, "median_hh_income": 66829.0, "mean_commute_min": 35.123003884333187 }, "geometry": { "type": "Polygon", "coordinates": [ [ [ -84.4978, 33.9518 ], [ -84.4863, 33.9468 ], [ -84.4779, 33.9517 ], [ -84.4776, 33.9625 ], [ -84.4812, 33.9688 ], [ -84.4776, 33.9699 ], [ -84.4777, 33.9743 ], [ -84.4857, 33.9732 ], [ -84.5071, 33.9517 ], [ -84.4978, 33.9518 ] ] ] } },
{ "type": "Feature", "properties": { "county": "Cobb", "geoid": "13067030408", "pop": 2750.0, "pop_density": 1171.2419636829809, "median_hh_income": 112250.0, "mean_commute_min": 25.465116279069768 }, "geometry": { "type": "Polygon", "coordinates": [ [ [ -84.4668, 33.918 ], [ -84.4611, 33.9279 ], [ -84.4615, 33.9389 ], [ -84.4718, 33.942 ], [ -84.4778, 33.9347 ], [ -84.4668, 33.918 ] ] ] } },
{ "type": "Feature", "properties": { "county": "Cobb", "geoid": "13067030407", "pop": 4959.0, "pop_density": 1152.5358810752168, "median_hh_income": 101212.0, "mean_commute_min": 25.1 }, "geometry": { "type": "Polygon", "coordinates": [ [ [ -84.4875, 33.9363 ], [ -84.4777, 33.9319 ], [ -84.4718, 33.942 ], [ -84.4665, 33.9422 ], [ -84.4614, 33.9469 ], [ -84.4679, 33.9527 ], [ -84.4793, 33.9516 ], [ -84.4863, 33.9468 ], [ -84.4976, 33.9517 ], [ -84.4987, 33.9475 ], [ -84.4875, 33.9363 ] ] ] } },
{ "type": "Feature", "properties": { "county": "Cobb", "geoid": "13067030236", "pop": 4643.0, "pop_density": 886.54395075528078, "median_hh_income": 185426.0, "mean_commute_min": 41.375464684014872 }, "geometry": { "type": "Polygon", "coordinates": [ [ [ -84.734, 33.9791 ], [ -84.7253, 33.9734 ], [ -84.7137, 33.9753 ], [ -84.7158, 33.984 ], [ -84.7093, 33.991 ], [ -84.7252, 33.995 ], [ -84.7392, 34.0029 ], [ -84.7394, 33.9778 ], [ -84.734, 33.9791 ] ] ] } },
{ "type": "Feature", "properties": { "county": "Clayton", "geoid": "13063040519", "pop": 5031.0, "pop_density": 3150.6724064724367, "median_hh_income": 34869.0, "mean_commute_min": 37.592518101367659 }, "geometry": { "type": "Polygon", "coordinates": [ [ [ -84.4217, 33.587 ], [ -84.4098, 33.5872 ], [ -84.4077, 33.5939 ], [ -84.4278, 33.5972 ], [ -84.429, 33.5938 ], [ -84.4217, 33.587 ] ] ] } },
{ "type": "Feature", "properties": { "county": "Clayton", "geoid": "13063980000", "pop": 0.0, "pop_density": 0.0, "median_hh_income": -666666666.0, "mean_commute_min": -666666666.0 }, "geometry": { "type": "Polygon", "coordinates": [ [ [ -84.456, 33.6183 ], [ -84.4406, 33.6166 ], [ -84.4117, 33.6311 ], [ -84.4008, 33.6329 ], [ -84.3974, 33.6483 ], [ -84.4483, 33.6488 ], [ -84.4482, 33.6412 ], [ -84.4509, 33.6412 ], [ -84.453, 33.6489 ], [ -84.4577, 33.6489 ], [ -84.4584, 33.621 ], [ -84.456, 33.6183 ] ] ] } },
{ "type": "Feature", "properties": { "county": "Cobb", "geoid": "13067030411", "pop": 2208.0, "pop_density": 1105.4049697165096, "median_hh_income": 55476.0, "mean_commute_min": 29.905437352245862 }, "geometry": { "type": "Polygon", "coordinates": [ [ [ -84.5155, 33.9416 ], [ -84.5078, 33.9394 ], [ -84.4977, 33.9315 ], [ -84.492, 33.9226 ], [ -84.4852, 33.9227 ], [ -84.4929, 33.9338 ], [ -84.5162, 33.9508 ], [ -84.5205, 33.9509 ], [ -84.5155, 33.9416 ] ] ] } },
{ "type": "Feature", "properties": { "county": "Cobb", "geoid": "13067030344", "pop": 3785.0, "pop_density": 1634.9482388778165, "median_hh_income": 59133.0, "mean_commute_min": 24.168871252204585 }, "geometry": { "type": "Polygon", "coordinates": [ [ [ -84.4759, 33.9009 ], [ -84.4642, 33.9057 ], [ -84.4668, 33.918 ], [ -84.4742, 33.9121 ], [ -84.4837, 33.911 ], [ -84.4894, 33.905 ], [ -84.4759, 33.9009 ] ] ] } },
{ "type": "Feature", "properties": { "county": "Cobb", "geoid": "13067030345", "pop": 7360.0, "pop_density": 1719.1192690379612, "median_hh_income": 88482.0, "mean_commute_min": 25.543298400441259 }, "geometry": { "type": "Polygon", "coordinates": [ [ [ -84.4699, 33.8843 ], [ -84.4468, 33.8997 ], [ -84.4642, 33.9057 ], [ -84.4752, 33.901 ], [ -84.487, 33.9029 ], [ -84.4699, 33.8843 ] ] ] } },
{ "type": "Feature", "properties": { "county": "Cobb", "geoid": "13067031113", "pop": 1377.0, "pop_density": 1258.4525146659525, "median_hh_income": 57569.0, "mean_commute_min": 31.257175660160733 }, "geometry": { "type": "Polygon", "coordinates": [ [ [ -84.4966, 33.8976 ], [ -84.4873, 33.9028 ], [ -84.4962, 33.9125 ], [ -84.4965, 33.9086 ], [ -84.5008, 33.9086 ], [ -84.5009, 33.9016 ], [ -84.4966, 33.8976 ] ] ] } },
{ "type": "Feature", "properties": { "county": "Gwinnett", "geoid": "13135050541", "pop": 5242.0, "pop_density": 4141.6733561301826, "median_hh_income": 56610.0, "mean_commute_min": 26.976246105919003 }, "geometry": { "type": "Polygon", "coordinates": [ [ [ -84.1079, 33.9411 ], [ -84.1051, 33.9458 ], [ -84.0949, 33.95 ], [ -84.1107, 33.9517 ], [ -84.1176, 33.9444 ], [ -84.1079, 33.9411 ] ] ] } },
{ "type": "Feature", "properties": { "county": "Cobb", "geoid": "13067031115", "pop": 3982.0, "pop_density": 1086.9838191730623, "median_hh_income": 85053.0, "mean_commute_min": 30.693160813308687 }, "geometry": { "type": "Polygon", "coordinates": [ [ [ -84.5614, 33.8699 ], [ -84.5391, 33.867 ], [ -84.5306, 33.874 ], [ -84.5325, 33.8788 ], [ -84.5387, 33.876 ], [ -84.5516, 33.8771 ], [ -84.551, 33.8888 ], [ -84.5604, 33.8809 ], [ -84.5701, 33.8809 ], [ -84.5614, 33.8699 ] ] ] } },
{ "type": "Feature", "properties": { "county": "Cobb", "geoid": "13067031116", "pop": 3689.0, "pop_density": 1346.7819250110072, "median_hh_income": 66379.0, "mean_commute_min": 32.872564507635595 }, "geometry": { "type": "Polygon", "coordinates": [ [ [ -84.5393, 33.876 ], [ -84.5325, 33.8788 ], [ -84.5403, 33.8995 ], [ -84.5471, 33.8894 ], [ -84.551, 33.8888 ], [ -84.5516, 33.8771 ], [ -84.5393, 33.876 ] ] ] } },
{ "type": "Feature", "properties": { "county": "Cobb", "geoid": "13067031507", "pop": 3208.0, "pop_density": 808.10482792254084, "median_hh_income": 93977.0, "mean_commute_min": 33.233676975945016 }, "geometry": { "type": "Polygon", "coordinates": [ [ [ -84.6546, 33.8674 ], [ -84.6571, 33.8648 ], [ -84.6565, 33.8524 ], [ -84.6309, 33.8677 ], [ -84.6462, 33.8764 ], [ -84.6589, 33.8755 ], [ -84.6546, 33.8674 ] ] ] } },
{ "type": "Feature", "properties": { "county": "Cobb", "geoid": "13067031117", "pop": 6420.0, "pop_density": 1070.4774329350892, "median_hh_income": 123136.0, "mean_commute_min": 26.217895608947803 }, "geometry": { "type": "Polygon", "coordinates": [ [ [ -84.567, 33.8526 ], [ -84.5601, 33.8525 ], [ -84.5464, 33.8458 ], [ -84.5386, 33.8461 ], [ -84.5377, 33.8684 ], [ -84.5659, 33.87 ], [ -84.5689, 33.8646 ], [ -84.567, 33.8526 ] ] ] } },
{ "type": "Feature", "properties": { "county": "Bartow", "geoid": "13015960901", "pop": 2744.0, "pop_density": 82.123380203117705, "median_hh_income": 84688.0, "mean_commute_min": 28.493975903614459 }, "geometry": { "type": "Polygon", "coordinates": [ [ [ -84.9214, 34.1347 ], [ -84.9124, 34.1352 ], [ -84.9046, 34.1444 ], [ -84.8981, 34.1419 ], [ -84.891, 34.1278 ], [ -84.8944, 34.1231 ], [ -84.8896, 34.1192 ], [ -84.8907, 34.1103 ], [ -84.8864, 34.106 ], [ -84.8863, 34.0932 ], [ -84.8803, 34.0826 ], [ -84.8394, 34.0825 ], [ -84.8513, 34.1066 ], [ -84.8513, 34.1132 ], [ -84.8206, 34.1173 ], [ -84.8206, 34.1204 ], [ -84.8461, 34.1301 ], [ -84.8338, 34.1479 ], [ -84.847, 34.1499 ], [ -84.8703, 34.1443 ], [ -84.8862, 34.1447 ], [ -84.8974, 34.1482 ], [ -84.9212, 34.1478 ], [ -84.9248, 34.1441 ], [ -84.925, 34.1375 ], [ -84.9214, 34.1347 ] ] ] } },
{ "type": "Feature", "properties": { "county": "Bartow", "geoid": "13015960101", "pop": 1678.0, "pop_density": 17.964076792424375, "median_hh_income": 73929.0, "mean_commute_min": 35.703918722786646 }, "geometry": { "type": "Polygon", "coordinates": [ [ [ -84.8357, 34.3804 ], [ -84.8105, 34.3787 ], [ -84.7933, 34.3649 ], [ -84.7388, 34.3382 ], [ -84.7284, 34.3386 ], [ -84.7108, 34.3457 ], [ -84.6879, 34.3452 ], [ -84.6751, 34.3494 ], [ -84.6592, 34.3464 ], [ -84.6494, 34.349 ], [ -84.6447, 34.3468 ], [ -84.6443, 34.3552 ], [ -84.654, 34.3552 ], [ -84.6532, 34.4126 ], [ -84.7339, 34.413 ], [ -84.7341, 34.3965 ], [ -84.8372, 34.3977 ], [ -84.8367, 34.3858 ], [ -84.842, 34.3836 ], [ -84.8357, 34.3804 ] ] ] } },
{ "type": "Feature", "properties": { "county": "Cobb", "geoid": "13067031118", "pop": 5501.0, "pop_density": 1085.9278672266141, "median_hh_income": 104550.0, "mean_commute_min": 30.504587155963304 }, "geometry": { "type": "Polygon", "coordinates": [ [ [ -84.5297, 33.8444 ], [ -84.5198, 33.8476 ], [ -84.5122, 33.8451 ], [ -84.5138, 33.8561 ], [ -84.5306, 33.874 ], [ -84.5377, 33.8684 ], [ -84.5363, 33.8599 ], [ -84.5386, 33.8461 ], [ -84.5297, 33.8444 ] ] ] } },
{ "type": "Feature", "properties": { "county": "Cobb", "geoid": "13067030233", "pop": 4855.0, "pop_density": 687.31791561038426, "median_hh_income": 116118.0, "mean_commute_min": 31.103927203065133 }, "geometry": { "type": "Polygon", "coordinates": [ [ [ -84.628, 33.8999 ], [ -84.6043, 33.9056 ], [ -84.5968, 33.9111 ], [ -84.5969, 33.9177 ], [ -84.6012, 33.9198 ], [ -84.6014, 33.9283 ], [ -84.6066, 33.9374 ], [ -84.62, 33.9196 ], [ -84.6296, 33.9239 ], [ -84.628, 33.8999 ] ] ] } },
{ "type": "Feature", "properties": { "county": "Cobb", "geoid": "13067030235", "pop": 4829.0, "pop_density": 388.14362294656229, "median_hh_income": 121935.0, "mean_commute_min": 31.367319378798108 }, "geometry": { "type": "Polygon", "coordinates": [ [ [ -84.6911, 33.917 ], [ -84.6726, 33.9025 ], [ -84.667, 33.9022 ], [ -84.6674, 33.9143 ], [ -84.662, 33.9242 ], [ -84.6641, 33.9466 ], [ -84.6616, 33.9524 ], [ -84.6774, 33.9459 ], [ -84.703, 33.9404 ], [ -84.6911, 33.917 ] ] ] } },
{ "type": "Feature", "properties": { "county": "Gwinnett", "geoid": "13135050725", "pop": 6370.0, "pop_density": 1295.791586264528, "median_hh_income": 92333.0, "mean_commute_min": 34.679884345311855 }, "geometry": { "type": "Polygon", "coordinates": [ [ [ -84.0513, 33.827 ], [ -84.0403, 33.8231 ], [ -84.0316, 33.8264 ], [ -84.0326, 33.8405 ], [ -84.0405, 33.8437 ], [ -84.0451, 33.8505 ], [ -84.0601, 33.842 ], [ -84.0513, 33.827 ] ] ] } },
{ "type": "Feature", "properties": { "county": "Gwinnett", "geoid": "13135050729", "pop": 4313.0, "pop_density": 1606.3021568693905, "median_hh_income": 75371.0, "mean_commute_min": 39.154518950437321 }, "geometry": { "type": "Polygon", "coordinates": [ [ [ -84.0738, 33.8241 ], [ -84.0677, 33.8251 ], [ -84.0685, 33.8282 ], [ -84.0522, 33.8278 ], [ -84.0601, 33.842 ], [ -84.0788, 33.8327 ], [ -84.0738, 33.8241 ] ] ] } },
{ "type": "Feature", "properties": { "county": "Gwinnett", "geoid": "13135050722", "pop": 4099.0, "pop_density": 1131.4593451668688, "median_hh_income": 84304.0, "mean_commute_min": 34.412404787812839 }, "geometry": { "type": "Polygon", "coordinates": [ [ [ -84.0431, 33.8039 ], [ -84.028, 33.8043 ], [ -84.0261, 33.8066 ], [ -84.0293, 33.8118 ], [ -84.013, 33.8337 ], [ -84.0316, 33.8264 ], [ -84.0434, 33.808 ], [ -84.0431, 33.8039 ] ] ] } },
{ "type": "Feature", "properties": { "county": "Fulton", "geoid": "13121011100", "pop": 2443.0, "pop_density": 706.71582531419642, "median_hh_income": 77208.0, "mean_commute_min": 28.75 }, "geometry": { "type": "Polygon", "coordinates": [ [ [ -84.4402, 33.6794 ], [ -84.4169, 33.6814 ], [ -84.4154, 33.6972 ], [ -84.4296, 33.6975 ], [ -84.4406, 33.6837 ], [ -84.4402, 33.6794 ] ] ] } },
{ "type": "Feature", "properties": { "county": "Fulton", "geoid": "13121011202", "pop": 4294.0, "pop_density": 1338.4373074282023, "median_hh_income": 60295.0, "mean_commute_min": 29.643698468786809 }, "geometry": { "type": "Polygon", "coordinates": [ [ [ -84.4579, 33.667 ], [ -84.4446, 33.6676 ], [ -84.4405, 33.6846 ], [ -84.4512, 33.6854 ], [ -84.4573, 33.6892 ], [ -84.4578, 33.6723 ], [ -84.4605, 33.6714 ], [ -84.4579, 33.667 ] ] ] } },
{ "type": "Feature", "properties": { "county": "Hall", "geoid": "13139000102", "pop": 3483.0, "pop_density": 43.787299978281098, "median_hh_income": 64840.0, "mean_commute_min": 27.912353347135955 }, "geometry": { "type": "Polygon", "coordinates": [ [ [ -83.7689, 34.3548 ], [ -83.7668, 34.3567 ], [ -83.7618, 34.355 ], [ -83.7532, 34.3388 ], [ -83.7565, 34.3365 ], [ -83.751, 34.3346 ], [ -83.753, 34.3324 ], [ -83.7503, 34.3324 ], [ -83.7493, 34.3235 ], [ -83.7452, 34.3237 ], [ -83.7504, 34.3188 ], [ -83.7435, 34.3133 ], [ -83.7479, 34.3058 ], [ -83.7429, 34.303 ], [ -83.7418, 34.2948 ], [ -83.7368, 34.2969 ], [ -83.7327, 34.2905 ], [ -83.7227, 34.2902 ], [ -83.7206, 34.2967 ], [ -83.7159, 34.2957 ], [ -83.7187, 34.3005 ], [ -83.7088, 34.3005 ], [ -83.7066, 34.298 ], [ -83.7025, 34.2998 ], [ -83.697, 34.2961 ], [ -83.681, 34.2701 ], [ -83.6595, 34.2619 ], [ -83.6199, 34.2954 ], [ -83.6252, 34.3063 ], [ -83.6334, 34.3075 ], [ -83.6491, 34.3204 ], [ -83.6479, 34.3346 ], [ -83.6514, 34.3437 ], [ -83.6568, 34.3406 ], [ -83.6598, 34.3336 ], [ -83.6733, 34.3351 ], [ -83.6824, 34.3321 ], [ -83.7, 34.352 ], [ -83.7142, 34.3535 ], [ -83.7164, 34.3625 ], [ -83.724, 34.3632 ], [ -83.7283, 34.3684 ], [ -83.7377, 34.3633 ], [ -83.7437, 34.3738 ], [ -83.7417, 34.3787 ], [ -83.7535, 34.3776 ], [ -83.7549, 34.3729 ], [ -83.7602, 34.37 ], [ -83.7673, 34.3723 ], [ -83.7787, 34.3615 ], [ -83.7689, 34.3548 ] ] ] } },
{ "type": "Feature", "properties": { "county": "Hall", "geoid": "13139000702", "pop": 5424.0, "pop_density": 194.30436725932722, "median_hh_income": 69839.0, "mean_commute_min": 33.236683848797249 }, "geometry": { "type": "Polygon", "coordinates": [ [ [ -83.7335, 34.2462 ], [ -83.7129, 34.2322 ], [ -83.7078, 34.2343 ], [ -83.6963, 34.2306 ], [ -83.6595, 34.2619 ], [ -83.681, 34.2701 ], [ -83.6894, 34.2823 ], [ -83.7014, 34.2834 ], [ -83.7085, 34.2875 ], [ -83.7423, 34.2669 ], [ -83.7335, 34.2462 ] ] ] } },
{ "type": "Feature", "properties": { "county": "Hall", "geoid": "13139000101", "pop": 5465.0, "pop_density": 58.950871034446912, "median_hh_income": 61271.0, "mean_commute_min": 31.05639913232104 }, "geometry": { "type": "Polygon", "coordinates": [ [ [ -83.7374, 34.3631 ], [ -83.7279, 34.3683 ], [ -83.7245, 34.3635 ], [ -83.7164, 34.3625 ], [ -83.7151, 34.355 ], [ -83.7108, 34.3515 ], [ -83.7, 34.352 ], [ -83.6824, 34.3321 ], [ -83.6733, 34.3351 ], [ -83.6598, 34.3336 ], [ -83.6568, 34.3406 ], [ -83.6514, 34.3437 ], [ -83.6514, 34.3491 ], [ -83.6634, 34.357 ], [ -83.6694, 34.3658 ], [ -83.6601, 34.3795 ], [ -83.6601, 34.3909 ], [ -83.654, 34.4016 ], [ -83.6454, 34.4064 ], [ -83.6423, 34.4139 ], [ -83.6229, 34.4194 ], [ -83.6152, 34.4317 ], [ -83.6664, 34.5036 ], [ -83.6799, 34.4872 ], [ -83.6789, 34.4831 ], [ -83.689, 34.4679 ], [ -83.6849, 34.4654 ], [ -83.6877, 34.4605 ], [ -83.6861, 34.4538 ], [ -83.6756, 34.4467 ], [ -83.6804, 34.4433 ], [ -83.6858, 34.4447 ], [ -83.681, 34.4359 ], [ -83.6984, 34.4252 ], [ -83.6982, 34.4206 ], [ -83.7059, 34.4138 ], [ -83.713, 34.4175 ], [ -83.7179, 34.4107 ], [ -83.7232, 34.4092 ], [ -83.7245, 34.405 ], [ -83.7216, 34.4033 ], [ -83.7294, 34.399 ], [ -83.7373, 34.3855 ], [ -83.736, 34.3797 ], [ -83.7421, 34.3784 ], [ -83.7437, 34.3742 ], [ -83.7374, 34.3631 ] ] ] } },
{ "type": "Feature", "properties": { "county": "Hall", "geoid": "13139001202", "pop": 6908.0, "pop_density": 144.90090303174097, "median_hh_income": 59820.0, "mean_commute_min": 27.074759945130314 }, "geometry": { "type": "Polygon", "coordinates": [ [ [ -83.7988, 34.2647 ], [ -83.7887, 34.2552 ], [ -83.7865, 34.2458 ], [ -83.78, 34.2402 ], [ -83.7805, 34.2291 ], [ -83.7683, 34.2174 ], [ -83.7834, 34.2162 ], [ -83.7803, 34.1996 ], [ -83.7758, 34.1915 ], [ -83.7618, 34.1859 ], [ -83.7556, 34.1802 ], [ -83.6963, 34.2306 ], [ -83.7078, 34.2343 ], [ -83.7129, 34.2322 ], [ -83.7335, 34.2462 ], [ -83.741, 34.2585 ], [ -83.7407, 34.2657 ], [ -83.7658, 34.2601 ], [ -83.7761, 34.2655 ], [ -83.7844, 34.2804 ], [ -83.8013, 34.2821 ], [ -83.7988, 34.2647 ] ] ] } },
{ "type": "Feature", "properties": { "county": "Hall", "geoid": "13139000204", "pop": 4316.0, "pop_density": 107.77291956189859, "median_hh_income": 80263.0, "mean_commute_min": 25.571955719557195 }, "geometry": { "type": "Polygon", "coordinates": [ [ [ -83.8703, 34.3957 ], [ -83.8522, 34.3848 ], [ -83.8505, 34.3739 ], [ -83.8395, 34.3713 ], [ -83.8453, 34.365 ], [ -83.8401, 34.36 ], [ -83.8327, 34.3595 ], [ -83.8345, 34.3656 ], [ -83.8211, 34.3658 ], [ -83.8091, 34.3726 ], [ -83.81, 34.3789 ], [ -83.8034, 34.3949 ], [ -83.8092, 34.4174 ], [ -83.8094, 34.4234 ], [ -83.8061, 34.4263 ], [ -83.8075, 34.4485 ], [ -83.8232, 34.4514 ], [ -83.8277, 34.4448 ], [ -83.8396, 34.4453 ], [ -83.85, 34.4311 ], [ -83.8767, 34.4218 ], [ -83.8789, 34.4127 ], [ -83.8703, 34.3957 ] ] ] } },
{ "type": "Feature", "properties": { "county": "Hall", "geoid": "13139000203", "pop": 4567.0, "pop_density": 72.979099358015631, "median_hh_income": 80286.0, "mean_commute_min": 34.877461706783372 }, "geometry": { "type": "Polygon", "coordinates": [ [ [ -83.8839, 34.4317 ], [ -83.8813, 34.4336 ], [ -83.8752, 34.4304 ], [ -83.8779, 34.4228 ], [ -83.8724, 34.4215 ], [ -83.85, 34.4311 ], [ -83.8396, 34.4453 ], [ -83.8277, 34.4448 ], [ -83.8232, 34.4514 ], [ -83.8075, 34.4485 ], [ -83.8058, 34.4453 ], [ -83.795, 34.4591 ], [ -83.7701, 34.4734 ], [ -83.7564, 34.493 ], [ -83.7568, 34.5045 ], [ -83.7777, 34.5048 ], [ -83.7776, 34.5137 ], [ -83.7886, 34.5141 ], [ -83.7885, 34.5048 ], [ -83.8434, 34.5055 ], [ -83.8433, 34.497 ], [ -83.8777, 34.4756 ], [ -83.8737, 34.4741 ], [ -83.8716, 34.4652 ], [ -83.8749, 34.4593 ], [ -83.8837, 34.458 ], [ -83.8804, 34.4508 ], [ -83.8867, 34.4349 ], [ -83.8839, 34.4317 ] ] ] } },
{ "type": "Feature", "properties": { "county": "Hall", "geoid": "13139000303", "pop": 2854.0, "pop_density": 104.98949902682386, "median_hh_income": 97953.0, "mean_commute_min": 36.900237529691211 }, "geometry": { "type": "Polygon", "coordinates": [ [ [ -83.9068, 34.421 ], [ -83.8937, 34.4009 ], [ -83.8811, 34.3969 ], [ -83.8765, 34.3925 ], [ -83.8754, 34.3784 ], [ -83.8698, 34.3709 ], [ -83.8595, 34.3896 ], [ -83.8703, 34.3957 ], [ -83.8781, 34.4075 ], [ -83.8752, 34.4304 ], [ -83.8813, 34.4336 ], [ -83.8839, 34.4317 ], [ -83.8867, 34.4349 ], [ -83.8804, 34.4508 ], [ -83.8837, 34.458 ], [ -83.8761, 34.4586 ], [ -83.8722, 34.4628 ], [ -83.8737, 34.4741 ], [ -83.8777, 34.4756 ], [ -83.8876, 34.4688 ], [ -83.8876, 34.4599 ], [ -83.91, 34.4598 ], [ -83.9098, 34.4692 ], [ -83.9319, 34.4693 ], [ -83.9319, 34.4605 ], [ -83.9207, 34.4601 ], [ -83.9207, 34.4511 ], [ -83.9351, 34.449 ], [ -83.9068, 34.421 ] ] ] } },
{ "type": "Feature", "properties": { "county": "Hall", "geoid": "13139000305", "pop": 4383.0, "pop_density": 128.61339675639536, "median_hh_income": 71697.0, "mean_commute_min": 39.931332655137332 }, "geometry": { "type": "Polygon", "coordinates": [ [ [ -83.9744, 34.4066 ], [ -83.9684, 34.408 ], [ -83.9421, 34.4252 ], [ -83.9309, 34.4187 ], [ -83.924, 34.407 ], [ -83.9282, 34.3988 ], [ -83.92, 34.3893 ], [ -83.9209, 34.3867 ], [ -83.9363, 34.3812 ], [ -83.9232, 34.3732 ], [ -83.9161, 34.3636 ], [ -83.9049, 34.3584 ], [ -83.8929, 34.356 ], [ -83.8996, 34.3682 ], [ -83.8999, 34.3752 ], [ -83.8843, 34.3783 ], [ -83.8743, 34.3763 ], [ -83.8765, 34.3925 ], [ -83.8811, 34.3969 ], [ -83.8937, 34.4009 ], [ -83.9068, 34.421 ], [ -83.9351, 34.449 ], [ -83.9564, 34.4373 ], [ -83.9751, 34.4327 ], [ -83.9709, 34.4228 ], [ -83.9825, 34.4178 ], [ -83.9847, 34.4128 ], [ -83.9744, 34.4066 ] ] ] } },
{ "type": "Feature", "properties": { "county": "Hall", "geoid": "13139001404", "pop": 6144.0, "pop_density": 335.44632487539786, "median_hh_income": 61687.0, "mean_commute_min": 25.784224841341796 }, "geometry": { "type": "Polygon", "coordinates": [ [ [ -83.9096, 34.203 ], [ -83.9142, 34.1975 ], [ -83.9043, 34.193 ], [ -83.8971, 34.1913 ], [ -83.8884, 34.1964 ], [ -83.8756, 34.1914 ], [ -83.8706, 34.1942 ], [ -83.8585, 34.1935 ], [ -83.8563, 34.2057 ], [ -83.8668, 34.2267 ], [ -83.8695, 34.2246 ], [ -83.8821, 34.2277 ], [ -83.8845, 34.2314 ], [ -83.8976, 34.233 ], [ -83.9061, 34.2245 ], [ -83.915, 34.2052 ], [ -83.9096, 34.203 ] ] ] } },
{ "type": "Feature", "properties": { "county": "Hall", "geoid": "13139001502", "pop": 4007.0, "pop_density": 174.02379361707477, "median_hh_income": 113750.0, "mean_commute_min": 28.44103392568659 }, "geometry": { "type": "Polygon", "coordinates": [ [ [ -83.9877, 34.1412 ], [ -83.9712, 34.1476 ], [ -83.9467, 34.1734 ], [ -83.9335, 34.1794 ], [ -83.9428, 34.1857 ], [ -83.9849, 34.2001 ], [ -83.9915, 34.1944 ], [ -84.0025, 34.1959 ], [ -84.011, 34.1911 ], [ -84.0299, 34.1953 ], [ -84.0487, 34.1912 ], [ -84.0589, 34.182 ], [ -84.0625, 34.1681 ], [ -83.9877, 34.1412 ] ] ] } },
{ "type": "Feature", "properties": { "county": "Hall", "geoid": "13139001603", "pop": 5461.0, "pop_density": 156.97618733614658, "median_hh_income": 76881.0, "mean_commute_min": 31.381709741550697 }, "geometry": { "type": "Polygon", "coordinates": [ [ [ -83.8808, 34.1667 ], [ -83.879, 34.1613 ], [ -83.8818, 34.1569 ], [ -83.8931, 34.1516 ], [ -83.8852, 34.1437 ], [ -83.8656, 34.1518 ], [ -83.8555, 34.1395 ], [ -83.8497, 34.1397 ], [ -83.8383, 34.1317 ], [ -83.8315, 34.1311 ], [ -83.8274, 34.1219 ], [ -83.797, 34.1451 ], [ -83.802, 34.1537 ], [ -83.813, 34.1518 ], [ -83.8247, 34.1606 ], [ -83.8545, 34.1868 ], [ -83.8585, 34.1935 ], [ -83.8706, 34.1942 ], [ -83.876, 34.1914 ], [ -83.8884, 34.1964 ], [ -83.8996, 34.1833 ], [ -83.8808, 34.1667 ] ] ] } },
{ "type": "Feature", "properties": { "county": "Fulton", "geoid": "13121001802", "pop": 2577.0, "pop_density": 4809.9177255827144, "median_hh_income": 66875.0, "mean_commute_min": 22.366573033707866 }, "geometry": { "type": "Polygon", "coordinates": [ [ [ -84.3743, 33.7614 ], [ -84.3734, 33.7663 ], [ -84.382, 33.7675 ], [ -84.3841, 33.7632 ], [ -84.3743, 33.7614 ] ] ] } },
{ "type": "Feature", "properties": { "county": "Fulton", "geoid": "13121002801", "pop": 3945.0, "pop_density": 11965.169074359963, "median_hh_income": 74375.0, "mean_commute_min": 22.453512396694215 }, "geometry": { "type": "Polygon", "coordinates": [ [ [ -84.3743, 33.7577 ], [ -84.3743, 33.7614 ], [ -84.3821, 33.7622 ], [ -84.3822, 33.7584 ], [ -84.3743, 33.7577 ] ] ] } },
{ "type": "Feature", "properties": { "county": "Fulton", "geoid": "13121001801", "pop": 2412.0, "pop_density": 6327.1714238496588, "median_hh_income": 34219.0, "mean_commute_min": 20.691340782122904 }, "geometry": { "type": "Polygon", "coordinates": [ [ [ -84.3734, 33.7663 ], [ -84.3728, 33.7712 ], [ -84.3819, 33.7713 ], [ -84.382, 33.7679 ], [ -84.3734, 33.7663 ] ] ] } },
{ "type": "Feature", "properties": { "county": "Fulton", "geoid": "13121011628", "pop": 3527.0, "pop_density": 1677.9680933915079, "median_hh_income": 144162.0, "mean_commute_min": 25.568837592745261 }, "geometry": { "type": "Polygon", "coordinates": [ [ [ -84.1996, 34.0113 ], [ -84.192, 34.0113 ], [ -84.19, 34.0178 ], [ -84.2026, 34.027 ], [ -84.2081, 34.0254 ], [ -84.2111, 34.0163 ], [ -84.1996, 34.0113 ] ] ] } },
{ "type": "Feature", "properties": { "county": "Fulton", "geoid": "13121010214", "pop": 2189.0, "pop_density": 2800.8623943598895, "median_hh_income": 53090.0, "mean_commute_min": 28.365508365508365 }, "geometry": { "type": "Polygon", "coordinates": [ [ [ -84.3511, 33.9785 ], [ -84.3514, 33.9886 ], [ -84.3581, 33.9906 ], [ -84.3615, 33.9844 ], [ -84.3511, 33.9785 ] ] ] } },
{ "type": "Feature", "properties": { "county": "Fulton", "geoid": "13121011515", "pop": 2511.0, "pop_density": 282.83648840759002, "median_hh_income": 243304.0, "mean_commute_min": 39.360852197070571 }, "geometry": { "type": "Polygon", "coordinates": [ [ [ -84.3444, 34.125 ], [ -84.3416, 34.1189 ], [ -84.3204, 34.1183 ], [ -84.3144, 34.1148 ], [ -84.307, 34.1179 ], [ -84.2952, 34.1174 ], [ -84.3016, 34.1265 ], [ -84.2844, 34.1377 ], [ -84.2856, 34.1525 ], [ -84.2907, 34.152 ], [ -84.3007, 34.1427 ], [ -84.3095, 34.1277 ], [ -84.3234, 34.1299 ], [ -84.3274, 34.1346 ], [ -84.3339, 34.1305 ], [ -84.3379, 34.1324 ], [ -84.3448, 34.1292 ], [ -84.3534, 34.1309 ], [ -84.3444, 34.125 ] ] ] } },
{ "type": "Feature", "properties": { "county": "Fulton", "geoid": "13121010519", "pop": 3605.0, "pop_density": 315.60505472355271, "median_hh_income": 61111.0, "mean_commute_min": 23.630478087649401 }, "geometry": { "type": "Polygon", "coordinates": [ [ [ -84.616, 33.5613 ], [ -84.6086, 33.5513 ], [ -84.6046, 33.5492 ], [ -84.5949, 33.5548 ], [ -84.5915, 33.5392 ], [ -84.5539, 33.5563 ], [ -84.5615, 33.5579 ], [ -84.573, 33.5658 ], [ -84.5769, 33.5626 ], [ -84.5836, 33.5687 ], [ -84.6014, 33.5763 ], [ -84.6191, 33.5739 ], [ -84.616, 33.5613 ] ] ] } },
{ "type": "Feature", "properties": { "county": "Fulton", "geoid": "13121010534", "pop": 3526.0, "pop_density": 513.48577326938107, "median_hh_income": 68889.0, "mean_commute_min": 21.869747899159663 }, "geometry": { "type": "Polygon", "coordinates": [ [ [ -84.612, 33.5204 ], [ -84.5989, 33.5181 ], [ -84.576, 33.5234 ], [ -84.5768, 33.5427 ], [ -84.5644, 33.5435 ], [ -84.5688, 33.5499 ], [ -84.6144, 33.5268 ], [ -84.612, 33.5204 ] ] ] } },
{ "type": "Feature", "properties": { "county": "Fulton", "geoid": "13121010523", "pop": 1485.0, "pop_density": 340.56344559390027, "median_hh_income": 55320.0, "mean_commute_min": 26.221682847896439 }, "geometry": { "type": "Polygon", "coordinates": [ [ [ -84.5246, 33.5867 ], [ -84.524, 33.5946 ], [ -84.5302, 33.6076 ], [ -84.5492, 33.5966 ], [ -84.5511, 33.5819 ], [ -84.5246, 33.5867 ] ] ] } },
{ "type": "Feature", "properties": { "county": "Fulton", "geoid": "13121010312", "pop": 2897.0, "pop_density": 346.91731572457519, "median_hh_income": 98977.0, "mean_commute_min": 42.415832575068244 }, "geometry": { "type": "Polygon", "coordinates": [ [ [ -84.573, 33.7239 ], [ -84.5642, 33.722 ], [ -84.5598, 33.7175 ], [ -84.5588, 33.7086 ], [ -84.5395, 33.7212 ], [ -84.5411, 33.7335 ], [ -84.5474, 33.7337 ], [ -84.5474, 33.7364 ], [ -84.5589, 33.744 ], [ -84.5656, 33.7428 ], [ -84.5734, 33.7455 ], [ -84.5826, 33.7374 ], [ -84.573, 33.7239 ] ] ] } },
{ "type": "Feature", "properties": { "county": "Fulton", "geoid": "13121002802", "pop": 1715.0, "pop_density": 4099.2227013280044, "median_hh_income": 16658.0, "mean_commute_min": 37.0020964360587 }, "geometry": { "type": "Polygon", "coordinates": [ [ [ -84.3744, 33.7543 ], [ -84.3743, 33.7577 ], [ -84.3822, 33.7571 ], [ -84.3842, 33.7622 ], [ -84.3843, 33.7545 ], [ -84.3744, 33.7543 ] ] ] } },
{ "type": "Feature", "properties": { "county": "Fulton", "geoid": "13121011902", "pop": 1263.0, "pop_density": 3561.4584214533456, "median_hh_income": -666666666.0, "mean_commute_min": 18.902654867256636 }, "geometry": { "type": "Polygon", "coordinates": [ [ [ -84.3656, 33.7543 ], [ -84.3766, 33.7544 ], [ -84.3766, 33.7492 ], [ -84.3656, 33.7543 ] ] ] } },
{ "type": "Feature", "properties": { "county": "Fulton", "geoid": "13121011508", "pop": 5379.0, "pop_density": 446.91892646401465, "median_hh_income": 250001.0, "mean_commute_min": 26.407841140529531 }, "geometry": { "type": "Polygon", "coordinates": [ [ [ -84.2899, 34.1274 ], [ -84.2713, 34.137 ], [ -84.2683, 34.1347 ], [ -84.2589, 34.1366 ], [ -84.259, 34.1859 ], [ -84.2728, 34.1861 ], [ -84.2754, 34.1658 ], [ -84.2885, 34.161 ], [ -84.2849, 34.1544 ], [ -84.2871, 34.1437 ], [ -84.2844, 34.1377 ], [ -84.3002, 34.1285 ], [ -84.2899, 34.1274 ] ] ] } },
{ "type": "Feature", "properties": { "county": "Fulton", "geoid": "13121011658", "pop": 3859.0, "pop_density": 1825.4010300578602, "median_hh_income": 150938.0, "mean_commute_min": 40.204576976421635 }, "geometry": { "type": "Polygon", "coordinates": [ [ [ -84.2183, 34.0386 ], [ -84.2065, 34.0299 ], [ -84.2006, 34.0398 ], [ -84.2048, 34.042 ], [ -84.2142, 34.0408 ], [ -84.2147, 34.0459 ], [ -84.2104, 34.0479 ], [ -84.2194, 34.0523 ], [ -84.2229, 34.0466 ], [ -84.2183, 34.0386 ] ] ] } },
{ "type": "Feature", "properties": { "county": "Fulton", "geoid": "13121011307", "pop": 5185.0, "pop_density": 2522.773074980611, "median_hh_income": 42510.0, "mean_commute_min": 41.274939172749392 }, "geometry": { "type": "Polygon", "coordinates": [ [ [ -84.4921, 33.6363 ], [ -84.4891, 33.6515 ], [ -84.4806, 33.6586 ], [ -84.4977, 33.6607 ], [ -84.4972, 33.6454 ], [ -84.4921, 33.6363 ] ] ] } },
{ "type": "Feature", "properties": { "county": "Fulton", "geoid": "13121010801", "pop": 1988.0, "pop_density": 581.94489614127792, "median_hh_income": 61593.0, "mean_commute_min": 32.692702980472767 }, "geometry": { "type": "Polygon", "coordinates": [ [ [ -84.4181, 33.6576 ], [ -84.4032, 33.6483 ], [ -84.3974, 33.6483 ], [ -84.3958, 33.6528 ], [ -84.4106, 33.6598 ], [ -84.4085, 33.6731 ], [ -84.4189, 33.6731 ], [ -84.4188, 33.6658 ], [ -84.4283, 33.6629 ], [ -84.4346, 33.6567 ], [ -84.4181, 33.6576 ] ] ] } },
{ "type": "Feature", "properties": { "county": "Fulton", "geoid": "13121010802", "pop": 4578.0, "pop_density": 1953.5583950950238, "median_hh_income": 64833.0, "mean_commute_min": 21.465277777777779 }, "geometry": { "type": "Polygon", "coordinates": [ [ [ -84.3958, 33.6528 ], [ -84.3975, 33.6729 ], [ -84.4085, 33.6731 ], [ -84.4106, 33.6598 ], [ -84.3958, 33.6528 ] ] ] } },
{ "type": "Feature", "properties": { "county": "Fulton", "geoid": "13121001702", "pop": 3653.0, "pop_density": 5413.29539729113, "median_hh_income": 120304.0, "mean_commute_min": 21.571350762527231 }, "geometry": { "type": "Polygon", "coordinates": [ [ [ -84.36, 33.7631 ], [ -84.3639, 33.7711 ], [ -84.3677, 33.7711 ], [ -84.3678, 33.7621 ], [ -84.36, 33.7631 ] ] ] } },
{ "type": "Feature", "properties": { "county": "Fulton", "geoid": "13121008702", "pop": 2290.0, "pop_density": 620.71446131878247, "median_hh_income": 77627.0, "mean_commute_min": 40.604395604395606 }, "geometry": { "type": "Polygon", "coordinates": [ [ [ -84.4547, 33.7995 ], [ -84.458, 33.7997 ], [ -84.4585, 33.7968 ], [ -84.4521, 33.7924 ], [ -84.4511, 33.7835 ], [ -84.4453, 33.7837 ], [ -84.4412, 33.7752 ], [ -84.4279, 33.7775 ], [ -84.4324, 33.7874 ], [ -84.4618, 33.8069 ], [ -84.4547, 33.7995 ] ] ] } },
{ "type": "Feature", "properties": { "county": "Fulton", "geoid": "13121008802", "pop": 2815.0, "pop_density": 426.3701210724534, "median_hh_income": 198611.0, "mean_commute_min": 22.337087691069993 }, "geometry": { "type": "Polygon", "coordinates": [ [ [ -84.471, 33.8063 ], [ -84.4586, 33.8061 ], [ -84.4344, 33.7881 ], [ -84.4279, 33.7869 ], [ -84.44, 33.8138 ], [ -84.4631, 33.8271 ], [ -84.4631, 33.8183 ], [ -84.4721, 33.8092 ], [ -84.471, 33.8063 ] ] ] } },
{ "type": "Feature", "properties": { "county": "Fulton", "geoid": "13121010219", "pop": 2154.0, "pop_density": 2419.1999568722013, "median_hh_income": 76116.0, "mean_commute_min": 25.309178743961354 }, "geometry": { "type": "Polygon", "coordinates": [ [ [ -84.3831, 33.9669 ], [ -84.38, 33.97 ], [ -84.3772, 33.9679 ], [ -84.3726, 33.9705 ], [ -84.3624, 33.9687 ], [ -84.3603, 33.9747 ], [ -84.378, 33.9737 ], [ -84.3847, 33.9699 ], [ -84.3831, 33.9669 ] ] ] } },
{ "type": "Feature", "properties": { "county": "Fulton", "geoid": "13121007302", "pop": 2447.0, "pop_density": 593.56955800777973, "median_hh_income": 22500.0, "mean_commute_min": 40.220588235294116 }, "geometry": { "type": "Polygon", "coordinates": [ [ [ -84.3802, 33.6648 ], [ -84.3738, 33.6637 ], [ -84.3693, 33.6562 ], [ -84.3645, 33.6673 ], [ -84.3666, 33.6762 ], [ -84.3591, 33.6792 ], [ -84.3771, 33.6883 ], [ -84.3843, 33.6813 ], [ -84.3802, 33.6648 ] ] ] } },
{ "type": "Feature", "properties": { "county": "Fulton", "geoid": "13121007711", "pop": 3037.0, "pop_density": 1298.4109109269593, "median_hh_income": 39450.0, "mean_commute_min": 29.879406307977735 }, "geometry": { "type": "Polygon", "coordinates": [ [ [ -84.5115, 33.684 ], [ -84.5143, 33.6734 ], [ -84.499, 33.6766 ], [ -84.4999, 33.6901 ], [ -84.5181, 33.6932 ], [ -84.5115, 33.684 ] ] ] } },
{ "type": "Feature", "properties": { "county": "Fulton", "geoid": "13121011203", "pop": 2530.0, "pop_density": 841.82534353461494, "median_hh_income": 51917.0, "mean_commute_min": 28.042035398230087 }, "geometry": { "type": "Polygon", "coordinates": [ [ [ -84.4573, 33.6892 ], [ -84.4512, 33.6854 ], [ -84.4409, 33.6846 ], [ -84.4295, 33.698 ], [ -84.4402, 33.6998 ], [ -84.4573, 33.6992 ], [ -84.4573, 33.6892 ] ] ] } },
{ "type": "Feature", "properties": { "county": "Fulton", "geoid": "13121001502", "pop": 2127.0, "pop_density": 3566.3505519711334, "median_hh_income": 87206.0, "mean_commute_min": 27.59022118742724 }, "geometry": { "type": "Polygon", "coordinates": [ [ [ -84.3488, 33.7763 ], [ -84.35, 33.7819 ], [ -84.3587, 33.7821 ], [ -84.3587, 33.7767 ], [ -84.3488, 33.7763 ] ] ] } },
{ "type": "Feature", "properties": { "county": "Fulton", "geoid": "13121008801", "pop": 1818.0, "pop_density": 615.23050839427549, "median_hh_income": 111157.0, "mean_commute_min": 45.664739884393065 }, "geometry": { "type": "Polygon", "coordinates": [ [ [ -84.4838, 33.8061 ], [ -84.471, 33.8063 ], [ -84.4708, 33.8117 ], [ -84.4631, 33.8183 ], [ -84.4633, 33.8271 ], [ -84.4713, 33.8259 ], [ -84.489, 33.8128 ], [ -84.4838, 33.8061 ] ] ] } },
{ "type": "Feature", "properties": { "county": "Fulton", "geoid": "13121008908", "pop": 2876.0, "pop_density": 2842.2117862846485, "median_hh_income": 48952.0, "mean_commute_min": 28.307818480043739 }, "geometry": { "type": "Polygon", "coordinates": [ [ [ -84.4078, 33.7992 ], [ -84.4078, 33.7961 ], [ -84.3952, 33.7976 ], [ -84.4132, 33.8054 ], [ -84.416, 33.8002 ], [ -84.4078, 33.7992 ] ] ] } },
{ "type": "Feature", "properties": { "county": "Fulton", "geoid": "13121009002", "pop": 2776.0, "pop_density": 1284.6427804556595, "median_hh_income": 250001.0, "mean_commute_min": 20.569476082004556 }, "geometry": { "type": "Polygon", "coordinates": [ [ [ -84.4187, 33.8102 ], [ -84.4011, 33.8108 ], [ -84.4042, 33.82 ], [ -84.4121, 33.8205 ], [ -84.4128, 33.8243 ], [ -84.4201, 33.8219 ], [ -84.4238, 33.8249 ], [ -84.4187, 33.8102 ] ] ] } },
{ "type": "Feature", "properties": { "county": "Fulton", "geoid": "13121009001", "pop": 2264.0, "pop_density": 2287.1551588279744, "median_hh_income": 80992.0, "mean_commute_min": 19.471186440677965 }, "geometry": { "type": "Polygon", "coordinates": [ [ [ -84.4125, 33.805 ], [ -84.4005, 33.8013 ], [ -84.4031, 33.8109 ], [ -84.4187, 33.8102 ], [ -84.4125, 33.805 ] ] ] } },
{ "type": "Feature", "properties": { "county": "Fulton", "geoid": "13121007301", "pop": 3827.0, "pop_density": 1103.7931894777678, "median_hh_income": 43631.0, "mean_commute_min": 35.922995780590718 }, "geometry": { "type": "Polygon", "coordinates": [ [ [ -84.3943, 33.6519 ], [ -84.3797, 33.6686 ], [ -84.3843, 33.681 ], [ -84.3984, 33.6811 ], [ -84.3943, 33.6519 ] ] ] } },
{ "type": "Feature", "properties": { "county": "Fulton", "geoid": "13121010313", "pop": 3681.0, "pop_density": 202.72858019168288, "median_hh_income": 95567.0, "mean_commute_min": 31.020693512304252 }, "geometry": { "type": "Polygon", "coordinates": [ [ [ -84.6301, 33.6931 ], [ -84.5985, 33.688 ], [ -84.5833, 33.6981 ], [ -84.5649, 33.7021 ], [ -84.5588, 33.7085 ], [ -84.5595, 33.717 ], [ -84.5642, 33.722 ], [ -84.573, 33.7239 ], [ -84.5826, 33.7374 ], [ -84.5868, 33.7291 ], [ -84.5943, 33.729 ], [ -84.6017, 33.7244 ], [ -84.608, 33.7129 ], [ -84.6326, 33.6993 ], [ -84.6301, 33.6931 ] ] ] } },
{ "type": "Feature", "properties": { "county": "Fulton", "geoid": "13121010305", "pop": 5167.0, "pop_density": 592.53431985844315, "median_hh_income": 98194.0, "mean_commute_min": 46.742925948223963 }, "geometry": { "type": "Polygon", "coordinates": [ [ [ -84.5721, 33.6869 ], [ -84.5536, 33.6809 ], [ -84.5476, 33.6695 ], [ -84.5471, 33.6748 ], [ -84.5378, 33.6807 ], [ -84.5338, 33.6873 ], [ -84.5351, 33.696 ], [ -84.5416, 33.6949 ], [ -84.5575, 33.7085 ], [ -84.5769, 33.6973 ], [ -84.5721, 33.6869 ] ] ] } },
{ "type": "Feature", "properties": { "county": "Fulton", "geoid": "13121007707", "pop": 1931.0, "pop_density": 565.08384662026594, "median_hh_income": 70387.0, "mean_commute_min": 28.03921568627451 }, "geometry": { "type": "Polygon", "coordinates": [ [ [ -84.4975, 33.7064 ], [ -84.4999, 33.6901 ], [ -84.4936, 33.6901 ], [ -84.4863, 33.6949 ], [ -84.4903, 33.7202 ], [ -84.5026, 33.723 ], [ -84.4975, 33.7064 ] ] ] } },
{ "type": "Feature", "properties": { "county": "Fulton", "geoid": "13121007708", "pop": 3152.0, "pop_density": 941.3715472839101, "median_hh_income": 69799.0, "mean_commute_min": 35.631178707224336 }, "geometry": { "type": "Polygon", "coordinates": [ [ [ -84.4749, 33.6978 ], [ -84.4768, 33.7063 ], [ -84.4715, 33.7202 ], [ -84.4903, 33.7202 ], [ -84.4863, 33.6949 ], [ -84.4749, 33.6978 ] ] ] } },
{ "type": "Feature", "properties": { "county": "Fulton", "geoid": "13121011204", "pop": 1361.0, "pop_density": 1914.1730378671527, "median_hh_income": 75625.0, "mean_commute_min": 27.141162514827997 }, "geometry": { "type": "Polygon", "coordinates": [ [ [ -84.4293, 33.6998 ], [ -84.443, 33.7011 ], [ -84.4429, 33.7057 ], [ -84.4494, 33.7056 ], [ -84.4497, 33.6984 ], [ -84.4293, 33.6998 ] ] ] } },
{ "type": "Feature", "properties": { "county": "Fulton", "geoid": "13121009106", "pop": 2500.0, "pop_density": 2851.5635693363383, "median_hh_income": 96274.0, "mean_commute_min": 20.691114245416077 }, "geometry": { "type": "Polygon", "coordinates": [ [ [ -84.3813, 33.8129 ], [ -84.3862, 33.8078 ], [ -84.3854, 33.8042 ], [ -84.374, 33.8158 ], [ -84.3874, 33.8124 ], [ -84.3891, 33.8177 ], [ -84.393, 33.8096 ], [ -84.3813, 33.8129 ] ] ] } },
{ "type": "Feature", "properties": { "county": "Fulton", "geoid": "13121009202", "pop": 2816.0, "pop_density": 1900.6004844641432, "median_hh_income": 101993.0, "mean_commute_min": 20.654524758110416 }, "geometry": { "type": "Polygon", "coordinates": [ [ [ -84.3742, 33.8011 ], [ -84.3685, 33.803 ], [ -84.3667, 33.8134 ], [ -84.3616, 33.8185 ], [ -84.374, 33.8158 ], [ -84.3777, 33.809 ], [ -84.3742, 33.8011 ] ] ] } },
{ "type": "Feature", "properties": { "county": "Fulton", "geoid": "13121006702", "pop": 1744.0, "pop_density": 686.85538385921348, "median_hh_income": 55282.0, "mean_commute_min": 28.026124818577649 }, "geometry": { "type": "Polygon", "coordinates": [ [ [ -84.3933, 33.6985 ], [ -84.3738, 33.71 ], [ -84.3806, 33.7175 ], [ -84.3794, 33.7149 ], [ -84.3883, 33.7127 ], [ -84.3881, 33.7051 ], [ -84.3938, 33.7088 ], [ -84.4035, 33.7052 ], [ -84.4044, 33.6987 ], [ -84.3933, 33.6985 ] ] ] } },
{ "type": "Feature", "properties": { "county": "Fulton", "geoid": "13121005503", "pop": 1505.0, "pop_density": 2632.4903533659144, "median_hh_income": 19777.0, "mean_commute_min": null }, "geometry": { "type": "Polygon", "coordinates": [ [ [ -84.3881, 33.7051 ], [ -84.3909, 33.7177 ], [ -84.3934, 33.7177 ], [ -84.3935, 33.7097 ], [ -84.3881, 33.7051 ] ] ] } },
{ "type": "Feature", "properties": { "county": "Fulton", "geoid": "13121010126", "pop": 2399.0, "pop_density": 3316.7885633701558, "median_hh_income": 86849.0, "mean_commute_min": 23.218020917135963 }, "geometry": { "type": "Polygon", "coordinates": [ [ [ -84.3662, 33.9405 ], [ -84.3604, 33.9471 ], [ -84.3681, 33.9479 ], [ -84.3747, 33.9408 ], [ -84.3662, 33.9405 ] ] ] } },
{ "type": "Feature", "properties": { "county": "Fulton", "geoid": "13121006701", "pop": 2816.0, "pop_density": 3163.1812887043202, "median_hh_income": 27946.0, "mean_commute_min": 27.605459057071961 }, "geometry": { "type": "Polygon", "coordinates": [ [ [ -84.3989, 33.7052 ], [ -84.3935, 33.7088 ], [ -84.3934, 33.7195 ], [ -84.3972, 33.7187 ], [ -84.4034, 33.7058 ], [ -84.3989, 33.7052 ] ] ] } },
{ "type": "Feature", "properties": { "county": "Fulton", "geoid": "13121009302", "pop": 1967.0, "pop_density": 1715.5905050307708, "median_hh_income": 148662.0, "mean_commute_min": 26.20616365568544 }, "geometry": { "type": "Polygon", "coordinates": [ [ [ -84.3811, 33.8155 ], [ -84.374, 33.8158 ], [ -84.3681, 33.8312 ], [ -84.3697, 33.8286 ], [ -84.3785, 33.8287 ], [ -84.3784, 33.8228 ], [ -84.3818, 33.8218 ], [ -84.3811, 33.8155 ] ] ] } },
{ "type": "Feature", "properties": { "county": "Fulton", "geoid": "13121009201", "pop": 1504.0, "pop_density": 2338.588419322587, "median_hh_income": 58188.0, "mean_commute_min": 24.478844169246646 }, "geometry": { "type": "Polygon", "coordinates": [ [ [ -84.3482, 33.809 ], [ -84.3485, 33.8251 ], [ -84.352, 33.8237 ], [ -84.3526, 33.8159 ], [ -84.3574, 33.8111 ], [ -84.3482, 33.809 ] ] ] } },
{ "type": "Feature", "properties": { "county": "Fulton", "geoid": "13121009803", "pop": 2940.0, "pop_density": 1195.730509999398, "median_hh_income": 83015.0, "mean_commute_min": 22.686640471512771 }, "geometry": { "type": "Polygon", "coordinates": [ [ [ -84.4295, 33.8386 ], [ -84.4202, 33.8373 ], [ -84.412, 33.8402 ], [ -84.408, 33.8383 ], [ -84.4073, 33.8473 ], [ -84.4222, 33.8513 ], [ -84.4308, 33.8489 ], [ -84.4295, 33.8386 ] ] ] } },
{ "type": "Feature", "properties": { "county": "Fulton", "geoid": "13121009605", "pop": 2625.0, "pop_density": 5208.0853292700349, "median_hh_income": 99375.0, "mean_commute_min": 21.107761868877166 }, "geometry": { "type": "Polygon", "coordinates": [ [ [ -84.3733, 33.8371 ], [ -84.3681, 33.837 ], [ -84.3713, 33.8437 ], [ -84.3813, 33.8371 ], [ -84.3733, 33.8371 ] ] ] } },
{ "type": "Feature", "properties": { "county": "Fulton", "geoid": "13121010223", "pop": 2845.0, "pop_density": 318.57154534633594, "median_hh_income": 222935.0, "mean_commute_min": 24.983731019522775 }, "geometry": { "type": "Polygon", "coordinates": [ [ [ -84.4431, 33.8792 ], [ -84.4335, 33.8785 ], [ -84.418, 33.8823 ], [ -84.4123, 33.8773 ], [ -84.4086, 33.881 ], [ -84.4203, 33.8923 ], [ -84.4095, 33.8973 ], [ -84.4086, 33.9033 ], [ -84.4142, 33.9159 ], [ -84.4218, 33.9144 ], [ -84.4427, 33.9015 ], [ -84.4414, 33.8902 ], [ -84.4442, 33.8875 ], [ -84.4431, 33.8792 ] ] ] } },
{ "type": "Feature", "properties": { "county": "Fulton", "geoid": "13121009607", "pop": 4716.0, "pop_density": 6480.7014988339961, "median_hh_income": 104017.0, "mean_commute_min": 23.807857911733045 }, "geometry": { "type": "Polygon", "coordinates": [ [ [ -84.3516, 33.8493 ], [ -84.3483, 33.8575 ], [ -84.3595, 33.8536 ], [ -84.357, 33.846 ], [ -84.3516, 33.8493 ] ] ] } },
{ "type": "Feature", "properties": { "county": "Fulton", "geoid": "13121008204", "pop": 2763.0, "pop_density": 844.62815879620769, "median_hh_income": 47771.0, "mean_commute_min": 24.645732689210949 }, "geometry": { "type": "Polygon", "coordinates": [ [ [ -84.4947, 33.7688 ], [ -84.483, 33.762 ], [ -84.4819, 33.7548 ], [ -84.4679, 33.7548 ], [ -84.473, 33.7703 ], [ -84.4827, 33.7665 ], [ -84.4852, 33.7721 ], [ -84.4905, 33.772 ], [ -84.493, 33.7868 ], [ -84.496, 33.7787 ], [ -84.4947, 33.7688 ] ] ] } },
{ "type": "Feature", "properties": { "county": "Fulton", "geoid": "13121008103", "pop": 3498.0, "pop_density": 1360.0855710784685, "median_hh_income": 32908.0, "mean_commute_min": 30.465631929046562 }, "geometry": { "type": "Polygon", "coordinates": [ [ [ -84.4972, 33.7449 ], [ -84.4878, 33.746 ], [ -84.4852, 33.7398 ], [ -84.4792, 33.739 ], [ -84.4782, 33.7463 ], [ -84.4686, 33.7497 ], [ -84.4675, 33.754 ], [ -84.4828, 33.7548 ], [ -84.4997, 33.7508 ], [ -84.4972, 33.7449 ] ] ] } },
{ "type": "Feature", "properties": { "county": "Fulton", "geoid": "13121008104", "pop": 3215.0, "pop_density": 579.84554285446325, "median_hh_income": 49167.0, "mean_commute_min": 39.303931987247609 }, "geometry": { "type": "Polygon", "coordinates": [ [ [ -84.475, 33.7351 ], [ -84.4735, 33.7395 ], [ -84.4658, 33.7338 ], [ -84.4586, 33.738 ], [ -84.452, 33.7308 ], [ -84.4483, 33.7309 ], [ -84.4465, 33.7441 ], [ -84.4403, 33.7459 ], [ -84.446, 33.7533 ], [ -84.4539, 33.7511 ], [ -84.4679, 33.7548 ], [ -84.468, 33.7502 ], [ -84.477, 33.7474 ], [ -84.4794, 33.7417 ], [ -84.475, 33.7351 ] ] ] } },
{ "type": "Feature", "properties": { "county": "Fulton", "geoid": "13121010308", "pop": 4837.0, "pop_density": 360.16091605517988, "median_hh_income": 89347.0, "mean_commute_min": 28.252604166666668 }, "geometry": { "type": "Polygon", "coordinates": [ [ [ -84.5868, 33.6402 ], [ -84.5844, 33.6202 ], [ -84.5776, 33.6117 ], [ -84.5732, 33.6109 ], [ -84.5734, 33.6155 ], [ -84.5688, 33.6193 ], [ -84.5597, 33.6187 ], [ -84.5659, 33.6471 ], [ -84.5535, 33.6608 ], [ -84.5621, 33.6663 ], [ -84.5659, 33.6626 ], [ -84.5795, 33.6671 ], [ -84.5928, 33.6578 ], [ -84.5947, 33.6505 ], [ -84.5868, 33.6402 ] ] ] } },
{ "type": "Feature", "properties": { "county": "Fulton", "geoid": "13121000201", "pop": 2233.0, "pop_density": 1733.2071784116745, "median_hh_income": 120982.0, "mean_commute_min": 20.857142857142858 }, "geometry": { "type": "Polygon", "coordinates": [ [ [ -84.3696, 33.7919 ], [ -84.3595, 33.7932 ], [ -84.3557, 33.7899 ], [ -84.3666, 33.8051 ], [ -84.3734, 33.8014 ], [ -84.3696, 33.7919 ] ] ] } },
{ "type": "Feature", "properties": { "county": "Fulton", "geoid": "13121010401", "pop": 4926.0, "pop_density": 204.7134630727416, "median_hh_income": 56883.0, "mean_commute_min": 29.556074766355142 }, "geometry": { "type": "Polygon", "coordinates": [ [ [ -84.69, 33.5306 ], [ -84.6699, 33.5162 ], [ -84.6707, 33.5111 ], [ -84.621, 33.5107 ], [ -84.6209, 33.5033 ], [ -84.6095, 33.5025 ], [ -84.6057, 33.5111 ], [ -84.5997, 33.5125 ], [ -84.5951, 33.5182 ], [ -84.612, 33.5204 ], [ -84.615, 33.5286 ], [ -84.626, 33.5379 ], [ -84.6427, 33.5357 ], [ -84.6749, 33.5534 ], [ -84.6807, 33.551 ], [ -84.69, 33.5393 ], [ -84.69, 33.5306 ] ] ] } },
{ "type": "Feature", "properties": { "county": "Fulton", "geoid": "13121001501", "pop": 2334.0, "pop_density": 4354.0876936393761, "median_hh_income": 63867.0, "mean_commute_min": 26.09816384180791 }, "geometry": { "type": "Polygon", "coordinates": [ [ [ -84.349, 33.7711 ], [ -84.3488, 33.7763 ], [ -84.3556, 33.7767 ], [ -84.3594, 33.7711 ], [ -84.349, 33.7711 ] ] ] } },
{ "type": "Feature", "properties": { "county": "Fulton", "geoid": "13121010314", "pop": 2742.0, "pop_density": 361.67882287393002, "median_hh_income": 102956.0, "mean_commute_min": 40.710431654676256 }, "geometry": { "type": "Polygon", "coordinates": [ [ [ -84.6212, 33.6623 ], [ -84.615, 33.6531 ], [ -84.5946, 33.6514 ], [ -84.5923, 33.6626 ], [ -84.5965, 33.6737 ], [ -84.6142, 33.6779 ], [ -84.6188, 33.6736 ], [ -84.6308, 33.6756 ], [ -84.6361, 33.6709 ], [ -84.6212, 33.6623 ] ] ] } },
{ "type": "Feature", "properties": { "county": "Fulton", "geoid": "13121010311", "pop": 6054.0, "pop_density": 559.05547512835699, "median_hh_income": 108800.0, "mean_commute_min": 51.956420955030133 }, "geometry": { "type": "Polygon", "coordinates": [ [ [ -84.6698, 33.6503 ], [ -84.6463, 33.6588 ], [ -84.6284, 33.6763 ], [ -84.6188, 33.6736 ], [ -84.6164, 33.6771 ], [ -84.6085, 33.678 ], [ -84.5965, 33.6737 ], [ -84.5997, 33.688 ], [ -84.6165, 33.6926 ], [ -84.6301, 33.6931 ], [ -84.6408, 33.6838 ], [ -84.649, 33.6859 ], [ -84.6527, 33.6836 ], [ -84.6519, 33.6679 ], [ -84.6564, 33.6594 ], [ -84.6739, 33.6565 ], [ -84.6698, 33.6503 ] ] ] } },
{ "type": "Feature", "properties": { "county": "Fulton", "geoid": "13121010536", "pop": 3239.0, "pop_density": 290.96960252510229, "median_hh_income": 114886.0, "mean_commute_min": 36.717112922002329 }, "geometry": { "type": "Polygon", "coordinates": [ [ [ -84.6272, 33.5761 ], [ -84.6166, 33.5744 ], [ -84.6174, 33.5848 ], [ -84.5993, 33.5919 ], [ -84.5972, 33.5902 ], [ -84.5971, 33.5951 ], [ -84.5897, 33.6037 ], [ -84.5776, 33.6117 ], [ -84.5844, 33.6243 ], [ -84.593, 33.6217 ], [ -84.6024, 33.6122 ], [ -84.6111, 33.6104 ], [ -84.61, 33.6085 ], [ -84.6185, 33.6015 ], [ -84.6316, 33.5966 ], [ -84.6347, 33.5909 ], [ -84.6272, 33.5761 ] ] ] } },
{ "type": "Feature", "properties": { "county": "Fulton", "geoid": "13121010524", "pop": 4063.0, "pop_density": 1623.6821818963633, "median_hh_income": 50000.0, "mean_commute_min": 26.179962013295345 }, "geometry": { "type": "Polygon", "coordinates": [ [ [ -84.5394, 33.5686 ], [ -84.5393, 33.5746 ], [ -84.5303, 33.5746 ], [ -84.532, 33.5865 ], [ -84.5497, 33.5828 ], [ -84.5508, 33.5731 ], [ -84.5394, 33.5686 ] ] ] } },
{ "type": "Feature", "properties": { "county": "Fulton", "geoid": "13121010518", "pop": 2876.0, "pop_density": 677.6844587113203, "median_hh_income": 81421.0, "mean_commute_min": 28.175465838509318 }, "geometry": { "type": "Polygon", "coordinates": [ [ [ -84.4877, 33.5614 ], [ -84.4791, 33.5725 ], [ -84.4684, 33.573 ], [ -84.469, 33.5887 ], [ -84.4754, 33.5891 ], [ -84.4951, 33.5801 ], [ -84.4877, 33.5614 ] ] ] } },
{ "type": "Feature", "properties": { "county": "Fulton", "geoid": "13121010531", "pop": 1929.0, "pop_density": 599.11744316925365, "median_hh_income": 66190.0, "mean_commute_min": 30.402650356778796 }, "geometry": { "type": "Polygon", "coordinates": [ [ [ -84.5026, 33.5804 ], [ -84.4973, 33.5691 ], [ -84.4975, 33.5605 ], [ -84.4896, 33.5615 ], [ -84.4951, 33.5801 ], [ -84.4921, 33.5875 ], [ -84.4973, 33.5949 ], [ -84.5136, 33.5848 ], [ -84.5026, 33.5804 ] ] ] } },
{ "type": "Feature", "properties": { "county": "Fulton", "geoid": "13121010538", "pop": 2976.0, "pop_density": 461.12325037350053, "median_hh_income": 69497.0, "mean_commute_min": 33.393416927899686 }, "geometry": { "type": "Polygon", "coordinates": [ [ [ -84.5219, 33.5469 ], [ -84.5237, 33.5365 ], [ -84.4645, 33.5498 ], [ -84.4962, 33.5523 ], [ -84.508, 33.5594 ], [ -84.5227, 33.5572 ], [ -84.5251, 33.5529 ], [ -84.5219, 33.5469 ] ] ] } },
{ "type": "Feature", "properties": { "county": "Fulton", "geoid": "13121001302", "pop": 2050.0, "pop_density": 2505.6805611746631, "median_hh_income": 129750.0, "mean_commute_min": 16.968085106382979 }, "geometry": { "type": "Polygon", "coordinates": [ [ [ -84.3639, 33.7711 ], [ -84.3686, 33.7821 ], [ -84.3777, 33.7818 ], [ -84.3777, 33.7795 ], [ -84.3694, 33.7795 ], [ -84.3709, 33.7737 ], [ -84.3777, 33.7724 ], [ -84.3639, 33.7711 ] ] ] } },
{ "type": "Feature", "properties": { "county": "Fulton", "geoid": "13121009503", "pop": 1633.0, "pop_density": 4818.2461937920452, "median_hh_income": 42832.0, "mean_commute_min": 36.094619666048239 }, "geometry": { "type": "Polygon", "coordinates": [ [ [ -84.3813, 33.8371 ], [ -84.3878, 33.8363 ], [ -84.3873, 33.8295 ], [ -84.3813, 33.8371 ] ] ] } },
{ "type": "Feature", "properties": { "county": "Fulton", "geoid": "13121011443", "pop": 3284.0, "pop_density": 968.08731416496869, "median_hh_income": 173036.0, "mean_commute_min": 32.68704379562044 }, "geometry": { "type": "Polygon", "coordinates": [ [ [ -84.2456, 34.0204 ], [ -84.2386, 34.023 ], [ -84.231, 34.0154 ], [ -84.2232, 34.0133 ], [ -84.2215, 34.0206 ], [ -84.2349, 34.0368 ], [ -84.2492, 34.03 ], [ -84.2527, 34.0242 ], [ -84.2456, 34.0204 ] ] ] } },
{ "type": "Feature", "properties": { "county": "Fulton", "geoid": "13121009407", "pop": 1090.0, "pop_density": 7504.561258563117, "median_hh_income": 93601.0, "mean_commute_min": 19.613434727503169 }, "geometry": { "type": "Polygon", "coordinates": [ [ [ -84.3528, 33.8256 ], [ -84.358, 33.8286 ], [ -84.3562, 33.8241 ], [ -84.3528, 33.8256 ] ] ] } },
{ "type": "Feature", "properties": { "county": "Fulton", "geoid": "13121009606", "pop": 1618.0, "pop_density": 981.66268662511902, "median_hh_income": 239511.0, "mean_commute_min": 21.060606060606062 }, "geometry": { "type": "Polygon", "coordinates": [ [ [ -84.3674, 33.8285 ], [ -84.3608, 33.834 ], [ -84.3615, 33.8424 ], [ -84.357, 33.846 ], [ -84.3609, 33.8517 ], [ -84.3713, 33.8437 ], [ -84.3674, 33.8285 ] ] ] } },
{ "type": "Feature", "properties": { "county": "Fulton", "geoid": "13121011445", "pop": 2758.0, "pop_density": 808.45364626371588, "median_hh_income": 131477.0, "mean_commute_min": 27.510660980810236 }, "geometry": { "type": "Polygon", "coordinates": [ [ [ -84.3651, 34.0227 ], [ -84.3564, 34.0292 ], [ -84.3649, 34.0334 ], [ -84.3759, 34.0468 ], [ -84.3826, 34.0469 ], [ -84.3821, 34.03 ], [ -84.3651, 34.0227 ] ] ] } },
{ "type": "Feature", "properties": { "county": "Fulton", "geoid": "13121011635", "pop": 3131.0, "pop_density": 460.32298177556174, "median_hh_income": 173590.0, "mean_commute_min": 35.111016225448331 }, "geometry": { "type": "Polygon", "coordinates": [ [ [ -84.1163, 34.0366 ], [ -84.0977, 34.0507 ], [ -84.1172, 34.0513 ], [ -84.1339, 34.0571 ], [ -84.1436, 34.0554 ], [ -84.1411, 34.03 ], [ -84.1163, 34.0366 ] ] ] } },
{ "type": "Feature", "properties": { "county": "Fulton", "geoid": "13121010125", "pop": 4207.0, "pop_density": 2678.360540306875, "median_hh_income": 75971.0, "mean_commute_min": 41.417288284335235 }, "geometry": { "type": "Polygon", "coordinates": [ [ [ -84.3503, 33.9814 ], [ -84.3419, 33.9823 ], [ -84.3382, 33.9917 ], [ -84.3422, 33.9897 ], [ -84.3474, 33.9934 ], [ -84.3441, 33.9983 ], [ -84.3489, 34.0015 ], [ -84.3518, 33.9912 ], [ -84.3503, 33.9814 ] ] ] } },
{ "type": "Feature", "properties": { "county": "Fulton", "geoid": "13121011308", "pop": 1913.0, "pop_density": 2172.1727973111838, "median_hh_income": 46327.0, "mean_commute_min": 33.810082063305977 }, "geometry": { "type": "Polygon", "coordinates": [ [ [ -84.4865, 33.6234 ], [ -84.4868, 33.6524 ], [ -84.4907, 33.648 ], [ -84.4921, 33.6366 ], [ -84.4865, 33.6234 ] ] ] } },
{ "type": "Feature", "properties": { "county": "Fulton", "geoid": "13121011440", "pop": 2407.0, "pop_density": 740.60923186176603, "median_hh_income": 180917.0, "mean_commute_min": 32.884828349944627 }, "geometry": { "type": "Polygon", "coordinates": [ [ [ -84.3066, 33.9836 ], [ -84.2963, 33.9886 ], [ -84.2944, 33.9854 ], [ -84.2994, 33.982 ], [ -84.2934, 33.9764 ], [ -84.288, 33.9857 ], [ -84.294, 33.9935 ], [ -84.2891, 34.002 ], [ -84.2976, 34.005 ], [ -84.3068, 33.9935 ], [ -84.3143, 33.9892 ], [ -84.3147, 33.9856 ], [ -84.3066, 33.9836 ] ] ] } },
{ "type": "Feature", "properties": { "county": "Fulton", "geoid": "13121011514", "pop": 3095.0, "pop_density": 189.22881462668425, "median_hh_income": 182394.0, "mean_commute_min": 36.48946360153257 }, "geometry": { "type": "Polygon", "coordinates": [ [ [ -84.3197, 34.1438 ], [ -84.3195, 34.1289 ], [ -84.3095, 34.1277 ], [ -84.3007, 34.1427 ], [ -84.2907, 34.152 ], [ -84.2856, 34.1525 ], [ -84.2876, 34.1625 ], [ -84.2754, 34.1658 ], [ -84.272, 34.185 ], [ -84.2997, 34.1862 ], [ -84.3042, 34.1838 ], [ -84.3061, 34.1776 ], [ -84.3193, 34.1691 ], [ -84.3158, 34.1555 ], [ -84.3197, 34.1438 ] ] ] } },
{ "type": "Feature", "properties": { "county": "Fulton", "geoid": "13121011630", "pop": 3347.0, "pop_density": 1787.882462352708, "median_hh_income": 147564.0, "mean_commute_min": 30.340993328391402 }, "geometry": { "type": "Polygon", "coordinates": [ [ [ -84.2045, 34.0576 ], [ -84.1937, 34.0548 ], [ -84.1959, 34.0691 ], [ -84.207, 34.0688 ], [ -84.2127, 34.0648 ], [ -84.2045, 34.0576 ] ] ] } },
{ "type": "Feature", "properties": { "county": "Fulton", "geoid": "13121011801", "pop": 624.0, "pop_density": 1088.4999284799726, "median_hh_income": 88914.0, "mean_commute_min": 26.807228915662652 }, "geometry": { "type": "Polygon", "coordinates": [ [ [ -84.4082, 33.7747 ], [ -84.4172, 33.7827 ], [ -84.4173, 33.7825 ], [ -84.4174, 33.7722 ], [ -84.4082, 33.7747 ] ] ] } },
{ "type": "Feature", "properties": { "county": "Fulton", "geoid": "13121011648", "pop": 2348.0, "pop_density": 554.84191731437602, "median_hh_income": 199922.0, "mean_commute_min": 25.933977455716587 }, "geometry": { "type": "Polygon", "coordinates": [ [ [ -84.1681, 34.0288 ], [ -84.1571, 34.0324 ], [ -84.1411, 34.03 ], [ -84.1436, 34.0554 ], [ -84.1536, 34.0599 ], [ -84.16, 34.0559 ], [ -84.1548, 34.052 ], [ -84.1478, 34.0379 ], [ -84.1589, 34.0388 ], [ -84.1698, 34.0331 ], [ -84.1681, 34.0288 ] ] ] } },
{ "type": "Feature", "properties": { "county": "Fulton", "geoid": "13121010135", "pop": 2221.0, "pop_density": 1731.5430067414015, "median_hh_income": 37264.0, "mean_commute_min": 24.48706099815157 }, "geometry": { "type": "Polygon", "coordinates": [ [ [ -84.3445, 33.9684 ], [ -84.3395, 33.971 ], [ -84.3405, 33.9822 ], [ -84.3503, 33.9814 ], [ -84.3538, 33.975 ], [ -84.3445, 33.9684 ] ] ] } },
{ "type": "Feature", "properties": { "county": "Fulton", "geoid": "13121010213", "pop": 883.0, "pop_density": 716.16795801293006, "median_hh_income": 70160.0, "mean_commute_min": 28.162393162393162 }, "geometry": { "type": "Polygon", "coordinates": [ [ [ -84.3667, 33.9606 ], [ -84.3611, 33.9687 ], [ -84.3726, 33.9705 ], [ -84.3772, 33.9679 ], [ -84.38, 33.97 ], [ -84.3833, 33.9634 ], [ -84.3667, 33.9606 ] ] ] } },
{ "type": "Feature", "properties": { "county": "Fulton", "geoid": "13121010127", "pop": 2122.0, "pop_density": 1039.6110424133869, "median_hh_income": 130431.0, "mean_commute_min": 26.9375 }, "geometry": { "type": "Polygon", "coordinates": [ [ [ -84.3579, 33.9333 ], [ -84.3564, 33.9568 ], [ -84.3646, 33.9553 ], [ -84.3705, 33.9488 ], [ -84.3711, 33.9462 ], [ -84.3605, 33.9473 ], [ -84.3622, 33.9433 ], [ -84.3666, 33.9403 ], [ -84.3747, 33.9408 ], [ -84.3783, 33.9371 ], [ -84.3579, 33.9333 ] ] ] } },
{ "type": "Feature", "properties": { "county": "Fulton", "geoid": "13121010133", "pop": 5257.0, "pop_density": 1477.5831495372047, "median_hh_income": 95581.0, "mean_commute_min": 24.001285897985426 }, "geometry": { "type": "Polygon", "coordinates": [ [ [ -84.3579, 33.9189 ], [ -84.3575, 33.9113 ], [ -84.3479, 33.915 ], [ -84.3478, 33.938 ], [ -84.3542, 33.9313 ], [ -84.3725, 33.9246 ], [ -84.3791, 33.9251 ], [ -84.379, 33.9191 ], [ -84.3579, 33.9189 ] ] ] } },
{ "type": "Feature", "properties": { "county": "Fulton", "geoid": "13121010130", "pop": 3813.0, "pop_density": 2065.2663153601543, "median_hh_income": 101123.0, "mean_commute_min": 25.64946619217082 }, "geometry": { "type": "Polygon", "coordinates": [ [ [ -84.3579, 33.9298 ], [ -84.3478, 33.938 ], [ -84.3478, 33.9501 ], [ -84.3551, 33.9515 ], [ -84.3582, 33.9449 ], [ -84.3579, 33.9298 ] ] ] } },
{ "type": "Feature", "properties": { "county": "Fulton", "geoid": "13121010310", "pop": 5651.0, "pop_density": 508.04177719864271, "median_hh_income": 96166.0, "mean_commute_min": 29.69031328772056 }, "geometry": { "type": "Polygon", "coordinates": [ [ [ -84.6534, 33.6474 ], [ -84.621, 33.6281 ], [ -84.6124, 33.6412 ], [ -84.6191, 33.6599 ], [ -84.6364, 33.6705 ], [ -84.6453, 33.6593 ], [ -84.6698, 33.6503 ], [ -84.6534, 33.6474 ] ] ] } },
{ "type": "Feature", "properties": { "county": "Fulton", "geoid": "13121010218", "pop": 1633.0, "pop_density": 1109.8349180027049, "median_hh_income": 57776.0, "mean_commute_min": 33.846153846153847 }, "geometry": { "type": "Polygon", "coordinates": [ [ [ -84.3603, 33.9747 ], [ -84.3634, 33.9718 ], [ -84.3611, 33.9687 ], [ -84.3511, 33.9785 ], [ -84.3599, 33.984 ], [ -84.374, 33.975 ], [ -84.3603, 33.9747 ] ] ] } },
{ "type": "Feature", "properties": { "county": "Fulton", "geoid": "13121011446", "pop": 2969.0, "pop_density": 410.63587012897204, "median_hh_income": 202059.0, "mean_commute_min": 35.33719704952582 }, "geometry": { "type": "Polygon", "coordinates": [ [ [ -84.4108, 34.0493 ], [ -84.4116, 34.0431 ], [ -84.4072, 34.0363 ], [ -84.4024, 34.0354 ], [ -84.4013, 34.0258 ], [ -84.3955, 34.0292 ], [ -84.3839, 34.0256 ], [ -84.3787, 34.0279 ], [ -84.3839, 34.0326 ], [ -84.3826, 34.0469 ], [ -84.3961, 34.0471 ], [ -84.401, 34.0618 ], [ -84.419, 34.0614 ], [ -84.4191, 34.0554 ], [ -84.4108, 34.0493 ] ] ] } },
{ "type": "Feature", "properties": { "county": "Fulton", "geoid": "13121011513", "pop": 3492.0, "pop_density": 670.7454340522014, "median_hh_income": 187619.0, "mean_commute_min": 29.357142857142858 }, "geometry": { "type": "Polygon", "coordinates": [ [ [ -84.4151, 34.0602 ], [ -84.3833, 34.0652 ], [ -84.3824, 34.074 ], [ -84.3886, 34.0764 ], [ -84.3891, 34.0844 ], [ -84.3983, 34.0842 ], [ -84.4031, 34.0739 ], [ -84.4119, 34.0762 ], [ -84.4189, 34.0703 ], [ -84.419, 34.0625 ], [ -84.4151, 34.0602 ] ] ] } },
{ "type": "Feature", "properties": { "county": "Fulton", "geoid": "13121010221", "pop": 2092.0, "pop_density": 1195.2298217839204, "median_hh_income": 95646.0, "mean_commute_min": 22.991021324354659 }, "geometry": { "type": "Polygon", "coordinates": [ [ [ -84.3791, 33.9251 ], [ -84.3798, 33.9344 ], [ -84.3747, 33.9408 ], [ -84.3872, 33.9476 ], [ -84.3858, 33.9409 ], [ -84.3903, 33.9351 ], [ -84.3791, 33.9251 ] ] ] } },
{ "type": "Feature", "properties": { "county": "Fulton", "geoid": "13121011631", "pop": 6609.0, "pop_density": 1682.4761038242284, "median_hh_income": 103224.0, "mean_commute_min": 32.038231229847995 }, "geometry": { "type": "Polygon", "coordinates": [ [ [ -84.1937, 34.0548 ], [ -84.1882, 34.0546 ], [ -84.1774, 34.0478 ], [ -84.1681, 34.068 ], [ -84.1783, 34.0704 ], [ -84.1958, 34.0691 ], [ -84.1937, 34.0548 ] ] ] } },
{ "type": "Feature", "properties": { "county": "Fulton", "geoid": "13121011437", "pop": 2909.0, "pop_density": 1079.1072010837813, "median_hh_income": 101263.0, "mean_commute_min": 28.839662447257385 }, "geometry": { "type": "Polygon", "coordinates": [ [ [ -84.3458, 34.0185 ], [ -84.3463, 34.0248 ], [ -84.3352, 34.0283 ], [ -84.3435, 34.0368 ], [ -84.3582, 34.0278 ], [ -84.362, 34.0179 ], [ -84.3458, 34.0185 ] ] ] } },
{ "type": "Feature", "properties": { "county": "Fulton", "geoid": "13121011632", "pop": 3444.0, "pop_density": 1681.1842097555545, "median_hh_income": 143527.0, "mean_commute_min": 29.571183533447684 }, "geometry": { "type": "Polygon", "coordinates": [ [ [ -84.1909, 34.0408 ], [ -84.1844, 34.0402 ], [ -84.1774, 34.0478 ], [ -84.1884, 34.0547 ], [ -84.2007, 34.056 ], [ -84.1909, 34.0408 ] ] ] } },
{ "type": "Feature", "properties": { "county": "Fulton", "geoid": "13121011627", "pop": 3980.0, "pop_density": 917.31447199563365, "median_hh_income": 94259.0, "mean_commute_min": 28.012649800266313 }, "geometry": { "type": "Polygon", "coordinates": [ [ [ -84.1798, 34.008 ], [ -84.1749, 34.0213 ], [ -84.1681, 34.0288 ], [ -84.1774, 34.0478 ], [ -84.1846, 34.0396 ], [ -84.1899, 34.018 ], [ -84.1798, 34.008 ] ] ] } },
{ "type": "Feature", "properties": { "county": "Fulton", "geoid": "13121011642", "pop": 3301.0, "pop_density": 1353.2881499349799, "median_hh_income": 138846.0, "mean_commute_min": 22.131147540983605 }, "geometry": { "type": "Polygon", "coordinates": [ [ [ -84.2938, 34.0785 ], [ -84.2731, 34.0841 ], [ -84.2696, 34.0877 ], [ -84.2788, 34.0942 ], [ -84.292, 34.0912 ], [ -84.2952, 34.0875 ], [ -84.2938, 34.0785 ] ] ] } },
{ "type": "Feature", "properties": { "county": "Fulton", "geoid": "13121010129", "pop": 4211.0, "pop_density": 2231.3362052977677, "median_hh_income": 92763.0, "mean_commute_min": 20.207564575645755 }, "geometry": { "type": "Polygon", "coordinates": [ [ [ -84.3712, 33.9042 ], [ -84.3642, 33.895 ], [ -84.3575, 33.9113 ], [ -84.3788, 33.9089 ], [ -84.3787, 33.9023 ], [ -84.3712, 33.9042 ] ] ] } },
{ "type": "Feature", "properties": { "county": "Fulton", "geoid": "13121011660", "pop": 4884.0, "pop_density": 796.48931515454649, "median_hh_income": 106268.0, "mean_commute_min": 23.219602977667495 }, "geometry": { "type": "Polygon", "coordinates": [ [ [ -84.2947, 34.0812 ], [ -84.2931, 34.0907 ], [ -84.282, 34.0924 ], [ -84.2714, 34.0985 ], [ -84.2689, 34.1097 ], [ -84.2716, 34.1199 ], [ -84.2945, 34.116 ], [ -84.2919, 34.1041 ], [ -84.2973, 34.0815 ], [ -84.2947, 34.0812 ] ] ] } },
{ "type": "Feature", "properties": { "county": "Fulton", "geoid": "13121011433", "pop": 3038.0, "pop_density": 1074.0956277449013, "median_hh_income": 165500.0, "mean_commute_min": 30.029274004683842 }, "geometry": { "type": "Polygon", "coordinates": [ [ [ -84.2765, 34.0045 ], [ -84.2676, 34.0028 ], [ -84.2633, 34.0083 ], [ -84.2642, 34.0216 ], [ -84.2743, 34.0213 ], [ -84.2813, 34.0126 ], [ -84.2765, 34.0045 ] ] ] } },
{ "type": "Feature", "properties": { "county": "Fulton", "geoid": "13121011633", "pop": 3489.0, "pop_density": 1276.4243435963117, "median_hh_income": 155435.0, "mean_commute_min": 29.675889328063242 }, "geometry": { "type": "Polygon", "coordinates": [ [ [ -84.2104, 34.0479 ], [ -84.2147, 34.0458 ], [ -84.1956, 34.0453 ], [ -84.2007, 34.056 ], [ -84.212, 34.0646 ], [ -84.2187, 34.0532 ], [ -84.2104, 34.0479 ] ] ] } },
{ "type": "Feature", "properties": { "county": "Fulton", "geoid": "13121010535", "pop": 2674.0, "pop_density": 506.03542815725706, "median_hh_income": 137642.0, "mean_commute_min": 29.707207207207208 }, "geometry": { "type": "Polygon", "coordinates": [ [ [ -84.6166, 33.5744 ], [ -84.6014, 33.5763 ], [ -84.5816, 33.567 ], [ -84.5751, 33.57 ], [ -84.5771, 33.5749 ], [ -84.5993, 33.5919 ], [ -84.608, 33.5868 ], [ -84.6137, 33.5876 ], [ -84.6186, 33.5825 ], [ -84.6166, 33.5744 ] ] ] } },
{ "type": "Feature", "properties": { "county": "Fulton", "geoid": "13121010128", "pop": 1699.0, "pop_density": 7138.475500617632, "median_hh_income": 112941.0, "mean_commute_min": 16.188172043010752 }, "geometry": { "type": "Polygon", "coordinates": [ [ [ -84.3778, 33.9086 ], [ -84.3686, 33.9107 ], [ -84.3751, 33.9119 ], [ -84.379, 33.9121 ], [ -84.3778, 33.9086 ] ] ] } },
{ "type": "Feature", "properties": { "county": "Fulton", "geoid": "13121011510", "pop": 5977.0, "pop_density": 497.99664041818056, "median_hh_income": 238145.0, "mean_commute_min": 32.135511191772537 }, "geometry": { "type": "Polygon", "coordinates": [ [ [ -84.3699, 34.115 ], [ -84.3615, 34.1052 ], [ -84.3615, 34.09 ], [ -84.3554, 34.0777 ], [ -84.34, 34.0784 ], [ -84.3418, 34.1087 ], [ -84.338, 34.1138 ], [ -84.3444, 34.125 ], [ -84.3613, 34.137 ], [ -84.3619, 34.124 ], [ -84.3793, 34.1188 ], [ -84.3699, 34.115 ] ] ] } },
{ "type": "Feature", "properties": { "county": "Fulton", "geoid": "13121011645", "pop": 3364.0, "pop_density": 1406.6979563572377, "median_hh_income": 142372.0, "mean_commute_min": 25.627463863337713 }, "geometry": { "type": "Polygon", "coordinates": [ [ [ -84.2645, 34.098 ], [ -84.267, 34.1093 ], [ -84.2589, 34.1095 ], [ -84.2589, 34.1272 ], [ -84.2702, 34.1242 ], [ -84.2717, 34.0981 ], [ -84.2645, 34.098 ] ] ] } },
{ "type": "Feature", "properties": { "county": "Fulton", "geoid": "13121010309", "pop": 4300.0, "pop_density": 92.488465397828165, "median_hh_income": 100689.0, "mean_commute_min": 24.680976762504923 }, "geometry": { "type": "Polygon", "coordinates": [ [ [ -84.7301, 33.6245 ], [ -84.727, 33.6275 ], [ -84.7144, 33.6122 ], [ -84.7037, 33.614 ], [ -84.6933, 33.6032 ], [ -84.6834, 33.6009 ], [ -84.6797, 33.6044 ], [ -84.6621, 33.5928 ], [ -84.659, 33.5964 ], [ -84.6539, 33.5962 ], [ -84.6525, 33.602 ], [ -84.6498, 33.6018 ], [ -84.6443, 33.6001 ], [ -84.6348, 33.5908 ], [ -84.6316, 33.5966 ], [ -84.6185, 33.6015 ], [ -84.61, 33.6085 ], [ -84.6219, 33.6291 ], [ -84.6538, 33.6476 ], [ -84.6703, 33.6506 ], [ -84.6739, 33.6565 ], [ -84.6858, 33.6511 ], [ -84.7105, 33.6464 ], [ -84.7252, 33.6392 ], [ -84.73, 33.6365 ], [ -84.7352, 33.6251 ], [ -84.7301, 33.6245 ] ] ] } },
{ "type": "Feature", "properties": { "county": "Fulton", "geoid": "13121011442", "pop": 1950.0, "pop_density": 1273.9943774381477, "median_hh_income": 116193.0, "mean_commute_min": 31.392617449664428 }, "geometry": { "type": "Polygon", "coordinates": [ [ [ -84.2921, 34.0032 ], [ -84.2809, 34.0145 ], [ -84.2888, 34.0094 ], [ -84.2937, 34.0104 ], [ -84.2901, 34.0157 ], [ -84.3057, 34.0132 ], [ -84.2921, 34.0032 ] ] ] } },
{ "type": "Feature", "properties": { "county": "Fulton", "geoid": "13121010136", "pop": 3417.0, "pop_density": 1843.6884560390642, "median_hh_income": 118953.0, "mean_commute_min": 18.523596938775512 }, "geometry": { "type": "Polygon", "coordinates": [ [ [ -84.3799, 33.8768 ], [ -84.3749, 33.8731 ], [ -84.3651, 33.8813 ], [ -84.3651, 33.8894 ], [ -84.3817, 33.8867 ], [ -84.3799, 33.8768 ] ] ] } },
{ "type": "Feature", "properties": { "county": "Fulton", "geoid": "13121010137", "pop": 3569.0, "pop_density": 1691.2447637280361, "median_hh_income": 81425.0, "mean_commute_min": 28.796437659033078 }, "geometry": { "type": "Polygon", "coordinates": [ [ [ -84.3651, 33.8894 ], [ -84.3642, 33.895 ], [ -84.3712, 33.9042 ], [ -84.3809, 33.8994 ], [ -84.3817, 33.887 ], [ -84.3651, 33.8894 ] ] ] } },
{ "type": "Feature", "properties": { "county": "Fulton", "geoid": "13121010004", "pop": 2221.0, "pop_density": 1285.4459849346424, "median_hh_income": 241607.0, "mean_commute_min": 20.027866242038218 }, "geometry": { "type": "Polygon", "coordinates": [ [ [ -84.3736, 33.8663 ], [ -84.3691, 33.8641 ], [ -84.3651, 33.8715 ], [ -84.3651, 33.8813 ], [ -84.3749, 33.8731 ], [ -84.3799, 33.8768 ], [ -84.3807, 33.8648 ], [ -84.3736, 33.8663 ] ] ] } },
{ "type": "Feature", "properties": { "county": "Fulton", "geoid": "13121010005", "pop": 3154.0, "pop_density": 724.02502821838198, "median_hh_income": 250001.0, "mean_commute_min": 21.596938775510203 }, "geometry": { "type": "Polygon", "coordinates": [ [ [ -84.3535, 33.8654 ], [ -84.3482, 33.8622 ], [ -84.3483, 33.8909 ], [ -84.3574, 33.8883 ], [ -84.36, 33.8825 ], [ -84.3651, 33.8813 ], [ -84.3697, 33.858 ], [ -84.3535, 33.8654 ] ] ] } },
{ "type": "Feature", "properties": { "county": "Fulton", "geoid": "13121010007", "pop": 1850.0, "pop_density": 1245.1757851674658, "median_hh_income": 224000.0, "mean_commute_min": 20.063451776649746 }, "geometry": { "type": "Polygon", "coordinates": [ [ [ -84.3559, 33.8541 ], [ -84.3483, 33.8575 ], [ -84.3483, 33.8621 ], [ -84.3536, 33.8654 ], [ -84.358, 33.8618 ], [ -84.3677, 33.8607 ], [ -84.3678, 33.8574 ], [ -84.3559, 33.8541 ] ] ] } },
{ "type": "Feature", "properties": { "county": "Fulton", "geoid": "13121010402", "pop": 4141.0, "pop_density": 26.18875177616782, "median_hh_income": 76366.0, "mean_commute_min": 38.087808417997095 }, "geometry": { "type": "Polygon", "coordinates": [ [ [ -84.6708, 33.51 ], [ -84.6699, 33.5162 ], [ -84.69, 33.5306 ], [ -84.6899, 33.5411 ], [ -84.6845, 33.5439 ], [ -84.6805, 33.5512 ], [ -84.6761, 33.5534 ], [ -84.6687, 33.5515 ], [ -84.6427, 33.5357 ], [ -84.6334, 33.5375 ], [ -84.6357, 33.5553 ], [ -84.6502, 33.5724 ], [ -84.6539, 33.5962 ], [ -84.659, 33.5964 ], [ -84.6621, 33.5928 ], [ -84.6797, 33.6044 ], [ -84.6834, 33.6009 ], [ -84.6933, 33.6032 ], [ -84.7037, 33.614 ], [ -84.7144, 33.6122 ], [ -84.723, 33.6205 ], [ -84.7243, 33.6263 ], [ -84.7396, 33.6233 ], [ -84.7488, 33.6318 ], [ -84.7527, 33.6302 ], [ -84.7631, 33.6142 ], [ -84.7756, 33.6097 ], [ -84.7965, 33.5956 ], [ -84.8057, 33.5864 ], [ -84.8102, 33.5716 ], [ -84.8261, 33.5606 ], [ -84.8323, 33.5453 ], [ -84.8265, 33.5408 ], [ -84.8151, 33.5212 ], [ -84.8276, 33.5133 ], [ -84.8443, 33.5147 ], [ -84.8506, 33.5116 ], [ -84.6708, 33.51 ] ] ] } },
{ "type": "Feature", "properties": { "county": "Fulton", "geoid": "13121011661", "pop": 2233.0, "pop_density": 439.4749681316685, "median_hh_income": 204877.0, "mean_commute_min": 24.028056112224448 }, "geometry": { "type": "Polygon", "coordinates": [ [ [ -84.2945, 34.116 ], [ -84.2875, 34.1153 ], [ -84.2731, 34.1201 ], [ -84.27, 34.1184 ], [ -84.2695, 34.1251 ], [ -84.2589, 34.1272 ], [ -84.2589, 34.1366 ], [ -84.2683, 34.1347 ], [ -84.2712, 34.1371 ], [ -84.2898, 34.1274 ], [ -84.3002, 34.1285 ], [ -84.3017, 34.1259 ], [ -84.2945, 34.116 ] ] ] } },
{ "type": "Feature", "properties": { "county": "Fulton", "geoid": "13121001901", "pop": 3862.0, "pop_density": 26915.142729705618, "median_hh_income": 56204.0, "mean_commute_min": 22.438921651221566 }, "geometry": { "type": "Polygon", "coordinates": [ [ [ -84.3892, 33.7666 ], [ -84.3905, 33.7713 ], [ -84.3921, 33.7713 ], [ -84.393, 33.7666 ], [ -84.3892, 33.7666 ] ] ] } },
{ "type": "Feature", "properties": { "county": "Fulton", "geoid": "13121001701", "pop": 2169.0, "pop_density": 3785.2148009053803, "median_hh_income": 98086.0, "mean_commute_min": 27.114503816793892 }, "geometry": { "type": "Polygon", "coordinates": [ [ [ -84.3678, 33.7613 ], [ -84.3677, 33.7711 ], [ -84.3728, 33.7712 ], [ -84.3742, 33.7626 ], [ -84.3678, 33.7613 ] ] ] } },
{ "type": "Feature", "properties": { "county": "Fulton", "geoid": "13121011301", "pop": 4951.0, "pop_density": 981.20179085676887, "median_hh_income": 78880.0, "mean_commute_min": 28.937644341801384 }, "geometry": { "type": "Polygon", "coordinates": [ [ [ -84.4673, 33.6776 ], [ -84.4577, 33.6819 ], [ -84.4573, 33.6992 ], [ -84.4764, 33.6978 ], [ -84.4763, 33.6926 ], [ -84.4865, 33.69 ], [ -84.4866, 33.679 ], [ -84.4673, 33.6776 ] ] ] } },
{ "type": "Feature", "properties": { "county": "Paulding", "geoid": "13223120303", "pop": 2133.0, "pop_density": 145.12604091193586, "median_hh_income": 64273.0, "mean_commute_min": 39.338709677419352 }, "geometry": { "type": "Polygon", "coordinates": [ [ [ -84.8852, 33.8733 ], [ -84.8715, 33.8705 ], [ -84.8591, 33.8741 ], [ -84.8476, 33.8668 ], [ -84.8417, 33.8674 ], [ -84.8354, 33.8939 ], [ -84.8463, 33.8976 ], [ -84.8545, 33.8952 ], [ -84.857, 33.9 ], [ -84.8598, 33.8985 ], [ -84.858, 33.903 ], [ -84.8643, 33.8997 ], [ -84.8739, 33.906 ], [ -84.8785, 33.8964 ], [ -84.8894, 33.8933 ], [ -84.8881, 33.8875 ], [ -84.8931, 33.8848 ], [ -84.8918, 33.8668 ], [ -84.8852, 33.8733 ] ] ] } },
{ "type": "Feature", "properties": { "county": "Paulding", "geoid": "13223120301", "pop": 6804.0, "pop_density": 328.63433884943782, "median_hh_income": 75667.0, "mean_commute_min": 44.305390995260666 }, "geometry": { "type": "Polygon", "coordinates": [ [ [ -84.8402, 33.9217 ], [ -84.816, 33.9075 ], [ -84.8087, 33.9061 ], [ -84.7942, 33.9177 ], [ -84.7821, 33.9182 ], [ -84.7909, 33.9353 ], [ -84.7885, 33.9448 ], [ -84.7908, 33.9571 ], [ -84.8164, 33.9412 ], [ -84.8231, 33.9442 ], [ -84.8196, 33.9509 ], [ -84.8292, 33.9561 ], [ -84.8394, 33.9557 ], [ -84.8414, 33.9409 ], [ -84.8447, 33.9385 ], [ -84.8402, 33.9217 ] ] ] } },
{ "type": "Feature", "properties": { "county": "Paulding", "geoid": "13223120605", "pop": 6012.0, "pop_density": 200.68656703862669, "median_hh_income": 84006.0, "mean_commute_min": 37.940726577437857 }, "geometry": { "type": "Polygon", "coordinates": [ [ [ -84.9024, 33.7943 ], [ -84.8943, 33.7914 ], [ -84.8972, 33.7795 ], [ -84.8792, 33.7748 ], [ -84.8588, 33.7752 ], [ -84.8583, 33.7836 ], [ -84.8542, 33.7879 ], [ -84.8556, 33.8032 ], [ -84.8372, 33.8054 ], [ -84.8134, 33.8171 ], [ -84.8159, 33.822 ], [ -84.8243, 33.8246 ], [ -84.8318, 33.8384 ], [ -84.8517, 33.8228 ], [ -84.8613, 33.82 ], [ -84.8793, 33.8216 ], [ -84.8607, 33.8451 ], [ -84.873, 33.8348 ], [ -84.8873, 33.8287 ], [ -84.9043, 33.7983 ], [ -84.9024, 33.7943 ] ] ] } },
{ "type": "Feature", "properties": { "county": "Paulding", "geoid": "13223120503", "pop": 4420.0, "pop_density": 217.86505261194569, "median_hh_income": 97774.0, "mean_commute_min": 37.960099750623442 }, "geometry": { "type": "Polygon", "coordinates": [ [ [ -84.8243, 33.8246 ], [ -84.8159, 33.822 ], [ -84.8134, 33.8171 ], [ -84.7829, 33.8319 ], [ -84.7735, 33.8402 ], [ -84.7583, 33.8402 ], [ -84.7564, 33.8512 ], [ -84.75, 33.854 ], [ -84.7513, 33.859 ], [ -84.7603, 33.8637 ], [ -84.7648, 33.8701 ], [ -84.8032, 33.8658 ], [ -84.805, 33.8584 ], [ -84.7913, 33.8443 ], [ -84.8065, 33.8395 ], [ -84.8227, 33.8418 ], [ -84.8318, 33.8384 ], [ -84.8243, 33.8246 ] ] ] } },
{ "type": "Feature", "properties": { "county": "Paulding", "geoid": "13223120203", "pop": 5209.0, "pop_density": 444.5182890389504, "median_hh_income": 99044.0, "mean_commute_min": 33.686572989851676 }, "geometry": { "type": "Polygon", "coordinates": [ [ [ -84.7621, 33.9397 ], [ -84.7541, 33.9376 ], [ -84.7409, 33.942 ], [ -84.7273, 33.9389 ], [ -84.7235, 33.9349 ], [ -84.723, 33.9475 ], [ -84.7396, 33.9476 ], [ -84.7394, 33.9777 ], [ -84.7425, 33.9716 ], [ -84.7509, 33.9682 ], [ -84.7892, 33.9587 ], [ -84.7621, 33.9397 ] ] ] } },
{ "type": "Feature", "properties": { "county": "Paulding", "geoid": "13223120603", "pop": 7439.0, "pop_density": 492.22409661593451, "median_hh_income": 87184.0, "mean_commute_min": 33.292932741550018 }, "geometry": { "type": "Polygon", "coordinates": [ [ [ -84.7497, 33.8233 ], [ -84.7479, 33.8276 ], [ -84.7373, 33.8258 ], [ -84.7348, 33.8227 ], [ -84.7291, 33.8304 ], [ -84.7249, 33.8276 ], [ -84.7244, 33.8818 ], [ -84.7404, 33.8869 ], [ -84.7405, 33.879 ], [ -84.7453, 33.878 ], [ -84.7425, 33.8634 ], [ -84.7461, 33.8557 ], [ -84.7564, 33.8512 ], [ -84.7586, 33.8186 ], [ -84.7497, 33.8233 ] ] ] } },
{ "type": "Feature", "properties": { "county": "Paulding", "geoid": "13223120604", "pop": 5300.0, "pop_density": 307.27819123765511, "median_hh_income": 83194.0, "mean_commute_min": 37.679180887372013 }, "geometry": { "type": "Polygon", "coordinates": [ [ [ -84.8016, 33.8122 ], [ -84.78, 33.801 ], [ -84.7807, 33.7891 ], [ -84.7864, 33.7843 ], [ -84.7502, 33.7877 ], [ -84.7581, 33.8014 ], [ -84.7583, 33.8402 ], [ -84.7735, 33.8402 ], [ -84.7826, 33.8321 ], [ -84.8045, 33.8213 ], [ -84.8016, 33.8122 ] ] ] } },
{ "type": "Feature", "properties": { "county": "Fayette", "geoid": "13113140207", "pop": 6357.0, "pop_density": 864.61128466656703, "median_hh_income": 127260.0, "mean_commute_min": 28.619465329991645 }, "geometry": { "type": "Polygon", "coordinates": [ [ [ -84.5911, 33.417 ], [ -84.5817, 33.4015 ], [ -84.5689, 33.4078 ], [ -84.5727, 33.4126 ], [ -84.5676, 33.417 ], [ -84.5676, 33.4223 ], [ -84.5855, 33.4407 ], [ -84.5912, 33.4413 ], [ -84.6035, 33.4203 ], [ -84.5911, 33.417 ] ] ] } },
{ "type": "Feature", "properties": { "county": "DeKalb", "geoid": "13089020400", "pop": 2709.0, "pop_density": 2676.0603728703391, "median_hh_income": 176250.0, "mean_commute_min": 30.456769983686787 }, "geometry": { "type": "Polygon", "coordinates": [ [ [ -84.3386, 33.762 ], [ -84.3393, 33.7711 ], [ -84.349, 33.7711 ], [ -84.3492, 33.7599 ], [ -84.3386, 33.762 ] ] ] } },
{ "type": "Feature", "properties": { "county": "DeKalb", "geoid": "13089020500", "pop": 3688.0, "pop_density": 2187.0911805903961, "median_hh_income": 83594.0, "mean_commute_min": 27.893800813008131 }, "geometry": { "type": "Polygon", "coordinates": [ [ [ -84.3304, 33.7474 ], [ -84.3304, 33.7534 ], [ -84.3421, 33.7534 ], [ -84.3418, 33.7615 ], [ -84.3492, 33.7599 ], [ -84.3492, 33.7476 ], [ -84.3304, 33.7474 ] ] ] } },
{ "type": "Feature", "properties": { "county": "DeKalb", "geoid": "13089020600", "pop": 2439.0, "pop_density": 2202.6968812738255, "median_hh_income": 83205.0, "mean_commute_min": 23.731343283582088 }, "geometry": { "type": "Polygon", "coordinates": [ [ [ -84.3291, 33.7534 ], [ -84.3291, 33.7605 ], [ -84.3418, 33.7615 ], [ -84.3421, 33.7542 ], [ -84.3291, 33.7534 ] ] ] } },
{ "type": "Feature", "properties": { "county": "DeKalb", "geoid": "13089020801", "pop": 3152.0, "pop_density": 2281.5994649243894, "median_hh_income": 167910.0, "mean_commute_min": 29.071925754060324 }, "geometry": { "type": "Polygon", "coordinates": [ [ [ -84.3141, 33.7473 ], [ -84.3098, 33.7541 ], [ -84.3124, 33.7651 ], [ -84.3208, 33.7618 ], [ -84.3208, 33.7473 ], [ -84.3141, 33.7473 ] ] ] } },
{ "type": "Feature", "properties": { "county": "Fulton", "geoid": "13121001002", "pop": 7337.0, "pop_density": 4158.2504176953198, "median_hh_income": 43938.0, "mean_commute_min": 16.136363636363637 }, "geometry": { "type": "Polygon", "coordinates": [ [ [ -84.4055, 33.7721 ], [ -84.3905, 33.7713 ], [ -84.3911, 33.7815 ], [ -84.413, 33.7799 ], [ -84.4055, 33.7721 ] ] ] } },
{ "type": "Feature", "properties": { "county": "Fulton", "geoid": "13121000700", "pop": 2897.0, "pop_density": 1639.5038364502959, "median_hh_income": 103167.0, "mean_commute_min": 25.373134328358208 }, "geometry": { "type": "Polygon", "coordinates": [ [ [ -84.4261, 33.7723 ], [ -84.4174, 33.7714 ], [ -84.4173, 33.7827 ], [ -84.413, 33.7799 ], [ -84.4194, 33.7853 ], [ -84.4324, 33.7874 ], [ -84.4261, 33.7723 ] ] ] } },
{ "type": "Feature", "properties": { "county": "DeKalb", "geoid": "13089023802", "pop": 3357.0, "pop_density": 350.52269334244949, "median_hh_income": 75658.0, "mean_commute_min": 27.934981684981686 }, "geometry": { "type": "Polygon", "coordinates": [ [ [ -84.3394, 33.6784 ], [ -84.321, 33.6817 ], [ -84.3215, 33.6889 ], [ -84.3074, 33.6891 ], [ -84.3038, 33.6949 ], [ -84.3147, 33.6949 ], [ -84.3217, 33.6996 ], [ -84.3223, 33.7048 ], [ -84.3191, 33.7064 ], [ -84.3231, 33.7081 ], [ -84.3215, 33.7122 ], [ -84.3259, 33.7175 ], [ -84.3299, 33.7172 ], [ -84.3269, 33.7041 ], [ -84.335, 33.7012 ], [ -84.3361, 33.7068 ], [ -84.3424, 33.707 ], [ -84.3446, 33.7162 ], [ -84.3495, 33.7177 ], [ -84.3494, 33.6803 ], [ -84.3394, 33.6784 ] ] ] } },
{ "type": "Feature", "properties": { "county": "DeKalb", "geoid": "13089020100", "pop": 2198.0, "pop_density": 2041.9481932288702, "median_hh_income": 160500.0, "mean_commute_min": 27.964659685863875 }, "geometry": { "type": "Polygon", "coordinates": [ [ [ -84.344, 33.7906 ], [ -84.3429, 33.7961 ], [ -84.3369, 33.8006 ], [ -84.3377, 33.8045 ], [ -84.3406, 33.803 ], [ -84.3483, 33.8064 ], [ -84.3483, 33.7915 ], [ -84.344, 33.7906 ] ] ] } },
{ "type": "Feature", "properties": { "county": "DeKalb", "geoid": "13089022302", "pop": 3728.0, "pop_density": 1063.4295202672038, "median_hh_income": 100268.0, "mean_commute_min": 25.571933962264151 }, "geometry": { "type": "Polygon", "coordinates": [ [ [ -84.3008, 33.8066 ], [ -84.2936, 33.8044 ], [ -84.2822, 33.8085 ], [ -84.2763, 33.8045 ], [ -84.2629, 33.8226 ], [ -84.273, 33.8252 ], [ -84.2786, 33.8192 ], [ -84.3028, 33.807 ], [ -84.3058, 33.8023 ], [ -84.3008, 33.8066 ] ] ] } },
{ "type": "Feature", "properties": { "county": "DeKalb", "geoid": "13089022007", "pop": 4934.0, "pop_density": 4066.1528622947144, "median_hh_income": 50324.0, "mean_commute_min": 29.713644020213362 }, "geometry": { "type": "Polygon", "coordinates": [ [ [ -84.2503, 33.803 ], [ -84.2448, 33.804 ], [ -84.2396, 33.8094 ], [ -84.2468, 33.8184 ], [ -84.2517, 33.816 ], [ -84.2503, 33.803 ] ] ] } },
{ "type": "Feature", "properties": { "county": "DeKalb", "geoid": "13089020200", "pop": 1960.0, "pop_density": 1282.5605142805916, "median_hh_income": 105000.0, "mean_commute_min": 23.15904139433551 }, "geometry": { "type": "Polygon", "coordinates": [ [ [ -84.333, 33.7716 ], [ -84.3301, 33.7793 ], [ -84.3452, 33.7793 ], [ -84.3487, 33.783 ], [ -84.349, 33.7717 ], [ -84.333, 33.7716 ] ] ] } },
{ "type": "Feature", "properties": { "county": "DeKalb", "geoid": "13089020300", "pop": 4504.0, "pop_density": 2348.5659877169583, "median_hh_income": 161855.0, "mean_commute_min": 26.368909512761022 }, "geometry": { "type": "Polygon", "coordinates": [ [ [ -84.3259, 33.76 ], [ -84.317, 33.7661 ], [ -84.323, 33.7696 ], [ -84.3284, 33.7678 ], [ -84.33, 33.7749 ], [ -84.333, 33.7716 ], [ -84.3393, 33.7716 ], [ -84.3386, 33.762 ], [ -84.3259, 33.76 ] ] ] } },
{ "type": "Feature", "properties": { "county": "DeKalb", "geoid": "13089023425", "pop": 6246.0, "pop_density": 1248.74470767958, "median_hh_income": 66742.0, "mean_commute_min": 35.509708737864081 }, "geometry": { "type": "Polygon", "coordinates": [ [ [ -84.2412, 33.6782 ], [ -84.2447, 33.6745 ], [ -84.2398, 33.6734 ], [ -84.2439, 33.671 ], [ -84.2368, 33.6639 ], [ -84.222, 33.6666 ], [ -84.2216, 33.6631 ], [ -84.2134, 33.6636 ], [ -84.2099, 33.6584 ], [ -84.2156, 33.6719 ], [ -84.215, 33.6827 ], [ -84.2215, 33.6796 ], [ -84.2355, 33.6838 ], [ -84.2494, 33.682 ], [ -84.2412, 33.6782 ] ] ] } },
{ "type": "Feature", "properties": { "county": "Fulton", "geoid": "13121006802", "pop": 1521.0, "pop_density": 2095.5089152124856, "median_hh_income": 16282.0, "mean_commute_min": 31.977715877437326 }, "geometry": { "type": "Polygon", "coordinates": [ [ [ -84.3599, 33.6978 ], [ -84.3553, 33.7053 ], [ -84.3606, 33.7098 ], [ -84.3669, 33.7047 ], [ -84.3599, 33.6978 ] ] ] } },
{ "type": "Feature", "properties": { "county": "Fulton", "geoid": "13121006900", "pop": 3592.0, "pop_density": 1140.0351658954289, "median_hh_income": 67425.0, "mean_commute_min": 41.398432790837852 }, "geometry": { "type": "Polygon", "coordinates": [ [ [ -84.3595, 33.709 ], [ -84.3495, 33.7093 ], [ -84.3494, 33.724 ], [ -84.3638, 33.7283 ], [ -84.3684, 33.7262 ], [ -84.3686, 33.7139 ], [ -84.3595, 33.709 ] ] ] } },
{ "type": "Feature", "properties": { "county": "Fulton", "geoid": "13121007001", "pop": 3284.0, "pop_density": 727.56710554796507, "median_hh_income": 33796.0, "mean_commute_min": 33.431748466257666 }, "geometry": { "type": "Polygon", "coordinates": [ [ [ -84.3984, 33.6811 ], [ -84.3843, 33.681 ], [ -84.3739, 33.6888 ], [ -84.3739, 33.6969 ], [ -84.3804, 33.697 ], [ -84.3815, 33.7021 ], [ -84.4047, 33.6966 ], [ -84.3984, 33.6811 ] ] ] } },
{ "type": "Feature", "properties": { "county": "Fulton", "geoid": "13121007400", "pop": 3173.0, "pop_density": 1361.5314375163057, "median_hh_income": 29162.0, "mean_commute_min": 38.196261682242991 }, "geometry": { "type": "Polygon", "coordinates": [ [ [ -84.3975, 33.6729 ], [ -84.3987, 33.6859 ], [ -84.4168, 33.6842 ], [ -84.4151, 33.6788 ], [ -84.4183, 33.6731 ], [ -84.3975, 33.6729 ] ] ] } },
{ "type": "Feature", "properties": { "county": "DeKalb", "geoid": "13089021813", "pop": 2202.0, "pop_density": 4135.9180629929242, "median_hh_income": 51199.0, "mean_commute_min": 34.06702898550725 }, "geometry": { "type": "Polygon", "coordinates": [ [ [ -84.2428, 33.8978 ], [ -84.2322, 33.902 ], [ -84.2381, 33.9051 ], [ -84.2442, 33.9013 ], [ -84.2428, 33.8978 ] ] ] } },
{ "type": "Feature", "properties": { "county": "Fulton", "geoid": "13121007602", "pop": 2828.0, "pop_density": 839.18383140832441, "median_hh_income": 45028.0, "mean_commute_min": 33.336842105263159 }, "geometry": { "type": "Polygon", "coordinates": [ [ [ -84.4697, 33.7026 ], [ -84.434, 33.7145 ], [ -84.4616, 33.7154 ], [ -84.4715, 33.7202 ], [ -84.4762, 33.7024 ], [ -84.4697, 33.7026 ] ] ] } },
{ "type": "Feature", "properties": { "county": "Fulton", "geoid": "13121002100", "pop": 2578.0, "pop_density": 3212.9935553182022, "median_hh_income": 63455.0, "mean_commute_min": 25.582524271844662 }, "geometry": { "type": "Polygon", "coordinates": [ [ [ -84.3955, 33.7582 ], [ -84.3906, 33.7597 ], [ -84.3921, 33.7713 ], [ -84.4002, 33.7707 ], [ -84.3955, 33.7582 ] ] ] } },
{ "type": "Feature", "properties": { "county": "Fulton", "geoid": "13121002300", "pop": 1129.0, "pop_density": 999.90169257052673, "median_hh_income": 36050.0, "mean_commute_min": 24.658385093167702 }, "geometry": { "type": "Polygon", "coordinates": [ [ [ -84.4244, 33.7635 ], [ -84.4089, 33.7634 ], [ -84.4088, 33.7673 ], [ -84.4145, 33.7674 ], [ -84.4145, 33.7701 ], [ -84.4221, 33.7732 ], [ -84.4261, 33.7723 ], [ -84.4244, 33.7635 ] ] ] } },
{ "type": "Feature", "properties": { "county": "Fulton", "geoid": "13121007805", "pop": 4895.0, "pop_density": 324.90134150071367, "median_hh_income": 58028.0, "mean_commute_min": 33.040611814345993 }, "geometry": { "type": "Polygon", "coordinates": [ [ [ -84.5656, 33.7428 ], [ -84.5589, 33.744 ], [ -84.5474, 33.7364 ], [ -84.5474, 33.7337 ], [ -84.5299, 33.7335 ], [ -84.5142, 33.7251 ], [ -84.5174, 33.7345 ], [ -84.5257, 33.7399 ], [ -84.5225, 33.7429 ], [ -84.5238, 33.7465 ], [ -84.528, 33.7462 ], [ -84.5283, 33.752 ], [ -84.5214, 33.7546 ], [ -84.5177, 33.7619 ], [ -84.508, 33.7619 ], [ -84.515, 33.7731 ], [ -84.5197, 33.77 ], [ -84.5335, 33.7791 ], [ -84.538, 33.7711 ], [ -84.5734, 33.7455 ], [ -84.5656, 33.7428 ] ] ] } },
{ "type": "Feature", "properties": { "county": "Fulton", "geoid": "13121007806", "pop": 5770.0, "pop_density": 1169.6852452010976, "median_hh_income": 49652.0, "mean_commute_min": 30.403193612774452 }, "geometry": { "type": "Polygon", "coordinates": [ [ [ -84.528, 33.7462 ], [ -84.5238, 33.7465 ], [ -84.5225, 33.7429 ], [ -84.5257, 33.7399 ], [ -84.5175, 33.7346 ], [ -84.5173, 33.7297 ], [ -84.5102, 33.7238 ], [ -84.5104, 33.7417 ], [ -84.5055, 33.7596 ], [ -84.5175, 33.762 ], [ -84.5214, 33.7546 ], [ -84.5283, 33.752 ], [ -84.528, 33.7462 ] ] ] } },
{ "type": "Feature", "properties": { "county": "Fulton", "geoid": "13121002400", "pop": 2804.0, "pop_density": 2073.5872023285701, "median_hh_income": 32763.0, "mean_commute_min": 29.783180026281208 }, "geometry": { "type": "Polygon", "coordinates": [ [ [ -84.4176, 33.7547 ], [ -84.4175, 33.7635 ], [ -84.4314, 33.7635 ], [ -84.4304, 33.7579 ], [ -84.4333, 33.7538 ], [ -84.4176, 33.7547 ] ] ] } },
{ "type": "Feature", "properties": { "county": "Fulton", "geoid": "13121002600", "pop": 1071.0, "pop_density": 1119.9367565125733, "median_hh_income": 34688.0, "mean_commute_min": 33.82462686567164 }, "geometry": { "type": "Polygon", "coordinates": [ [ [ -84.3976, 33.7534 ], [ -84.3979, 33.7634 ], [ -84.4078, 33.7634 ], [ -84.4079, 33.7555 ], [ -84.3976, 33.7534 ] ] ] } },
{ "type": "Feature", "properties": { "county": "Fulton", "geoid": "13121003000", "pop": 3974.0, "pop_density": 3242.4908269493908, "median_hh_income": 147067.0, "mean_commute_min": 23.783389995143274 }, "geometry": { "type": "Polygon", "coordinates": [ [ [ -84.3547, 33.7557 ], [ -84.3492, 33.7597 ], [ -84.3492, 33.7655 ], [ -84.3626, 33.7607 ], [ -84.3671, 33.7525 ], [ -84.3547, 33.7557 ] ] ] } },
{ "type": "Feature", "properties": { "county": "Fulton", "geoid": "13121003100", "pop": 2710.0, "pop_density": 3330.5599150522876, "median_hh_income": 135247.0, "mean_commute_min": 35.909422936449964 }, "geometry": { "type": "Polygon", "coordinates": [ [ [ -84.3492, 33.7476 ], [ -84.3492, 33.7597 ], [ -84.3566, 33.7538 ], [ -84.3582, 33.747 ], [ -84.3492, 33.7476 ] ] ] } },
{ "type": "Feature", "properties": { "county": "Fulton", "geoid": "13121003200", "pop": 2787.0, "pop_density": 2598.1508102091384, "median_hh_income": 113214.0, "mean_commute_min": 26.979414093428346 }, "geometry": { "type": "Polygon", "coordinates": [ [ [ -84.3582, 33.7466 ], [ -84.3535, 33.7566 ], [ -84.375, 33.7498 ], [ -84.3752, 33.7472 ], [ -84.3582, 33.7466 ] ] ] } },
{ "type": "Feature", "properties": { "county": "Fulton", "geoid": "13121003500", "pop": 2904.0, "pop_density": 2089.4296015477894, "median_hh_income": 53254.0, "mean_commute_min": 25.131244707874682 }, "geometry": { "type": "Polygon", "coordinates": [ [ [ -84.3979, 33.7465 ], [ -84.3752, 33.7468 ], [ -84.375, 33.7498 ], [ -84.3839, 33.749 ], [ -84.3938, 33.7549 ], [ -84.3978, 33.7634 ], [ -84.3976, 33.7523 ], [ -84.4016, 33.7495 ], [ -84.3979, 33.7465 ] ] ] } },
{ "type": "Feature", "properties": { "county": "Fulton", "geoid": "13121003800", "pop": 3911.0, "pop_density": 4685.1340731796145, "median_hh_income": 40640.0, "mean_commute_min": 24.900398406374503 }, "geometry": { "type": "Polygon", "coordinates": [ [ [ -84.4176, 33.7465 ], [ -84.4111, 33.7471 ], [ -84.4094, 33.7513 ], [ -84.4066, 33.7463 ], [ -84.4065, 33.7547 ], [ -84.4176, 33.7541 ], [ -84.4176, 33.7465 ] ] ] } },
{ "type": "Feature", "properties": { "county": "Fulton", "geoid": "13121007807", "pop": 3916.0, "pop_density": 1350.9289879140842, "median_hh_income": 39668.0, "mean_commute_min": 63.969578017664375 }, "geometry": { "type": "Polygon", "coordinates": [ [ [ -84.5022, 33.7574 ], [ -84.4819, 33.755 ], [ -84.4829, 33.7618 ], [ -84.492, 33.7686 ], [ -84.514, 33.7701 ], [ -84.5022, 33.7574 ] ] ] } },
{ "type": "Feature", "properties": { "county": "Fulton", "geoid": "13121007808", "pop": 3278.0, "pop_density": 2009.9380953782461, "median_hh_income": 15625.0, "mean_commute_min": 37.872105843439911 }, "geometry": { "type": "Polygon", "coordinates": [ [ [ -84.5084, 33.7396 ], [ -84.5007, 33.7504 ], [ -84.4819, 33.755 ], [ -84.5002, 33.7567 ], [ -84.5055, 33.7596 ], [ -84.5105, 33.7414 ], [ -84.5084, 33.7396 ] ] ] } },
{ "type": "Feature", "properties": { "county": "Fulton", "geoid": "13121007900", "pop": 4971.0, "pop_density": 588.14106014940273, "median_hh_income": 87911.0, "mean_commute_min": 33.63095238095238 }, "geometry": { "type": "Polygon", "coordinates": [ [ [ -84.4897, 33.72 ], [ -84.4737, 33.7197 ], [ -84.4697, 33.7299 ], [ -84.4778, 33.7385 ], [ -84.4852, 33.7398 ], [ -84.4859, 33.745 ], [ -84.4972, 33.7449 ], [ -84.4997, 33.7507 ], [ -84.5088, 33.7389 ], [ -84.511, 33.7256 ], [ -84.4897, 33.72 ] ] ] } },
{ "type": "Feature", "properties": { "county": "Fulton", "geoid": "13121008000", "pop": 5628.0, "pop_density": 951.9030195520678, "median_hh_income": 45734.0, "mean_commute_min": 34.840400190566939 }, "geometry": { "type": "Polygon", "coordinates": [ [ [ -84.4723, 33.72 ], [ -84.4616, 33.7154 ], [ -84.4325, 33.7151 ], [ -84.4325, 33.7224 ], [ -84.4503, 33.7233 ], [ -84.4435, 33.7277 ], [ -84.4464, 33.7291 ], [ -84.4451, 33.7337 ], [ -84.452, 33.7308 ], [ -84.4586, 33.738 ], [ -84.4658, 33.7338 ], [ -84.4735, 33.7395 ], [ -84.4697, 33.7299 ], [ -84.4723, 33.72 ] ] ] } },
{ "type": "Feature", "properties": { "county": "Fulton", "geoid": "13121004000", "pop": 2770.0, "pop_density": 1720.3697366467943, "median_hh_income": 69333.0, "mean_commute_min": 29.733475479744136 }, "geometry": { "type": "Polygon", "coordinates": [ [ [ -84.4339, 33.7424 ], [ -84.426, 33.7535 ], [ -84.4333, 33.7538 ], [ -84.4335, 33.7559 ], [ -84.4461, 33.7515 ], [ -84.4339, 33.7424 ] ] ] } },
{ "type": "Feature", "properties": { "county": "Fulton", "geoid": "13121004100", "pop": 2137.0, "pop_density": 1695.8958051775217, "median_hh_income": 74041.0, "mean_commute_min": 28.898648648648649 }, "geometry": { "type": "Polygon", "coordinates": [ [ [ -84.424, 33.7326 ], [ -84.4233, 33.747 ], [ -84.43, 33.7473 ], [ -84.4339, 33.7424 ], [ -84.4373, 33.7429 ], [ -84.424, 33.7326 ] ] ] } },
{ "type": "Feature", "properties": { "county": "Fulton", "geoid": "13121004400", "pop": 3628.0, "pop_density": 4392.7570362208726, "median_hh_income": 29311.0, "mean_commute_min": 20.827495621716288 }, "geometry": { "type": "Polygon", "coordinates": [ [ [ -84.4014, 33.7345 ], [ -84.3983, 33.7344 ], [ -84.3979, 33.7471 ], [ -84.4072, 33.7416 ], [ -84.4014, 33.7345 ] ] ] } },
{ "type": "Feature", "properties": { "county": "Fulton", "geoid": "13121004800", "pop": 1347.0, "pop_density": 3572.4704946293596, "median_hh_income": 17279.0, "mean_commute_min": 20.426716141001855 }, "geometry": { "type": "Polygon", "coordinates": [ [ [ -84.3794, 33.7424 ], [ -84.3804, 33.7469 ], [ -84.3877, 33.7469 ], [ -84.3878, 33.7431 ], [ -84.3794, 33.7424 ] ] ] } },
{ "type": "Feature", "properties": { "county": "Fulton", "geoid": "13121003900", "pop": 1562.0, "pop_density": 1854.7962870825668, "median_hh_income": 33438.0, "mean_commute_min": 29.392446633825944 }, "geometry": { "type": "Polygon", "coordinates": [ [ [ -84.4175, 33.7454 ], [ -84.4176, 33.7547 ], [ -84.426, 33.7535 ], [ -84.43, 33.7473 ], [ -84.4175, 33.7454 ] ] ] } },
{ "type": "Feature", "properties": { "county": "Fulton", "geoid": "13121004900", "pop": 3082.0, "pop_density": 2776.3114513388809, "median_hh_income": 87449.0, "mean_commute_min": 27.479674796747968 }, "geometry": { "type": "Polygon", "coordinates": [ [ [ -84.3736, 33.7366 ], [ -84.3734, 33.7468 ], [ -84.3804, 33.7469 ], [ -84.3794, 33.7424 ], [ -84.3878, 33.7419 ], [ -84.3879, 33.7371 ], [ -84.3736, 33.7366 ] ] ] } },
{ "type": "Feature", "properties": { "county": "Fulton", "geoid": "13121005000", "pop": 3502.0, "pop_density": 2573.7755641250083, "median_hh_income": 90188.0, "mean_commute_min": 27.426882389545739 }, "geometry": { "type": "Polygon", "coordinates": [ [ [ -84.3698, 33.7416 ], [ -84.3699, 33.7371 ], [ -84.3593, 33.7365 ], [ -84.3582, 33.7466 ], [ -84.3734, 33.7468 ], [ -84.3734, 33.7422 ], [ -84.3698, 33.7416 ] ] ] } },
{ "type": "Feature", "properties": { "county": "Fulton", "geoid": "13121005200", "pop": 4872.0, "pop_density": 2149.378259691834, "median_hh_income": 165815.0, "mean_commute_min": 31.46477445514445 }, "geometry": { "type": "Polygon", "coordinates": [ [ [ -84.3494, 33.724 ], [ -84.3492, 33.7476 ], [ -84.3582, 33.7466 ], [ -84.3636, 33.7284 ], [ -84.3494, 33.724 ] ] ] } },
{ "type": "Feature", "properties": { "county": "Fulton", "geoid": "13121005300", "pop": 4031.0, "pop_density": 1819.6830022828422, "median_hh_income": 132979.0, "mean_commute_min": 34.805352798053526 }, "geometry": { "type": "Polygon", "coordinates": [ [ [ -84.374, 33.7245 ], [ -84.3632, 33.7287 ], [ -84.3593, 33.7365 ], [ -84.3699, 33.7371 ], [ -84.3698, 33.7416 ], [ -84.3736, 33.7416 ], [ -84.3736, 33.7366 ], [ -84.3799, 33.7367 ], [ -84.3786, 33.7243 ], [ -84.374, 33.7245 ] ] ] } },
{ "type": "Feature", "properties": { "county": "Fulton", "geoid": "13121008202", "pop": 2284.0, "pop_density": 327.28341439711716, "median_hh_income": -666666666.0, "mean_commute_min": 33.627300613496935 }, "geometry": { "type": "Polygon", "coordinates": [ [ [ -84.5197, 33.77 ], [ -84.515, 33.7731 ], [ -84.514, 33.7701 ], [ -84.4941, 33.7679 ], [ -84.496, 33.7813 ], [ -84.493, 33.7868 ], [ -84.5013, 33.7939 ], [ -84.5079, 33.7955 ], [ -84.5334, 33.7793 ], [ -84.5197, 33.77 ] ] ] } },
{ "type": "Feature", "properties": { "county": "Fulton", "geoid": "13121008301", "pop": 2997.0, "pop_density": 1140.3345894643282, "median_hh_income": 31543.0, "mean_commute_min": 30.937931034482759 }, "geometry": { "type": "Polygon", "coordinates": [ [ [ -84.4679, 33.7548 ], [ -84.463, 33.754 ], [ -84.4632, 33.76 ], [ -84.4602, 33.761 ], [ -84.4505, 33.7601 ], [ -84.4511, 33.7648 ], [ -84.441, 33.7636 ], [ -84.441, 33.768 ], [ -84.4714, 33.7695 ], [ -84.4679, 33.7548 ] ] ] } },
{ "type": "Feature", "properties": { "county": "Fulton", "geoid": "13121008302", "pop": 1831.0, "pop_density": 968.54221436997148, "median_hh_income": -666666666.0, "mean_commute_min": 31.839622641509433 }, "geometry": { "type": "Polygon", "coordinates": [ [ [ -84.463, 33.754 ], [ -84.4524, 33.7512 ], [ -84.4444, 33.7539 ], [ -84.441, 33.7636 ], [ -84.451, 33.7648 ], [ -84.4505, 33.7601 ], [ -84.4632, 33.76 ], [ -84.463, 33.754 ] ] ] } },
{ "type": "Feature", "properties": { "county": "Fulton", "geoid": "13121008400", "pop": 2805.0, "pop_density": 1577.5877923388289, "median_hh_income": -666666666.0, "mean_commute_min": 28.596730245231608 }, "geometry": { "type": "Polygon", "coordinates": [ [ [ -84.4312, 33.7567 ], [ -84.4314, 33.7635 ], [ -84.4244, 33.7635 ], [ -84.4255, 33.7686 ], [ -84.441, 33.768 ], [ -84.4444, 33.754 ], [ -84.4312, 33.7567 ] ] ] } },
{ "type": "Feature", "properties": { "county": "Fulton", "geoid": "13121008500", "pop": 2258.0, "pop_density": 599.05912167002191, "median_hh_income": 47566.0, "mean_commute_min": 23.335483870967742 }, "geometry": { "type": "Polygon", "coordinates": [ [ [ -84.4565, 33.7766 ], [ -84.4541, 33.7766 ], [ -84.4556, 33.7691 ], [ -84.4255, 33.7686 ], [ -84.4277, 33.7779 ], [ -84.4414, 33.7752 ], [ -84.4453, 33.7837 ], [ -84.4511, 33.7835 ], [ -84.4519, 33.7898 ], [ -84.4589, 33.7895 ], [ -84.4565, 33.7766 ] ] ] } },
{ "type": "Feature", "properties": { "county": "Fulton", "geoid": "13121008601", "pop": 5555.0, "pop_density": 1229.9741716494827, "median_hh_income": 32768.0, "mean_commute_min": 35.007396449704139 }, "geometry": { "type": "Polygon", "coordinates": [ [ [ -84.4719, 33.7691 ], [ -84.4541, 33.771 ], [ -84.4581, 33.7826 ], [ -84.4564, 33.7862 ], [ -84.4615, 33.7916 ], [ -84.4703, 33.7958 ], [ -84.4743, 33.7944 ], [ -84.4767, 33.7881 ], [ -84.4719, 33.7691 ] ] ] } },
{ "type": "Feature", "properties": { "county": "Fulton", "geoid": "13121005501", "pop": 3039.0, "pop_density": 2547.9191574344072, "median_hh_income": 60313.0, "mean_commute_min": 24.345503116651827 }, "geometry": { "type": "Polygon", "coordinates": [ [ [ -84.3786, 33.7243 ], [ -84.3799, 33.7367 ], [ -84.3879, 33.7368 ], [ -84.3881, 33.7218 ], [ -84.3786, 33.7243 ] ] ] } },
{ "type": "Feature", "properties": { "county": "Fulton", "geoid": "13121005700", "pop": 1248.0, "pop_density": 1659.6053649934972, "median_hh_income": 40652.0, "mean_commute_min": 33.504464285714285 }, "geometry": { "type": "Polygon", "coordinates": [ [ [ -84.408, 33.7281 ], [ -84.3992, 33.7293 ], [ -84.3992, 33.7269 ], [ -84.3944, 33.7263 ], [ -84.4028, 33.7361 ], [ -84.4082, 33.7382 ], [ -84.408, 33.7281 ] ] ] } },
{ "type": "Feature", "properties": { "county": "Fulton", "geoid": "13121005800", "pop": 1208.0, "pop_density": 961.44433133854864, "median_hh_income": 64917.0, "mean_commute_min": 33.532258064516128 }, "geometry": { "type": "Polygon", "coordinates": [ [ [ -84.4079, 33.7204 ], [ -84.4082, 33.7382 ], [ -84.4055, 33.7382 ], [ -84.4047, 33.7447 ], [ -84.4118, 33.741 ], [ -84.4169, 33.728 ], [ -84.4079, 33.7204 ] ] ] } },
{ "type": "Feature", "properties": { "county": "Fulton", "geoid": "13121006100", "pop": 3360.0, "pop_density": 1495.3603774004762, "median_hh_income": 48627.0, "mean_commute_min": 33.072961373390555 }, "geometry": { "type": "Polygon", "coordinates": [ [ [ -84.4274, 33.7223 ], [ -84.4248, 33.7317 ], [ -84.4451, 33.7337 ], [ -84.4464, 33.7291 ], [ -84.4435, 33.7277 ], [ -84.4504, 33.7235 ], [ -84.4274, 33.7223 ] ] ] } },
{ "type": "Feature", "properties": { "county": "Fulton", "geoid": "13121006300", "pop": 1750.0, "pop_density": 1319.9936036881377, "median_hh_income": 40075.0, "mean_commute_min": 31.585195530726256 }, "geometry": { "type": "Polygon", "coordinates": [ [ [ -84.4079, 33.7204 ], [ -84.3942, 33.7193 ], [ -84.3881, 33.7216 ], [ -84.3992, 33.7269 ], [ -84.3992, 33.7293 ], [ -84.408, 33.7281 ], [ -84.4079, 33.7204 ] ] ] } },
{ "type": "Feature", "properties": { "county": "Fulton", "geoid": "13121006400", "pop": 772.0, "pop_density": 614.49654664084505, "median_hh_income": 45781.0, "mean_commute_min": 57.943349753694584 }, "geometry": { "type": "Polygon", "coordinates": [ [ [ -84.3738, 33.71 ], [ -84.3736, 33.714 ], [ -84.3686, 33.7138 ], [ -84.3684, 33.7262 ], [ -84.3786, 33.7243 ], [ -84.3797, 33.7173 ], [ -84.3738, 33.71 ] ] ] } },
{ "type": "Feature", "properties": { "county": "Fulton", "geoid": "13121006500", "pop": 3420.0, "pop_density": 1039.7162486672935, "median_hh_income": 70234.0, "mean_commute_min": 35.28 }, "geometry": { "type": "Polygon", "coordinates": [ [ [ -84.4183, 33.7027 ], [ -84.4119, 33.7022 ], [ -84.408, 33.7073 ], [ -84.4038, 33.7041 ], [ -84.3965, 33.7196 ], [ -84.4093, 33.7207 ], [ -84.4147, 33.7267 ], [ -84.4183, 33.7266 ], [ -84.4183, 33.7027 ] ] ] } },
{ "type": "Feature", "properties": { "county": "Fulton", "geoid": "13121008602", "pop": 1298.0, "pop_density": 289.89255438444621, "median_hh_income": 40060.0, "mean_commute_min": 33.89496717724289 }, "geometry": { "type": "Polygon", "coordinates": [ [ [ -84.4994, 33.7931 ], [ -84.4864, 33.7823 ], [ -84.4737, 33.7763 ], [ -84.4767, 33.7812 ], [ -84.4743, 33.7944 ], [ -84.4884, 33.7994 ], [ -84.4951, 33.8085 ], [ -84.5078, 33.7956 ], [ -84.4994, 33.7931 ] ] ] } },
{ "type": "Feature", "properties": { "county": "Fulton", "geoid": "13121007500", "pop": 3072.0, "pop_density": 924.40186204385486, "median_hh_income": 21926.0, "mean_commute_min": 39.721638655462186 }, "geometry": { "type": "Polygon", "coordinates": [ [ [ -84.4154, 33.6972 ], [ -84.4162, 33.6839 ], [ -84.3987, 33.6859 ], [ -84.4046, 33.6953 ], [ -84.4062, 33.7073 ], [ -84.4122, 33.705 ], [ -84.4119, 33.7022 ], [ -84.4291, 33.7015 ], [ -84.4295, 33.698 ], [ -84.4154, 33.6972 ] ] ] } },
{ "type": "Feature", "properties": { "county": "Clayton", "geoid": "13063040307", "pop": 4281.0, "pop_density": 1396.7747261101276, "median_hh_income": 59537.0, "mean_commute_min": 31.514900662251655 }, "geometry": { "type": "Polygon", "coordinates": [ [ [ -84.3718, 33.5909 ], [ -84.3511, 33.5857 ], [ -84.3509, 33.5966 ], [ -84.3553, 33.6033 ], [ -84.3716, 33.6057 ], [ -84.3747, 33.6037 ], [ -84.3718, 33.5909 ] ] ] } },
{ "type": "Feature", "properties": { "county": "Coweta", "geoid": "13077170200", "pop": 8164.0, "pop_density": 213.03061067740003, "median_hh_income": 76071.0, "mean_commute_min": 26.327561327561327 }, "geometry": { "type": "Polygon", "coordinates": [ [ [ -84.8797, 33.3969 ], [ -84.8385, 33.3847 ], [ -84.8184, 33.3862 ], [ -84.811, 33.3812 ], [ -84.7998, 33.3804 ], [ -84.8005, 33.3929 ], [ -84.8102, 33.4032 ], [ -84.812, 33.4282 ], [ -84.8172, 33.4438 ], [ -84.8388, 33.4432 ], [ -84.8497, 33.4391 ], [ -84.8599, 33.4433 ], [ -84.861, 33.4466 ], [ -84.8685, 33.4324 ], [ -84.8749, 33.4319 ], [ -84.8883, 33.4181 ], [ -84.8797, 33.3969 ] ] ] } },
{ "type": "Feature", "properties": { "county": "Fulton", "geoid": "13121006000", "pop": 3408.0, "pop_density": 2175.9534162085542, "median_hh_income": 58935.0, "mean_commute_min": 30.374351371386211 }, "geometry": { "type": "Polygon", "coordinates": [ [ [ -84.424, 33.7326 ], [ -84.4403, 33.7459 ], [ -84.4465, 33.7441 ], [ -84.4474, 33.7345 ], [ -84.424, 33.7326 ] ] ] } },
{ "type": "Feature", "properties": { "county": "DeKalb", "geoid": "13089980000", "pop": 0.0, "pop_density": 0.0, "median_hh_income": -666666666.0, "mean_commute_min": -666666666.0 }, "geometry": { "type": "Polygon", "coordinates": [ [ [ -84.3097, 33.7407 ], [ -84.2953, 33.7397 ], [ -84.2952, 33.7449 ], [ -84.3097, 33.7453 ], [ -84.3097, 33.7407 ] ] ] } },
{ "type": "Feature", "properties": { "county": "DeKalb", "geoid": "13089023315", "pop": 7509.0, "pop_density": 322.19005136848176, "median_hh_income": 79380.0, "mean_commute_min": 41.987289591205773 }, "geometry": { "type": "Polygon", "coordinates": [ [ [ -84.1028, 33.742 ], [ -84.1039, 33.7336 ], [ -84.0984, 33.7383 ], [ -84.0923, 33.739 ], [ -84.0859, 33.7379 ], [ -84.0877, 33.7349 ], [ -84.0721, 33.7355 ], [ -84.0649, 33.7326 ], [ -84.047, 33.7347 ], [ -84.0237, 33.7528 ], [ -84.0403, 33.7577 ], [ -84.0581, 33.7727 ], [ -84.0733, 33.775 ], [ -84.0779, 33.772 ], [ -84.078, 33.7673 ], [ -84.1024, 33.7675 ], [ -84.1082, 33.7588 ], [ -84.1028, 33.742 ] ] ] } },
{ "type": "Feature", "properties": { "county": "DeKalb", "geoid": "13089021411", "pop": 4124.0, "pop_density": 2473.4912393186742, "median_hh_income": 127764.0, "mean_commute_min": 27.607003891050585 }, "geometry": { "type": "Polygon", "coordinates": [ [ [ -84.3221, 33.8621 ], [ -84.3204, 33.8661 ], [ -84.3255, 33.8765 ], [ -84.3318, 33.8721 ], [ -84.3389, 33.8607 ], [ -84.3221, 33.8621 ] ] ] } },
{ "type": "Feature", "properties": { "county": "DeKalb", "geoid": "13089021416", "pop": 2181.0, "pop_density": 2804.4846036238414, "median_hh_income": 123942.0, "mean_commute_min": 23.902157164869028 }, "geometry": { "type": "Polygon", "coordinates": [ [ [ -84.3298, 33.842 ], [ -84.3274, 33.8441 ], [ -84.3392, 33.8534 ], [ -84.3391, 33.8469 ], [ -84.3298, 33.842 ] ] ] } }
]
}
