data_status,msn,statecode,year,data
2024,ABICB,GA,2020,0
2024,ABICB,GA,2021,0
2024,ABICB,GA,2022,0
2024,ABICB,GA,2023,0
2024,ABICB,GA,2024,0
2024,ABICP,GA,2020,0
2024,ABICP,GA,2021,0
2024,ABICP,GA,2022,0
2024,ABICP,GA,2023,0
2024,ABICP,GA,2024,0
2024,ARICB,GA,2020,25529
2024,ARICB,GA,2021,26682
2024,ARICB,GA,2022,26482
2024,ARICB,GA,2023,32533
2024,ARICB,GA,2024,28910
2024,ARICD,GA,2020,12.23
2024,ARICD,GA,2021,13.28
2024,ARICD,GA,2022,18.73
2024,ARICD,GA,2023,17.21
2024,ARICD,GA,2024,16.31
2024,ARICE,GA,2020,0
2024,ARICE,GA,2021,0
2024,ARICE,GA,2022,0
2024,ARICE,GA,2023,0
2024,ARICE,GA,2024,0
2024,ARICP,GA,2020,3847
2024,ARICP,GA,2021,4021
2024,ARICP,GA,2022,3991
2024,ARICP,GA,2023,4903
2024,ARICP,GA,2024,4356
2024,ARICV,GA,2020,312.3
2024,ARICV,GA,2021,354.3
2024,ARICV,GA,2022,496.1
2024,ARICV,GA,2023,559.8
2024,ARICV,GA,2024,471.6
2024,ARTCB,GA,2020,25529
2024,ARTCB,GA,2021,26682
2024,ARTCB,GA,2022,26482
2024,ARTCB,GA,2023,32533
2024,ARTCB,GA,2024,28910
2024,ARTCD,GA,2020,12.23
2024,ARTCD,GA,2021,13.28
2024,ARTCD,GA,2022,18.73
2024,ARTCD,GA,2023,17.21
2024,ARTCD,GA,2024,16.31
2024,ARTCE,GA,2020,0
2024,ARTCE,GA,2021,0
2024,ARTCE,GA,2022,0
2024,ARTCE,GA,2023,0
2024,ARTCE,GA,2024,0
2024,ARTCP,GA,2020,3847
2024,ARTCP,GA,2021,4021
2024,ARTCP,GA,2022,3991
2024,ARTCP,GA,2023,4903
2024,ARTCP,GA,2024,4356
2024,ARTCV,GA,2020,312.3
2024,ARTCV,GA,2021,354.3
2024,ARTCV,GA,2022,496.1
2024,ARTCV,GA,2023,559.8
2024,ARTCV,GA,2024,471.6
2024,ARTXB,GA,2020,25529
2024,ARTXB,GA,2021,26682
2024,ARTXB,GA,2022,26482
2024,ARTXB,GA,2023,32533
2024,ARTXB,GA,2024,28910
2024,ARTXD,GA,2020,12.23
2024,ARTXD,GA,2021,13.28
2024,ARTXD,GA,2022,18.73
2024,ARTXD,GA,2023,17.21
2024,ARTXD,GA,2024,16.31
2024,ARTXP,GA,2020,3847
2024,ARTXP,GA,2021,4021
2024,ARTXP,GA,2022,3991
2024,ARTXP,GA,2023,4903
2024,ARTXP,GA,2024,4356
2024,ARTXV,GA,2020,312.3
2024,ARTXV,GA,2021,354.3
2024,ARTXV,GA,2022,496.1
2024,ARTXV,GA,2023,559.8
2024,ARTXV,GA,2024,471.6
2024,AVACB,GA,2020,636
2024,AVACB,GA,2021,717
2024,AVACB,GA,2022,742
2024,AVACB,GA,2023,704
2024,AVACB,GA,2024,757
2024,AVACD,GA,2020,22.34
2024,AVACD,GA,2021,28.86
2024,AVACD,GA,2022,36.02
2024,AVACD,GA,2023,32.62
2024,AVACD,GA,2024,31.81
2024,AVACE,GA,2020,0.044
2024,AVACE,GA,2021,0.05
2024,AVACE,GA,2022,0.051
2024,AVACE,GA,2023,0.049
2024,AVACE,GA,2024,0.052
2024,AVACP,GA,2020,126
2024,AVACP,GA,2021,142
2024,AVACP,GA,2022,147
2024,AVACP,GA,2023,140
2024,AVACP,GA,2024,150
2024,AVACV,GA,2020,14.2
2024,AVACV,GA,2021,20.7
2024,AVACV,GA,2022,26.7
2024,AVACV,GA,2023,23
2024,AVACV,GA,2024,24.1
2024,AVTCB,GA,2020,636
2024,AVTCB,GA,2021,717
2024,AVTCB,GA,2022,742
2024,AVTCB,GA,2023,704
2024,AVTCB,GA,2024,757
2024,AVTCD,GA,2020,22.34
2024,AVTCD,GA,2021,28.86
2024,AVTCD,GA,2022,36.02
2024,AVTCD,GA,2023,32.62
2024,AVTCD,GA,2024,31.81
2024,AVTCE,GA,2020,0.044
2024,AVTCE,GA,2021,0.05
2024,AVTCE,GA,2022,0.051
2024,AVTCE,GA,2023,0.049
2024,AVTCE,GA,2024,0.052
2024,AVTCP,GA,2020,126
2024,AVTCP,GA,2021,142
2024,AVTCP,GA,2022,147
2024,AVTCP,GA,2023,140
2024,AVTCP,GA,2024,150
2024,AVTCV,GA,2020,14.2
2024,AVTCV,GA,2021,20.7
2024,AVTCV,GA,2022,26.7
2024,AVTCV,GA,2023,23
2024,AVTCV,GA,2024,24.1
2024,AVTXB,GA,2020,636
2024,AVTXB,GA,2021,717
2024,AVTXB,GA,2022,742
2024,AVTXB,GA,2023,704
2024,AVTXB,GA,2024,757
2024,AVTXD,GA,2020,22.34
2024,AVTXD,GA,2021,28.86
2024,AVTXD,GA,2022,36.02
2024,AVTXD,GA,2023,32.62
2024,AVTXD,GA,2024,31.81
2024,AVTXP,GA,2020,126
2024,AVTXP,GA,2021,142
2024,AVTXP,GA,2022,147
2024,AVTXP,GA,2023,140
2024,AVTXP,GA,2024,150
2024,AVTXV,GA,2020,14.2
2024,AVTXV,GA,2021,20.7
2024,AVTXV,GA,2022,26.7
2024,AVTXV,GA,2023,23
2024,AVTXV,GA,2024,24.1
2024,B1ABB,GA,2020,0
2024,B1ABB,GA,2021,0
2024,B1ABB,GA,2022,0
2024,B1ABB,GA,2023,0
2024,B1ABB,GA,2024,0
2024,B1ABP,GA,2020,0
2024,B1ABP,GA,2021,0
2024,B1ABP,GA,2022,0
2024,B1ABP,GA,2023,0
2024,B1ABP,GA,2024,0
2024,B1ACB,GA,2020,0
2024,B1ACB,GA,2021,0
2024,B1ACB,GA,2022,0
2024,B1ACB,GA,2023,0
2024,B1ACB,GA,2024,0
2024,B1ACP,GA,2020,0
2024,B1ACP,GA,2021,0
2024,B1ACP,GA,2022,0
2024,B1ACP,GA,2023,0
2024,B1ACP,GA,2024,0
2024,B1AUB,GA,2021,0
2024,B1AUB,GA,2022,0
2024,B1AUB,GA,2023,0
2024,B1AUB,GA,2024,0
2024,B1AUP,GA,2021,0
2024,B1AUP,GA,2022,0
2024,B1AUP,GA,2023,0
2024,B1AUP,GA,2024,0
2024,B1PRB,GA,2020,0
2024,B1PRB,GA,2021,0
2024,B1PRB,GA,2022,0
2024,B1PRB,GA,2023,0
2024,B1PRB,GA,2024,0
2024,B1PRP,GA,2020,0
2024,B1PRP,GA,2021,0
2024,B1PRP,GA,2022,0
2024,B1PRP,GA,2023,0
2024,B1PRP,GA,2024,0
2024,B1RIB,GA,2020,0
2024,B1RIB,GA,2021,0
2024,B1RIB,GA,2022,0
2024,B1RIB,GA,2023,0
2024,B1RIB,GA,2024,0
2024,B1RIP,GA,2020,0
2024,B1RIP,GA,2021,0
2024,B1RIP,GA,2022,0
2024,B1RIP,GA,2023,0
2024,B1RIP,GA,2024,0
2024,B1TCB,GA,2020,0
2024,B1TCB,GA,2021,0
2024,B1TCB,GA,2022,0
2024,B1TCB,GA,2023,0
2024,B1TCB,GA,2024,0
2024,B1TCP,GA,2020,0
2024,B1TCP,GA,2021,0
2024,B1TCP,GA,2022,0
2024,B1TCP,GA,2023,0
2024,B1TCP,GA,2024,0
2024,BDABB,GA,2020,2325
2024,BDABB,GA,2021,2008
2024,BDABB,GA,2022,1739
2024,BDABB,GA,2023,2347
2024,BDABB,GA,2024,2182
2024,BDABP,GA,2020,434
2024,BDABP,GA,2021,375
2024,BDABP,GA,2022,325
2024,BDABP,GA,2023,438
2024,BDABP,GA,2024,407
2024,BDACB,GA,2020,5968
2024,BDACB,GA,2021,4717
2024,BDACB,GA,2022,4204
2024,BDACB,GA,2023,6331
2024,BDACB,GA,2024,6219
2024,BDACP,GA,2020,1114
2024,BDACP,GA,2021,880
2024,BDACP,GA,2022,784
2024,BDACP,GA,2023,1181
2024,BDACP,GA,2024,1160
2024,BDAUB,GA,2021,2710
2024,BDAUB,GA,2022,2465
2024,BDAUB,GA,2023,3984
2024,BDAUB,GA,2024,4037
2024,BDAUP,GA,2021,506
2024,BDAUP,GA,2022,460
2024,BDAUP,GA,2023,743
2024,BDAUP,GA,2024,753
2024,BDCBB,GA,2020,0
2024,BDCBB,GA,2021,0
2024,BDCBB,GA,2022,0
2024,BDCBB,GA,2023,0
2024,BDCBB,GA,2024,0
2024,BDCBP,GA,2020,0
2024,BDCBP,GA,2021,0
2024,BDCBP,GA,2022,0
2024,BDCBP,GA,2023,0
2024,BDCBP,GA,2024,0
2024,BDCCB,GA,2020,0
2024,BDCCB,GA,2021,0
2024,BDCCB,GA,2022,0
2024,BDCCB,GA,2023,0
2024,BDCCB,GA,2024,0
2024,BDCCP,GA,2020,0
2024,BDCCP,GA,2021,0
2024,BDCCP,GA,2022,0
2024,BDCCP,GA,2023,0
2024,BDCCP,GA,2024,0
2024,BDCUB,GA,2021,0
2024,BDCUB,GA,2022,0
2024,BDCUB,GA,2023,0
2024,BDCUB,GA,2024,0
2024,BDCUP,GA,2021,0
2024,BDCUP,GA,2022,0
2024,BDCUP,GA,2023,0
2024,BDCUP,GA,2024,0
2024,BDEIB,GA,2020,12
2024,BDEIB,GA,2021,8
2024,BDEIB,GA,2022,7
2024,BDEIB,GA,2023,4
2024,BDEIB,GA,2024,8
2024,BDEIK,GA,2020,5.201
2024,BDEIK,GA,2021,5.2
2024,BDEIK,GA,2022,5.199
2024,BDEIK,GA,2023,5.199
2024,BDEIK,GA,2024,5.188
2024,BDEIP,GA,2020,2
2024,BDEIP,GA,2021,2
2024,BDEIP,GA,2022,1
2024,BDEIP,GA,2023,1
2024,BDEIP,GA,2024,2
2024,BDEUB,GA,2021,8
2024,BDEUB,GA,2022,7
2024,BDEUB,GA,2023,4
2024,BDEUB,GA,2024,8
2024,BDEUP,GA,2021,2
2024,BDEUP,GA,2022,1
2024,BDEUP,GA,2023,1
2024,BDEUP,GA,2024,2
2024,BDFDB,GA,2020,1327
2024,BDFDB,GA,2021,1908
2024,BDFDB,GA,2022,438
2024,BDFDB,GA,2023,18
2024,BDFDB,GA,2024,0
2024,BDLCB,GA,2020,18
2024,BDLCB,GA,2021,26
2024,BDLCB,GA,2022,6
2024,BDLCB,GA,2023,0
2024,BDLCB,GA,2024,0
2024,BDPRP,GA,2020,244
2024,BDPRP,GA,2021,351
2024,BDPRP,GA,2022,81
2024,BDPRP,GA,2023,3
2024,BDPRP,GA,2024,0
2024,BDRBB,GA,2020,0
2024,BDRBB,GA,2021,0
2024,BDRBB,GA,2022,0
2024,BDRBB,GA,2023,0
2024,BDRBB,GA,2024,0
2024,BDRBP,GA,2020,0
2024,BDRBP,GA,2021,0
2024,BDRBP,GA,2022,0
2024,BDRBP,GA,2023,0
2024,BDRBP,GA,2024,0
2024,BDRCB,GA,2020,0
2024,BDRCB,GA,2021,0
2024,BDRCB,GA,2022,0
2024,BDRCB,GA,2023,0
2024,BDRCB,GA,2024,0
2024,BDRCP,GA,2020,0
2024,BDRCP,GA,2021,0
2024,BDRCP,GA,2022,0
2024,BDRCP,GA,2023,0
2024,BDRCP,GA,2024,0
2024,BDRIB,GA,2020,2325
2024,BDRIB,GA,2021,2008
2024,BDRIB,GA,2022,1739
2024,BDRIB,GA,2023,2347
2024,BDRIB,GA,2024,2182
2024,BDRIP,GA,2020,434
2024,BDRIP,GA,2021,375
2024,BDRIP,GA,2022,325
2024,BDRIP,GA,2023,438
2024,BDRIP,GA,2024,407
2024,BDRUB,GA,2021,0
2024,BDRUB,GA,2022,0
2024,BDRUB,GA,2023,0
2024,BDRUB,GA,2024,0
2024,BDRUP,GA,2021,0
2024,BDRUP,GA,2022,0
2024,BDRUP,GA,2023,0
2024,BDRUP,GA,2024,0
2024,BDSUB,GA,2021,2718
2024,BDSUB,GA,2022,2472
2024,BDSUB,GA,2023,3988
2024,BDSUB,GA,2024,4046
2024,BDSUP,GA,2021,507
2024,BDSUP,GA,2022,461
2024,BDSUP,GA,2023,744
2024,BDSUP,GA,2024,755
2024,BDTCB,GA,2020,5980
2024,BDTCB,GA,2021,4726
2024,BDTCB,GA,2022,4211
2024,BDTCB,GA,2023,6335
2024,BDTCB,GA,2024,6227
2024,BDTCK,GA,2020,5.359
2024,BDTCK,GA,2021,5.359
2024,BDTCK,GA,2022,5.359
2024,BDTCK,GA,2023,5.359
2024,BDTCK,GA,2024,5.359
2024,BDTCP,GA,2020,1116
2024,BDTCP,GA,2021,882
2024,BDTCP,GA,2022,786
2024,BDTCP,GA,2023,1182
2024,BDTCP,GA,2024,1162
2024,BDTXB,GA,2020,5968
2024,BDTXB,GA,2021,4717
2024,BDTXB,GA,2022,4204
2024,BDTXB,GA,2023,6331
2024,BDTXB,GA,2024,6219
2024,BDTXP,GA,2020,1114
2024,BDTXP,GA,2021,880
2024,BDTXP,GA,2022,784
2024,BDTXP,GA,2023,1181
2024,BDTXP,GA,2024,1160
2024,BDXUB,GA,2021,2710
2024,BDXUB,GA,2022,2465
2024,BDXUB,GA,2023,3984
2024,BDXUB,GA,2024,4037
2024,BDXUP,GA,2021,506
2024,BDXUP,GA,2022,460
2024,BDXUP,GA,2023,743
2024,BDXUP,GA,2024,753
2024,BFLCB,GA,2020,2596
2024,BFLCB,GA,2021,26
2024,BFLCB,GA,2022,6
2024,BFLCB,GA,2023,0
2024,BFLCB,GA,2024,0
2024,BFPRB,GA,2020,7968
2024,BFPRB,GA,2021,1908
2024,BFPRB,GA,2022,438
2024,BFPRB,GA,2023,18
2024,BFPRB,GA,2024,0
2024,BFPRP,GA,2020,1413
2024,BFPRP,GA,2021,351
2024,BFPRP,GA,2022,81
2024,BFPRP,GA,2023,3
2024,BFPRP,GA,2024,0
2024,BFTCB,GA,2020,45949
2024,BFTCB,GA,2021,43602
2024,BFTCB,GA,2022,42456
2024,BFTCB,GA,2023,48346
2024,BFTCB,GA,2024,47015
2024,BMCAS,GA,2020,68.1
2024,BMCAS,GA,2021,70.1
2024,BMCAS,GA,2022,66.3
2024,BMCAS,GA,2023,58.7
2024,BMCAS,GA,2024,63.5
2024,BMTCB,GA,2020,256340
2024,BMTCB,GA,2021,258089
2024,BMTCB,GA,2022,264421
2024,BMTCB,GA,2023,261815
2024,BMTCB,GA,2024,254151
2024,BOPRB,GA,2020,0
2024,BOPRB,GA,2021,0
2024,BOPRB,GA,2022,0
2024,BOPRB,GA,2023,0
2024,BOPRB,GA,2024,0
2024,BOPRP,GA,2020,0
2024,BOPRP,GA,2021,0
2024,BOPRP,GA,2022,0
2024,BOPRP,GA,2023,0
2024,BOPRP,GA,2024,0
2024,BQICB,GA,2020,0
2024,BQICB,GA,2021,0
2024,BQICB,GA,2022,0
2024,BQICB,GA,2023,0
2024,BQICB,GA,2024,0
2024,BQICP,GA,2020,0
2024,BQICP,GA,2021,0
2024,BQICP,GA,2022,0
2024,BQICP,GA,2023,0
2024,BQICP,GA,2024,0
2024,BQTCB,GA,2020,0
2024,BQTCB,GA,2021,0
2024,BQTCB,GA,2022,0
2024,BQTCB,GA,2023,0
2024,BQTCB,GA,2024,0
2024,BQTCP,GA,2020,0
2024,BQTCP,GA,2021,0
2024,BQTCP,GA,2022,0
2024,BQTCP,GA,2023,0
2024,BQTCP,GA,2024,0
2024,BTCAS,GA,2020,0.1
2024,BTCAS,GA,2021,3.6
2024,BTCAS,GA,2022,6
2024,BTCAS,GA,2023,7.1
2024,BTCAS,GA,2024,7.9
2024,BTGBP,GA,2020,2
2024,BTGBP,GA,2021,42
2024,BTGBP,GA,2022,81
2024,BTGBP,GA,2023,81
2024,BTGBP,GA,2024,146
2024,BTVHN,GA,2020,22.5
2024,BTVHN,GA,2021,32.9
2024,BTVHN,GA,2022,50.4
2024,BTVHN,GA,2023,88.4
2024,BTVHN,GA,2024,115.9
2024,BTVHP,GA,2020,41
2024,BTVHP,GA,2021,50
2024,BTVHP,GA,2022,81
2024,BTVHP,GA,2023,239
2024,BTVHP,GA,2024,342
2024,BXSUB,GA,2021,2718
2024,BXSUB,GA,2022,2472
2024,BXSUB,GA,2023,3988
2024,BXSUB,GA,2024,4046
2024,BXSUP,GA,2021,507
2024,BXSUP,GA,2022,461
2024,BXSUP,GA,2023,744
2024,BXSUP,GA,2024,755
2024,BYICB,GA,2020,0
2024,BYICB,GA,2021,0
2024,BYICB,GA,2022,0
2024,BYICB,GA,2023,0
2024,BYICB,GA,2024,0
2024,BYICP,GA,2020,0
2024,BYICP,GA,2021,0
2024,BYICP,GA,2022,0
2024,BYICP,GA,2023,0
2024,BYICP,GA,2024,0
2024,BYTCB,GA,2020,0
2024,BYTCB,GA,2021,0
2024,BYTCB,GA,2022,0
2024,BYTCB,GA,2023,0
2024,BYTCB,GA,2024,0
2024,BYTCP,GA,2020,0
2024,BYTCP,GA,2021,0
2024,BYTCP,GA,2022,0
2024,BYTCP,GA,2023,0
2024,BYTCP,GA,2024,0
2024,CDEGR,GA,2020,192.8
2024,CDEGR,GA,2021,192.6
2024,CDEGR,GA,2022,186.6
2024,CDEGR,GA,2023,187.9
2024,CDEGR,GA,2024,183.3
2024,CDTCR,GA,2020,47.6
2024,CDTCR,GA,2021,48.7
2024,CDTCR,GA,2022,48.3
2024,CDTCR,GA,2023,48
2024,CDTCR,GA,2024,46.3
2024,CDTPR,GA,2020,10.8
2024,CDTPR,GA,2021,11.5
2024,CDTPR,GA,2022,11.4
2024,CDTPR,GA,2023,11.5
2024,CDTPR,GA,2024,11.4
2024,CLACB,GA,2020,0
2024,CLACB,GA,2021,0
2024,CLACB,GA,2022,0
2024,CLACB,GA,2023,0
2024,CLACB,GA,2024,0
2024,CLACD,GA,2020,0
2024,CLACD,GA,2021,0
2024,CLACD,GA,2022,0
2024,CLACD,GA,2023,0
2024,CLACD,GA,2024,0
2024,CLACE,GA,2020,0
2024,CLACE,GA,2021,0
2024,CLACE,GA,2022,0
2024,CLACE,GA,2023,0
2024,CLACE,GA,2024,0
2024,CLACK,GA,2020,0
2024,CLACK,GA,2021,0
2024,CLACK,GA,2022,0
2024,CLACK,GA,2023,0
2024,CLACK,GA,2024,0
2024,CLACP,GA,2020,0
2024,CLACP,GA,2021,0
2024,CLACP,GA,2022,0
2024,CLACP,GA,2023,0
2024,CLACP,GA,2024,0
2024,CLACV,GA,2020,0
2024,CLACV,GA,2021,0
2024,CLACV,GA,2022,0
2024,CLACV,GA,2023,0
2024,CLACV,GA,2024,0
2024,CLCAS,GA,2020,18.8
2024,CLCAS,GA,2021,25.9
2024,CLCAS,GA,2022,27.5
2024,CLCAS,GA,2023,33.1
2024,CLCAS,GA,2024,35
2024,CLCCB,GA,2020,0
2024,CLCCB,GA,2021,0
2024,CLCCB,GA,2022,0
2024,CLCCB,GA,2023,0
2024,CLCCB,GA,2024,0
2024,CLCCD,GA,2020,0
2024,CLCCD,GA,2021,0
2024,CLCCD,GA,2022,0
2024,CLCCD,GA,2023,0
2024,CLCCD,GA,2024,0
2024,CLCCE,GA,2020,0
2024,CLCCE,GA,2021,0
2024,CLCCE,GA,2022,0
2024,CLCCE,GA,2023,0
2024,CLCCE,GA,2024,0
2024,CLCCP,GA,2020,0
2024,CLCCP,GA,2021,0
2024,CLCCP,GA,2022,0
2024,CLCCP,GA,2023,0
2024,CLCCP,GA,2024,0
2024,CLCCV,GA,2020,0
2024,CLCCV,GA,2021,0
2024,CLCCV,GA,2022,0
2024,CLCCV,GA,2023,0
2024,CLCCV,GA,2024,0
2024,CLEIB,GA,2020,146279
2024,CLEIB,GA,2021,196611
2024,CLEIB,GA,2022,174369
2024,CLEIB,GA,2023,173140
2024,CLEIB,GA,2024,186907
2024,CLEID,GA,2020,2.69
2024,CLEID,GA,2021,2.75
2024,CLEID,GA,2022,3.88
2024,CLEID,GA,2023,4.48
2024,CLEID,GA,2024,4.14
2024,CLEIE,GA,2020,14.01
2024,CLEIE,GA,2021,18.837
2024,CLEIE,GA,2022,16.706
2024,CLEIE,GA,2023,16.589
2024,CLEIE,GA,2024,17.908
2024,CLEIK,GA,2020,19.928
2024,CLEIK,GA,2021,19.801
2024,CLEIK,GA,2022,19.684
2024,CLEIK,GA,2023,20.094
2024,CLEIK,GA,2024,20.168
2024,CLEIP,GA,2020,7340
2024,CLEIP,GA,2021,9930
2024,CLEIP,GA,2022,8858
2024,CLEIP,GA,2023,8616
2024,CLEIP,GA,2024,9267
2024,CLEIV,GA,2020,393.8
2024,CLEIV,GA,2021,540.9
2024,CLEIV,GA,2022,676.3
2024,CLEIV,GA,2023,775.1
2024,CLEIV,GA,2024,773.8
2024,CLGBP,GA,2020,8416
2024,CLGBP,GA,2021,8384
2024,CLGBP,GA,2022,5780
2024,CLGBP,GA,2023,5780
2024,CLGBP,GA,2024,5780
2024,CLHCK,GA,2020,0
2024,CLHCK,GA,2021,0
2024,CLHCK,GA,2022,0
2024,CLHCK,GA,2023,0
2024,CLHCK,GA,2024,0
2024,CLICB,GA,2020,6900
2024,CLICB,GA,2021,7258
2024,CLICB,GA,2022,6519
2024,CLICB,GA,2023,4381
2024,CLICB,GA,2024,4594
2024,CLICD,GA,2020,3.65
2024,CLICD,GA,2021,3.77
2024,CLICD,GA,2022,7.88
2024,CLICD,GA,2023,7.04
2024,CLICD,GA,2024,4.6
2024,CLICE,GA,2020,0.661
2024,CLICE,GA,2021,0.695
2024,CLICE,GA,2022,0.624
2024,CLICE,GA,2023,0.419
2024,CLICE,GA,2024,0.44
2024,CLICP,GA,2020,275
2024,CLICP,GA,2021,288
2024,CLICP,GA,2022,261
2024,CLICP,GA,2023,177
2024,CLICP,GA,2024,183
2024,CLICV,GA,2020,25.2
2024,CLICV,GA,2021,27.3
2024,CLICV,GA,2022,51.3
2024,CLICV,GA,2023,30.9
2024,CLICV,GA,2024,21.1
2024,CLISB,GA,2020,6900
2024,CLISB,GA,2021,7258
2024,CLISB,GA,2022,6519
2024,CLISB,GA,2023,4381
2024,CLISB,GA,2024,4594
2024,CLKCB,GA,2020,0
2024,CLKCB,GA,2021,0
2024,CLKCB,GA,2022,0
2024,CLKCB,GA,2023,0
2024,CLKCB,GA,2024,0
2024,CLKCD,GA,2020,0
2024,CLKCD,GA,2021,0
2024,CLKCD,GA,2022,0
2024,CLKCD,GA,2023,0
2024,CLKCD,GA,2024,0
2024,CLKCK,GA,2020,0
2024,CLKCK,GA,2021,0
2024,CLKCK,GA,2022,0
2024,CLKCK,GA,2023,0
2024,CLKCK,GA,2024,0
2024,CLKCP,GA,2020,0
2024,CLKCP,GA,2021,0
2024,CLKCP,GA,2022,0
2024,CLKCP,GA,2023,0
2024,CLKCP,GA,2024,0
2024,CLKCV,GA,2020,0
2024,CLKCV,GA,2021,0
2024,CLKCV,GA,2022,0
2024,CLKCV,GA,2023,0
2024,CLKCV,GA,2024,0
2024,CLOCB,GA,2020,6900
2024,CLOCB,GA,2021,7258
2024,CLOCB,GA,2022,6519
2024,CLOCB,GA,2023,4381
2024,CLOCB,GA,2024,4594
2024,CLOCD,GA,2020,3.65
2024,CLOCD,GA,2021,3.77
2024,CLOCD,GA,2022,7.88
2024,CLOCD,GA,2023,7.04
2024,CLOCD,GA,2024,4.6
2024,CLOCK,GA,2020,25.079
2024,CLOCK,GA,2021,25.235
2024,CLOCK,GA,2022,24.977
2024,CLOCK,GA,2023,24.715
2024,CLOCK,GA,2024,25.062
2024,CLOCP,GA,2020,275
2024,CLOCP,GA,2021,288
2024,CLOCP,GA,2022,261
2024,CLOCP,GA,2023,177
2024,CLOCP,GA,2024,183
2024,CLOCV,GA,2020,25.2
2024,CLOCV,GA,2021,27.3
2024,CLOCV,GA,2022,51.3
2024,CLOCV,GA,2023,30.9
2024,CLOCV,GA,2024,21.1
2024,CLOSB,GA,2020,6900
2024,CLOSB,GA,2021,7258
2024,CLOSB,GA,2022,6519
2024,CLOSB,GA,2023,4381
2024,CLOSB,GA,2024,4594
2024,CLPRB,GA,2020,0
2024,CLPRB,GA,2021,0
2024,CLPRB,GA,2022,0
2024,CLPRB,GA,2023,0
2024,CLPRB,GA,2024,0
2024,CLPRK,GA,2020,0
2024,CLPRK,GA,2021,0
2024,CLPRK,GA,2022,0
2024,CLPRK,GA,2023,0
2024,CLPRK,GA,2024,0
2024,CLPRP,GA,2020,0
2024,CLPRP,GA,2021,0
2024,CLPRP,GA,2022,0
2024,CLPRP,GA,2023,0
2024,CLPRP,GA,2024,0
2024,CLRCB,GA,2020,0
2024,CLRCB,GA,2021,0
2024,CLRCB,GA,2022,0
2024,CLRCB,GA,2023,0
2024,CLRCB,GA,2024,0
2024,CLRCD,GA,2020,0
2024,CLRCD,GA,2021,0
2024,CLRCD,GA,2022,0
2024,CLRCD,GA,2023,0
2024,CLRCD,GA,2024,0
2024,CLRCE,GA,2020,0
2024,CLRCE,GA,2021,0
2024,CLRCE,GA,2022,0
2024,CLRCE,GA,2023,0
2024,CLRCE,GA,2024,0
2024,CLRCP,GA,2020,0
2024,CLRCP,GA,2021,0
2024,CLRCP,GA,2022,0
2024,CLRCP,GA,2023,0
2024,CLRCP,GA,2024,0
2024,CLRCV,GA,2020,0
2024,CLRCV,GA,2021,0
2024,CLRCV,GA,2022,0
2024,CLRCV,GA,2023,0
2024,CLRCV,GA,2024,0
2024,CLRFB,GA,2020,0
2024,CLRFB,GA,2021,0
2024,CLRFB,GA,2022,0
2024,CLRFB,GA,2023,0
2024,CLRFB,GA,2024,0
2024,CLSCB,GA,2020,153179
2024,CLSCB,GA,2021,203870
2024,CLSCB,GA,2022,180888
2024,CLSCB,GA,2023,177521
2024,CLSCB,GA,2024,191502
2024,CLTCB,GA,2020,153179
2024,CLTCB,GA,2021,203870
2024,CLTCB,GA,2022,180888
2024,CLTCB,GA,2023,177521
2024,CLTCB,GA,2024,191502
2024,CLTCD,GA,2020,2.74
2024,CLTCD,GA,2021,2.79
2024,CLTCD,GA,2022,4.02
2024,CLTCD,GA,2023,4.54
2024,CLTCD,GA,2024,4.15
2024,CLTCE,GA,2020,14.671
2024,CLTCE,GA,2021,19.532
2024,CLTCE,GA,2022,17.33
2024,CLTCE,GA,2023,17.008
2024,CLTCE,GA,2024,18.347
2024,CLTCP,GA,2020,7616
2024,CLTCP,GA,2021,10217
2024,CLTCP,GA,2022,9119
2024,CLTCP,GA,2023,8794
2024,CLTCP,GA,2024,9451
2024,CLTCV,GA,2020,419
2024,CLTCV,GA,2021,568.2
2024,CLTCV,GA,2022,727.7
2024,CLTCV,GA,2023,806
2024,CLTCV,GA,2024,794.9
2024,CLTXB,GA,2020,6900
2024,CLTXB,GA,2021,7258
2024,CLTXB,GA,2022,6519
2024,CLTXB,GA,2023,4381
2024,CLTXB,GA,2024,4594
2024,CLTXD,GA,2020,3.65
2024,CLTXD,GA,2021,3.77
2024,CLTXD,GA,2022,7.88
2024,CLTXD,GA,2023,7.04
2024,CLTXD,GA,2024,4.6
2024,CLTXP,GA,2020,275
2024,CLTXP,GA,2021,288
2024,CLTXP,GA,2022,261
2024,CLTXP,GA,2023,177
2024,CLTXP,GA,2024,183
2024,CLTXV,GA,2020,25.2
2024,CLTXV,GA,2021,27.3
2024,CLTXV,GA,2022,51.3
2024,CLTXV,GA,2023,30.9
2024,CLTXV,GA,2024,21.1
2024,COICB,GA,2020,0
2024,COICB,GA,2021,0
2024,COICB,GA,2022,0
2024,COICB,GA,2023,0
2024,COICB,GA,2024,0
2024,COICP,GA,2020,0
2024,COICP,GA,2021,0
2024,COICP,GA,2022,0
2024,COICP,GA,2023,0
2024,COICP,GA,2024,0
2024,COPRK,GA,2020,0
2024,COPRK,GA,2021,0
2024,COPRK,GA,2022,0
2024,COPRK,GA,2023,0
2024,COPRK,GA,2024,0
2024,CYCAS,GA,2020,74.6
2024,CYCAS,GA,2021,72.9
2024,CYCAS,GA,2022,73.4
2024,CYCAS,GA,2023,76.2
2024,CYCAS,GA,2024,71.1
2024,DAACB,GA,2020,195618
2024,DAACB,GA,2021,194652
2024,DAACB,GA,2022,187757
2024,DAACB,GA,2023,206225
2024,DAACB,GA,2024,193538
2024,DAACP,GA,2020,33984
2024,DAACP,GA,2021,33798
2024,DAACP,GA,2022,32596
2024,DAACP,GA,2023,35825
2024,DAACP,GA,2024,33625
2024,DACCB,GA,2020,6220
2024,DACCB,GA,2021,7425
2024,DACCB,GA,2022,7518
2024,DACCB,GA,2023,6973
2024,DACCB,GA,2024,7092
2024,DACCP,GA,2020,1078
2024,DACCP,GA,2021,1287
2024,DACCP,GA,2022,1303
2024,DACCP,GA,2023,1209
2024,DACCP,GA,2024,1229
2024,DAEIB,GA,2020,606
2024,DAEIB,GA,2021,862
2024,DAEIB,GA,2022,2178
2024,DAEIB,GA,2023,453
2024,DAEIB,GA,2024,1008
2024,DAEIP,GA,2020,103
2024,DAEIP,GA,2021,150
2024,DAEIP,GA,2022,378
2024,DAEIP,GA,2023,79
2024,DAEIP,GA,2024,175
2024,DAICB,GA,2020,21905
2024,DAICB,GA,2021,29500
2024,DAICB,GA,2022,29822
2024,DAICB,GA,2023,29106
2024,DAICB,GA,2024,28245
2024,DAICP,GA,2020,3806
2024,DAICP,GA,2021,5118
2024,DAICP,GA,2022,5173
2024,DAICP,GA,2023,5050
2024,DAICP,GA,2024,4900
2024,DARCB,GA,2020,57
2024,DARCB,GA,2021,82
2024,DARCB,GA,2022,84
2024,DARCB,GA,2023,78
2024,DARCB,GA,2024,78
2024,DARCP,GA,2020,10
2024,DARCP,GA,2021,14
2024,DARCP,GA,2022,15
2024,DARCP,GA,2023,14
2024,DARCP,GA,2024,14
2024,DATCB,GA,2020,224406
2024,DATCB,GA,2021,232521
2024,DATCB,GA,2022,227359
2024,DATCB,GA,2023,242835
2024,DATCB,GA,2024,229962
2024,DATCP,GA,2020,38981
2024,DATCP,GA,2021,40367
2024,DATCP,GA,2022,39464
2024,DATCP,GA,2023,42175
2024,DATCP,GA,2024,39943
2024,DFACB,GA,2020,195618
2024,DFACB,GA,2021,191942
2024,DFACB,GA,2022,185292
2024,DFACB,GA,2023,202241
2024,DFACB,GA,2024,189501
2024,DFACD,GA,2020,17.47
2024,DFACD,GA,2021,22.33
2024,DFACD,GA,2022,34.61
2024,DFACD,GA,2023,29.19
2024,DFACD,GA,2024,26.34
2024,DFACP,GA,2020,33984
2024,DFACP,GA,2021,33292
2024,DFACP,GA,2022,32136
2024,DFACP,GA,2023,35082
2024,DFACP,GA,2024,32871
2024,DFACV,GA,2020,3417.6
2024,DFACV,GA,2021,4346.3
2024,DFACV,GA,2022,6497.4
2024,DFACV,GA,2023,6019.2
2024,DFACV,GA,2024,5097.5
2024,DFASB,GA,2020,195618
2024,DFASB,GA,2021,194652
2024,DFASB,GA,2022,187757
2024,DFASB,GA,2023,206225
2024,DFASB,GA,2024,193538
2024,DFCCB,GA,2020,6220
2024,DFCCB,GA,2021,7425
2024,DFCCB,GA,2022,7518
2024,DFCCB,GA,2023,6973
2024,DFCCB,GA,2024,7092
2024,DFCCD,GA,2020,10.42
2024,DFCCD,GA,2021,15.86
2024,DFCCD,GA,2022,27.75
2024,DFCCD,GA,2023,21.97
2024,DFCCD,GA,2024,19.22
2024,DFCCP,GA,2020,1078
2024,DFCCP,GA,2021,1287
2024,DFCCP,GA,2022,1303
2024,DFCCP,GA,2023,1209
2024,DFCCP,GA,2024,1229
2024,DFCCV,GA,2020,64.8
2024,DFCCV,GA,2021,117.8
2024,DFCCV,GA,2022,208.6
2024,DFCCV,GA,2023,153.2
2024,DFCCV,GA,2024,136.3
2024,DFCSB,GA,2020,6220
2024,DFCSB,GA,2021,7425
2024,DFCSB,GA,2022,7518
2024,DFCSB,GA,2023,6973
2024,DFCSB,GA,2024,7092
2024,DFEIB,GA,2020,594
2024,DFEIB,GA,2021,853
2024,DFEIB,GA,2022,2171
2024,DFEIB,GA,2023,448
2024,DFEIB,GA,2024,999
2024,DFEID,GA,2020,10.89
2024,DFEID,GA,2021,17.63
2024,DFEID,GA,2022,28.73
2024,DFEID,GA,2023,24.66
2024,DFEID,GA,2024,22.43
2024,DFEIP,GA,2020,103
2024,DFEIP,GA,2021,148
2024,DFEIP,GA,2022,377
2024,DFEIP,GA,2023,78
2024,DFEIP,GA,2024,173
2024,DFEIV,GA,2020,6.5
2024,DFEIV,GA,2021,15
2024,DFEIV,GA,2022,62.4
2024,DFEIV,GA,2023,11.1
2024,DFEIV,GA,2024,22.4
2024,DFICB,GA,2020,21905
2024,DFICB,GA,2021,29500
2024,DFICB,GA,2022,29822
2024,DFICB,GA,2023,29106
2024,DFICB,GA,2024,28245
2024,DFICD,GA,2020,11.42
2024,DFICD,GA,2021,15.76
2024,DFICD,GA,2022,27.09
2024,DFICD,GA,2023,23.51
2024,DFICD,GA,2024,20.32
2024,DFICP,GA,2020,3806
2024,DFICP,GA,2021,5118
2024,DFICP,GA,2022,5173
2024,DFICP,GA,2023,5050
2024,DFICP,GA,2024,4900
2024,DFICV,GA,2020,250.2
2024,DFICV,GA,2021,465
2024,DFICV,GA,2022,807.8
2024,DFICV,GA,2023,684.3
2024,DFICV,GA,2024,574.1
2024,DFISB,GA,2020,21905
2024,DFISB,GA,2021,29500
2024,DFISB,GA,2022,29822
2024,DFISB,GA,2023,29106
2024,DFISB,GA,2024,28245
2024,DFRCB,GA,2020,57
2024,DFRCB,GA,2021,82
2024,DFRCB,GA,2022,84
2024,DFRCB,GA,2023,78
2024,DFRCB,GA,2024,78
2024,DFRCD,GA,2020,16.07
2024,DFRCD,GA,2021,19.2
2024,DFRCD,GA,2022,29.02
2024,DFRCD,GA,2023,27.54
2024,DFRCD,GA,2024,24.08
2024,DFRCP,GA,2020,10
2024,DFRCP,GA,2021,14
2024,DFRCP,GA,2022,15
2024,DFRCP,GA,2023,14
2024,DFRCP,GA,2024,14
2024,DFRCV,GA,2020,0.9
2024,DFRCV,GA,2021,1.6
2024,DFRCV,GA,2022,2.5
2024,DFRCV,GA,2023,2.2
2024,DFRCV,GA,2024,1.9
2024,DFRFB,GA,2020,0
2024,DFRFB,GA,2021,0
2024,DFRFB,GA,2022,0
2024,DFRFB,GA,2023,0
2024,DFRFB,GA,2024,0
2024,DFRSB,GA,2020,57
2024,DFRSB,GA,2021,82
2024,DFRSB,GA,2022,84
2024,DFRSB,GA,2023,78
2024,DFRSB,GA,2024,78
2024,DFSCB,GA,2020,224394
2024,DFSCB,GA,2021,232513
2024,DFSCB,GA,2022,227352
2024,DFSCB,GA,2023,242831
2024,DFSCB,GA,2024,229953
2024,DFTCB,GA,2020,224394
2024,DFTCB,GA,2021,229803
2024,DFTCB,GA,2022,224887
2024,DFTCB,GA,2023,238847
2024,DFTCB,GA,2024,225916
2024,DFTCD,GA,2020,16.67
2024,DFTCD,GA,2021,21.27
2024,DFTCD,GA,2022,33.33
2024,DFTCD,GA,2023,28.29
2024,DFTCD,GA,2024,25.36
2024,DFTCP,GA,2020,38981
2024,DFTCP,GA,2021,39859
2024,DFTCP,GA,2022,39003
2024,DFTCP,GA,2023,41431
2024,DFTCP,GA,2024,39188
2024,DFTCV,GA,2020,3740
2024,DFTCV,GA,2021,4945.6
2024,DFTCV,GA,2022,7578.6
2024,DFTCV,GA,2023,6869.8
2024,DFTCV,GA,2024,5832.2
2024,DFTXB,GA,2020,223800
2024,DFTXB,GA,2021,228950
2024,DFTXB,GA,2022,222716
2024,DFTXB,GA,2023,238399
2024,DFTXB,GA,2024,224916
2024,DFTXD,GA,2020,16.68
2024,DFTXD,GA,2021,21.28
2024,DFTXD,GA,2022,33.38
2024,DFTXD,GA,2023,28.3
2024,DFTXD,GA,2024,25.38
2024,DFTXP,GA,2020,38878
2024,DFTXP,GA,2021,39711
2024,DFTXP,GA,2022,38627
2024,DFTXP,GA,2023,41353
2024,DFTXP,GA,2024,39014
2024,DFTXV,GA,2020,3733.5
2024,DFTXV,GA,2021,4930.6
2024,DFTXV,GA,2022,7516.3
2024,DFTXV,GA,2023,6858.8
2024,DFTXV,GA,2024,5809.7
2024,DKEIB,GA,2020,594
2024,DKEIB,GA,2021,853
2024,DKEIB,GA,2022,2171
2024,DKEIB,GA,2023,448
2024,DKEIB,GA,2024,999
2024,DKEID,GA,2020,10.89
2024,DKEID,GA,2021,17.63
2024,DKEID,GA,2022,28.73
2024,DKEID,GA,2023,24.66
2024,DKEID,GA,2024,22.43
2024,DKEIP,GA,2020,103
2024,DKEIP,GA,2021,148
2024,DKEIP,GA,2022,377
2024,DKEIP,GA,2023,78
2024,DKEIP,GA,2024,173
2024,DKEIV,GA,2020,6.5
2024,DKEIV,GA,2021,15
2024,DKEIV,GA,2022,62.4
2024,DKEIV,GA,2023,11.1
2024,DKEIV,GA,2024,22.4
2024,DMACB,GA,2020,189650
2024,DMACB,GA,2021,189934
2024,DMACB,GA,2022,183553
2024,DMACB,GA,2023,199894
2024,DMACB,GA,2024,187319
2024,DMACE,GA,2020,14.061
2024,DMACE,GA,2021,14.082
2024,DMACE,GA,2022,13.609
2024,DMACE,GA,2023,14.82
2024,DMACE,GA,2024,13.888
2024,DMACP,GA,2020,32868
2024,DMACP,GA,2021,32918
2024,DMACP,GA,2022,31812
2024,DMACP,GA,2023,34644
2024,DMACP,GA,2024,32464
2024,DMCCB,GA,2020,6220
2024,DMCCB,GA,2021,7425
2024,DMCCB,GA,2022,7518
2024,DMCCB,GA,2023,6973
2024,DMCCB,GA,2024,7092
2024,DMCCE,GA,2020,0.461
2024,DMCCE,GA,2021,0.551
2024,DMCCE,GA,2022,0.557
2024,DMCCE,GA,2023,0.517
2024,DMCCE,GA,2024,0.526
2024,DMCCP,GA,2020,1078
2024,DMCCP,GA,2021,1287
2024,DMCCP,GA,2022,1303
2024,DMCCP,GA,2023,1209
2024,DMCCP,GA,2024,1229
2024,DMEIB,GA,2020,594
2024,DMEIB,GA,2021,853
2024,DMEIB,GA,2022,2171
2024,DMEIB,GA,2023,448
2024,DMEIB,GA,2024,999
2024,DMEIE,GA,2020,0.044
2024,DMEIE,GA,2021,0.063
2024,DMEIE,GA,2022,0.161
2024,DMEIE,GA,2023,0.033
2024,DMEIE,GA,2024,0.074
2024,DMEIP,GA,2020,103
2024,DMEIP,GA,2021,148
2024,DMEIP,GA,2022,377
2024,DMEIP,GA,2023,78
2024,DMEIP,GA,2024,173
2024,DMICB,GA,2020,21905
2024,DMICB,GA,2021,29500
2024,DMICB,GA,2022,29822
2024,DMICB,GA,2023,29106
2024,DMICB,GA,2024,28245
2024,DMICE,GA,2020,1.62
2024,DMICE,GA,2021,2.182
2024,DMICE,GA,2022,2.206
2024,DMICE,GA,2023,2.153
2024,DMICE,GA,2024,2.089
2024,DMICP,GA,2020,3806
2024,DMICP,GA,2021,5118
2024,DMICP,GA,2022,5173
2024,DMICP,GA,2023,5050
2024,DMICP,GA,2024,4900
2024,DMRCB,GA,2020,57
2024,DMRCB,GA,2021,82
2024,DMRCB,GA,2022,84
2024,DMRCB,GA,2023,78
2024,DMRCB,GA,2024,78
2024,DMRCE,GA,2020,0.004
2024,DMRCE,GA,2021,0.006
2024,DMRCE,GA,2022,0.006
2024,DMRCE,GA,2023,0.006
2024,DMRCE,GA,2024,0.006
2024,DMRCP,GA,2020,10
2024,DMRCP,GA,2021,14
2024,DMRCP,GA,2022,15
2024,DMRCP,GA,2023,14
2024,DMRCP,GA,2024,14
2024,DMTCB,GA,2020,218426
2024,DMTCB,GA,2021,227796
2024,DMTCB,GA,2022,223148
2024,DMTCB,GA,2023,236500
2024,DMTCB,GA,2024,223734
2024,DMTCE,GA,2020,16.19
2024,DMTCE,GA,2021,16.884
2024,DMTCE,GA,2022,16.539
2024,DMTCE,GA,2023,17.529
2024,DMTCE,GA,2024,16.583
2024,DMTCP,GA,2020,37865
2024,DMTCP,GA,2021,39485
2024,DMTCP,GA,2022,38679
2024,DMTCP,GA,2023,40993
2024,DMTCP,GA,2024,38781
2024,ELEXB,GA,2020,0
2024,ELEXB,GA,2021,0
2024,ELEXB,GA,2022,0
2024,ELEXB,GA,2023,0
2024,ELEXB,GA,2024,0
2024,ELEXD,GA,2020,0
2024,ELEXD,GA,2021,0
2024,ELEXD,GA,2022,0
2024,ELEXD,GA,2023,0
2024,ELEXD,GA,2024,0
2024,ELEXP,GA,2020,0
2024,ELEXP,GA,2021,0
2024,ELEXP,GA,2022,0
2024,ELEXP,GA,2023,0
2024,ELEXP,GA,2024,0
2024,ELEXV,GA,2020,0
2024,ELEXV,GA,2021,0
2024,ELEXV,GA,2022,0
2024,ELEXV,GA,2023,0
2024,ELEXV,GA,2024,0
2024,ELGBP,GA,2020,37279
2024,ELGBP,GA,2021,38250
2024,ELGBP,GA,2022,36198
2024,ELGBP,GA,2023,37786
2024,ELGBP,GA,2024,39746
2024,ELIMB,GA,2020,0
2024,ELIMB,GA,2021,0
2024,ELIMB,GA,2022,0
2024,ELIMB,GA,2023,0
2024,ELIMB,GA,2024,0
2024,ELIMD,GA,2020,0
2024,ELIMD,GA,2021,0
2024,ELIMD,GA,2022,0
2024,ELIMD,GA,2023,0
2024,ELIMD,GA,2024,0
2024,ELIMP,GA,2020,0
2024,ELIMP,GA,2021,0
2024,ELIMP,GA,2022,0
2024,ELIMP,GA,2023,0
2024,ELIMP,GA,2024,0
2024,ELIMV,GA,2020,0
2024,ELIMV,GA,2021,0
2024,ELIMV,GA,2022,0
2024,ELIMV,GA,2023,0
2024,ELIMV,GA,2024,0
2024,ELISB,GA,2020,216432
2024,ELISB,GA,2021,219622
2024,ELISB,GA,2022,262299
2024,ELISB,GA,2023,211280
2024,ELISB,GA,2024,197287
2024,ELISP,GA,2020,25731
2024,ELISP,GA,2021,25603
2024,ELISP,GA,2022,31224
2024,ELISP,GA,2023,24582
2024,ELISP,GA,2024,23143
2024,ELNIB,GA,2020,0
2024,ELNIB,GA,2021,0
2024,ELNIB,GA,2022,0
2024,ELNIB,GA,2023,0
2024,ELNIB,GA,2024,0
2024,ELNIP,GA,2020,0
2024,ELNIP,GA,2021,0
2024,ELNIP,GA,2022,0
2024,ELNIP,GA,2023,0
2024,ELNIP,GA,2024,0
2024,ELVHN,GA,2020,32.1
2024,ELVHN,GA,2021,46.1
2024,ELVHN,GA,2022,67.2
2024,ELVHN,GA,2023,108.4
2024,ELVHN,GA,2024,141.4
2024,ELVHS,GA,2020,0.4
2024,ELVHS,GA,2021,0.5
2024,ELVHS,GA,2022,0.8
2024,ELVHS,GA,2023,1.2
2024,ELVHS,GA,2024,1.6
2024,EMACB,GA,2020,36062
2024,EMACB,GA,2021,37520
2024,EMACB,GA,2022,36859
2024,EMACB,GA,2023,40631
2024,EMACB,GA,2024,39435
2024,EMCCB,GA,2020,862
2024,EMCCB,GA,2021,877
2024,EMCCB,GA,2022,908
2024,EMCCB,GA,2023,907
2024,EMCCB,GA,2024,798
2024,EMFDB,GA,2020,6641
2024,EMFDB,GA,2021,0
2024,EMFDB,GA,2022,0
2024,EMFDB,GA,2023,0
2024,EMFDB,GA,2024,0
2024,EMICB,GA,2020,450
2024,EMICB,GA,2021,454
2024,EMICB,GA,2022,472
2024,EMICB,GA,2023,471
2024,EMICB,GA,2024,555
2024,EMLCB,GA,2020,2578
2024,EMLCB,GA,2021,0
2024,EMLCB,GA,2022,0
2024,EMLCB,GA,2023,0
2024,EMLCB,GA,2024,0
2024,EMTCB,GA,2020,37373
2024,EMTCB,GA,2021,38851
2024,EMTCB,GA,2022,38238
2024,EMTCB,GA,2023,42010
2024,EMTCB,GA,2024,40788
2024,ENACP,GA,2020,10374
2024,ENACP,GA,2021,10786
2024,ENACP,GA,2022,10585
2024,ENACP,GA,2023,11677
2024,ENACP,GA,2024,11321
2024,ENCCP,GA,2020,248
2024,ENCCP,GA,2021,252
2024,ENCCP,GA,2022,261
2024,ENCCP,GA,2023,261
2024,ENCCP,GA,2024,229
2024,ENICP,GA,2020,129
2024,ENICP,GA,2021,130
2024,ENICP,GA,2022,135
2024,ENICP,GA,2023,135
2024,ENICP,GA,2024,159
2024,ENPRP,GA,2020,1169
2024,ENPRP,GA,2021,0
2024,ENPRP,GA,2022,0
2024,ENPRP,GA,2023,0
2024,ENPRP,GA,2024,0
2024,ENTCP,GA,2020,10751
2024,ENTCP,GA,2021,11168
2024,ENTCP,GA,2022,10981
2024,ENTCP,GA,2023,12073
2024,ENTCP,GA,2024,11709
2024,EQICB,GA,2020,0
2024,EQICB,GA,2021,0
2024,EQICB,GA,2022,0
2024,EQICB,GA,2023,0
2024,EQICB,GA,2024,0
2024,EQICP,GA,2020,0
2024,EQICP,GA,2021,0
2024,EQICP,GA,2022,0
2024,EQICP,GA,2023,0
2024,EQICP,GA,2024,0
2024,EQTCB,GA,2020,0
2024,EQTCB,GA,2021,0
2024,EQTCB,GA,2022,0
2024,EQTCB,GA,2023,0
2024,EQTCB,GA,2024,0
2024,EQTCP,GA,2020,0
2024,EQTCP,GA,2021,0
2024,EQTCP,GA,2022,0
2024,EQTCP,GA,2023,0
2024,EQTCP,GA,2024,0
2024,ESACB,GA,2020,480
2024,ESACB,GA,2021,488
2024,ESACB,GA,2022,490
2024,ESACB,GA,2023,492
2024,ESACB,GA,2024,517
2024,ESACD,GA,2020,15.81
2024,ESACD,GA,2021,19.37
2024,ESACD,GA,2022,27.33
2024,ESACD,GA,2023,21.38
2024,ESACD,GA,2024,22.4
2024,ESACP,GA,2020,141
2024,ESACP,GA,2021,143
2024,ESACP,GA,2022,144
2024,ESACP,GA,2023,144
2024,ESACP,GA,2024,152
2024,ESACV,GA,2020,7.6
2024,ESACV,GA,2021,9.4
2024,ESACV,GA,2022,13.4
2024,ESACV,GA,2023,10.5
2024,ESACV,GA,2024,11.6
2024,ESCCB,GA,2020,151157
2024,ESCCB,GA,2021,156191
2024,ESCCB,GA,2022,169033
2024,ESCCB,GA,2023,175393
2024,ESCCB,GA,2024,188249
2024,ESCCD,GA,2020,29.55
2024,ESCCD,GA,2021,31.11
2024,ESCCD,GA,2022,35.47
2024,ESCCD,GA,2023,31.35
2024,ESCCD,GA,2024,31.85
2024,ESCCP,GA,2020,44302
2024,ESCCP,GA,2021,45777
2024,ESCCP,GA,2022,49541
2024,ESCCP,GA,2023,51405
2024,ESCCP,GA,2024,55173
2024,ESCCV,GA,2020,4466.3
2024,ESCCV,GA,2021,4858.5
2024,ESCCV,GA,2022,5995.2
2024,ESCCV,GA,2023,5498
2024,ESCCV,GA,2024,5995
2024,ESICB,GA,2020,105116
2024,ESICB,GA,2021,111774
2024,ESICB,GA,2022,116726
2024,ESICB,GA,2023,109414
2024,ESICB,GA,2024,111288
2024,ESICD,GA,2020,16.91
2024,ESICD,GA,2021,19.02
2024,ESICD,GA,2022,25.36
2024,ESICD,GA,2023,20.16
2024,ESICD,GA,2024,21.14
2024,ESICP,GA,2020,30808
2024,ESICP,GA,2021,32759
2024,ESICP,GA,2022,34210
2024,ESICP,GA,2023,32068
2024,ESICP,GA,2024,32617
2024,ESICV,GA,2020,1777.4
2024,ESICV,GA,2021,2125.6
2024,ESICV,GA,2022,2959.9
2024,ESICV,GA,2023,2205.7
2024,ESICV,GA,2024,2352.1
2024,ESISB,GA,2020,105116
2024,ESISB,GA,2021,111774
2024,ESISB,GA,2022,116726
2024,ESISB,GA,2023,109414
2024,ESISB,GA,2024,111288
2024,ESRCB,GA,2020,198648
2024,ESRCB,GA,2021,200233
2024,ESRCB,GA,2022,208611
2024,ESRCB,GA,2023,199303
2024,ESRCB,GA,2024,211759
2024,ESRCD,GA,2020,35.22
2024,ESRCD,GA,2021,36.66
2024,ESRCD,GA,2022,40.45
2024,ESRCD,GA,2023,40.12
2024,ESRCD,GA,2024,41.27
2024,ESRCP,GA,2020,58220
2024,ESRCP,GA,2021,58685
2024,ESRCP,GA,2022,61140
2024,ESRCP,GA,2023,58412
2024,ESRCP,GA,2024,62063
2024,ESRCV,GA,2020,6995.9
2024,ESRCV,GA,2021,7339.6
2024,ESRCV,GA,2022,8437.9
2024,ESRCV,GA,2023,7996.7
2024,ESRCV,GA,2024,8740
2024,ESRFB,GA,2020,0
2024,ESRFB,GA,2021,0
2024,ESRFB,GA,2022,0
2024,ESRFB,GA,2023,0
2024,ESRFB,GA,2024,0
2024,ESRPP,GA,2020,5425
2024,ESRPP,GA,2021,5437
2024,ESRPP,GA,2022,5594
2024,ESRPP,GA,2023,5280
2024,ESRPP,GA,2024,5539
2024,ESSCB,GA,2020,455400
2024,ESSCB,GA,2021,468686
2024,ESSCB,GA,2022,494860
2024,ESSCB,GA,2023,484602
2024,ESSCB,GA,2024,511814
2024,ESTCB,GA,2020,455400
2024,ESTCB,GA,2021,468686
2024,ESTCB,GA,2022,494860
2024,ESTCB,GA,2023,484602
2024,ESTCB,GA,2024,511814
2024,ESTCD,GA,2020,29.09
2024,ESTCD,GA,2021,30.58
2024,ESTCD,GA,2022,35.17
2024,ESTCD,GA,2023,32.42
2024,ESTCD,GA,2024,33.41
2024,ESTCP,GA,2020,133470
2024,ESTCP,GA,2021,137364
2024,ESTCP,GA,2022,145035
2024,ESTCP,GA,2023,142029
2024,ESTCP,GA,2024,150004
2024,ESTCV,GA,2020,13247.1
2024,ESTCV,GA,2021,14333.2
2024,ESTCV,GA,2022,17406.4
2024,ESTCV,GA,2023,15710.9
2024,ESTCV,GA,2024,17098.7
2024,ESTPP,GA,2020,12436
2024,ESTPP,GA,2021,12727
2024,ESTPP,GA,2022,13269
2024,ESTPP,GA,2023,12837
2024,ESTPP,GA,2024,13388
2024,ESTXB,GA,2020,455400
2024,ESTXB,GA,2021,468686
2024,ESTXB,GA,2022,494860
2024,ESTXB,GA,2023,484602
2024,ESTXB,GA,2024,511814
2024,ESTXD,GA,2020,29.09
2024,ESTXD,GA,2021,30.58
2024,ESTXD,GA,2022,35.17
2024,ESTXD,GA,2023,32.42
2024,ESTXD,GA,2024,33.41
2024,ESTXP,GA,2020,133470
2024,ESTXP,GA,2021,137364
2024,ESTXP,GA,2022,145035
2024,ESTXP,GA,2023,142029
2024,ESTXP,GA,2024,150004
2024,ESTXV,GA,2020,13247.1
2024,ESTXV,GA,2021,14333.2
2024,ESTXV,GA,2022,17406.4
2024,ESTXV,GA,2023,15710.9
2024,ESTXV,GA,2024,17098.7
2024,ESVHP,GA,2020,58
2024,ESVHP,GA,2021,71
2024,ESVHP,GA,2022,109
2024,ESVHP,GA,2023,289
2024,ESVHP,GA,2024,401
2024,EV0CN,GA,2020,0
2024,EV0CN,GA,2021,0
2024,EV0CN,GA,2022,0
2024,EV0CN,GA,2023,0
2024,EV0CN,GA,2024,0
2024,EV1CN,GA,2020,239
2024,EV1CN,GA,2021,230
2024,EV1CN,GA,2022,230
2024,EV1CN,GA,2023,230
2024,EV1CN,GA,2024,224
2024,EV2CN,GA,2020,3508
2024,EV2CN,GA,2021,3964
2024,EV2CN,GA,2022,4458
2024,EV2CN,GA,2023,4933
2024,EV2CN,GA,2024,5674
2024,EV2CR,GA,2020,3.87
2024,EV2CR,GA,2021,2.89
2024,EV2CR,GA,2022,3.08
2024,EV2CR,GA,2023,2.89
2024,EV2CR,GA,2024,2.92
2024,EVCHN,GA,2020,4265
2024,EVCHN,GA,2021,4828
2024,EVCHN,GA,2022,5536
2024,EVCHN,GA,2023,6361
2024,EVCHN,GA,2024,7446
2024,EVCHP,GA,2020,989
2024,EVCHP,GA,2021,1538
2024,EVCHP,GA,2022,1659
2024,EVCHP,GA,2023,2016
2024,EVCHP,GA,2024,2346
2024,EVDCN,GA,2020,518
2024,EVDCN,GA,2021,634
2024,EVDCN,GA,2022,848
2024,EVDCN,GA,2023,1198
2024,EVDCN,GA,2024,1548
2024,EVDCR,GA,2020,3.3
2024,EVDCR,GA,2021,2.98
2024,EVDCR,GA,2022,3.31
2024,EVDCR,GA,2023,3.36
2024,EVDCR,GA,2024,3.44
2024,EVNNP,GA,2020,131
2024,EVNNP,GA,2021,131
2024,EVNNP,GA,2022,12
2024,EVNNP,GA,2023,19
2024,EVNNP,GA,2024,19
2024,EVNOP,GA,2020,135
2024,EVNOP,GA,2021,147
2024,EVNOP,GA,2022,149
2024,EVNOP,GA,2023,162
2024,EVNOP,GA,2024,165
2024,EVNTP,GA,2020,723
2024,EVNTP,GA,2021,1260
2024,EVNTP,GA,2022,1498
2024,EVNTP,GA,2023,1835
2024,EVNTP,GA,2024,2162
2024,EVPPP,GA,2020,46
2024,EVPPP,GA,2021,47
2024,EVPPP,GA,2022,50
2024,EVPPP,GA,2023,38
2024,EVPPP,GA,2024,32
2024,EVPUP,GA,2020,917
2024,EVPUP,GA,2021,1456
2024,EVPUP,GA,2022,1570
2024,EVPUP,GA,2023,1921
2024,EVPUP,GA,2024,2231
2024,EVPVP,GA,2020,26
2024,EVPVP,GA,2021,35
2024,EVPVP,GA,2022,39
2024,EVPVP,GA,2023,57
2024,EVPVP,GA,2024,83
2024,EYICB,GA,2020,0
2024,EYICB,GA,2021,0
2024,EYICB,GA,2022,0
2024,EYICB,GA,2023,0
2024,EYICB,GA,2024,0
2024,EYICP,GA,2020,0
2024,EYICP,GA,2021,0
2024,EYICP,GA,2022,0
2024,EYICP,GA,2023,0
2024,EYICP,GA,2024,0
2024,EYTCB,GA,2020,0
2024,EYTCB,GA,2021,0
2024,EYTCB,GA,2022,0
2024,EYTCB,GA,2023,0
2024,EYTCB,GA,2024,0
2024,EYTCP,GA,2020,0
2024,EYTCP,GA,2021,0
2024,EYTCP,GA,2022,0
2024,EYTCP,GA,2023,0
2024,EYTCP,GA,2024,0
2024,FFACE,GA,2020,55.818
2024,FFACE,GA,2021,58.41
2024,FFACE,GA,2022,59.561
2024,FFACE,GA,2023,64.209
2024,FFACE,GA,2024,63.335
2024,FFCCE,GA,2020,4.303
2024,FFCCE,GA,2021,4.557
2024,FFCCE,GA,2022,4.769
2024,FFCCE,GA,2023,4.437
2024,FFCCE,GA,2024,4.583
2024,FFEIE,GA,2020,37.302
2024,FFEIE,GA,2021,40.858
2024,FFEIE,GA,2022,40.434
2024,FFEIE,GA,2023,39.9
2024,FFEIE,GA,2024,40.055
2024,FFGBP,GA,2020,26084
2024,FFGBP,GA,2021,26141
2024,FFGBP,GA,2022,23532
2024,FFGBP,GA,2023,23457
2024,FFGBP,GA,2024,23359
2024,FFICE,GA,2020,11.83
2024,FFICE,GA,2021,12.76
2024,FFICE,GA,2022,12.471
2024,FFICE,GA,2023,12.065
2024,FFICE,GA,2024,12.166
2024,FFRCE,GA,2020,7.048
2024,FFRCE,GA,2021,7.377
2024,FFRCE,GA,2022,7.788
2024,FFRCE,GA,2023,7.064
2024,FFRCE,GA,2024,7.687
2024,FFTCB,GA,2020,1812489
2024,FFTCB,GA,2021,1902096
2024,FFTCB,GA,2022,1932997
2024,FFTCB,GA,2023,1971644
2024,FFTCB,GA,2024,1964252
2024,FFTCE,GA,2020,116.302
2024,FFTCE,GA,2021,123.963
2024,FFTCE,GA,2022,125.023
2024,FFTCE,GA,2023,127.675
2024,FFTCE,GA,2024,127.826
2024,FNICB,GA,2020,0
2024,FNICB,GA,2021,0
2024,FNICB,GA,2022,0
2024,FNICB,GA,2023,0
2024,FNICB,GA,2024,0
2024,FNICD,GA,2020,0
2024,FNICD,GA,2021,0
2024,FNICD,GA,2022,0
2024,FNICD,GA,2023,0
2024,FNICD,GA,2024,0
2024,FNICP,GA,2020,0
2024,FNICP,GA,2021,0
2024,FNICP,GA,2022,0
2024,FNICP,GA,2023,0
2024,FNICP,GA,2024,0
2024,FNICV,GA,2020,0
2024,FNICV,GA,2021,0
2024,FNICV,GA,2022,0
2024,FNICV,GA,2023,0
2024,FNICV,GA,2024,0
2024,FOICB,GA,2020,0
2024,FOICB,GA,2021,0
2024,FOICB,GA,2022,0
2024,FOICB,GA,2023,0
2024,FOICB,GA,2024,0
2024,FOICD,GA,2020,0
2024,FOICD,GA,2021,0
2024,FOICD,GA,2022,0
2024,FOICD,GA,2023,0
2024,FOICD,GA,2024,0
2024,FOICP,GA,2020,0
2024,FOICP,GA,2021,0
2024,FOICP,GA,2022,0
2024,FOICP,GA,2023,0
2024,FOICP,GA,2024,0
2024,FOICV,GA,2020,0
2024,FOICV,GA,2021,0
2024,FOICV,GA,2022,0
2024,FOICV,GA,2023,0
2024,FOICV,GA,2024,0
2024,FSICB,GA,2020,0
2024,FSICB,GA,2021,0
2024,FSICB,GA,2022,0
2024,FSICB,GA,2023,0
2024,FSICB,GA,2024,0
2024,FSICD,GA,2020,0
2024,FSICD,GA,2021,0
2024,FSICD,GA,2022,0
2024,FSICD,GA,2023,0
2024,FSICD,GA,2024,0
2024,FSICP,GA,2020,0
2024,FSICP,GA,2021,0
2024,FSICP,GA,2022,0
2024,FSICP,GA,2023,0
2024,FSICP,GA,2024,0
2024,FSICV,GA,2020,0
2024,FSICV,GA,2021,0
2024,FSICV,GA,2022,0
2024,FSICV,GA,2023,0
2024,FSICV,GA,2024,0
2024,GDPRV,GA,2020,638488.3
2024,GDPRV,GA,2021,706004.6
2024,GDPRV,GA,2022,785922.7
2024,GDPRV,GA,2023,835755.3
2024,GDPRV,GA,2024,881508.2
2024,GDPRX,GA,2020,603202.5
2024,GDPRX,GA,2021,643748.4
2024,GDPRX,GA,2022,670107.2
2024,GDPRX,GA,2023,679447.2
2024,GDPRX,GA,2024,697450.9
2024,GECAS,GA,2020,0
2024,GECAS,GA,2021,0
2024,GECAS,GA,2022,0
2024,GECAS,GA,2023,0
2024,GECAS,GA,2024,0
2024,GECCB,GA,2020,4
2024,GECCB,GA,2021,4
2024,GECCB,GA,2022,4
2024,GECCB,GA,2023,4
2024,GECCB,GA,2024,4
2024,GEEGB,GA,2020,0
2024,GEEGB,GA,2021,0
2024,GEEGB,GA,2022,0
2024,GEEGB,GA,2023,0
2024,GEEGB,GA,2024,0
2024,GEEGP,GA,2020,0
2024,GEEGP,GA,2021,0
2024,GEEGP,GA,2022,0
2024,GEEGP,GA,2023,0
2024,GEEGP,GA,2024,0
2024,GEGBP,GA,2020,0
2024,GEGBP,GA,2021,0
2024,GEGBP,GA,2022,0
2024,GEGBP,GA,2023,0
2024,GEGBP,GA,2024,0
2024,GEICB,GA,2020,6
2024,GEICB,GA,2021,6
2024,GEICB,GA,2022,6
2024,GEICB,GA,2023,6
2024,GEICB,GA,2024,6
2024,GEPRB,GA,2020,315
2024,GEPRB,GA,2021,315
2024,GEPRB,GA,2022,315
2024,GEPRB,GA,2023,315
2024,GEPRB,GA,2024,315
2024,GERCB,GA,2020,304
2024,GERCB,GA,2021,304
2024,GERCB,GA,2022,304
2024,GERCB,GA,2023,304
2024,GERCB,GA,2024,304
2024,GETCB,GA,2020,315
2024,GETCB,GA,2021,315
2024,GETCB,GA,2022,315
2024,GETCB,GA,2023,315
2024,GETCB,GA,2024,315
2024,GETXB,GA,2020,315
2024,GETXB,GA,2021,315
2024,GETXB,GA,2022,315
2024,GETXB,GA,2023,315
2024,GETXB,GA,2024,315
2024,HLACB,GA,2020,362
2024,HLACB,GA,2021,514
2024,HLACB,GA,2022,748
2024,HLACB,GA,2023,983
2024,HLACB,GA,2024,1168
2024,HLACD,GA,2020,16.05
2024,HLACD,GA,2021,24.62
2024,HLACD,GA,2022,24.92
2024,HLACD,GA,2023,20.12
2024,HLACD,GA,2024,20.83
2024,HLACE,GA,2020,0.023
2024,HLACE,GA,2021,0.032
2024,HLACE,GA,2022,0.047
2024,HLACE,GA,2023,0.062
2024,HLACE,GA,2024,0.073
2024,HLACP,GA,2020,94
2024,HLACP,GA,2021,134
2024,HLACP,GA,2022,195
2024,HLACP,GA,2023,256
2024,HLACP,GA,2024,304
2024,HLACV,GA,2020,5.8
2024,HLACV,GA,2021,12.7
2024,HLACV,GA,2022,18.6
2024,HLACV,GA,2023,19.8
2024,HLACV,GA,2024,24.3
2024,HLCCB,GA,2020,4195
2024,HLCCB,GA,2021,4480
2024,HLCCB,GA,2022,5002
2024,HLCCB,GA,2023,4212
2024,HLCCB,GA,2024,4374
2024,HLCCD,GA,2020,12.81
2024,HLCCD,GA,2021,19.95
2024,HLCCD,GA,2022,21.17
2024,HLCCD,GA,2023,16.96
2024,HLCCD,GA,2024,17.98
2024,HLCCE,GA,2020,0.264
2024,HLCCE,GA,2021,0.282
2024,HLCCE,GA,2022,0.315
2024,HLCCE,GA,2023,0.265
2024,HLCCE,GA,2024,0.275
2024,HLCCP,GA,2020,1092
2024,HLCCP,GA,2021,1166
2024,HLCCP,GA,2022,1302
2024,HLCCP,GA,2023,1097
2024,HLCCP,GA,2024,1139
2024,HLCCV,GA,2020,53.7
2024,HLCCV,GA,2021,89.4
2024,HLCCV,GA,2022,105.9
2024,HLCCV,GA,2023,71.4
2024,HLCCV,GA,2024,78.6
2024,HLICB,GA,2020,5867
2024,HLICB,GA,2021,5974
2024,HLICB,GA,2022,6771
2024,HLICB,GA,2023,5350
2024,HLICB,GA,2024,6562
2024,HLICD,GA,2020,11.49
2024,HLICD,GA,2021,18.54
2024,HLICD,GA,2022,19.67
2024,HLICD,GA,2023,15.4
2024,HLICD,GA,2024,16.38
2024,HLICE,GA,2020,0.177
2024,HLICE,GA,2021,0.183
2024,HLICE,GA,2022,0.223
2024,HLICE,GA,2023,0.165
2024,HLICE,GA,2024,0.178
2024,HLICK,GA,2020,3.841
2024,HLICK,GA,2021,3.841
2024,HLICK,GA,2022,3.841
2024,HLICK,GA,2023,3.841
2024,HLICK,GA,2024,3.841
2024,HLICP,GA,2020,1528
2024,HLICP,GA,2021,1555
2024,HLICP,GA,2022,1763
2024,HLICP,GA,2023,1393
2024,HLICP,GA,2024,1708
2024,HLICV,GA,2020,67.4
2024,HLICV,GA,2021,110.8
2024,HLICV,GA,2022,133.2
2024,HLICV,GA,2023,82.4
2024,HLICV,GA,2024,107.5
2024,HLISB,GA,2020,5867
2024,HLISB,GA,2021,5974
2024,HLISB,GA,2022,6771
2024,HLISB,GA,2023,5350
2024,HLISB,GA,2024,6562
2024,HLRCB,GA,2020,8505
2024,HLRCB,GA,2021,7766
2024,HLRCB,GA,2022,7506
2024,HLRCB,GA,2023,6859
2024,HLRCB,GA,2024,8154
2024,HLRCD,GA,2020,25.48
2024,HLRCD,GA,2021,30.57
2024,HLRCD,GA,2022,32.8
2024,HLRCD,GA,2023,31.74
2024,HLRCD,GA,2024,32.44
2024,HLRCE,GA,2020,0.535
2024,HLRCE,GA,2021,0.488
2024,HLRCE,GA,2022,0.472
2024,HLRCE,GA,2023,0.431
2024,HLRCE,GA,2024,0.513
2024,HLRCP,GA,2020,2214
2024,HLRCP,GA,2021,2022
2024,HLRCP,GA,2022,1954
2024,HLRCP,GA,2023,1786
2024,HLRCP,GA,2024,2123
2024,HLRCV,GA,2020,216.7
2024,HLRCV,GA,2021,237.5
2024,HLRCV,GA,2022,246.2
2024,HLRCV,GA,2023,217.7
2024,HLRCV,GA,2024,264.5
2024,HLRFB,GA,2020,0
2024,HLRFB,GA,2021,0
2024,HLRFB,GA,2022,0
2024,HLRFB,GA,2023,0
2024,HLRFB,GA,2024,0
2024,HLSCB,GA,2020,18929
2024,HLSCB,GA,2021,18735
2024,HLSCB,GA,2022,20027
2024,HLSCB,GA,2023,17404
2024,HLSCB,GA,2024,20258
2024,HLTCB,GA,2020,18929
2024,HLTCB,GA,2021,18735
2024,HLTCB,GA,2022,20027
2024,HLTCB,GA,2023,17404
2024,HLTCB,GA,2024,20258
2024,HLTCD,GA,2020,18.15
2024,HLTCD,GA,2021,24.03
2024,HLTCD,GA,2022,25.16
2024,HLTCD,GA,2023,22.49
2024,HLTCD,GA,2024,23.45
2024,HLTCE,GA,2020,0.998
2024,HLTCE,GA,2021,0.986
2024,HLTCE,GA,2022,1.057
2024,HLTCE,GA,2023,0.923
2024,HLTCE,GA,2024,1.039
2024,HLTCK,GA,2020,3.841
2024,HLTCK,GA,2021,3.841
2024,HLTCK,GA,2022,3.841
2024,HLTCK,GA,2023,3.841
2024,HLTCK,GA,2024,3.841
2024,HLTCP,GA,2020,4928
2024,HLTCP,GA,2021,4878
2024,HLTCP,GA,2022,5214
2024,HLTCP,GA,2023,4531
2024,HLTCP,GA,2024,5274
2024,HLTCV,GA,2020,343.6
2024,HLTCV,GA,2021,450.3
2024,HLTCV,GA,2022,503.9
2024,HLTCV,GA,2023,391.3
2024,HLTCV,GA,2024,474.9
2024,HLTXB,GA,2020,18929
2024,HLTXB,GA,2021,18735
2024,HLTXB,GA,2022,20027
2024,HLTXB,GA,2023,17404
2024,HLTXB,GA,2024,20258
2024,HLTXD,GA,2020,18.15
2024,HLTXD,GA,2021,24.03
2024,HLTXD,GA,2022,25.16
2024,HLTXD,GA,2023,22.49
2024,HLTXD,GA,2024,23.45
2024,HLTXP,GA,2020,4928
2024,HLTXP,GA,2021,4878
2024,HLTXP,GA,2022,5214
2024,HLTXP,GA,2023,4531
2024,HLTXP,GA,2024,5274
2024,HLTXV,GA,2020,343.6
2024,HLTXV,GA,2021,450.3
2024,HLTXV,GA,2022,503.9
2024,HLTXV,GA,2023,391.3
2024,HLTXV,GA,2024,474.9
2024,HPCAS,GA,2020,13.2
2024,HPCAS,GA,2021,11.6
2024,HPCAS,GA,2022,11
2024,HPCAS,GA,2023,11
2024,HPCAS,GA,2024,11.1
2024,HPGBP,GA,2020,1897
2024,HPGBP,GA,2021,1897
2024,HPGBP,GA,2022,1897
2024,HPGBP,GA,2023,1897
2024,HPGBP,GA,2024,1897
2024,HVCAS,GA,2020,26.7
2024,HVCAS,GA,2021,21.1
2024,HVCAS,GA,2022,18.3
2024,HVCAS,GA,2023,16.5
2024,HVCAS,GA,2024,16.9
2024,HVGBP,GA,2020,1985
2024,HVGBP,GA,2021,1985
2024,HVGBP,GA,2022,1985
2024,HVGBP,GA,2023,1985
2024,HVGBP,GA,2024,1985
2024,HYCCB,GA,2020,0
2024,HYCCB,GA,2021,0
2024,HYCCB,GA,2022,0
2024,HYCCB,GA,2023,0
2024,HYCCB,GA,2024,0
2024,HYCCP,GA,2020,0
2024,HYCCP,GA,2021,0
2024,HYCCP,GA,2022,0
2024,HYCCP,GA,2023,0
2024,HYCCP,GA,2024,0
2024,HYEGB,GA,2020,15837
2024,HYEGB,GA,2021,12422
2024,HYEGB,GA,2022,10796
2024,HYEGB,GA,2023,9768
2024,HYEGB,GA,2024,10012
2024,HYEGP,GA,2020,4642
2024,HYEGP,GA,2021,3641
2024,HYEGP,GA,2022,3164
2024,HYEGP,GA,2023,2863
2024,HYEGP,GA,2024,2934
2024,HYICB,GA,2020,72
2024,HYICB,GA,2021,70
2024,HYICB,GA,2022,44
2024,HYICB,GA,2023,31
2024,HYICB,GA,2024,23
2024,HYICP,GA,2020,21
2024,HYICP,GA,2021,20
2024,HYICP,GA,2022,13
2024,HYICP,GA,2023,9
2024,HYICP,GA,2024,7
2024,HYPRB,GA,2020,15909
2024,HYPRB,GA,2021,12491
2024,HYPRB,GA,2022,10840
2024,HYPRB,GA,2023,9799
2024,HYPRB,GA,2024,10035
2024,HYTCB,GA,2020,15909
2024,HYTCB,GA,2021,12491
2024,HYTCB,GA,2022,10840
2024,HYTCB,GA,2023,9799
2024,HYTCB,GA,2024,10035
2024,HYTCP,GA,2020,4663
2024,HYTCP,GA,2021,3661
2024,HYTCP,GA,2022,3177
2024,HYTCP,GA,2023,2872
2024,HYTCP,GA,2024,2941
2024,HYTXB,GA,2020,72
2024,HYTXB,GA,2021,70
2024,HYTXB,GA,2022,44
2024,HYTXB,GA,2023,31
2024,HYTXB,GA,2024,23
2024,HYTXP,GA,2020,21
2024,HYTXP,GA,2021,20
2024,HYTXP,GA,2022,13
2024,HYTXP,GA,2023,9
2024,HYTXP,GA,2024,7
2024,IQICB,GA,2020,0
2024,IQICB,GA,2021,0
2024,IQICB,GA,2022,0
2024,IQICB,GA,2023,0
2024,IQICB,GA,2024,0
2024,IQICP,GA,2020,0
2024,IQICP,GA,2021,0
2024,IQICP,GA,2022,0
2024,IQICP,GA,2023,0
2024,IQICP,GA,2024,0
2024,IQTCB,GA,2020,0
2024,IQTCB,GA,2021,0
2024,IQTCB,GA,2022,0
2024,IQTCB,GA,2023,0
2024,IQTCB,GA,2024,0
2024,IQTCP,GA,2020,0
2024,IQTCP,GA,2021,0
2024,IQTCP,GA,2022,0
2024,IQTCP,GA,2023,0
2024,IQTCP,GA,2024,0
2024,IYICB,GA,2020,0
2024,IYICB,GA,2021,0
2024,IYICB,GA,2022,0
2024,IYICB,GA,2023,0
2024,IYICB,GA,2024,0
2024,IYICP,GA,2020,0
2024,IYICP,GA,2021,0
2024,IYICP,GA,2022,0
2024,IYICP,GA,2023,0
2024,IYICP,GA,2024,0
2024,IYTCB,GA,2020,0
2024,IYTCB,GA,2021,0
2024,IYTCB,GA,2022,0
2024,IYTCB,GA,2023,0
2024,IYTCB,GA,2024,0
2024,IYTCP,GA,2020,0
2024,IYTCP,GA,2021,0
2024,IYTCP,GA,2022,0
2024,IYTCP,GA,2023,0
2024,IYTCP,GA,2024,0
2024,JFACB,GA,2020,85122
2024,JFACB,GA,2021,100813
2024,JFACB,GA,2022,135117
2024,JFACB,GA,2023,129802
2024,JFACB,GA,2024,145230
2024,JFACD,GA,2020,10.41
2024,JFACD,GA,2021,14.39
2024,JFACD,GA,2022,25.06
2024,JFACD,GA,2023,20.28
2024,JFACD,GA,2024,17.72
2024,JFACE,GA,2020,6.149
2024,JFACE,GA,2021,7.282
2024,JFACE,GA,2022,9.76
2024,JFACE,GA,2023,9.376
2024,JFACE,GA,2024,10.49
2024,JFACP,GA,2020,15013
2024,JFACP,GA,2021,17780
2024,JFACP,GA,2022,23830
2024,JFACP,GA,2023,22893
2024,JFACP,GA,2024,25614
2024,JFACV,GA,2020,885.9
2024,JFACV,GA,2021,1450.2
2024,JFACV,GA,2022,3385.6
2024,JFACV,GA,2023,2632.2
2024,JFACV,GA,2024,2574
2024,JFEIE,GA,2020,0
2024,JFEIE,GA,2021,0
2024,JFEIE,GA,2022,0
2024,JFEIE,GA,2023,0
2024,JFEIE,GA,2024,0
2024,JFTCB,GA,2020,85122
2024,JFTCB,GA,2021,100813
2024,JFTCB,GA,2022,135117
2024,JFTCB,GA,2023,129802
2024,JFTCB,GA,2024,145230
2024,JFTCD,GA,2020,10.41
2024,JFTCD,GA,2021,14.39
2024,JFTCD,GA,2022,25.06
2024,JFTCD,GA,2023,20.28
2024,JFTCD,GA,2024,17.72
2024,JFTCE,GA,2020,6.149
2024,JFTCE,GA,2021,7.282
2024,JFTCE,GA,2022,9.76
2024,JFTCE,GA,2023,9.376
2024,JFTCE,GA,2024,10.49
2024,JFTCP,GA,2020,15013
2024,JFTCP,GA,2021,17780
2024,JFTCP,GA,2022,23830
2024,JFTCP,GA,2023,22893
2024,JFTCP,GA,2024,25614
2024,JFTCV,GA,2020,885.9
2024,JFTCV,GA,2021,1450.2
2024,JFTCV,GA,2022,3385.6
2024,JFTCV,GA,2023,2632.2
2024,JFTCV,GA,2024,2574
2024,JFTXB,GA,2020,85122
2024,JFTXB,GA,2021,100813
2024,JFTXB,GA,2022,135117
2024,JFTXB,GA,2023,129802
2024,JFTXB,GA,2024,145230
2024,JFTXD,GA,2020,10.41
2024,JFTXD,GA,2021,14.39
2024,JFTXD,GA,2022,25.06
2024,JFTXD,GA,2023,20.28
2024,JFTXD,GA,2024,17.72
2024,JFTXP,GA,2020,15013
2024,JFTXP,GA,2021,17780
2024,JFTXP,GA,2022,23830
2024,JFTXP,GA,2023,22893
2024,JFTXP,GA,2024,25614
2024,JFTXV,GA,2020,885.9
2024,JFTXV,GA,2021,1450.2
2024,JFTXV,GA,2022,3385.6
2024,JFTXV,GA,2023,2632.2
2024,JFTXV,GA,2024,2574
2024,KSCCB,GA,2020,37
2024,KSCCB,GA,2021,48
2024,KSCCB,GA,2022,44
2024,KSCCB,GA,2023,74
2024,KSCCB,GA,2024,58
2024,KSCCD,GA,2020,14.54
2024,KSCCD,GA,2021,22.97
2024,KSCCD,GA,2022,36.78
2024,KSCCD,GA,2023,32.72
2024,KSCCD,GA,2024,28.07
2024,KSCCE,GA,2020,0.003
2024,KSCCE,GA,2021,0.004
2024,KSCCE,GA,2022,0.003
2024,KSCCE,GA,2023,0.005
2024,KSCCE,GA,2024,0.004
2024,KSCCP,GA,2020,6
2024,KSCCP,GA,2021,8
2024,KSCCP,GA,2022,8
2024,KSCCP,GA,2023,13
2024,KSCCP,GA,2024,10
2024,KSCCV,GA,2020,0.5
2024,KSCCV,GA,2021,1.1
2024,KSCCV,GA,2022,1.6
2024,KSCCV,GA,2023,2.4
2024,KSCCV,GA,2024,1.6
2024,KSICB,GA,2020,15
2024,KSICB,GA,2021,17
2024,KSICB,GA,2022,13
2024,KSICB,GA,2023,52
2024,KSICB,GA,2024,28
2024,KSICD,GA,2020,14.17
2024,KSICD,GA,2021,18.86
2024,KSICD,GA,2022,29.63
2024,KSICD,GA,2023,26
2024,KSICD,GA,2024,23.4
2024,KSICE,GA,2020,0.001
2024,KSICE,GA,2021,0.001
2024,KSICE,GA,2022,0.001
2024,KSICE,GA,2023,0.004
2024,KSICE,GA,2024,0.002
2024,KSICP,GA,2020,3
2024,KSICP,GA,2021,3
2024,KSICP,GA,2022,2
2024,KSICP,GA,2023,9
2024,KSICP,GA,2024,5
2024,KSICV,GA,2020,0.2
2024,KSICV,GA,2021,0.3
2024,KSICV,GA,2022,0.4
2024,KSICV,GA,2023,1.4
2024,KSICV,GA,2024,0.7
2024,KSRCB,GA,2020,23
2024,KSRCB,GA,2021,49
2024,KSRCB,GA,2022,45
2024,KSRCB,GA,2023,76
2024,KSRCB,GA,2024,60
2024,KSRCD,GA,2020,14.54
2024,KSRCD,GA,2021,22.97
2024,KSRCD,GA,2022,36.78
2024,KSRCD,GA,2023,32.72
2024,KSRCD,GA,2024,28.07
2024,KSRCE,GA,2020,0.002
2024,KSRCE,GA,2021,0.004
2024,KSRCE,GA,2022,0.003
2024,KSRCE,GA,2023,0.006
2024,KSRCE,GA,2024,0.004
2024,KSRCP,GA,2020,4
2024,KSRCP,GA,2021,9
2024,KSRCP,GA,2022,8
2024,KSRCP,GA,2023,13
2024,KSRCP,GA,2024,11
2024,KSRCV,GA,2020,0.3
2024,KSRCV,GA,2021,1.1
2024,KSRCV,GA,2022,1.6
2024,KSRCV,GA,2023,2.5
2024,KSRCV,GA,2024,1.7
2024,KSTCB,GA,2020,75
2024,KSTCB,GA,2021,114
2024,KSTCB,GA,2022,101
2024,KSTCB,GA,2023,202
2024,KSTCB,GA,2024,147
2024,KSTCD,GA,2020,14.47
2024,KSTCD,GA,2021,22.35
2024,KSTCD,GA,2022,35.86
2024,KSTCD,GA,2023,30.99
2024,KSTCD,GA,2024,27.17
2024,KSTCE,GA,2020,0.005
2024,KSTCE,GA,2021,0.008
2024,KSTCE,GA,2022,0.007
2024,KSTCE,GA,2023,0.015
2024,KSTCE,GA,2024,0.011
2024,KSTCP,GA,2020,13
2024,KSTCP,GA,2021,20
2024,KSTCP,GA,2022,18
2024,KSTCP,GA,2023,36
2024,KSTCP,GA,2024,26
2024,KSTCV,GA,2020,1.1
2024,KSTCV,GA,2021,2.6
2024,KSTCV,GA,2022,3.6
2024,KSTCV,GA,2023,6.3
2024,KSTCV,GA,2024,4
2024,KSTXB,GA,2020,75
2024,KSTXB,GA,2021,114
2024,KSTXB,GA,2022,101
2024,KSTXB,GA,2023,202
2024,KSTXB,GA,2024,147
2024,KSTXD,GA,2020,14.47
2024,KSTXD,GA,2021,22.35
2024,KSTXD,GA,2022,35.86
2024,KSTXD,GA,2023,30.99
2024,KSTXD,GA,2024,27.17
2024,KSTXP,GA,2020,13
2024,KSTXP,GA,2021,20
2024,KSTXP,GA,2022,18
2024,KSTXP,GA,2023,36
2024,KSTXP,GA,2024,26
2024,KSTXV,GA,2020,1.1
2024,KSTXV,GA,2021,2.6
2024,KSTXV,GA,2022,3.6
2024,KSTXV,GA,2023,6.3
2024,KSTXV,GA,2024,4
2024,LDVHN,GA,2020,8500.7
2024,LDVHN,GA,2021,8781.3
2024,LDVHN,GA,2022,8858.2
2024,LDVHN,GA,2023,8891.3
2024,LDVHN,GA,2024,8946.6
2024,LOACB,GA,2020,782
2024,LOACB,GA,2021,805
2024,LOACB,GA,2022,799
2024,LOACB,GA,2023,805
2024,LOACB,GA,2024,869
2024,LOCCB,GA,2020,246419
2024,LOCCB,GA,2021,257892
2024,LOCCB,GA,2022,275419
2024,LOCCB,GA,2023,287107
2024,LOCCB,GA,2024,316139
2024,LOICB,GA,2020,171362
2024,LOICB,GA,2021,184553
2024,LOICB,GA,2022,190191
2024,LOICB,GA,2023,179104
2024,LOICB,GA,2024,186893
2024,LORCB,GA,2020,323839
2024,LORCB,GA,2021,330611
2024,LORCB,GA,2022,339905
2024,LORCB,GA,2023,326247
2024,LORCB,GA,2024,355620
2024,LOTCB,GA,2020,742402
2024,LOTCB,GA,2021,773861
2024,LOTCB,GA,2022,806313
2024,LOTCB,GA,2023,793263
2024,LOTCB,GA,2024,859522
2024,LOTXB,GA,2020,742402
2024,LOTXB,GA,2021,773861
2024,LOTXB,GA,2022,806313
2024,LOTXB,GA,2023,793263
2024,LOTXB,GA,2024,859522
2024,LUACB,GA,2020,3884
2024,LUACB,GA,2021,3962
2024,LUACB,GA,2022,4062
2024,LUACB,GA,2023,3263
2024,LUACB,GA,2024,3031
2024,LUACD,GA,2020,75.34
2024,LUACD,GA,2021,81.25
2024,LUACD,GA,2022,97.37
2024,LUACD,GA,2023,105.48
2024,LUACD,GA,2024,104.98
2024,LUACE,GA,2020,0.144
2024,LUACE,GA,2021,0.147
2024,LUACE,GA,2022,0.15
2024,LUACE,GA,2023,0.121
2024,LUACE,GA,2024,0.112
2024,LUACP,GA,2020,640
2024,LUACP,GA,2021,653
2024,LUACP,GA,2022,670
2024,LUACP,GA,2023,538
2024,LUACP,GA,2024,500
2024,LUACV,GA,2020,292.6
2024,LUACV,GA,2021,321.9
2024,LUACV,GA,2022,395.5
2024,LUACV,GA,2023,344.2
2024,LUACV,GA,2024,318.2
2024,LUICB,GA,2020,2669
2024,LUICB,GA,2021,2601
2024,LUICB,GA,2022,2815
2024,LUICB,GA,2023,2084
2024,LUICB,GA,2024,1927
2024,LUICD,GA,2020,75.34
2024,LUICD,GA,2021,81.25
2024,LUICD,GA,2022,97.37
2024,LUICD,GA,2023,105.48
2024,LUICD,GA,2024,104.98
2024,LUICE,GA,2020,0.099
2024,LUICE,GA,2021,0.096
2024,LUICE,GA,2022,0.104
2024,LUICE,GA,2023,0.077
2024,LUICE,GA,2024,0.071
2024,LUICP,GA,2020,440
2024,LUICP,GA,2021,429
2024,LUICP,GA,2022,464
2024,LUICP,GA,2023,344
2024,LUICP,GA,2024,318
2024,LUICV,GA,2020,201.1
2024,LUICV,GA,2021,211.3
2024,LUICV,GA,2022,274.1
2024,LUICV,GA,2023,219.8
2024,LUICV,GA,2024,202.3
2024,LUTCB,GA,2020,6553
2024,LUTCB,GA,2021,6563
2024,LUTCB,GA,2022,6877
2024,LUTCB,GA,2023,5347
2024,LUTCB,GA,2024,4958
2024,LUTCD,GA,2020,75.34
2024,LUTCD,GA,2021,81.25
2024,LUTCD,GA,2022,97.37
2024,LUTCD,GA,2023,105.48
2024,LUTCD,GA,2024,104.98
2024,LUTCE,GA,2020,0.243
2024,LUTCE,GA,2021,0.243
2024,LUTCE,GA,2022,0.255
2024,LUTCE,GA,2023,0.198
2024,LUTCE,GA,2024,0.184
2024,LUTCP,GA,2020,1081
2024,LUTCP,GA,2021,1082
2024,LUTCP,GA,2022,1134
2024,LUTCP,GA,2023,882
2024,LUTCP,GA,2024,817
2024,LUTCV,GA,2020,493.7
2024,LUTCV,GA,2021,533.2
2024,LUTCV,GA,2022,669.6
2024,LUTCV,GA,2023,564
2024,LUTCV,GA,2024,520.5
2024,LUTXB,GA,2020,6553
2024,LUTXB,GA,2021,6563
2024,LUTXB,GA,2022,6877
2024,LUTXB,GA,2023,5347
2024,LUTXB,GA,2024,4958
2024,LUTXD,GA,2020,75.34
2024,LUTXD,GA,2021,81.25
2024,LUTXD,GA,2022,97.37
2024,LUTXD,GA,2023,105.48
2024,LUTXD,GA,2024,104.98
2024,LUTXP,GA,2020,1081
2024,LUTXP,GA,2021,1082
2024,LUTXP,GA,2022,1134
2024,LUTXP,GA,2023,882
2024,LUTXP,GA,2024,817
2024,LUTXV,GA,2020,493.7
2024,LUTXV,GA,2021,533.2
2024,LUTXV,GA,2022,669.6
2024,LUTXV,GA,2023,564
2024,LUTXV,GA,2024,520.5
2024,MBICB,GA,2020,0
2024,MBICB,GA,2021,0
2024,MBICB,GA,2022,0
2024,MBICB,GA,2023,0
2024,MBICB,GA,2024,0
2024,MBICP,GA,2020,0
2024,MBICP,GA,2021,0
2024,MBICP,GA,2022,0
2024,MBICP,GA,2023,0
2024,MBICP,GA,2024,0
2024,MGACB,GA,2020,530129
2024,MGACB,GA,2021,545257
2024,MGACB,GA,2022,530563
2024,MGACB,GA,2023,587964
2024,MGACB,GA,2024,571598
2024,MGACD,GA,2020,15.83
2024,MGACD,GA,2021,22.06
2024,MGACD,GA,2022,28.33
2024,MGACD,GA,2023,25.53
2024,MGACD,GA,2024,24.54
2024,MGACP,GA,2020,104935
2024,MGACP,GA,2021,107972
2024,MGACP,GA,2022,105083
2024,MGACP,GA,2023,116452
2024,MGACP,GA,2024,113188
2024,MGACV,GA,2020,8393.6
2024,MGACV,GA,2021,12028.5
2024,MGACV,GA,2022,15031.9
2024,MGACV,GA,2023,15011.5
2024,MGACV,GA,2024,14028.4
2024,MGCCB,GA,2020,12666
2024,MGCCB,GA,2021,12739
2024,MGCCB,GA,2022,13067
2024,MGCCB,GA,2023,13130
2024,MGCCB,GA,2024,11562
2024,MGCCD,GA,2020,15.83
2024,MGCCD,GA,2021,22.06
2024,MGCCD,GA,2022,28.33
2024,MGCCD,GA,2023,25.53
2024,MGCCD,GA,2024,24.54
2024,MGCCP,GA,2020,2507
2024,MGCCP,GA,2021,2523
2024,MGCCP,GA,2022,2588
2024,MGCCP,GA,2023,2601
2024,MGCCP,GA,2024,2289
2024,MGCCV,GA,2020,200.5
2024,MGCCV,GA,2021,281
2024,MGCCV,GA,2022,370.2
2024,MGCCV,GA,2023,335.2
2024,MGCCV,GA,2024,283.7
2024,MGICB,GA,2020,6610
2024,MGICB,GA,2021,6594
2024,MGICB,GA,2022,6792
2024,MGICB,GA,2023,6822
2024,MGICB,GA,2024,8041
2024,MGICD,GA,2020,15.83
2024,MGICD,GA,2021,22.06
2024,MGICD,GA,2022,28.33
2024,MGICD,GA,2023,25.53
2024,MGICD,GA,2024,24.54
2024,MGICP,GA,2020,1308
2024,MGICP,GA,2021,1306
2024,MGICP,GA,2022,1345
2024,MGICP,GA,2023,1351
2024,MGICP,GA,2024,1592
2024,MGICV,GA,2020,104.7
2024,MGICV,GA,2021,145.5
2024,MGICV,GA,2022,192.4
2024,MGICV,GA,2023,174.2
2024,MGICV,GA,2024,197.4
2024,MGTCB,GA,2020,549405
2024,MGTCB,GA,2021,564590
2024,MGTCB,GA,2022,550422
2024,MGTCB,GA,2023,607917
2024,MGTCB,GA,2024,591201
2024,MGTCD,GA,2020,15.83
2024,MGTCD,GA,2021,22.06
2024,MGTCD,GA,2022,28.33
2024,MGTCD,GA,2023,25.53
2024,MGTCD,GA,2024,24.54
2024,MGTCP,GA,2020,108750
2024,MGTCP,GA,2021,111800
2024,MGTCP,GA,2022,109016
2024,MGTCP,GA,2023,120403
2024,MGTCP,GA,2024,117070
2024,MGTCV,GA,2020,8698.8
2024,MGTCV,GA,2021,12454.9
2024,MGTCV,GA,2022,15594.5
2024,MGTCV,GA,2023,15520.9
2024,MGTCV,GA,2024,14509.5
2024,MGTPV,GA,2020,810.5
2024,MGTPV,GA,2021,1154
2024,MGTPV,GA,2022,1426.8
2024,MGTPV,GA,2023,1402.9
2024,MGTPV,GA,2024,1295
2024,MGTXB,GA,2020,549405
2024,MGTXB,GA,2021,564590
2024,MGTXB,GA,2022,550422
2024,MGTXB,GA,2023,607917
2024,MGTXB,GA,2024,591201
2024,MGTXD,GA,2020,15.83
2024,MGTXD,GA,2021,22.06
2024,MGTXD,GA,2022,28.33
2024,MGTXD,GA,2023,25.53
2024,MGTXD,GA,2024,24.54
2024,MGTXP,GA,2020,108750
2024,MGTXP,GA,2021,111800
2024,MGTXP,GA,2022,109016
2024,MGTXP,GA,2023,120403
2024,MGTXP,GA,2024,117070
2024,MGTXV,GA,2020,8698.8
2024,MGTXV,GA,2021,12454.9
2024,MGTXV,GA,2022,15594.5
2024,MGTXV,GA,2023,15520.9
2024,MGTXV,GA,2024,14509.5
2024,MMACB,GA,2020,494067
2024,MMACB,GA,2021,507737
2024,MMACB,GA,2022,493704
2024,MMACB,GA,2023,547332
2024,MMACB,GA,2024,532163
2024,MMACE,GA,2020,34.909
2024,MMACE,GA,2021,35.875
2024,MMACE,GA,2022,34.883
2024,MMACE,GA,2023,38.673
2024,MMACE,GA,2024,37.601
2024,MMCCB,GA,2020,11805
2024,MMCCB,GA,2021,11863
2024,MMCCB,GA,2022,12159
2024,MMCCB,GA,2023,12223
2024,MMCCB,GA,2024,10764
2024,MMCCE,GA,2020,0.834
2024,MMCCE,GA,2021,0.838
2024,MMCCE,GA,2022,0.859
2024,MMCCE,GA,2023,0.864
2024,MMCCE,GA,2024,0.761
2024,MMICB,GA,2020,6160
2024,MMICB,GA,2021,6140
2024,MMICB,GA,2022,6320
2024,MMICB,GA,2023,6351
2024,MMICB,GA,2024,7487
2024,MMICE,GA,2020,0.435
2024,MMICE,GA,2021,0.434
2024,MMICE,GA,2022,0.447
2024,MMICE,GA,2023,0.449
2024,MMICE,GA,2024,0.529
2024,MMTCB,GA,2020,512032
2024,MMTCB,GA,2021,525739
2024,MMTCB,GA,2022,512183
2024,MMTCB,GA,2023,565906
2024,MMTCB,GA,2024,550413
2024,MMTCE,GA,2020,36.178
2024,MMTCE,GA,2021,37.147
2024,MMTCE,GA,2022,36.189
2024,MMTCE,GA,2023,39.985
2024,MMTCE,GA,2024,38.89
2024,MSICB,GA,2020,2002
2024,MSICB,GA,2021,2003
2024,MSICB,GA,2022,1634
2024,MSICB,GA,2023,1571
2024,MSICB,GA,2024,1538
2024,MSICD,GA,2020,12.76
2024,MSICD,GA,2021,21.77
2024,MSICD,GA,2022,30.58
2024,MSICD,GA,2023,24.92
2024,MSICD,GA,2024,24.59
2024,MSICP,GA,2020,345
2024,MSICP,GA,2021,346
2024,MSICP,GA,2022,282
2024,MSICP,GA,2023,271
2024,MSICP,GA,2024,265
2024,MSICV,GA,2020,25.5
2024,MSICV,GA,2021,43.6
2024,MSICV,GA,2022,50
2024,MSICV,GA,2023,39.1
2024,MSICV,GA,2024,37.8
2024,NAICB,GA,2020,0
2024,NAICB,GA,2021,0
2024,NAICB,GA,2022,0
2024,NAICB,GA,2023,0
2024,NAICB,GA,2024,0
2024,NAICP,GA,2020,0
2024,NAICP,GA,2021,0
2024,NAICP,GA,2022,0
2024,NAICP,GA,2023,0
2024,NAICP,GA,2024,0
2024,NCPRB,GA,2020,30574
2024,NCPRB,GA,2021,31016
2024,NCPRB,GA,2022,36499
2024,NCPRB,GA,2023,37967
2024,NCPRB,GA,2024,43953
2024,NGACB,GA,2020,7703
2024,NGACB,GA,2021,8102
2024,NGACB,GA,2022,10082
2024,NGACB,GA,2023,12697
2024,NGACB,GA,2024,12174
2024,NGACD,GA,2020,15.1
2024,NGACD,GA,2021,15.82
2024,NGACD,GA,2022,19.48
2024,NGACD,GA,2023,17.53
2024,NGACD,GA,2024,20.37
2024,NGACP,GA,2020,7499
2024,NGACP,GA,2021,7890
2024,NGACP,GA,2022,9797
2024,NGACP,GA,2023,12360
2024,NGACP,GA,2024,11819
2024,NGACV,GA,2020,24.6
2024,NGACV,GA,2021,24.7
2024,NGACV,GA,2022,29
2024,NGACV,GA,2023,25.9
2024,NGACV,GA,2024,29.8
2024,NGASB,GA,2020,1631
2024,NGASB,GA,2021,1559
2024,NGASB,GA,2022,1486
2024,NGASB,GA,2023,1477
2024,NGASB,GA,2024,1463
2024,NGCCB,GA,2020,51846
2024,NGCCB,GA,2021,54512
2024,NGCCB,GA,2022,57376
2024,NGCCB,GA,2023,52679
2024,NGCCB,GA,2024,57046
2024,NGCCD,GA,2020,7.49
2024,NGCCD,GA,2021,8.36
2024,NGCCD,GA,2022,11.08
2024,NGCCD,GA,2023,10.46
2024,NGCCD,GA,2024,9.06
2024,NGCCP,GA,2020,50471
2024,NGCCP,GA,2021,53082
2024,NGCCP,GA,2022,55756
2024,NGCCP,GA,2023,51281
2024,NGCCP,GA,2024,55379
2024,NGCCV,GA,2020,388.1
2024,NGCCV,GA,2021,456
2024,NGCCV,GA,2022,635.6
2024,NGCCV,GA,2023,550.8
2024,NGCCV,GA,2024,516.7
2024,NGEIB,GA,2020,439634
2024,NGEIB,GA,2021,415218
2024,NGEIB,GA,2022,445618
2024,NGEIB,GA,2023,440161
2024,NGEIB,GA,2024,417377
2024,NGEID,GA,2020,2.32
2024,NGEID,GA,2021,4.25
2024,NGEID,GA,2022,7.87
2024,NGEID,GA,2023,3.05
2024,NGEID,GA,2024,2.93
2024,NGEIK,GA,2020,1.03
2024,NGEIK,GA,2021,1.029
2024,NGEIK,GA,2022,1.029
2024,NGEIK,GA,2023,1.029
2024,NGEIK,GA,2024,1.032
2024,NGEIP,GA,2020,426677
2024,NGEIP,GA,2021,403547
2024,NGEIP,GA,2022,433077
2024,NGEIP,GA,2023,427925
2024,NGEIP,GA,2024,404513
2024,NGEIV,GA,2020,1019.8
2024,NGEIV,GA,2021,1762.6
2024,NGEIV,GA,2022,3507.9
2024,NGEIV,GA,2023,1342.1
2024,NGEIV,GA,2024,1222.5
2024,NGGBP,GA,2020,16639
2024,NGGBP,GA,2021,16727
2024,NGGBP,GA,2022,16067
2024,NGGBP,GA,2023,16486
2024,NGGBP,GA,2024,16387
2024,NGICB,GA,2020,157519
2024,NGICB,GA,2021,166369
2024,NGICB,GA,2022,158748
2024,NGICB,GA,2023,160630
2024,NGICB,GA,2024,161205
2024,NGICD,GA,2020,3.75
2024,NGICD,GA,2021,5.3
2024,NGICD,GA,2022,8.72
2024,NGICD,GA,2023,5.22
2024,NGICD,GA,2024,4.7
2024,NGICP,GA,2020,153342
2024,NGICP,GA,2021,162005
2024,NGICP,GA,2022,154267
2024,NGICP,GA,2023,156368
2024,NGICP,GA,2024,156496
2024,NGICV,GA,2020,590.4
2024,NGICV,GA,2021,881.3
2024,NGICV,GA,2022,1383.8
2024,NGICV,GA,2023,838.1
2024,NGICV,GA,2024,757.4
2024,NGISB,GA,2020,157519
2024,NGISB,GA,2021,166369
2024,NGISB,GA,2022,158748
2024,NGISB,GA,2023,160630
2024,NGISB,GA,2024,161205
2024,NGLPB,GA,2020,0
2024,NGLPB,GA,2021,0
2024,NGLPB,GA,2022,0
2024,NGLPB,GA,2023,0
2024,NGLPB,GA,2024,0
2024,NGMPB,GA,2020,0
2024,NGMPB,GA,2021,0
2024,NGMPB,GA,2022,0
2024,NGMPB,GA,2023,0
2024,NGMPB,GA,2024,0
2024,NGMPK,GA,2020,0
2024,NGMPK,GA,2021,0
2024,NGMPK,GA,2022,0
2024,NGMPK,GA,2023,0
2024,NGMPK,GA,2024,0
2024,NGMPP,GA,2020,0
2024,NGMPP,GA,2021,0
2024,NGMPP,GA,2022,0
2024,NGMPP,GA,2023,0
2024,NGMPP,GA,2024,0
2024,NGPZB,GA,2020,6072
2024,NGPZB,GA,2021,6544
2024,NGPZB,GA,2022,8596
2024,NGPZB,GA,2023,11220
2024,NGPZB,GA,2024,10711
2024,NGRCB,GA,2020,123055
2024,NGRCB,GA,2021,130082
2024,NGRCB,GA,2022,138156
2024,NGRCB,GA,2023,125198
2024,NGRCB,GA,2024,135455
2024,NGRCD,GA,2020,15.04
2024,NGRCD,GA,2021,15.49
2024,NGRCD,GA,2022,17.55
2024,NGRCD,GA,2023,18.53
2024,NGRCD,GA,2024,17.66
2024,NGRCP,GA,2020,119792
2024,NGRCP,GA,2021,126670
2024,NGRCP,GA,2022,134256
2024,NGRCP,GA,2023,121875
2024,NGRCP,GA,2024,131498
2024,NGRCV,GA,2020,1850.8
2024,NGRCV,GA,2021,2015.3
2024,NGRCV,GA,2022,2424.7
2024,NGRCV,GA,2023,2319.3
2024,NGRCV,GA,2024,2392
2024,NGRFB,GA,2020,0
2024,NGRFB,GA,2021,0
2024,NGRFB,GA,2022,0
2024,NGRFB,GA,2023,0
2024,NGRFB,GA,2024,0
2024,NGSCB,GA,2020,773685
2024,NGSCB,GA,2021,767740
2024,NGSCB,GA,2022,801384
2024,NGSCB,GA,2023,780145
2024,NGSCB,GA,2024,772546
2024,NGTCB,GA,2020,779757
2024,NGTCB,GA,2021,774283
2024,NGTCB,GA,2022,809981
2024,NGTCB,GA,2023,791363
2024,NGTCB,GA,2024,783256
2024,NGTCD,GA,2020,5.01
2024,NGTCD,GA,2021,6.69
2024,NGTCD,GA,2022,9.96
2024,NGTCD,GA,2023,6.51
2024,NGTCD,GA,2024,6.37
2024,NGTCK,GA,2020,1.029
2024,NGTCK,GA,2021,1.028
2024,NGTCK,GA,2022,1.029
2024,NGTCK,GA,2023,1.028
2024,NGTCK,GA,2024,1.031
2024,NGTCP,GA,2020,757781
2024,NGTCP,GA,2021,753194
2024,NGTCP,GA,2022,787153
2024,NGTCP,GA,2023,769809
2024,NGTCP,GA,2024,759705
2024,NGTCV,GA,2020,3873.7
2024,NGTCV,GA,2021,5139.9
2024,NGTCV,GA,2022,7980.9
2024,NGTCV,GA,2023,5076.2
2024,NGTCV,GA,2024,4918.4
2024,NGTPB,GA,2020,72.7
2024,NGTPB,GA,2021,71.7
2024,NGTPB,GA,2022,74.1
2024,NGTPB,GA,2023,71.5
2024,NGTPB,GA,2024,69.9
2024,NGTPP,GA,2020,70.6
2024,NGTPP,GA,2021,69.8
2024,NGTPP,GA,2022,72
2024,NGTPP,GA,2023,69.6
2024,NGTPP,GA,2024,67.8
2024,NGTXB,GA,2020,340123
2024,NGTXB,GA,2021,359066
2024,NGTXB,GA,2022,364361
2024,NGTXB,GA,2023,351204
2024,NGTXB,GA,2024,365880
2024,NGTXD,GA,2020,8.54
2024,NGTXD,GA,2021,9.58
2024,NGTXD,GA,2022,12.57
2024,NGTXD,GA,2023,10.98
2024,NGTXD,GA,2024,10.41
2024,NGTXK,GA,2020,1.027
2024,NGTXK,GA,2021,1.027
2024,NGTXK,GA,2022,1.029
2024,NGTXK,GA,2023,1.027
2024,NGTXK,GA,2024,1.03
2024,NGTXP,GA,2020,331104
2024,NGTXP,GA,2021,349647
2024,NGTXP,GA,2022,354076
2024,NGTXP,GA,2023,341884
2024,NGTXP,GA,2024,355192
2024,NGTXV,GA,2020,2853.9
2024,NGTXV,GA,2021,3377.3
2024,NGTXV,GA,2022,4473
2024,NGTXV,GA,2023,3734.1
2024,NGTXV,GA,2024,3695.9
2024,NNACE,GA,2020,0.408
2024,NNACE,GA,2021,0.429
2024,NNACE,GA,2022,0.533
2024,NNACE,GA,2023,0.672
2024,NNACE,GA,2024,0.644
2024,NNCCE,GA,2020,2.742
2024,NNCCE,GA,2021,2.883
2024,NNCCE,GA,2022,3.034
2024,NNCCE,GA,2023,2.786
2024,NNCCE,GA,2024,3.017
2024,NNEIE,GA,2020,23.248
2024,NNEIE,GA,2021,21.958
2024,NNEIE,GA,2022,23.567
2024,NNEIE,GA,2023,23.278
2024,NNEIE,GA,2024,22.074
2024,NNICE,GA,2020,8.064
2024,NNICE,GA,2021,8.517
2024,NNICE,GA,2022,8.127
2024,NNICE,GA,2023,8.224
2024,NNICE,GA,2024,8.253
2024,NNRCE,GA,2020,6.507
2024,NNRCE,GA,2021,6.879
2024,NNRCE,GA,2022,7.307
2024,NNRCE,GA,2023,6.621
2024,NNRCE,GA,2024,7.164
2024,NNTCB,GA,2020,779340
2024,NNTCB,GA,2021,773889
2024,NNTCB,GA,2022,809618
2024,NNTCB,GA,2023,791013
2024,NNTCB,GA,2024,782914
2024,NNTCE,GA,2020,40.969
2024,NNTCE,GA,2021,40.665
2024,NNTCE,GA,2022,42.568
2024,NNTCE,GA,2023,41.581
2024,NNTCE,GA,2024,41.151
2024,NTCAS,GA,2020,5.7
2024,NTCAS,GA,2021,4.7
2024,NTCAS,GA,2022,9.4
2024,NTCAS,GA,2023,4.9
2024,NTCAS,GA,2024,5.3
2024,NUCAS,GA,2020,92
2024,NUCAS,GA,2021,95.4
2024,NUCAS,GA,2022,95.8
2024,NUCAS,GA,2023,93.9
2024,NUCAS,GA,2024,91.7
2024,NUEGB,GA,2020,342897
2024,NUEGB,GA,2021,354085
2024,NUEGB,GA,2022,356001
2024,NUEGB,GA,2023,390663
2024,NUEGB,GA,2024,501012
2024,NUEGD,GA,2020,0.77
2024,NUEGD,GA,2021,0.75
2024,NUEGD,GA,2022,0.72
2024,NUEGD,GA,2023,0.77
2024,NUEGD,GA,2024,0.26
2024,NUEGP,GA,2020,32826
2024,NUEGP,GA,2021,33952
2024,NUEGP,GA,2022,34074
2024,NUEGP,GA,2023,37377
2024,NUEGP,GA,2024,47976
2024,NUEGV,GA,2020,262.5
2024,NUEGV,GA,2021,265.9
2024,NUEGV,GA,2022,256.2
2024,NUEGV,GA,2023,301.6
2024,NUEGV,GA,2024,129.9
2024,NUETB,GA,2020,342897
2024,NUETB,GA,2021,354085
2024,NUETB,GA,2022,356001
2024,NUETB,GA,2023,390663
2024,NUETB,GA,2024,501012
2024,NUETD,GA,2020,0.77
2024,NUETD,GA,2021,0.75
2024,NUETD,GA,2022,0.72
2024,NUETD,GA,2023,0.77
2024,NUETD,GA,2024,0.26
2024,NUETP,GA,2020,32826
2024,NUETP,GA,2021,33952
2024,NUETP,GA,2022,34074
2024,NUETP,GA,2023,37377
2024,NUETP,GA,2024,47976
2024,NUETV,GA,2020,262.5
2024,NUETV,GA,2021,265.9
2024,NUETV,GA,2022,256.2
2024,NUETV,GA,2023,301.6
2024,NUETV,GA,2024,129.9
2024,NUGBP,GA,2020,4061
2024,NUGBP,GA,2021,4061
2024,NUGBP,GA,2022,4061
2024,NUGBP,GA,2023,5175
2024,NUGBP,GA,2024,6289
2024,NUPRB,GA,2020,342897
2024,NUPRB,GA,2021,354085
2024,NUPRB,GA,2022,356001
2024,NUPRB,GA,2023,390663
2024,NUPRB,GA,2024,501012
2024,NUPRP,GA,2020,32826
2024,NUPRP,GA,2021,33952
2024,NUPRP,GA,2022,34074
2024,NUPRP,GA,2023,37377
2024,NUPRP,GA,2024,47976
2024,NYCAS,GA,2020,36
2024,NYCAS,GA,2021,22.8
2024,NYCAS,GA,2022,24.8
2024,NYCAS,GA,2023,36.4
2024,NYCAS,GA,2024,34.7
2024,OHICB,GA,2020,0
2024,OHICB,GA,2021,0
2024,OHICB,GA,2022,0
2024,OHICB,GA,2023,0
2024,OHICB,GA,2024,0
2024,OHICD,GA,2020,0
2024,OHICD,GA,2021,0
2024,OHICD,GA,2022,0
2024,OHICD,GA,2023,0
2024,OHICD,GA,2024,0
2024,OHICV,GA,2020,0
2024,OHICV,GA,2021,0
2024,OHICV,GA,2022,0
2024,OHICV,GA,2023,0
2024,OHICV,GA,2024,0
2024,OJGBP,GA,2020,0
2024,OJGBP,GA,2021,0
2024,OJGBP,GA,2022,0
2024,OJGBP,GA,2023,0
2024,OJGBP,GA,2024,0
2024,OMICE,GA,2020,0.293
2024,OMICE,GA,2021,0.275
2024,OMICE,GA,2022,0.264
2024,OMICE,GA,2023,0.264
2024,OMICE,GA,2024,0.231
2024,OMTCB,GA,2020,6385
2024,OMTCB,GA,2021,6232
2024,OMTCB,GA,2022,5787
2024,OMTCB,GA,2023,5572
2024,OMTCB,GA,2024,5162
2024,OMTCE,GA,2020,0.293
2024,OMTCE,GA,2021,0.275
2024,OMTCE,GA,2022,0.264
2024,OMTCE,GA,2023,0.264
2024,OMTCE,GA,2024,0.231
2024,OPACB,GA,2020,0
2024,OPACB,GA,2021,2710
2024,OPACB,GA,2022,2465
2024,OPACB,GA,2023,3984
2024,OPACB,GA,2024,4037
2024,OPACP,GA,2020,0
2024,OPACP,GA,2021,506
2024,OPACP,GA,2022,460
2024,OPACP,GA,2023,743
2024,OPACP,GA,2024,753
2024,OPCCB,GA,2021,0
2024,OPCCB,GA,2022,0
2024,OPCCB,GA,2023,0
2024,OPCCB,GA,2024,0
2024,OPCCP,GA,2021,0
2024,OPCCP,GA,2022,0
2024,OPCCP,GA,2023,0
2024,OPCCP,GA,2024,0
2024,OPEIB,GA,2021,8
2024,OPEIB,GA,2022,7
2024,OPEIB,GA,2023,4
2024,OPEIB,GA,2024,8
2024,OPEIP,GA,2021,2
2024,OPEIP,GA,2022,1
2024,OPEIP,GA,2023,1
2024,OPEIP,GA,2024,2
2024,OPICB,GA,2020,6385
2024,OPICB,GA,2021,6232
2024,OPICB,GA,2022,5787
2024,OPICB,GA,2023,5572
2024,OPICB,GA,2024,5162
2024,OPICD,GA,2020,17.57
2024,OPICD,GA,2021,25.25
2024,OPICD,GA,2022,33.93
2024,OPICD,GA,2023,29.57
2024,OPICD,GA,2024,28.39
2024,OPICP,GA,2020,1177
2024,OPICP,GA,2021,1147
2024,OPICP,GA,2022,1068
2024,OPICP,GA,2023,1030
2024,OPICP,GA,2024,952
2024,OPICV,GA,2020,112.2
2024,OPICV,GA,2021,157.4
2024,OPICV,GA,2022,196.4
2024,OPICV,GA,2023,164.8
2024,OPICV,GA,2024,146.5
2024,OPISB,GA,2020,6385
2024,OPISB,GA,2021,6232
2024,OPISB,GA,2022,5787
2024,OPISB,GA,2023,5572
2024,OPISB,GA,2024,5162
2024,OPRCB,GA,2021,0
2024,OPRCB,GA,2022,0
2024,OPRCB,GA,2023,0
2024,OPRCB,GA,2024,0
2024,OPRCP,GA,2021,0
2024,OPRCP,GA,2022,0
2024,OPRCP,GA,2023,0
2024,OPRCP,GA,2024,0
2024,OPSCB,GA,2020,6385
2024,OPSCB,GA,2021,6232
2024,OPSCB,GA,2022,5787
2024,OPSCB,GA,2023,5572
2024,OPSCB,GA,2024,5162
2024,OPTCB,GA,2020,6385
2024,OPTCB,GA,2021,8950
2024,OPTCB,GA,2022,8259
2024,OPTCB,GA,2023,9560
2024,OPTCB,GA,2024,9208
2024,OPTCD,GA,2020,17.57
2024,OPTCD,GA,2021,25.25
2024,OPTCD,GA,2022,33.93
2024,OPTCD,GA,2023,29.57
2024,OPTCD,GA,2024,28.39
2024,OPTCP,GA,2020,1177
2024,OPTCP,GA,2021,1654
2024,OPTCP,GA,2022,1530
2024,OPTCP,GA,2023,1774
2024,OPTCP,GA,2024,1707
2024,OPTCV,GA,2020,112.2
2024,OPTCV,GA,2021,157.4
2024,OPTCV,GA,2022,196.4
2024,OPTCV,GA,2023,164.8
2024,OPTCV,GA,2024,146.5
2024,OPTXB,GA,2020,6385
2024,OPTXB,GA,2021,8942
2024,OPTXB,GA,2022,8252
2024,OPTXB,GA,2023,9556
2024,OPTXB,GA,2024,9199
2024,OPTXD,GA,2020,17.57
2024,OPTXD,GA,2021,25.25
2024,OPTXD,GA,2022,33.93
2024,OPTXD,GA,2023,29.57
2024,OPTXD,GA,2024,28.39
2024,OPTXP,GA,2020,1177
2024,OPTXP,GA,2021,1653
2024,OPTXP,GA,2022,1528
2024,OPTXP,GA,2023,1773
2024,OPTXP,GA,2024,1705
2024,OPTXV,GA,2020,112.2
2024,OPTXV,GA,2021,157.4
2024,OPTXV,GA,2022,196.4
2024,OPTXV,GA,2023,164.8
2024,OPTXV,GA,2024,146.5
2024,OTGBP,GA,2020,0
2024,OTGBP,GA,2021,44
2024,OTGBP,GA,2022,0
2024,OTGBP,GA,2023,0
2024,OTGBP,GA,2024,0
2024,P1ICB,GA,2020,38604
2024,P1ICB,GA,2021,38643
2024,P1ICB,GA,2022,39092
2024,P1ICB,GA,2023,42715
2024,P1ICB,GA,2024,39078
2024,P1ICD,GA,2020,16.44
2024,P1ICD,GA,2021,19.1
2024,P1ICD,GA,2022,25.45
2024,P1ICD,GA,2023,22.44
2024,P1ICD,GA,2024,21.3
2024,P1ICP,GA,2020,6168
2024,P1ICP,GA,2021,6144
2024,P1ICP,GA,2022,6224
2024,P1ICP,GA,2023,6718
2024,P1ICP,GA,2024,6164
2024,P1ICV,GA,2020,634.7
2024,P1ICV,GA,2021,737.9
2024,P1ICV,GA,2022,994.9
2024,P1ICV,GA,2023,958.6
2024,P1ICV,GA,2024,832.2
2024,P1ISB,GA,2020,38604
2024,P1ISB,GA,2021,38643
2024,P1ISB,GA,2022,39092
2024,P1ISB,GA,2023,42715
2024,P1ISB,GA,2024,39078
2024,P1SCB,GA,2020,43184
2024,P1SCB,GA,2021,43418
2024,P1SCB,GA,2022,43984
2024,P1SCB,GA,2023,46833
2024,P1SCB,GA,2024,42984
2024,P1TCB,GA,2020,43184
2024,P1TCB,GA,2021,46136
2024,P1TCB,GA,2022,46456
2024,P1TCB,GA,2023,50821
2024,P1TCB,GA,2024,47030
2024,P1TCD,GA,2020,21.82
2024,P1TCD,GA,2021,24.94
2024,P1TCD,GA,2022,32.29
2024,P1TCD,GA,2023,28.41
2024,P1TCD,GA,2024,27.4
2024,P1TCP,GA,2020,6944
2024,P1TCP,GA,2021,7463
2024,P1TCP,GA,2022,7517
2024,P1TCP,GA,2023,8166
2024,P1TCP,GA,2024,7590
2024,P1TCV,GA,2020,942.4
2024,P1TCV,GA,2021,1082.7
2024,P1TCV,GA,2022,1420.4
2024,P1TCV,GA,2023,1330.6
2024,P1TCV,GA,2024,1177.8
2024,P1TXB,GA,2020,43184
2024,P1TXB,GA,2021,46128
2024,P1TXB,GA,2022,46449
2024,P1TXB,GA,2023,50816
2024,P1TXB,GA,2024,47022
2024,P1TXD,GA,2020,21.82
2024,P1TXD,GA,2021,24.94
2024,P1TXD,GA,2022,32.29
2024,P1TXD,GA,2023,28.41
2024,P1TXD,GA,2024,27.4
2024,P1TXP,GA,2020,6944
2024,P1TXP,GA,2021,7462
2024,P1TXP,GA,2022,7516
2024,P1TXP,GA,2023,8165
2024,P1TXP,GA,2024,7588
2024,P1TXV,GA,2020,942.4
2024,P1TXV,GA,2021,1082.7
2024,P1TXV,GA,2022,1420.4
2024,P1TXV,GA,2023,1330.6
2024,P1TXV,GA,2024,1177.8
2024,P5RFB,GA,2020,0
2024,P5RFB,GA,2021,0
2024,P5RFB,GA,2022,0
2024,P5RFB,GA,2023,0
2024,P5RFB,GA,2024,0
2024,PAACB,GA,2020,816841
2024,PAACB,GA,2021,852763
2024,PAACB,GA,2022,866008
2024,PAACB,GA,2023,934767
2024,PAACB,GA,2024,921629
2024,PAACD,GA,2020,15.94
2024,PAACD,GA,2021,21.43
2024,PAACD,GA,2022,29.49
2024,PAACD,GA,2023,25.86
2024,PAACD,GA,2024,24.06
2024,PAACP,GA,2020,154965
2024,PAACP,GA,2021,161568
2024,PAACP,GA,2022,163637
2024,PAACP,GA,2023,177029
2024,PAACP,GA,2024,174383
2024,PAACV,GA,2020,13020
2024,PAACV,GA,2021,18278.1
2024,PAACV,GA,2022,25537.8
2024,PAACV,GA,2023,24170.6
2024,PAACV,GA,2024,22175.8
2024,PAASB,GA,2020,816841
2024,PAASB,GA,2021,852763
2024,PAASB,GA,2022,866008
2024,PAASB,GA,2023,934767
2024,PAASB,GA,2024,921629
2024,PACAS,GA,2020,2.1
2024,PACAS,GA,2021,1.5
2024,PACAS,GA,2022,4.8
2024,PACAS,GA,2023,0.7
2024,PACAS,GA,2024,1.4
2024,PACCB,GA,2020,23118
2024,PACCB,GA,2021,24693
2024,PACCB,GA,2022,25630
2024,PACCB,GA,2023,24390
2024,PACCB,GA,2024,23087
2024,PACCD,GA,2020,13.83
2024,PACCD,GA,2021,19.82
2024,PACCD,GA,2022,26.78
2024,PACCD,GA,2023,23.06
2024,PACCD,GA,2024,21.67
2024,PACCP,GA,2020,4684
2024,PACCP,GA,2021,4984
2024,PACCP,GA,2022,5201
2024,PACCP,GA,2023,4919
2024,PACCP,GA,2024,4668
2024,PACCV,GA,2020,319.6
2024,PACCV,GA,2021,489.3
2024,PACCV,GA,2022,686.3
2024,PACCV,GA,2023,562.3
2024,PACCV,GA,2024,500.4
2024,PAEIB,GA,2020,594
2024,PAEIB,GA,2021,862
2024,PAEIB,GA,2022,2178
2024,PAEIB,GA,2023,453
2024,PAEIB,GA,2024,1008
2024,PAEID,GA,2020,10.89
2024,PAEID,GA,2021,17.46
2024,PAEID,GA,2022,28.63
2024,PAEID,GA,2023,24.43
2024,PAEID,GA,2024,22.25
2024,PAEIP,GA,2020,103
2024,PAEIP,GA,2021,150
2024,PAEIP,GA,2022,378
2024,PAEIP,GA,2023,79
2024,PAEIP,GA,2024,175
2024,PAEIV,GA,2020,6.5
2024,PAEIV,GA,2021,15
2024,PAEIV,GA,2022,62.4
2024,PAEIV,GA,2023,11.1
2024,PAEIV,GA,2024,22.4
2024,PAGBP,GA,2020,1030
2024,PAGBP,GA,2021,1030
2024,PAGBP,GA,2022,1685
2024,PAGBP,GA,2023,1191
2024,PAGBP,GA,2024,1192
2024,PAICB,GA,2020,74175
2024,PAICB,GA,2021,81698
2024,PAICB,GA,2022,83489
2024,PAICB,GA,2023,84834
2024,PAICB,GA,2024,82836
2024,PAICD,GA,2020,14.37
2024,PAICD,GA,2021,17.99
2024,PAICD,GA,2022,25.69
2024,PAICD,GA,2023,22.54
2024,PAICD,GA,2024,20.81
2024,PAICP,GA,2020,12998
2024,PAICP,GA,2021,14280
2024,PAICP,GA,2022,14666
2024,PAICP,GA,2023,14645
2024,PAICP,GA,2024,14510
2024,PAICV,GA,2020,1065.8
2024,PAICV,GA,2021,1470.1
2024,PAICV,GA,2022,2145.2
2024,PAICV,GA,2023,1911.8
2024,PAICV,GA,2024,1723.7
2024,PAISB,GA,2020,74175
2024,PAISB,GA,2021,81698
2024,PAISB,GA,2022,83489
2024,PAISB,GA,2023,84834
2024,PAISB,GA,2024,82836
2024,PAPRB,GA,2020,0
2024,PAPRB,GA,2021,0
2024,PAPRB,GA,2022,0
2024,PAPRB,GA,2023,0
2024,PAPRB,GA,2024,0
2024,PAPRP,GA,2020,0
2024,PAPRP,GA,2021,0
2024,PAPRP,GA,2022,0
2024,PAPRP,GA,2023,0
2024,PAPRP,GA,2024,0
2024,PARCB,GA,2020,8584
2024,PARCB,GA,2021,7898
2024,PARCB,GA,2022,7635
2024,PARCB,GA,2023,7013
2024,PARCB,GA,2024,8292
2024,PARCD,GA,2020,25.39
2024,PARCD,GA,2021,30.41
2024,PARCD,GA,2022,32.78
2024,PARCD,GA,2023,31.71
2024,PARCD,GA,2024,32.33
2024,PARCP,GA,2020,2228
2024,PARCP,GA,2021,2045
2024,PARCP,GA,2022,1977
2024,PARCP,GA,2023,1813
2024,PARCP,GA,2024,2147
2024,PARCV,GA,2020,217.9
2024,PARCV,GA,2021,240.2
2024,PARCV,GA,2022,250.3
2024,PARCV,GA,2023,222.4
2024,PARCV,GA,2024,268.1
2024,PASCB,GA,2020,923312
2024,PASCB,GA,2021,967905
2024,PASCB,GA,2022,984933
2024,PASCB,GA,2023,1051452
2024,PASCB,GA,2024,1036843
2024,PATCB,GA,2020,923312
2024,PATCB,GA,2021,967914
2024,PATCB,GA,2022,984940
2024,PATCB,GA,2023,1051456
2024,PATCB,GA,2024,1036851
2024,PATCD,GA,2020,15.85
2024,PATCD,GA,2021,21.17
2024,PATCD,GA,2022,29.12
2024,PATCD,GA,2023,25.56
2024,PATCD,GA,2024,23.81
2024,PATCP,GA,2020,174978
2024,PATCP,GA,2021,183027
2024,PATCP,GA,2022,185858
2024,PATCP,GA,2023,198485
2024,PATCP,GA,2024,195883
2024,PATCV,GA,2020,14629.9
2024,PATCV,GA,2021,20492.8
2024,PATCV,GA,2022,28682
2024,PATCV,GA,2023,26878.1
2024,PATCV,GA,2024,24690.3
2024,PATPB,GA,2020,86
2024,PATPB,GA,2021,89.7
2024,PATPB,GA,2022,90.1
2024,PATPB,GA,2023,95
2024,PATPB,GA,2024,92.5
2024,PATPP,GA,2020,16.3
2024,PATPP,GA,2021,17
2024,PATPP,GA,2022,17
2024,PATPP,GA,2023,17.9
2024,PATPP,GA,2024,17.5
2024,PATXB,GA,2020,922718
2024,PATXB,GA,2021,967052
2024,PATXB,GA,2022,982762
2024,PATXB,GA,2023,1051004
2024,PATXB,GA,2024,1035843
2024,PATXD,GA,2020,15.85
2024,PATXD,GA,2021,21.18
2024,PATXD,GA,2022,29.12
2024,PATXD,GA,2023,25.56
2024,PATXD,GA,2024,23.81
2024,PATXP,GA,2020,174875
2024,PATXP,GA,2021,182877
2024,PATXP,GA,2022,185480
2024,PATXP,GA,2023,198406
2024,PATXP,GA,2024,195708
2024,PATXV,GA,2020,14623.4
2024,PATXV,GA,2021,20477.7
2024,PATXV,GA,2022,28619.6
2024,PATXV,GA,2023,26867
2024,PATXV,GA,2024,24667.9
2024,PCCCB,GA,2020,0
2024,PCCCB,GA,2021,0
2024,PCCCB,GA,2022,0
2024,PCCCB,GA,2023,0
2024,PCCCB,GA,2024,0
2024,PCCCD,GA,2020,0
2024,PCCCD,GA,2021,0
2024,PCCCD,GA,2022,0
2024,PCCCD,GA,2023,0
2024,PCCCD,GA,2024,0
2024,PCCCE,GA,2020,0
2024,PCCCE,GA,2021,0
2024,PCCCE,GA,2022,0
2024,PCCCE,GA,2023,0
2024,PCCCE,GA,2024,0
2024,PCCCP,GA,2020,0
2024,PCCCP,GA,2021,0
2024,PCCCP,GA,2022,0
2024,PCCCP,GA,2023,0
2024,PCCCP,GA,2024,0
2024,PCCCV,GA,2020,0
2024,PCCCV,GA,2021,0
2024,PCCCV,GA,2022,0
2024,PCCCV,GA,2023,0
2024,PCCCV,GA,2024,0
2024,PCEIB,GA,2020,0
2024,PCEIB,GA,2021,0
2024,PCEIB,GA,2022,0
2024,PCEIB,GA,2023,0
2024,PCEIB,GA,2024,0
2024,PCEID,GA,2020,0
2024,PCEID,GA,2021,0
2024,PCEID,GA,2022,0
2024,PCEID,GA,2023,0
2024,PCEID,GA,2024,0
2024,PCEIE,GA,2020,0
2024,PCEIE,GA,2021,0
2024,PCEIE,GA,2022,0
2024,PCEIE,GA,2023,0
2024,PCEIE,GA,2024,0
2024,PCEIP,GA,2020,0
2024,PCEIP,GA,2021,0
2024,PCEIP,GA,2022,0
2024,PCEIP,GA,2023,0
2024,PCEIP,GA,2024,0
2024,PCEIV,GA,2020,0
2024,PCEIV,GA,2021,0
2024,PCEIV,GA,2022,0
2024,PCEIV,GA,2023,0
2024,PCEIV,GA,2024,0
2024,PCICB,GA,2020,4005
2024,PCICB,GA,2021,3110
2024,PCICB,GA,2022,3995
2024,PCICB,GA,2023,2474
2024,PCICB,GA,2024,3051
2024,PCICD,GA,2020,2.21
2024,PCICD,GA,2021,4.67
2024,PCICD,GA,2022,7.01
2024,PCICD,GA,2023,5.2
2024,PCICD,GA,2024,3.64
2024,PCICE,GA,2020,0.393
2024,PCICE,GA,2021,0.305
2024,PCICE,GA,2022,0.401
2024,PCICE,GA,2023,0.249
2024,PCICE,GA,2024,0.307
2024,PCICP,GA,2020,700
2024,PCICP,GA,2021,544
2024,PCICP,GA,2022,699
2024,PCICP,GA,2023,433
2024,PCICP,GA,2024,533
2024,PCICV,GA,2020,8.9
2024,PCICV,GA,2021,14.5
2024,PCICV,GA,2022,28
2024,PCICV,GA,2023,12.9
2024,PCICV,GA,2024,11.1
2024,PCISB,GA,2020,4005
2024,PCISB,GA,2021,3110
2024,PCISB,GA,2022,3995
2024,PCISB,GA,2023,2474
2024,PCISB,GA,2024,3051
2024,PCRFB,GA,2020,0
2024,PCRFB,GA,2021,0
2024,PCRFB,GA,2022,0
2024,PCRFB,GA,2023,0
2024,PCRFB,GA,2024,0
2024,PCSCB,GA,2020,4005
2024,PCSCB,GA,2021,3110
2024,PCSCB,GA,2022,3995
2024,PCSCB,GA,2023,2474
2024,PCSCB,GA,2024,3051
2024,PCTCB,GA,2020,4005
2024,PCTCB,GA,2021,3110
2024,PCTCB,GA,2022,3995
2024,PCTCB,GA,2023,2474
2024,PCTCB,GA,2024,3051
2024,PCTCD,GA,2020,2.21
2024,PCTCD,GA,2021,4.67
2024,PCTCD,GA,2022,7.01
2024,PCTCD,GA,2023,5.2
2024,PCTCD,GA,2024,3.64
2024,PCTCE,GA,2020,0.393
2024,PCTCE,GA,2021,0.305
2024,PCTCE,GA,2022,0.401
2024,PCTCE,GA,2023,0.249
2024,PCTCE,GA,2024,0.307
2024,PCTCP,GA,2020,700
2024,PCTCP,GA,2021,544
2024,PCTCP,GA,2022,699
2024,PCTCP,GA,2023,433
2024,PCTCP,GA,2024,533
2024,PCTCV,GA,2020,8.9
2024,PCTCV,GA,2021,14.5
2024,PCTCV,GA,2022,28
2024,PCTCV,GA,2023,12.9
2024,PCTCV,GA,2024,11.1
2024,PCTXB,GA,2020,4005
2024,PCTXB,GA,2021,3110
2024,PCTXB,GA,2022,3995
2024,PCTXB,GA,2023,2474
2024,PCTXB,GA,2024,3051
2024,PCTXD,GA,2020,2.21
2024,PCTXD,GA,2021,4.67
2024,PCTXD,GA,2022,7.01
2024,PCTXD,GA,2023,5.2
2024,PCTXD,GA,2024,3.64
2024,PCTXP,GA,2020,700
2024,PCTXP,GA,2021,544
2024,PCTXP,GA,2022,699
2024,PCTXP,GA,2023,433
2024,PCTXP,GA,2024,533
2024,PCTXV,GA,2020,8.9
2024,PCTXV,GA,2021,14.5
2024,PCTXV,GA,2022,28
2024,PCTXV,GA,2023,12.9
2024,PCTXV,GA,2024,11.1
2024,PEACD,GA,2020,15.94
2024,PEACD,GA,2021,21.42
2024,PEACD,GA,2022,29.47
2024,PEACD,GA,2023,25.84
2024,PEACD,GA,2024,24.06
2024,PEACV,GA,2020,13044.7
2024,PEACV,GA,2021,18302.8
2024,PEACV,GA,2022,25566.8
2024,PEACV,GA,2023,24196.5
2024,PEACV,GA,2024,22205.6
2024,PEASB,GA,2020,818472
2024,PEASB,GA,2021,854322
2024,PEASB,GA,2022,867495
2024,PEASB,GA,2023,936244
2024,PEASB,GA,2024,923093
2024,PECCD,GA,2020,9.43
2024,PECCD,GA,2021,11.92
2024,PECCD,GA,2022,15.91
2024,PECCD,GA,2023,14.43
2024,PECCD,GA,2024,12.68
2024,PECCV,GA,2020,710.2
2024,PECCV,GA,2021,948.2
2024,PECCV,GA,2022,1326.5
2024,PECCV,GA,2023,1117.3
2024,PECCV,GA,2024,1020.7
2024,PECSB,GA,2020,75314
2024,PECSB,GA,2021,79555
2024,PECSB,GA,2022,83355
2024,PECSB,GA,2023,77419
2024,PECSB,GA,2024,80482
2024,PEEID,GA,2020,1.81
2024,PEEID,GA,2021,2.67
2024,PEEID,GA,2022,4.55
2024,PEEID,GA,2023,2.43
2024,PEEID,GA,2024,1.97
2024,PEEIV,GA,2020,1724.9
2024,PEEIV,GA,2021,2650
2024,PEEIV,GA,2022,4573.9
2024,PEEIV,GA,2023,2508.5
2024,PEEIV,GA,2024,2227.6
2024,PEICD,GA,2020,5.11
2024,PEICD,GA,2021,6.83
2024,PEICD,GA,2022,10.01
2024,PEICD,GA,2023,8.19
2024,PEICD,GA,2024,7.58
2024,PEICV,GA,2020,2034.4
2024,PEICV,GA,2021,2836.9
2024,PEICV,GA,2022,4070.1
2024,PEICV,GA,2023,3274.5
2024,PEICV,GA,2024,2977
2024,PEISB,GA,2020,398412
2024,PEISB,GA,2021,415315
2024,PEISB,GA,2022,406683
2024,PEISB,GA,2023,399725
2024,PEISB,GA,2024,392785
2024,PERCD,GA,2020,15.6
2024,PERCD,GA,2021,16.24
2024,PERCD,GA,2022,18.27
2024,PERCD,GA,2023,19.12
2024,PERCD,GA,2024,18.4
2024,PERCV,GA,2020,2081.1
2024,PERCV,GA,2021,2270.8
2024,PERCV,GA,2022,2704.9
2024,PERCV,GA,2023,2564.9
2024,PERCV,GA,2024,2679.1
2024,PERSB,GA,2020,133397
2024,PERSB,GA,2021,139798
2024,PERSB,GA,2022,148081
2024,PERSB,GA,2023,134157
2024,PERSB,GA,2024,145571
2024,PESCB,GA,2020,2378478
2024,PESCB,GA,2021,2483103
2024,PESCB,GA,2022,2510198
2024,PESCB,GA,2023,2578807
2024,PESCB,GA,2024,2674821
2024,PETCD,GA,2020,8.24
2024,PETCD,GA,2021,10.88
2024,PETCD,GA,2022,15.23
2024,PETCD,GA,2023,13.05
2024,PETCD,GA,2024,11.63
2024,PETCV,GA,2020,19595.3
2024,PETCV,GA,2021,27008.8
2024,PETCV,GA,2022,38242.2
2024,PETCV,GA,2023,33661.6
2024,PETCV,GA,2024,31110
2024,PETXD,GA,2020,12.54
2024,PETXD,GA,2021,16.36
2024,PETXD,GA,2022,22.36
2024,PETXD,GA,2023,20.13
2024,PETXD,GA,2024,18.73
2024,PETXV,GA,2020,17870.4
2024,PETXV,GA,2021,24358.8
2024,PETXV,GA,2022,33668.3
2024,PETXV,GA,2023,31153.2
2024,PETXV,GA,2024,28882.4
2024,PHVHN,GA,2020,9.7
2024,PHVHN,GA,2021,13.2
2024,PHVHN,GA,2022,16.7
2024,PHVHN,GA,2023,20
2024,PHVHN,GA,2024,25.4
2024,PHVHP,GA,2020,17
2024,PHVHP,GA,2021,20
2024,PHVHP,GA,2022,28
2024,PHVHP,GA,2023,51
2024,PHVHP,GA,2024,59
2024,PLICB,GA,2020,0
2024,PLICB,GA,2021,0
2024,PLICB,GA,2022,0
2024,PLICB,GA,2023,0
2024,PLICB,GA,2024,0
2024,PLICP,GA,2020,0
2024,PLICP,GA,2021,0
2024,PLICP,GA,2022,0
2024,PLICP,GA,2023,0
2024,PLICP,GA,2024,0
2024,PMACB,GA,2020,774810
2024,PMACB,GA,2021,810526
2024,PMACB,GA,2022,824946
2024,PMACB,GA,2023,887804
2024,PMACB,GA,2024,875975
2024,PMACE,GA,2020,55.411
2024,PMACE,GA,2021,57.982
2024,PMACE,GA,2022,59.028
2024,PMACE,GA,2023,63.538
2024,PMACE,GA,2024,62.691
2024,PMCCB,GA,2020,22256
2024,PMCCB,GA,2021,23816
2024,PMCCB,GA,2022,24722
2024,PMCCB,GA,2023,23483
2024,PMCCB,GA,2024,22289
2024,PMCCE,GA,2020,1.562
2024,PMCCE,GA,2021,1.674
2024,PMCCE,GA,2022,1.734
2024,PMCCE,GA,2023,1.651
2024,PMCCE,GA,2024,1.566
2024,PMEIB,GA,2020,594
2024,PMEIB,GA,2021,853
2024,PMEIB,GA,2022,2171
2024,PMEIB,GA,2023,448
2024,PMEIB,GA,2024,999
2024,PMEIE,GA,2020,0.044
2024,PMEIE,GA,2021,0.063
2024,PMEIE,GA,2022,0.161
2024,PMEIE,GA,2023,0.033
2024,PMEIE,GA,2024,0.074
2024,PMICB,GA,2020,73726
2024,PMICB,GA,2021,81245
2024,PMICB,GA,2022,83017
2024,PMICB,GA,2023,84362
2024,PMICB,GA,2024,82281
2024,PMICE,GA,2020,3.105
2024,PMICE,GA,2021,3.549
2024,PMICE,GA,2022,3.72
2024,PMICE,GA,2023,3.422
2024,PMICE,GA,2024,3.474
2024,PMRCB,GA,2020,8584
2024,PMRCB,GA,2021,7898
2024,PMRCB,GA,2022,7635
2024,PMRCB,GA,2023,7013
2024,PMRCB,GA,2024,8292
2024,PMRCE,GA,2020,0.541
2024,PMRCE,GA,2021,0.498
2024,PMRCE,GA,2022,0.482
2024,PMRCE,GA,2023,0.443
2024,PMRCE,GA,2024,0.523
2024,PMTCB,GA,2020,879970
2024,PMTCB,GA,2021,924337
2024,PMTCB,GA,2022,942491
2024,PMTCB,GA,2023,1003111
2024,PMTCB,GA,2024,989836
2024,PMTCE,GA,2020,60.662
2024,PMTCE,GA,2021,63.766
2024,PMTCE,GA,2022,65.125
2024,PMTCE,GA,2023,69.087
2024,PMTCE,GA,2024,68.327
2024,PPICB,GA,2020,0
2024,PPICB,GA,2021,0
2024,PPICB,GA,2022,0
2024,PPICB,GA,2023,0
2024,PPICB,GA,2024,0
2024,PPICP,GA,2020,0
2024,PPICP,GA,2021,0
2024,PPICP,GA,2022,0
2024,PPICP,GA,2023,0
2024,PPICP,GA,2024,0
2024,PPTCB,GA,2020,0
2024,PPTCB,GA,2021,0
2024,PPTCB,GA,2022,0
2024,PPTCB,GA,2023,0
2024,PPTCB,GA,2024,0
2024,PPTCP,GA,2020,0
2024,PPTCP,GA,2021,0
2024,PPTCP,GA,2022,0
2024,PPTCP,GA,2023,0
2024,PPTCP,GA,2024,0
2024,PQACB,GA,2020,362
2024,PQACB,GA,2021,514
2024,PQACB,GA,2022,748
2024,PQACB,GA,2023,983
2024,PQACB,GA,2024,1168
2024,PQACD,GA,2020,16.05
2024,PQACD,GA,2021,24.62
2024,PQACD,GA,2022,24.92
2024,PQACD,GA,2023,20.12
2024,PQACD,GA,2024,20.83
2024,PQACP,GA,2020,94
2024,PQACP,GA,2021,134
2024,PQACP,GA,2022,195
2024,PQACP,GA,2023,256
2024,PQACP,GA,2024,304
2024,PQACV,GA,2020,5.8
2024,PQACV,GA,2021,12.7
2024,PQACV,GA,2022,18.6
2024,PQACV,GA,2023,19.8
2024,PQACV,GA,2024,24.3
2024,PQCCB,GA,2020,4195
2024,PQCCB,GA,2021,4480
2024,PQCCB,GA,2022,5002
2024,PQCCB,GA,2023,4212
2024,PQCCB,GA,2024,4374
2024,PQCCD,GA,2020,12.81
2024,PQCCD,GA,2021,19.95
2024,PQCCD,GA,2022,21.17
2024,PQCCD,GA,2023,16.96
2024,PQCCD,GA,2024,17.98
2024,PQCCP,GA,2020,1092
2024,PQCCP,GA,2021,1166
2024,PQCCP,GA,2022,1302
2024,PQCCP,GA,2023,1097
2024,PQCCP,GA,2024,1139
2024,PQCCV,GA,2020,53.7
2024,PQCCV,GA,2021,89.4
2024,PQCCV,GA,2022,105.9
2024,PQCCV,GA,2023,71.4
2024,PQCCV,GA,2024,78.6
2024,PQICB,GA,2020,5867
2024,PQICB,GA,2021,5974
2024,PQICB,GA,2022,6771
2024,PQICB,GA,2023,5350
2024,PQICB,GA,2024,6562
2024,PQICD,GA,2020,11.49
2024,PQICD,GA,2021,18.54
2024,PQICD,GA,2022,19.67
2024,PQICD,GA,2023,15.4
2024,PQICD,GA,2024,16.38
2024,PQICP,GA,2020,1528
2024,PQICP,GA,2021,1555
2024,PQICP,GA,2022,1763
2024,PQICP,GA,2023,1393
2024,PQICP,GA,2024,1708
2024,PQICV,GA,2020,67.4
2024,PQICV,GA,2021,110.8
2024,PQICV,GA,2022,133.2
2024,PQICV,GA,2023,82.4
2024,PQICV,GA,2024,107.5
2024,PQISB,GA,2020,5867
2024,PQISB,GA,2021,5974
2024,PQISB,GA,2022,6771
2024,PQISB,GA,2023,5350
2024,PQISB,GA,2024,6562
2024,PQRCB,GA,2020,8505
2024,PQRCB,GA,2021,7766
2024,PQRCB,GA,2022,7506
2024,PQRCB,GA,2023,6859
2024,PQRCB,GA,2024,8154
2024,PQRCD,GA,2020,25.48
2024,PQRCD,GA,2021,30.57
2024,PQRCD,GA,2022,32.8
2024,PQRCD,GA,2023,31.74
2024,PQRCD,GA,2024,32.44
2024,PQRCP,GA,2020,2214
2024,PQRCP,GA,2021,2022
2024,PQRCP,GA,2022,1954
2024,PQRCP,GA,2023,1786
2024,PQRCP,GA,2024,2123
2024,PQRCV,GA,2020,216.7
2024,PQRCV,GA,2021,237.5
2024,PQRCV,GA,2022,246.2
2024,PQRCV,GA,2023,217.7
2024,PQRCV,GA,2024,264.5
2024,PQRFB,GA,2020,0
2024,PQRFB,GA,2021,0
2024,PQRFB,GA,2022,0
2024,PQRFB,GA,2023,0
2024,PQRFB,GA,2024,0
2024,PQSCB,GA,2020,18929
2024,PQSCB,GA,2021,18735
2024,PQSCB,GA,2022,20027
2024,PQSCB,GA,2023,17404
2024,PQSCB,GA,2024,20258
2024,PQTCB,GA,2020,18929
2024,PQTCB,GA,2021,18735
2024,PQTCB,GA,2022,20027
2024,PQTCB,GA,2023,17404
2024,PQTCB,GA,2024,20258
2024,PQTCD,GA,2020,18.15
2024,PQTCD,GA,2021,24.03
2024,PQTCD,GA,2022,25.16
2024,PQTCD,GA,2023,22.49
2024,PQTCD,GA,2024,23.45
2024,PQTCP,GA,2020,4928
2024,PQTCP,GA,2021,4878
2024,PQTCP,GA,2022,5214
2024,PQTCP,GA,2023,4531
2024,PQTCP,GA,2024,5274
2024,PQTCV,GA,2020,343.6
2024,PQTCV,GA,2021,450.3
2024,PQTCV,GA,2022,503.9
2024,PQTCV,GA,2023,391.3
2024,PQTCV,GA,2024,474.9
2024,PQTXB,GA,2020,18929
2024,PQTXB,GA,2021,18735
2024,PQTXB,GA,2022,20027
2024,PQTXB,GA,2023,17404
2024,PQTXB,GA,2024,20258
2024,PQTXD,GA,2020,18.15
2024,PQTXD,GA,2021,24.03
2024,PQTXD,GA,2022,25.16
2024,PQTXD,GA,2023,22.49
2024,PQTXD,GA,2024,23.45
2024,PQTXP,GA,2020,4928
2024,PQTXP,GA,2021,4878
2024,PQTXP,GA,2022,5214
2024,PQTXP,GA,2023,4531
2024,PQTXP,GA,2024,5274
2024,PQTXV,GA,2020,343.6
2024,PQTXV,GA,2021,450.3
2024,PQTXV,GA,2022,503.9
2024,PQTXV,GA,2023,391.3
2024,PQTXV,GA,2024,474.9
2024,PYICB,GA,2020,0
2024,PYICB,GA,2021,0
2024,PYICB,GA,2022,0
2024,PYICB,GA,2023,0
2024,PYICB,GA,2024,0
2024,PYICP,GA,2020,0
2024,PYICP,GA,2021,0
2024,PYICP,GA,2022,0
2024,PYICP,GA,2023,0
2024,PYICP,GA,2024,0
2024,PYTCB,GA,2020,0
2024,PYTCB,GA,2021,0
2024,PYTCB,GA,2022,0
2024,PYTCB,GA,2023,0
2024,PYTCB,GA,2024,0
2024,PYTCP,GA,2020,0
2024,PYTCP,GA,2021,0
2024,PYTCP,GA,2022,0
2024,PYTCP,GA,2023,0
2024,PYTCP,GA,2024,0
2024,REACB,GA,2020,42030
2024,REACB,GA,2021,42238
2024,REACB,GA,2022,41063
2024,REACB,GA,2023,46962
2024,REACB,GA,2024,45654
2024,RECCB,GA,2020,1936
2024,RECCB,GA,2021,1992
2024,RECCB,GA,2022,2030
2024,RECCB,GA,2023,2074
2024,RECCB,GA,2024,2020
2024,REEIB,GA,2020,52203
2024,REEIB,GA,2021,56363
2024,REEIB,GA,2022,60910
2024,REEIB,GA,2023,62368
2024,REEIB,GA,2024,67929
2024,REGBP,GA,2020,5234
2024,REGBP,GA,2021,6065
2024,REGBP,GA,2022,6626
2024,REGBP,GA,2023,7175
2024,REGBP,GA,2024,8055
2024,REICB,GA,2020,185511
2024,REICB,GA,2021,183035
2024,REICB,GA,2022,190056
2024,REICB,GA,2023,182149
2024,REICB,GA,2024,176470
2024,REPRB,GA,2020,268325
2024,REPRB,GA,2021,270395
2024,REPRB,GA,2022,285300
2024,REPRB,GA,2023,277638
2024,REPRB,GA,2024,275445
2024,RERCB,GA,2020,5234
2024,RERCB,GA,2021,5477
2024,RERCB,GA,2022,6862
2024,RERCB,GA,2023,6229
2024,RERCB,GA,2024,6031
2024,RETCB,GA,2020,286914
2024,RETCB,GA,2021,289105
2024,RETCB,GA,2022,300920
2024,RETCB,GA,2023,299782
2024,RETCB,GA,2024,298104
2024,RETES,GA,2020,10.8
2024,RETES,GA,2021,10.5
2024,RETES,GA,2022,10.6
2024,RETES,GA,2023,10.4
2024,RETES,GA,2024,10.1
2024,RFACB,GA,2020,1089
2024,RFACB,GA,2021,6849
2024,RFACB,GA,2022,7019
2024,RFACB,GA,2023,5826
2024,RFACB,GA,2024,6307
2024,RFACD,GA,2020,9.46
2024,RFACD,GA,2021,14.3
2024,RFACD,GA,2022,25.95
2024,RFACD,GA,2023,20.73
2024,RFACD,GA,2024,17.34
2024,RFACE,GA,2020,0.082
2024,RFACE,GA,2021,0.514
2024,RFACE,GA,2022,0.527
2024,RFACE,GA,2023,0.438
2024,RFACE,GA,2024,0.474
2024,RFACP,GA,2020,173
2024,RFACP,GA,2021,1089
2024,RFACP,GA,2022,1116
2024,RFACP,GA,2023,927
2024,RFACP,GA,2024,1003
2024,RFACV,GA,2020,10.3
2024,RFACV,GA,2021,98
2024,RFACV,GA,2022,182.1
2024,RFACV,GA,2023,120.8
2024,RFACV,GA,2024,109.4
2024,RFCCB,GA,2020,0
2024,RFCCB,GA,2021,0
2024,RFCCB,GA,2022,0
2024,RFCCB,GA,2023,0
2024,RFCCB,GA,2024,0
2024,RFCCD,GA,2020,0
2024,RFCCD,GA,2021,0
2024,RFCCD,GA,2022,0
2024,RFCCD,GA,2023,0
2024,RFCCD,GA,2024,0
2024,RFCCE,GA,2020,0
2024,RFCCE,GA,2021,0
2024,RFCCE,GA,2022,0
2024,RFCCE,GA,2023,0
2024,RFCCE,GA,2024,0
2024,RFCCP,GA,2020,0
2024,RFCCP,GA,2021,0
2024,RFCCP,GA,2022,0
2024,RFCCP,GA,2023,0
2024,RFCCP,GA,2024,0
2024,RFCCV,GA,2020,0
2024,RFCCV,GA,2021,0
2024,RFCCV,GA,2022,0
2024,RFCCV,GA,2023,0
2024,RFCCV,GA,2024,0
2024,RFEIB,GA,2020,0
2024,RFEIB,GA,2021,0
2024,RFEIB,GA,2022,0
2024,RFEIB,GA,2023,0
2024,RFEIB,GA,2024,0
2024,RFEID,GA,2020,0
2024,RFEID,GA,2021,0
2024,RFEID,GA,2022,0
2024,RFEID,GA,2023,0
2024,RFEID,GA,2024,0
2024,RFEIE,GA,2020,0
2024,RFEIE,GA,2021,0
2024,RFEIE,GA,2022,0
2024,RFEIE,GA,2023,0
2024,RFEIE,GA,2024,0
2024,RFEIP,GA,2020,0
2024,RFEIP,GA,2021,0
2024,RFEIP,GA,2022,0
2024,RFEIP,GA,2023,0
2024,RFEIP,GA,2024,0
2024,RFEIV,GA,2020,0
2024,RFEIV,GA,2021,0
2024,RFEIV,GA,2022,0
2024,RFEIV,GA,2023,0
2024,RFEIV,GA,2024,0
2024,RFICB,GA,2020,1189
2024,RFICB,GA,2021,987
2024,RFICB,GA,2022,1012
2024,RFICB,GA,2023,840
2024,RFICB,GA,2024,909
2024,RFICD,GA,2020,7.49
2024,RFICD,GA,2021,11.21
2024,RFICD,GA,2022,16.69
2024,RFICD,GA,2023,14.72
2024,RFICD,GA,2024,13.79
2024,RFICE,GA,2020,0.087
2024,RFICE,GA,2021,0.072
2024,RFICE,GA,2022,0.074
2024,RFICE,GA,2023,0.061
2024,RFICE,GA,2024,0.066
2024,RFICP,GA,2020,189
2024,RFICP,GA,2021,157
2024,RFICP,GA,2022,161
2024,RFICP,GA,2023,134
2024,RFICP,GA,2024,145
2024,RFICV,GA,2020,8.9
2024,RFICV,GA,2021,11.1
2024,RFICV,GA,2022,16.9
2024,RFICV,GA,2023,12.4
2024,RFICV,GA,2024,12.5
2024,RFISB,GA,2020,1189
2024,RFISB,GA,2021,987
2024,RFISB,GA,2022,1012
2024,RFISB,GA,2023,840
2024,RFISB,GA,2024,909
2024,RFRFB,GA,2020,0
2024,RFRFB,GA,2021,0
2024,RFRFB,GA,2022,0
2024,RFRFB,GA,2023,0
2024,RFRFB,GA,2024,0
2024,RFSCB,GA,2020,2278
2024,RFSCB,GA,2021,7837
2024,RFSCB,GA,2022,8031
2024,RFSCB,GA,2023,6666
2024,RFSCB,GA,2024,7216
2024,RFTCB,GA,2020,2278
2024,RFTCB,GA,2021,7837
2024,RFTCB,GA,2022,8031
2024,RFTCB,GA,2023,6666
2024,RFTCB,GA,2024,7216
2024,RFTCD,GA,2020,8.44
2024,RFTCD,GA,2021,13.91
2024,RFTCD,GA,2022,24.78
2024,RFTCD,GA,2023,19.97
2024,RFTCD,GA,2024,16.89
2024,RFTCE,GA,2020,0.169
2024,RFTCE,GA,2021,0.587
2024,RFTCE,GA,2022,0.601
2024,RFTCE,GA,2023,0.499
2024,RFTCE,GA,2024,0.54
2024,RFTCP,GA,2020,362
2024,RFTCP,GA,2021,1247
2024,RFTCP,GA,2022,1277
2024,RFTCP,GA,2023,1060
2024,RFTCP,GA,2024,1148
2024,RFTCV,GA,2020,19.2
2024,RFTCV,GA,2021,109
2024,RFTCV,GA,2022,199
2024,RFTCV,GA,2023,133.1
2024,RFTCV,GA,2024,121.9
2024,RFTXB,GA,2020,2278
2024,RFTXB,GA,2021,7837
2024,RFTXB,GA,2022,8031
2024,RFTXB,GA,2023,6666
2024,RFTXB,GA,2024,7216
2024,RFTXD,GA,2020,8.44
2024,RFTXD,GA,2021,13.91
2024,RFTXD,GA,2022,24.78
2024,RFTXD,GA,2023,19.97
2024,RFTXD,GA,2024,16.89
2024,RFTXP,GA,2020,362
2024,RFTXP,GA,2021,1247
2024,RFTXP,GA,2022,1277
2024,RFTXP,GA,2023,1060
2024,RFTXP,GA,2024,1148
2024,RFTXV,GA,2020,19.2
2024,RFTXV,GA,2021,109
2024,RFTXV,GA,2022,199
2024,RFTXV,GA,2023,133.1
2024,RFTXV,GA,2024,121.9
2024,SFCCB,GA,2020,28
2024,SFCCB,GA,2021,28
2024,SFCCB,GA,2022,26
2024,SFCCB,GA,2023,24
2024,SFCCB,GA,2024,25
2024,SFEIB,GA,2020,237
2024,SFEIB,GA,2021,214
2024,SFEIB,GA,2022,202
2024,SFEIB,GA,2023,198
2024,SFEIB,GA,2024,185
2024,SFINB,GA,2020,85
2024,SFINB,GA,2021,86
2024,SFINB,GA,2022,72
2024,SFINB,GA,2023,72
2024,SFINB,GA,2024,72
2024,SFRCB,GA,2020,66
2024,SFRCB,GA,2021,67
2024,SFRCB,GA,2022,63
2024,SFRCB,GA,2023,56
2024,SFRCB,GA,2024,60
2024,SFTCB,GA,2020,417
2024,SFTCB,GA,2021,394
2024,SFTCB,GA,2022,362
2024,SFTCB,GA,2023,351
2024,SFTCB,GA,2024,342
2024,SGICB,GA,2020,0
2024,SGICB,GA,2021,0
2024,SGICB,GA,2022,0
2024,SGICB,GA,2023,0
2024,SGICB,GA,2024,0
2024,SGICP,GA,2020,0
2024,SGICP,GA,2021,0
2024,SGICP,GA,2022,0
2024,SGICP,GA,2023,0
2024,SGICP,GA,2024,0
2024,SHCAS,GA,2020,0
2024,SHCAS,GA,2021,0
2024,SHCAS,GA,2022,0
2024,SHCAS,GA,2023,0
2024,SHCAS,GA,2024,0
2024,SNICB,GA,2020,4048
2024,SNICB,GA,2021,3799
2024,SNICB,GA,2022,3646
2024,SNICB,GA,2023,3650
2024,SNICB,GA,2024,3192
2024,SNICD,GA,2020,19.18
2024,SNICD,GA,2021,26.41
2024,SNICD,GA,2022,34.51
2024,SNICD,GA,2023,30.91
2024,SNICD,GA,2024,29.13
2024,SNICP,GA,2020,771
2024,SNICP,GA,2021,724
2024,SNICP,GA,2022,695
2024,SNICP,GA,2023,696
2024,SNICP,GA,2024,608
2024,SNICV,GA,2020,77.6
2024,SNICV,GA,2021,100.3
2024,SNICV,GA,2022,125.9
2024,SNICV,GA,2023,112.8
2024,SNICV,GA,2024,93
2024,SOCCB,GA,2020,175
2024,SOCCB,GA,2021,216
2024,SOCCB,GA,2022,223
2024,SOCCB,GA,2023,268
2024,SOCCB,GA,2024,323
2024,SOCCP,GA,2020,51
2024,SOCCP,GA,2021,63
2024,SOCCP,GA,2022,65
2024,SOCCP,GA,2023,78
2024,SOCCP,GA,2024,95
2024,SOEGB,GA,2020,12886
2024,SOEGB,GA,2021,16604
2024,SOEGB,GA,2022,23697
2024,SOEGB,GA,2023,25754
2024,SOEGB,GA,2024,31332
2024,SOEGP,GA,2020,3777
2024,SOEGP,GA,2021,4866
2024,SOEGP,GA,2022,6945
2024,SOEGP,GA,2023,7548
2024,SOEGP,GA,2024,9183
2024,SOGBP,GA,2020,2196
2024,SOGBP,GA,2021,3068
2024,SOGBP,GA,2022,3631
2024,SOGBP,GA,2023,4123
2024,SOGBP,GA,2024,5003
2024,SOICB,GA,2020,856
2024,SOICB,GA,2021,865
2024,SOICB,GA,2022,725
2024,SOICB,GA,2023,886
2024,SOICB,GA,2024,889
2024,SOICP,GA,2020,251
2024,SOICP,GA,2021,254
2024,SOICP,GA,2022,212
2024,SOICP,GA,2023,260
2024,SOICP,GA,2024,260
2024,SOPRB,GA,2020,14351
2024,SOPRB,GA,2021,18210
2024,SOPRB,GA,2022,25345
2024,SOPRB,GA,2023,27853
2024,SOPRB,GA,2024,33603
2024,SOR7P,GA,2020,30
2024,SOR7P,GA,2021,57
2024,SOR7P,GA,2022,109
2024,SOR7P,GA,2023,183
2024,SOR7P,GA,2024,215
2024,SORCB,GA,2020,433
2024,SORCB,GA,2021,524
2024,SORCB,GA,2022,700
2024,SORCB,GA,2023,946
2024,SORCB,GA,2024,1059
2024,SOTCB,GA,2020,14351
2024,SOTCB,GA,2021,18210
2024,SOTCB,GA,2022,25345
2024,SOTCB,GA,2023,27853
2024,SOTCB,GA,2024,33603
2024,SOTGP,GA,2020,4109
2024,SOTGP,GA,2021,5241
2024,SOTGP,GA,2022,7332
2024,SOTGP,GA,2023,8069
2024,SOTGP,GA,2024,9753
2024,SOTXB,GA,2020,1464
2024,SOTXB,GA,2021,1606
2024,SOTXB,GA,2022,1648
2024,SOTXB,GA,2023,2099
2024,SOTXB,GA,2024,2271
2024,SPCAS,GA,2020,23.1
2024,SPCAS,GA,2021,23.5
2024,SPCAS,GA,2022,24.7
2024,SPCAS,GA,2023,22.8
2024,SPCAS,GA,2024,22.9
2024,TEACB,GA,2020,825806
2024,TEACB,GA,2021,862159
2024,TEACB,GA,2022,877379
2024,TEACB,GA,2023,948760
2024,TEACB,GA,2024,935190
2024,TEACD,GA,2020,15.94
2024,TEACD,GA,2021,21.42
2024,TEACD,GA,2022,29.47
2024,TEACD,GA,2023,25.84
2024,TEACD,GA,2024,24.05
2024,TEACE,GA,2020,55.818
2024,TEACE,GA,2021,58.41
2024,TEACE,GA,2022,59.561
2024,TEACE,GA,2023,64.209
2024,TEACE,GA,2024,63.335
2024,TEACV,GA,2020,13052.3
2024,TEACV,GA,2021,18312.2
2024,TEACV,GA,2022,25580.2
2024,TEACV,GA,2023,24207
2024,TEACV,GA,2024,22217.2
2024,TEAPB,GA,2020,76.9
2024,TEAPB,GA,2021,79.9
2024,TEAPB,GA,2022,80.3
2024,TEAPB,GA,2023,85.8
2024,TEAPB,GA,2024,83.5
2024,TECCB,GA,2020,473585
2024,TECCB,GA,2021,494375
2024,TECCB,GA,2022,528553
2024,TECCB,GA,2023,540712
2024,TECCB,GA,2024,585718
2024,TECCD,GA,2020,22.86
2024,TECCD,GA,2021,24.63
2024,TECCD,GA,2022,29.01
2024,TECCD,GA,2023,26.17
2024,TECCD,GA,2024,26.11
2024,TECCE,GA,2020,4.303
2024,TECCE,GA,2021,4.557
2024,TECCE,GA,2022,4.769
2024,TECCE,GA,2023,4.437
2024,TECCE,GA,2024,4.583
2024,TECCV,GA,2020,5176.5
2024,TECCV,GA,2021,5806.8
2024,TECCV,GA,2022,7321.7
2024,TECCV,GA,2023,6615.2
2024,TECCV,GA,2024,7015.7
2024,TECPB,GA,2020,44.1
2024,TECPB,GA,2021,45.8
2024,TECPB,GA,2022,48.4
2024,TECPB,GA,2023,48.9
2024,TECPB,GA,2024,52.3
2024,TEEIB,GA,2020,981369
2024,TEEIB,GA,2021,1022925
2024,TEEIB,GA,2022,1038875
2024,TEEIB,GA,2023,1066586
2024,TEEIB,GA,2024,1174048
2024,TEEIE,GA,2020,37.302
2024,TEEIE,GA,2021,40.858
2024,TEEIE,GA,2022,40.434
2024,TEEIE,GA,2023,39.9
2024,TEEIE,GA,2024,40.055
2024,TEGDS,GA,2020,4.87
2024,TEGDS,GA,2021,5.48
2024,TEGDS,GA,2022,6.5
2024,TEGDS,GA,2023,5.61
2024,TEGDS,GA,2024,5.22
2024,TEICB,GA,2020,700049
2024,TEICB,GA,2021,734148
2024,TEICB,GA,2022,745185
2024,TEICB,GA,2023,719969
2024,TEICB,GA,2024,722660
2024,TEICD,GA,2020,7.57
2024,TEICD,GA,2021,9.42
2024,TEICD,GA,2022,13.43
2024,TEICD,GA,2023,10.76
2024,TEICD,GA,2024,10.57
2024,TEICE,GA,2020,11.83
2024,TEICE,GA,2021,12.76
2024,TEICE,GA,2022,12.471
2024,TEICE,GA,2023,12.065
2024,TEICE,GA,2024,12.166
2024,TEICV,GA,2020,3811.8
2024,TEICV,GA,2021,4962.5
2024,TEICV,GA,2022,7030
2024,TEICV,GA,2023,5480.3
2024,TEICV,GA,2024,5329.1
2024,TEIPB,GA,2020,65.2
2024,TEIPB,GA,2021,68
2024,TEIPB,GA,2022,68.2
2024,TEIPB,GA,2023,65.1
2024,TEIPB,GA,2024,64.5
2024,TENEB,GA,2020,2047511
2024,TENEB,GA,2021,2140428
2024,TENEB,GA,2022,2210916
2024,TENEB,GA,2023,2205068
2024,TENEB,GA,2024,2184198
2024,TEPFB,GA,2020,777918
2024,TEPFB,GA,2021,807422
2024,TEPFB,GA,2022,851910
2024,TEPFB,GA,2023,841379
2024,TEPFB,GA,2024,907076
2024,TEPRB,GA,2020,611222
2024,TEPRB,GA,2021,624480
2024,TEPRB,GA,2022,641301
2024,TEPRB,GA,2023,668301
2024,TEPRB,GA,2024,776457
2024,TERCB,GA,2020,659293
2024,TERCB,GA,2021,674235
2024,TERCB,GA,2022,701106
2024,TERCB,GA,2023,663934
2024,TERCB,GA,2024,717097
2024,TERCD,GA,2020,27.34
2024,TERCD,GA,2021,28.26
2024,TERCD,GA,2022,31.24
2024,TERCD,GA,2023,31.67
2024,TERCD,GA,2024,31.96
2024,TERCE,GA,2020,7.048
2024,TERCE,GA,2021,7.377
2024,TERCE,GA,2022,7.788
2024,TERCE,GA,2023,7.064
2024,TERCE,GA,2024,7.687
2024,TERCV,GA,2020,9076.9
2024,TERCV,GA,2021,9610.5
2024,TERCV,GA,2022,11142.7
2024,TERCV,GA,2023,10561.6
2024,TERCV,GA,2024,11419.1
2024,TERFB,GA,2020,0
2024,TERFB,GA,2021,0
2024,TERFB,GA,2022,0
2024,TERFB,GA,2023,0
2024,TERFB,GA,2024,0
2024,TERPB,GA,2020,61.4
2024,TERPB,GA,2021,62.5
2024,TERPB,GA,2022,64.1
2024,TERPB,GA,2023,60
2024,TERPB,GA,2024,64
2024,TETCB,GA,2020,2658733
2024,TETCB,GA,2021,2764908
2024,TETCB,GA,2022,2852217
2024,TETCB,GA,2023,2873369
2024,TETCB,GA,2024,2960655
2024,TETCD,GA,2020,16.54
2024,TETCD,GA,2021,19.76
2024,TETCD,GA,2022,25.53
2024,TETCD,GA,2023,23.06
2024,TETCD,GA,2024,22.39
2024,TETCE,GA,2020,116.302
2024,TETCE,GA,2021,123.963
2024,TETCE,GA,2022,125.023
2024,TETCE,GA,2023,127.675
2024,TETCE,GA,2024,127.826
2024,TETCV,GA,2020,31117.5
2024,TETCV,GA,2021,38692
2024,TETCV,GA,2022,51074.6
2024,TETCV,GA,2023,46864.1
2024,TETCV,GA,2024,45981
2024,TETGR,GA,2020,4.41
2024,TETGR,GA,2021,4.3
2024,TETGR,GA,2022,4.26
2024,TETGR,GA,2023,4.23
2024,TETGR,GA,2024,4.24
2024,TETPB,GA,2020,247.7
2024,TETPB,GA,2021,256.2
2024,TETPB,GA,2022,261
2024,TETPB,GA,2023,259.7
2024,TETPB,GA,2024,264.2
2024,TETPV,GA,2020,2899.3
2024,TETPV,GA,2021,3584.9
2024,TETPV,GA,2022,4672.9
2024,TETPV,GA,2023,4235.9
2024,TETPV,GA,2024,4103.9
2024,TETXB,GA,2020,2658733
2024,TETXB,GA,2021,2764917
2024,TETXB,GA,2022,2852223
2024,TETXB,GA,2023,2873374
2024,TETXB,GA,2024,2960665
2024,TETXD,GA,2020,16.54
2024,TETXD,GA,2021,19.76
2024,TETXD,GA,2022,25.53
2024,TETXD,GA,2023,23.06
2024,TETXD,GA,2024,22.39
2024,TETXV,GA,2020,31117.5
2024,TETXV,GA,2021,38692
2024,TETXV,GA,2022,51074.6
2024,TETXV,GA,2023,46864.1
2024,TETXV,GA,2024,45981
2024,TNACB,GA,2020,825024
2024,TNACB,GA,2021,861353
2024,TNACB,GA,2022,876581
2024,TNACB,GA,2023,947955
2024,TNACB,GA,2024,934321
2024,TNASB,GA,2020,818952
2024,TNASB,GA,2021,854810
2024,TNASB,GA,2022,867985
2024,TNASB,GA,2023,936736
2024,TNASB,GA,2024,923610
2024,TNCCB,GA,2020,227167
2024,TNCCB,GA,2021,236483
2024,TNCCB,GA,2022,253134
2024,TNCCB,GA,2023,253605
2024,TNCCB,GA,2024,269579
2024,TNCSB,GA,2020,226471
2024,TNCSB,GA,2021,235746
2024,TNCSB,GA,2022,252389
2024,TNCSB,GA,2023,252812
2024,TNCSB,GA,2024,268732
2024,TNICB,GA,2020,528687
2024,TNICB,GA,2021,549596
2024,TNICB,GA,2022,554994
2024,TNICB,GA,2023,540864
2024,TNICB,GA,2024,535767
2024,TNISB,GA,2020,503528
2024,TNISB,GA,2021,527089
2024,TNISB,GA,2022,523409
2024,TNISB,GA,2023,509140
2024,TNISB,GA,2024,504073
2024,TNRCB,GA,2020,335454
2024,TNRCB,GA,2021,343624
2024,TNRCB,GA,2022,361201
2024,TNRCB,GA,2023,337687
2024,TNRCB,GA,2024,361476
2024,TNRSB,GA,2020,332045
2024,TNRSB,GA,2021,340031
2024,TNRSB,GA,2022,356692
2024,TNRSB,GA,2023,333461
2024,TNRSB,GA,2024,357330
2024,TNSCB,GA,2020,1880994
2024,TNSCB,GA,2021,1957676
2024,TNSCB,GA,2022,2000474
2024,TNSCB,GA,2023,2032148
2024,TNSCB,GA,2024,2053745
2024,TNTCB,GA,2020,1916331
2024,TNTCB,GA,2021,1991056
2024,TNTCB,GA,2022,2045910
2024,TNTCB,GA,2023,2080111
2024,TNTCB,GA,2024,2101143
2024,TPOPP,GA,2020,10733
2024,TPOPP,GA,2021,10793
2024,TPOPP,GA,2022,10930
2024,TPOPP,GA,2023,11064
2024,TPOPP,GA,2024,11204
2024,UOICB,GA,2020,0
2024,UOICB,GA,2021,0
2024,UOICB,GA,2022,0
2024,UOICB,GA,2023,0
2024,UOICB,GA,2024,0
2024,UOICP,GA,2020,0
2024,UOICP,GA,2021,0
2024,UOICP,GA,2022,0
2024,UOICP,GA,2023,0
2024,UOICP,GA,2024,0
2024,USICB,GA,2020,0
2024,USICB,GA,2021,0
2024,USICB,GA,2022,0
2024,USICB,GA,2023,0
2024,USICB,GA,2024,0
2024,USICP,GA,2020,0
2024,USICP,GA,2021,0
2024,USICP,GA,2022,0
2024,USICP,GA,2023,0
2024,USICP,GA,2024,0
2024,WDCCB,GA,2020,895
2024,WDCCB,GA,2021,895
2024,WDCCB,GA,2022,895
2024,WDCCB,GA,2023,895
2024,WDCCB,GA,2024,895
2024,WDEIB,GA,2020,20340
2024,WDEIB,GA,2021,24199
2024,WDEIB,GA,2022,23773
2024,WDEIB,GA,2023,23575
2024,WDEIB,GA,2024,23360
2024,WDEXB,GA,2020,19380
2024,WDEXB,GA,2021,22976
2024,WDEXB,GA,2022,26391
2024,WDEXB,GA,2023,26180
2024,WDEXB,GA,2024,24347
2024,WDGBP,GA,2020,999
2024,WDGBP,GA,2021,955
2024,WDGBP,GA,2022,952
2024,WDGBP,GA,2023,1011
2024,WDGBP,GA,2024,1011
2024,WDICB,GA,2020,178006
2024,WDICB,GA,2021,178259
2024,WDICB,GA,2022,186617
2024,WDICB,GA,2023,178672
2024,WDICB,GA,2024,172989
2024,WDPRB,GA,2020,223117
2024,WDPRB,GA,2021,230978
2024,WDPRB,GA,2022,243531
2024,WDPRB,GA,2023,234300
2024,WDPRB,GA,2024,226258
2024,WDRCB,GA,2020,4496
2024,WDRCB,GA,2021,4649
2024,WDRCB,GA,2022,5857
2024,WDRCB,GA,2023,4979
2024,WDRCB,GA,2024,4667
2024,WDRCD,GA,2020,7.04
2024,WDRCD,GA,2021,8.45
2024,WDRCD,GA,2022,13.07
2024,WDRCD,GA,2023,11.95
2024,WDRCD,GA,2024,10.46
2024,WDRCV,GA,2020,12.4
2024,WDRCV,GA,2021,15.4
2024,WDRCV,GA,2022,29.9
2024,WDRCV,GA,2023,23.3
2024,WDRCV,GA,2024,19.1
2024,WDRSB,GA,2020,1758
2024,WDRSB,GA,2021,1818
2024,WDRSB,GA,2022,2290
2024,WDRSB,GA,2023,1947
2024,WDRSB,GA,2024,1825
2024,WDRXB,GA,2020,2738
2024,WDRXB,GA,2021,2831
2024,WDRXB,GA,2022,3567
2024,WDRXB,GA,2023,3032
2024,WDRXB,GA,2024,2842
2024,WDTCB,GA,2020,203737
2024,WDTCB,GA,2021,208001
2024,WDTCB,GA,2022,217141
2024,WDTCB,GA,2023,208120
2024,WDTCB,GA,2024,201910
2024,WSCCB,GA,2020,0
2024,WSCCB,GA,2021,0
2024,WSCCB,GA,2022,0
2024,WSCCB,GA,2023,0
2024,WSCCB,GA,2024,0
2024,WSEIB,GA,2020,3140
2024,WSEIB,GA,2021,3138
2024,WSEIB,GA,2022,2645
2024,WSEIB,GA,2023,3271
2024,WSEIB,GA,2024,3225
2024,WSGBP,GA,2020,54
2024,WSGBP,GA,2021,56
2024,WSGBP,GA,2022,58
2024,WSGBP,GA,2023,56
2024,WSGBP,GA,2024,56
2024,WSICB,GA,2020,3525
2024,WSICB,GA,2021,3355
2024,WSICB,GA,2022,2187
2024,WSICB,GA,2023,2083
2024,WSICB,GA,2024,2009
2024,WSTCB,GA,2020,6665
2024,WSTCB,GA,2021,6493
2024,WSTCB,GA,2022,4832
2024,WSTCB,GA,2023,5354
2024,WSTCB,GA,2024,5234
2024,WWCCB,GA,2020,895
2024,WWCCB,GA,2021,895
2024,WWCCB,GA,2022,895
2024,WWCCB,GA,2023,895
2024,WWCCB,GA,2024,895
2024,WWCCD,GA,2020,7.04
2024,WWCCD,GA,2021,8.45
2024,WWCCD,GA,2022,13.07
2024,WWCCD,GA,2023,11.95
2024,WWCCD,GA,2024,10.46
2024,WWCCV,GA,2020,2.5
2024,WWCCV,GA,2021,3
2024,WWCCV,GA,2022,4.6
2024,WWCCV,GA,2023,4.2
2024,WWCCV,GA,2024,3.7
2024,WWCSB,GA,2020,350
2024,WWCSB,GA,2021,350
2024,WWCSB,GA,2022,350
2024,WWCSB,GA,2023,350
2024,WWCSB,GA,2024,350
2024,WWCXB,GA,2020,545
2024,WWCXB,GA,2021,545
2024,WWCXB,GA,2022,545
2024,WWCXB,GA,2023,545
2024,WWCXB,GA,2024,545
2024,WWEIB,GA,2020,23480
2024,WWEIB,GA,2021,27337
2024,WWEIB,GA,2022,26418
2024,WWEIB,GA,2023,26846
2024,WWEIB,GA,2024,26585
2024,WWEID,GA,2020,1.8
2024,WWEID,GA,2021,2.39
2024,WWEID,GA,2022,2.69
2024,WWEID,GA,2023,2.93
2024,WWEID,GA,2024,2.97
2024,WWEIV,GA,2020,42.4
2024,WWEIV,GA,2021,65.4
2024,WWEIV,GA,2022,71.2
2024,WWEIV,GA,2023,78.6
2024,WWEIV,GA,2024,78.9
2024,WWICB,GA,2020,181532
2024,WWICB,GA,2021,181614
2024,WWICB,GA,2022,188804
2024,WWICB,GA,2023,180755
2024,WWICB,GA,2024,174998
2024,WWICD,GA,2020,2.21
2024,WWICD,GA,2021,2.86
2024,WWICD,GA,2022,3.1
2024,WWICD,GA,2023,3.29
2024,WWICD,GA,2024,3.29
2024,WWICV,GA,2020,353
2024,WWICV,GA,2021,458.2
2024,WWICV,GA,2022,489.8
2024,WWICV,GA,2023,493.8
2024,WWICV,GA,2024,474.8
2024,WWISB,GA,2020,159817
2024,WWISB,GA,2021,159989
2024,WWISB,GA,2022,157927
2024,WWISB,GA,2023,149880
2024,WWISB,GA,2024,144150
2024,WWIXB,GA,2020,21715
2024,WWIXB,GA,2021,21625
2024,WWIXB,GA,2022,30877
2024,WWIXB,GA,2023,30874
2024,WWIXB,GA,2024,30847
2024,WWPRB,GA,2020,229782
2024,WWPRB,GA,2021,237471
2024,WWPRB,GA,2022,248363
2024,WWPRB,GA,2023,239653
2024,WWPRB,GA,2024,231492
2024,WWSCB,GA,2020,185405
2024,WWSCB,GA,2021,189494
2024,WWSCB,GA,2022,186985
2024,WWSCB,GA,2023,179022
2024,WWSCB,GA,2024,172910
2024,WWTCB,GA,2020,210402
2024,WWTCB,GA,2021,214495
2024,WWTCB,GA,2022,221973
2024,WWTCB,GA,2023,213474
2024,WWTCB,GA,2024,207144
2024,WWTCD,GA,2020,2.21
2024,WWTCD,GA,2021,2.86
2024,WWTCD,GA,2022,3.18
2024,WWTCD,GA,2023,3.35
2024,WWTCD,GA,2024,3.33
2024,WWTCV,GA,2020,410.3
2024,WWTCV,GA,2021,541.9
2024,WWTCV,GA,2022,595.5
2024,WWTCV,GA,2023,599.8
2024,WWTCV,GA,2024,576.4
2024,WWTXB,GA,2020,186923
2024,WWTXB,GA,2021,187158
2024,WWTXB,GA,2022,195555
2024,WWTXB,GA,2023,186628
2024,WWTXB,GA,2024,180560
2024,WWTXD,GA,2020,2.27
2024,WWTXD,GA,2021,2.94
2024,WWTXD,GA,2022,3.27
2024,WWTXD,GA,2023,3.43
2024,WWTXD,GA,2024,3.4
2024,WWTXV,GA,2020,367.9
2024,WWTXV,GA,2021,476.5
2024,WWTXV,GA,2022,524.3
2024,WWTXV,GA,2023,521.2
2024,WWTXV,GA,2024,497.5
2024,WXICB,GA,2020,336
2024,WXICB,GA,2021,430
2024,WXICB,GA,2022,507
2024,WXICB,GA,2023,352
2024,WXICB,GA,2024,432
2024,WXICD,GA,2020,26.87
2024,WXICD,GA,2021,31.26
2024,WXICD,GA,2022,40.55
2024,WXICD,GA,2023,36.45
2024,WXICD,GA,2024,36.36
2024,WXICP,GA,2020,61
2024,WXICP,GA,2021,78
2024,WXICP,GA,2022,92
2024,WXICP,GA,2023,63
2024,WXICP,GA,2024,78
2024,WXICV,GA,2020,9
2024,WXICV,GA,2021,13.4
2024,WXICV,GA,2022,20.5
2024,WXICV,GA,2023,12.8
2024,WXICV,GA,2024,15.7
2024,WYCAS,GA,2020,0
2024,WYCAS,GA,2021,0
2024,WYCAS,GA,2022,0
2024,WYCAS,GA,2023,0
2024,WYCAS,GA,2024,0
2024,WYCCB,GA,2020,0
2024,WYCCB,GA,2021,0
2024,WYCCB,GA,2022,0
2024,WYCCB,GA,2023,0
2024,WYCCB,GA,2024,0
2024,WYCCP,GA,2020,0
2024,WYCCP,GA,2021,0
2024,WYCCP,GA,2022,0
2024,WYCCP,GA,2023,0
2024,WYCCP,GA,2024,0
2024,WYEGB,GA,2020,0
2024,WYEGB,GA,2021,0
2024,WYEGB,GA,2022,0
2024,WYEGB,GA,2023,0
2024,WYEGB,GA,2024,0
2024,WYEGP,GA,2020,0
2024,WYEGP,GA,2021,0
2024,WYEGP,GA,2022,0
2024,WYEGP,GA,2023,0
2024,WYEGP,GA,2024,0
2024,WYGBP,GA,2020,0
2024,WYGBP,GA,2021,0
2024,WYGBP,GA,2022,0
2024,WYGBP,GA,2023,0
2024,WYGBP,GA,2024,0
2024,WYICB,GA,2020,0
2024,WYICB,GA,2021,0
2024,WYICB,GA,2022,0
2024,WYICB,GA,2023,0
2024,WYICB,GA,2024,0
2024,WYICP,GA,2020,0
2024,WYICP,GA,2021,0
2024,WYICP,GA,2022,0
2024,WYICP,GA,2023,0
2024,WYICP,GA,2024,0
2024,WYPRB,GA,2020,0
2024,WYPRB,GA,2021,0
2024,WYPRB,GA,2022,0
2024,WYPRB,GA,2023,0
2024,WYPRB,GA,2024,0
2024,WYTCB,GA,2020,0
2024,WYTCB,GA,2021,0
2024,WYTCB,GA,2022,0
2024,WYTCB,GA,2023,0
2024,WYTCB,GA,2024,0
2024,WYTCP,GA,2020,0
2024,WYTCP,GA,2021,0
2024,WYTCP,GA,2022,0
2024,WYTCP,GA,2023,0
2024,WYTCP,GA,2024,0
2024,WYTXB,GA,2020,0
2024,WYTXB,GA,2021,0
2024,WYTXB,GA,2022,0
2024,WYTXB,GA,2023,0
2024,WYTXB,GA,2024,0
2024,WYTXP,GA,2020,0
2024,WYTXP,GA,2021,0
2024,WYTXP,GA,2022,0
2024,WYTXP,GA,2023,0
2024,WYTXP,GA,2024,0
2024,WZEIB,GA,2020,3128
2024,WZEIB,GA,2021,3130
2024,WZEIB,GA,2022,2637
2024,WZEIB,GA,2023,3267
2024,WZEIB,GA,2024,3217
2024,WZTCB,GA,2020,6653
2024,WZTCB,GA,2021,6485
2024,WZTCB,GA,2022,4825
2024,WZTCB,GA,2023,5350
2024,WZTCB,GA,2024,5226
2024,ZWCDP,GA,2020,1786
2024,ZWCDP,GA,2021,1658
2024,ZWCDP,GA,2022,1815
2024,ZWCDP,GA,2023,1738
2024,ZWCDP,GA,2024,1991
2024,ZWHDP,GA,2020,2403
2024,ZWHDP,GA,2021,2502
2024,ZWHDP,GA,2022,2682
2024,ZWHDP,GA,2023,2292
2024,ZWHDP,GA,2024,2388
